Crudeoil,Gold,Silver,ChinaOilCorp,BTC,Usdollar,NaturalGas
78.44,17.15,7.28,5.05,"62,125.20",104.83,17.17
78.26,16.91,7.29,5.09,"60,826.60",105.31,16.52
78.11,16.45,6.7,4.68,"63,888.30",105.08,15.68
83.85,17.09,7.04,4.8,"63,456.80",106.09,14.06
83.14,17.1,6.73,4.65,"64,961.10",106.12,14.52
85.66,17.86,7.52,4.57,"63,849.90",106.01,14.89
86.91,17.86,7.79,4.53,"68,890.60",104.29,14.87
83.17,16.64,5.88,4.44,"69,611.50",104.49,14.57
80.63,15.52,5.35,4.45,"64,037.80",104.43,15.11
81.04,15.76,5.64,4.55,"65,314.20",103.43,15.13
78.01,15.76,5.31,4.42,"68,366.50",102.71,16.13
79.97,14.94,4.72,4.33,"61,994.50",103.86,16.42
76.49,14.74,4.65,4.48,"51,571.60",103.94,15.21
79.19,14.65,4.55,4.18,"51,646.00",104.3,14.99
76.84,14.67,4.58,4.12,"47,758.20",104.11,17.15
72.28,15.41,4.8,4.08,"43,005.70",103.92,19.36
78.01,15.53,4.86,4.06,"42,120.90",103.43,20.14
73.25,15.61,4.71,3.75,"41,695.40",103.29,20.8
72.68,17.64,5.6,3.93,"42,851.30",102.4,27.28
73.81,17.49,5.57,4.08,"43,967.90",102.41,23.36
71.65,18.09,6.15,4.09,"42,136.70",101.33,20.28
73.56,18.16,6.26,3.93,"43,710.40",101.7,20.16
71.43,17.51,6.11,3.91,"42,271.70",102.55,19.32
71.23,16.79,5.71,3.9,"43,718.40",104.01,20.08
74.07,17.73,6.25,4.01,"39,458.40",103.27,21.8
75.54,16.23,5.65,4.11,"37,787.00",103.4,23.64
75.89,15.71,5.23,4.11,"36,568.60",103.92,24.64
77.17,15.22,4.58,3.98,"37,150.50",105.86,25.32
80.51,16.48,4.85,4.1,"35,065.80",105.02,29.04
85.54,16.33,5.48,4.14,"34,082.60",106.56,28.8
88.08,16.89,5.57,4.08,"29,912.90",106.16,27.12
87.69,15.74,5.39,4.16,"26,852.80",106.65,30
82.79,14.58,5.21,4.06,"27,961.10",106.04,30.96
90.79,14.55,5.13,4.28,"26,962.70",106.22,27.32
90.03,15.79,5.11,4.42,"26,579.20",105.58,26.8
90.77,16.64,5.8,4.26,"26,562.00",105.32,27.24
87.51,15.78,5.52,4.46,"25,901.10",105.09,26.84
85.55,16.12,5.95,4.59,"25,869.70",104.24,28.2
79.83,15.91,5.93,4.37,"26,017.10",104.08,27.44
81.25,15.61,5.85,4.24,"26,099.40",103.38,27.76
83.19,16.91,6.39,4.45,"29,428.20",102.84,29.96
82.82,16.49,6.07,4.31,"29,068.10",102.02,27.8
80.58,16.98,6.37,4.37,"29,353.50",101.62,28.36
77.07,17.4,6.85,4.6,"29,788.90",101.07,29.08
75.42,17.35,6.53,4.67,"30,291.40",99.91,27.16
73.86,16.34,5.59,4.48,"30,288.80",102.27,27.44
70.64,16.93,5.65,4.59,"30,586.80",102.91,29.68
69.16,16.46,5.33,4.43,"30,533.60",102.9,30.2
71.78,16.71,5.57,4.61,"26,515.00",102.24,28.76
70.17,17,5.74,5.17,"25,844.00",103.56,24.88
71.74,17.31,5.93,5,"27,072.00",104.01,23.92
72.67,16.99,5.75,5.02,"26,857.50",104.21,26.56
71.55,17.86,6.2,5.17,"27,116.20",103.2,29.84
70.04,19.18,6.34,5.13,"26,777.50",102.68,26.56
71.34,20.2,6.84,5.08,"28,857.10",101.21,24.68
76.78,19.04,7.06,5.13,"29,234.10",101.66,28.04
77.71,19.07,7.17,5.05,"27,813.90",101.82,28
82.52,19.67,7.37,4.97,"30,299.60",101.55,26.76
80.7,19.73,7.48,4.72,"27,941.20",102.09,25.64
75.67,18.57,7.21,4.64,"28,456.10",102.51,27.76
69.26,18.52,6.55,4.69,"27,475.60",103.12,29.32
66.74,18.12,7.32,4.9,"26,914.10",103.71,31.2
76.68,15.91,6.1,4.53,"20,467.50",104.58,32.16
79.68,16.52,6.54,4.35,"22,347.10",104.52,39.52
76.47,16,5.98,4.13,"23,166.10",105.21,33.96
76.34,16.74,7.16,4.16,"24,631.40",103.86,31.04
79.75,17.93,7.31,4.19,"21,859.80",103.63,35.16
73.2,18.32,7.68,4.15,"23,323.80",102.92,32.76
79.41,19.67,7.96,4.3,"23,027.90",101.93,39.24
81.64,18.97,8.06,4.18,"22,775.70",102.01,41.04
80.11,19.64,8.77,3.99,"20,958.20",102.2,44.12
73.69,19.04,8.94,3.8,"16,943.60",103.88,47.56
80.47,17.18,8.34,3.77,"16,537.40",103.52,56.4
79.34,17.39,8.68,3.72,"16,837.20",104.31,63.64
74.45,16.9,8.57,3.74,"16,777.10",104.7,80.4
71.5,16.58,8.91,3.7,"17,127.20",104.81,77.04
80.3,16.98,9.54,3.58,"16,884.50",104.54,76.32
76.28,16.02,9.48,3.56,"16,456.50",105.96,90.8
80.08,15.62,9.08,3.39,"16,699.20",106.93,82.24
88.96,16.44,9.48,3.4,"16,795.20",106.29,76.64
92.61,14.2,8.96,3.32,"21,301.60",110.88,83.28
87.9,15.31,8.4,3.3,"20,809.80",110.75,74.76
85.05,15.01,8.45,3.46,"19,204.80",112.01,71.28
85.61,14.16,7.6,3.37,"19,068.70",113.31,89.44
92.64,15.48,8.23,3.45,"19,415.00",112.79,91.76
79.49,15.5,7.62,3.37,"19,311.90",112.12,93.52
78.74,14.48,6.73,3.54,"18,925.20",113.19,96.28
85.11,15.3,7.67,3.47,"20,113.50",109.76,107.8
86.79,15.92,8.04,3.53,"21,650.40",109,111.56
86.87,14.9,7.32,3.63,"19,831.40",109.53,122.84
93.06,15.48,7.6,3.82,"20,033.90",108.8,127.96
90.77,16.07,7.44,3.65,"21,138.90",108.17,128.2
92.09,16.74,8.37,3.73,"24,442.50",105.63,121.04
89.01,15.6,8.05,3.58,"22,944.20",106.62,110.28
98.62,15.74,7.66,3.7,"23,634.20",105.9,114.48
94.7,15.33,6.65,3.56,"22,460.40",106.73,113.2
97.59,15.66,6.89,3.42,"21,209.90",108.06,96.96
104.79,17.18,7.07,3.48,"21,587.50",107.01,82.28
108.43,18.06,7.43,3.53,"19,243.20",105.14,77.24
107.62,18.78,8.01,3.48,"21,489.90",104.18,85.16
109.56,19.55,7.92,3.5,"18,986.50",104.7,94.72
120.67,21.03,8.91,3.71,"28,403.40",104.15,118.88
118.87,20.68,8.85,3.73,"29,864.30",102.14,115.84
115.07,20.6,8.39,4.13,"29,027.10",101.67,118.32
113.23,20.76,8.3,4.01,"29,434.60",103.15,110.92
110.49,20.43,8.17,3.87,"30,080.40",104.56,105.08
109.77,22.42,9.48,3.91,"35,468.00",103.66,110.72
104.69,22.31,10.3,3.89,"37,650.00",102.96,100
102.07,23.73,11.7,3.99,"39,418.00",101.22,90.8
106.95,25.2,14.24,4,"40,382.00",100.32,102.4
98.26,25.41,13.47,3.98,"42,767.00",99.8,88.36
99.27,24.94,13.58,4,"45,811.00",98.63,79.68
113.9,24.54,13.87,3.71,"44,548.00",98.79,77.96
104.7,23.87,13.83,3.67,"42,233.00",98.23,68.88
109.33,24.35,13.39,3.52,"38,814.30",99.12,67.16
115.68,24.2,12.22,3.9,"39,395.80",98.65,69.36
91.59,22.56,11.31,3.89,"39,115.50",96.61,63.28
91.07,23.14,11.66,4.07,"40,090.30",96.04,61.64
93.1,20.68,11.19,4.21,"42,205.20",96.08,55.8
92.31,19.19,9.88,4.14,"41,412.10",95.49,63.36
86.82,18.56,9.54,4.06,"38,170.80",97.27,65.08
85.14,19.34,10.99,4.11,"35,075.20",95.64,52.4
83.82,18.68,10.7,4,"43,097.00",95.17,56.68
78.9,18.1,10.32,3.91,"41,672.00",95.72,52.08
75.21,19,11.11,3.63,"47,738.00",95.97,49.96
73.79,18.57,11.54,3.69,"50,406.40",96.02,48.4
70.86,18.39,10.85,3.67,"46,856.20",96.57,48.16
71.67,17.95,10.71,3.68,"49,314.50",96.1,50.84
66.26,18.22,10.85,3.67,"49,195.20",96.12,53.32
68.15,19.29,11.91,3.56,"54,765.90",96.09,69.76
76.1,20.16,12.88,3.73,"59,717.60",96.03,66.92
80.79,20.66,13.85,3.78,"64,398.60",95.13,64.28
81.27,19.51,13.42,3.74,"61,483.90",94.32,75.04
83.57,18.29,12.67,3.82,"61,840.10",94.12,73.84
83.76,19.39,13.11,3.87,"61,312.50",93.64,73.52
82.28,19.04,12.26,3.96,"60,861.10",93.94,75.36
79.35,18.44,11.34,3.99,"54,942.50",94.07,77.52
75.88,17.91,11.34,3.86,"47,666.90",94.04,77.12
73.98,17.95,11.79,3.84,"42,686.80",93.33,72.32
71.97,18.28,12.31,3.87,"48,306.70",93.19,70.6
69.72,19.26,12.21,3.84,"45,161.90",92.58,69.4
69.29,20.21,13.13,3.92,"49,918.40",92.04,65.68
68.74,20.01,12.84,3.53,"48,897.10",92.69,61.36
62.32,19.01,11.84,3.45,"48,875.80",93.5,53.92
68.44,20.04,12.75,3.63,"47,081.50",92.52,54
68.28,20.56,13.08,3.58,"44,614.20",92.8,57.92
73.95,21.52,13.71,3.56,"41,553.70",92.17,55.04
72.07,20.4,12.83,3.65,"33,824.80",92.91,56.28
71.81,20.62,12.97,3.74,"31,518.60",92.69,51.32
74.56,20.89,14.6,3.71,"33,510.60",92.13,51.56
75.16,20.55,15.65,3.91,"34,742.80",92.23,51.64
74.05,20.65,15.76,4.13,"32,243.40",91.85,49.28
71.64,20.51,16.18,3.97,"35,513.40",92.22,45.24
70.91,22.97,17.88,4.23,"35,467.50",90.56,46.16
69.62,23.19,17.58,4.28,"35,520.00",90.14,43.56
66.32,23.81,17.78,4.21,"34,584.60",90.03,42.08
63.58,24.28,17.47,4.09,"37,448.30",90.02,41.84
65.37,23.61,16,4.03,"46,708.80",90.32,42.56
64.9,23.51,16.39,4.16,"58,840.10",90.23,42.36
63.58,20.89,15.09,3.87,"57,807.10",91.28,42.04
62.14,21.83,16.22,3.92,"50,088.90",90.86,40.24
63.13,21.85,16.6,4.27,"60,041.90",91.56,39.52
59.32,20.85,17.34,4.06,"59,748.40",92.16,37.12
61.45,20.02,16.43,4.17,"57,059.90",93.02,38.8
60.97,19.66,15.83,3.99,"55,862.90",92.77,38.64
61.42,20.6,16.86,4.08,"58,093.40",91.92,37.96
65.61,19.97,16.82,4.31,"61,195.30",91.68,38.76
66.09,19.5,15.95,4.38,"48,855.60",91.98,40.32
61.5,18.35,18.01,4.29,"46,136.70",90.88,41.28
59.24,19.44,17.49,4.23,"55,923.70",90.36,44.64
59.47,21.77,17.41,3.81,"47,168.70",90.48,42.68
56.85,21.95,16.5,3.77,"39,256.60",91.04,42.12
52.2,21.99,18.12,3.71,"34,283.10",90.58,37.64
52.27,23.07,14,3.96,"32,088.90",90.24,36.04
52.36,22.75,11.81,3.98,"36,019.50",90.77,39.84
52.24,23.56,13.03,3.76,"40,151.90",90.1,39
48.52,22.39,13.44,3.47,"32,193.30",89.94,36.8
48.23,22.51,12.74,3.4,"26,454.40",90.32,36.88
49.1,22.87,12.57,3.46,"23,844.00",90.02,39
46.57,22.51,10.77,3.47,"18,808.90",90.98,37.52
46.26,23.1,11.01,3.54,"19,146.50",90.7,37.12
45.53,22.3,10.19,3.77,"17,730.70",91.79,41.08
42.15,23.87,10.27,3.49,"18,687.20",92.39,40.2
40.13,25.45,10.99,3.52,"16,071.00",92.75,45.28
37.14,28.38,11.79,3.19,"14,828.40",92.23,43.92
35.79,26.28,10.25,3.01,"13,797.30",94.04,50.96
39.85,26.35,10.98,3.2,"13,117.20",92.77,48.4
40.88,27.1,10.51,3.01,"11,362.10",93.68,49.12
40.6,27.57,10.56,3.09,"11,298.40",93.06,49.52
37.05,27.42,9.65,3.03,"10,544.20",93.84,44.28
40.25,27.23,9.52,3.06,"10,727.90",94.64,50.56
41.11,28.4,11.91,3.25,"11,081.80",92.93,47.44
37.33,29.24,11.65,3.31,"10,441.90",93.33,48.32
39.77,28.56,11.5,3.34,"10,092.20",92.72,55.52
42.97,28.7,12.21,3.4,"11,468.10",92.37,57.28
42.34,28.81,11.55,3.43,"11,661.30",93.25,55.04
42.01,26.53,11.69,3.39,"11,845.30",93.1,53.28
41.22,28.38,12.97,3.35,"11,764.30",93.43,51.24
40.27,28.42,13.33,3.24,"11,803.10",93.35,41.04
41.29,27.96,13.28,3.36,"9,704.10",94.43,42.44
40.59,26.88,10.6,3.21,"9,170.20",95.94,40.04
40.55,26.65,10.41,3.33,"9,233.30",96.65,42.4
40.65,25.82,9.5,3.3,"9,134.40",97.17,40.32
38.49,25.43,9.39,3.2,"9,008.30",97.43,36.2
39.75,24.07,8.63,3.34,"9,358.80",97.62,41
36.26,23.66,9.26,3.33,"9,471.30",97.32,43
39.55,22.89,9.72,3.5,"9,669.60",96.94,44.48
35.49,23.59,10.01,3.5,"9,692.50",98.34,45.28
33.25,25.87,9.38,3.39,"9,177.00",99.86,46.56
29.43,27.56,8.84,3.43,"9,379.50",100.4,45.16
24.74,26.92,8.28,3.61,"9,554.60",99.73,50.56
19.78,26.47,8.32,3.82,"8,966.30",99.08,52.04
16.94,26.64,7.7,3.65,"7,540.40",100.38,51.92
18.27,24.12,6.97,3.77,"7,230.80",99.78,52.8
22.76,22.13,7.07,3.91,"6,867.80",99.52,52.52
28.34,19.61,6.05,3.83,"6,857.40",100.58,49.88
21.51,18.91,6.82,3.55,"6,233.70",98.36,50.68
22.43,15.61,5.51,3.41,"6,186.20",102.82,50.12
31.73,15.4,5,3.6,"5,182.70",98.75,59
41.28,20.87,7.92,3.83,"8,887.80",95.95,53.28
44.76,18.72,7.54,3.92,"8,543.70",98.13,52.4
53.38,21.08,9.96,4.11,"9,655.70",99.26,59.2
52.05,19.38,9.6,4.11,"9,907.70",99.12,57.36
50.32,17.88,9.57,4.11,"9,895.50",98.68,57.8
51.56,18.21,10.07,4.03,"9,381.60",97.39,57.48
54.19,18.39,10.58,4.37,"8,341.60",97.85,58.44
58.54,17.64,10.53,4.6,"8,916.30",97.64,62.16
59.04,17.55,11.01,4.63,"8,024.10",97.36,68.16
63.05,18.25,11.97,4.65,"7,376.80",96.84,65.56
61.72,18.06,11.89,4.57,"7,321.50",96.92,69.36
60.44,17.15,10.36,4.49,"7,156.20",97.69,71.36
60.07,17.28,11.23,4.42,"7,080.80",97.17,70.72
59.2,16.6,10.47,4.24,"7,510.90",97.7,72.12
55.17,16.51,10.76,4.28,"7,546.60",98.27,71.32
57.77,16.21,10.51,4.31,"7,324.10",98.27,82.92
57.72,16.29,10.6,4.32,"8,497.30",98,84.12
57.24,16.09,9.8,4.58,"8,804.50",98.35,88.2
56.2,16.72,10.99,4.4,"9,300.60",97.24,85.4
56.66,16.91,10.75,4.52,"9,230.60",97.83,77.92
53.78,16.9,10.24,4.5,"7,957.30",97.28,80.28
54.7,16.71,9.22,4.57,"8,304.40",98.3,76.12
52.81,17.45,9.66,4.49,"8,127.30",98.81,80.4
55.91,17.43,9.63,4.49,"8,208.50",99.11,82.16
58.09,18.12,10.09,4.66,"9,993.00",98.51,87.64
54.85,16.94,9.31,4.83,"10,337.30",98.26,90.92
56.52,17.57,9.87,4.52,"10,461.10",98.39,86.32
55.1,19.05,10.88,4.48,"9,594.40",98.92,79.08
54.17,18.81,11.01,4.56,"10,131.00",97.64,74.8
54.87,18.08,9.9,4.51,"10,218.10",98.14,76.4
54.5,17.83,10.71,4.58,"11,314.50",97.49,73.76
55.66,16.62,9.55,4.79,"10,815.70",98.07,74.4
56.2,16.77,9.82,5.02,"9,492.10",98.01,75.12
55.63,16.92,9.9,5.1,"10,826.70",97.15,77.64
60.21,16.23,7.8,5.07,"11,364.90",96.81,84.36
57.51,15.53,7.78,5.11,"11,268.00",97.29,82.72
58.47,15.5,7.91,5.18,"11,906.50",96.13,79.56
57.43,15.33,7.46,5.21,"10,721.70",96.22,74.76
52.51,13.66,6.55,4.96,"8,812.50",97.57,81.76
53.99,13.31,6.44,4.97,"7,901.40",96.54,80.2
53.5,12.21,6.08,5.09,"8,545.70",97.75,84.2
58.63,11.75,5.67,5.48,"8,027.40",97.61,89.28
62.76,12.01,5.86,5.52,"7,262.60",98,91
61.66,11.8,5.88,5.6,"7,190.30",97.33,90.84
61.94,12.38,5.83,5.84,"5,830.90",97.52,88.76
63.3,12.78,6.32,5.83,"5,265.90",98.01,89.52
64,13,6.07,5.96,"5,290.20",97.38,87.76
63.89,13.19,6.27,6.07,"5,051.80",96.97,93.4
63.08,13.26,6.45,6.16,"5,046.20",97.39,94
60.14,13.48,6.58,6.04,"4,111.80",97.28,93.92
59.04,13.44,6.89,6.35,"4,002.50",96.65,97.64
58.52,12.78,6.72,6.51,"4,006.40",96.6,98.56
56.07,12.71,6.78,6.28,"3,944.30",97.31,100.92
55.8,12.1,6.35,6.64,"3,823.10",96.53,100.32
57.26,12.82,6.58,6.65,"4,120.40",96.51,96.08
55.59,12.73,6.19,6.35,"3,616.80",96.9,93.56
52.72,13.39,6.03,6.4,"3,661.40",96.64,93.08
55.26,13.02,6,6.37,"3,502.50",95.58,97.72
53.69,12.04,5.55,6.14,"3,570.90",95.79,109.6
53.8,11.59,5.15,6.01,"3,677.80",96.34,113.64
51.59,12.23,5.98,5.99,"3,597.20",95.67,104.36
47.96,12.87,6.21,5.5,"3,785.40",96.18,100.36
45.33,12.9,5.75,5.28,"3,706.80",96.4,109.6
45.59,12.9,5.55,5.86,"3,964.40",96.96,121
51.2,13.43,5.15,6.32,"3,228.70",97.44,123
52.61,13.45,5.14,6.25,"3,430.40",96.51,146.08
50.93,12.53,4.8,6.48,"4,196.20",97.27,149.28
50.42,12.87,5.09,6.33,"3,920.40",96.92,145.52
56.46,12.82,5.41,6.51,"5,621.80",96.46,141.72
60.19,12.69,5.4,6.54,"6,427.10",96.9,120.96
63.14,12.95,5.92,6.43,"6,386.20",96.54,107
67.59,12.63,5.71,6.23,"6,494.20",96.36,105.44
69.12,12.96,6.25,6.34,"6,572.20",95.71,107.24
71.34,12.26,6.16,6.64,"6,321.70",95.22,104.24
74.34,11.28,5.67,7.11,"6,596.30",95.62,104.24
73.25,10.89,5.68,7.64,"6,603.90",95.13,99.32
70.78,10.29,5.7,7.46,"6,729.60",94.22,98.36
68.99,9.94,5.46,7.35,"6,519.00",94.93,90.76
67.75,9.88,5.45,7.19,"6,184.30",95.36,91.2
69.8,10.24,5.56,7.69,"7,189.60",95.14,95.8
68.72,10.28,5.51,7.33,"6,734.80",95.15,95.52
65.91,9.85,5.25,7.03,"6,379.10",96.1,96.72
67.63,10.65,6.48,7.21,"6,231.60",96.36,96.52
68.49,10.91,6.58,7.16,"7,014.30",95.14,93.36
68.69,11.04,6.43,7.32,"8,234.10",94.68,91.24
70.46,12.16,6.62,6.97,"7,408.70",94.45,89.52
71.01,12.69,7.7,6.87,"6,254.80",94.75,89.64
73.8,13.12,8.26,6.71,"6,765.50",94.04,92.64
74.15,12.91,7.63,6.84,"6,398.90",94.64,94.8
68.58,12.82,7.65,6.87,"6,167.30",94.52,95.48
65.06,12.59,7.46,7.02,"6,505.80",94.79,98.08
65.74,12.8,7.3,7.28,"7,515.80",93.55,93.96
65.81,12.86,7.13,7.5,"7,646.60",94.19,96.12
67.88,13.16,7.2,7.14,"7,361.30",94.19,95.88
71.28,12.94,7.09,8.01,"8,245.10",93.64,92.76
70.7,13.27,7.17,7.93,"8,459.50",92.54,91.8
69.72,13.24,6.85,7.38,"9,853.50",92.57,88.6
68.1,13.54,6.77,7.5,"9,352.40",91.54,90.4
68.38,12.95,6.76,7.31,"8,923.10",90.32,90.24
67.39,12.93,6.66,7.22,"8,004.40",89.8,90.28
62.06,12.47,6.12,7.02,"6,905.70",90.11,88.96
64.94,12.24,6.11,6.72,"6,938.20",89.97,90.2
65.88,12.29,6.36,6.43,"8,547.40",89.48,86.72
62.34,12.11,5.94,6.3,"7,874.90",90.23,89.92
62.04,11.62,5.83,6.24,"8,762.00",90.09,90.96
61.25,11.34,5.54,6.04,"11,402.30",89.93,90.32
63.55,11.97,5.57,6.31,"9,704.30",89.88,88.88
61.68,12.96,5.78,6.11,"11,073.50",89.1,86.76
59.2,12.84,5.14,5.93,"8,559.60",90.44,88.12
65.45,13.51,5.66,6.8,"9,241.10",89.19,96.8
66.14,14.5,6.5,6.78,"11,467.50",89.07,107.08
63.37,14.13,6.88,6.37,"12,858.90",90.57,99.44
64.3,14.86,6.79,6.35,"14,292.20",90.97,101.12
61.44,14.7,6.96,6.07,"17,172.30",91.95,88.32
60.42,14.22,6.74,5.59,"12,531.50",92.12,93.28
58.47,14.22,6.93,5.62,"14,396.50",93.35,84
57.3,13.82,7.26,5.34,"19,345.50",93.93,83.52
57.36,13.42,6.49,5.31,"14,843.40",93.9,88.48
58.36,13.83,6.72,5.37,"10,912.70",92.89,97.6
58.95,13.86,6.72,5.51,"8,754.70",92.78,93.44
56.55,13.83,6.79,5.34,"7,780.90",93.66,102.4
56.74,13.74,6.63,5.65,"6,339.90",94.39,105.76
55.64,13.76,6.46,5.6,"7,363.80",94.94,97.92
53.9,14.43,6.71,5.51,"5,726.60",94.92,97.76
51.47,15.76,7,5.59,"6,006.60",93.7,101.92
51.45,16.39,7.27,5.65,"5,824.70",93.09,104.16
49.29,16.31,7.35,5.69,"4,435.80",93.8,100
51.67,15.82,6.84,5.7,"4,360.60",93.08,105.12
50.66,16.08,7.14,5.72,"3,788.00",92.17,104.96
49.89,17.01,7.01,5.8,"3,698.90",91.87,107.68
47.48,17.51,7.19,5.94,"4,335.10",91.35,103.04
47.29,17.8,7.11,5.9,"4,573.80",92.81,108.64
47.87,16.85,6.48,5.71,"4,352.30",92.74,103.84
48.51,16.36,6.43,5.46,"4,150.50",93.43,104.16
48.82,16.75,6.52,5.67,"3,871.60",93.07,107.04
49.58,16.33,6.24,5.75,"3,262.80",93.54,100
49.71,16.58,8.2,5.78,"2,733.50",93.26,105.76
45.77,15.91,8,5.85,"2,836.50",93.86,105.92
46.54,15.72,7.76,5.81,"1,975.10",95.15,106.56
44.23,15.09,7.19,5.86,"2,564.90",96.01,102.24
46.04,15.64,8.31,5.94,"2,424.60",95.63,108.48
43.01,16.2,8.39,6.03,"2,590.10",97.26,105.6
44.74,15.42,7.67,6.14,"2,655.10",97.16,109.28
45.83,16.04,8.31,6.28,"2,900.30",97.27,109.76
47.66,15.92,8.23,6.26,"2,545.40",96.71,108.32
49.8,16.1,8.71,6.22,"2,052.40",97.44,119.04
50.33,16.37,8.92,6.1,"2,040.20",97.14,120.8
47.84,16.58,8.71,6.09,"1,763.70",99.25,126.08
46.22,15.88,7.48,5.87,"1,545.30",98.65,120.64
49.33,16.44,8.13,6.14,"1,336.30",99.05,121.12
49.62,18.9,8.77,6.11,"1,240.90",99.98,118.4
53.18,19.49,9.35,6.21,"1,177.00",100.56,122.56
52.24,18.81,8.75,6.39,"1,180.80",101.18,123.68
50.6,18.67,8.12,6.14,"1,086.10",100.35,121.12
47.97,18.88,7.87,6.05,966.3,99.63,119.68
48.78,18.53,7.87,5.83,971.4,100.3,113.92
48.49,17.89,7.84,5.66,"1,179.20",101.25,117.6
53.33,17.93,8.21,5.79,"1,264.30",101.54,109.44
53.99,19.21,9.56,5.95,"1,149.10",101.09,108.16
53.4,19.83,10.06,5.9,"1,052.30",100.95,114.56
53.86,19.16,10.6,6,"1,008.30",100.8,121.6
53.83,18.61,9.96,6.02,"1,031.80",99.87,122.72
53.17,17.49,9.21,6.06,918.5,100.53,135.04
52.42,16.82,9.11,5.92,919.8,100.74,128.8
52.37,16.58,9.18,5.94,819.6,101.18,136.16
53.99,16.64,8.79,5.68,888.9,102.22,130.72
53.72,15.71,7.63,5.36,963.4,102.21,149.44
53.02,14.3,6.87,5.34,891.1,103.01,146.88
51.9,14.04,7.22,5.54,787.2,102.95,136.8
51.5,15.19,8.79,5.42,774,101.59,150.72
51.68,15.39,9.82,5.32,764.2,100.77,139.2
46.06,14.51,8.3,5.27,734.1,101.49,129.28
45.69,15.03,8.51,5.15,747.9,101.21,120.32
43.41,14.59,8.02,5.29,704.3,99.06,112.96
44.07,17.96,8.42,5.46,702.1,97.06,119.52
48.7,16.98,7.78,5.52,715,98.35,133.6
50.85,16.82,8.24,5.66,655.5,98.69,143.84
50.35,15.6,7.85,5.58,637,98.02,150.88
49.81,15.64,8.23,5.78,617.7,96.63,146.08
48.24,17.62,10.3,5.51,613.4,95.46,133.76
44.48,18.01,11.25,5.35,602.6,95.48,139.04
43.03,17.24,11.33,5.15,607.1,96.11,138.72
45.88,17.43,12.31,5.43,624.5,95.34,131.36
44.44,18.06,12.37,5.48,598.8,95.84,131.2
47.64,18.12,13.19,5.48,570.3,95.57,136
48.52,20.49,15.12,5.48,582.6,94.51,122.88
44.49,21.63,18.1,5.59,584.6,95.72,123.68
41.8,21.12,17.83,5.57,586.5,96.19,131.84
41.6,21.74,17.34,5.51,654.7,95.53,136.8
44.19,20.43,15.59,5.67,655.2,97.47,130.88
45.95,21.28,16.77,5.8,660.7,96.58,130.24
45.41,22.19,15.97,5.4,651.8,96.3,133.12
48.99,22.08,14.8,5.6,698.1,95.65,141.6
47.64,20.35,13.07,5.29,663.5,95.45,127.36
47.98,20,12.25,5.16,753.8,94.21,127.2
49.07,19.5,12.46,5.56,591.6,94.57,124.16
48.62,19.07,11.76,5.42,572,94.03,115.84
49.33,16.53,10.35,5.29,524.2,95.52,104.48
47.75,18.1,11.47,5.16,443.6,95.33,106.4
46.21,18.31,10.7,5.09,456.4,94.61,108.48
44.66,18.36,10.36,5.17,458.5,93.89,108.48
45.92,19.26,10.64,5.53,448.5,93.08,110.88
43.73,16.03,8.9,5.42,450.1,95.12,116.48
40.36,15.55,8.22,5.31,430,94.7,103.84
39.72,15.09,6.87,5.06,418,94.23,107.84
36.79,13.57,6.51,5.06,418.5,94.62,105.76
39.46,13.48,6.65,4.79,416.5,96.14,102.4
39.44,14.66,6.73,4.88,408.7,95.09,106.88
38.5,13.87,5.74,4.95,410.4,96.17,102.88
35.92,13.64,4.88,4.82,399,97.34,94.88
32.78,13.45,4.62,4.43,431.3,98.15,101.76
29.64,12.49,4.39,4.36,440.1,96.6,105.92
29.44,12.18,4.33,4.12,390.1,95.94,115.52
30.89,11.57,3.59,4.38,376.7,97.03,120.64
33.62,9.85,2.99,4.33,377.8,99.61,135.84
32.19,8.53,2.69,4.16,388.6,99.57,126.88
29.42,7.86,2.73,4.03,385,98.96,124.96
33.16,8.37,3.18,4.37,448.3,98.54,147.36
37.04,7.34,3.27,4.68,433.7,98.63,138.72
38.1,7.78,3.63,4.95,415.4,97.98,123.04
34.73,7.19,3.15,4.62,461.2,98.7,111.36
35.62,7.71,3.36,4.41,432.3,97.56,123.52
39.97,8.04,3.62,4.81,386.7,98.35,136.48
41.71,7.07,3.22,4.76,355.8,100.02,139.36
40.39,7.15,3.11,5.07,324.7,99.56,143.52
40.74,7.5,2.96,5.11,331.8,99,159.04
44.29,7.01,2.97,5.53,385.1,99.17,158.24
46.59,7.65,3.31,5.55,311.2,96.95,156.96
44.6,7.71,3.69,5.77,282.6,97.13,168.32
47.26,7.81,4.06,5.72,269.6,94.54,178.4
49.63,7.57,3.86,5.45,245.4,94.81,185.28
45.54,6.53,3.58,4.86,238.6,95.83,180.48
45.7,6.53,3.23,4.83,234.3,96.27,193.28
44.68,6.71,3.24,5.25,231.1,94.86,197.28
44.63,6.31,2.86,5.15,235.6,95.19,204
46.05,6.37,3,4.81,233.7,96.23,200.64
45.22,7.09,3.52,5.18,228.5,96.11,205.76
40.45,7.96,3.72,5.3,229.5,95.01,204.48
42.5,7.64,3.76,5.8,260.5,96.52,215.2
43.87,7,3.03,5.83,258.6,97.56,214.56
47.12,7.02,3.07,5.88,280.5,97.34,208.64
48.14,7.21,3.59,6.03,288.7,97.24,213.6
50.89,8.74,4.22,6.16,274,97.86,221.76
52.74,10.05,4.43,6.22,292,96.03,212.8
56.93,10.51,4.72,6.59,260.5,96.11,216.96
59.63,10.84,4.93,6.66,250.7,95.47,213.12
59.61,11.41,5.19,6.56,245,94.08,217.6
59.96,11.21,4.76,6.47,232.5,94.97,214.08
59.13,11.4,4.82,6.55,224.7,96.31,200.64
60.3,11.79,4.96,6.83,233.2,96.91,205.92
59.72,12.22,5.23,7.01,238.9,96.11,226.4
59.69,13.05,5.37,6.93,236.2,93.14,238.08
59.39,12.68,4.96,7.06,241.4,94.79,226.08
59.15,13,5.01,7.26,235.3,95.3,219.36
57.15,12.45,4.81,7.12,226.1,96.92,203.36
55.74,12.69,5.09,7.01,223.4,97.52,211.84
51.64,12.61,5.14,6.69,236.5,99.34,201.76
49.14,11.81,5.49,6.23,252.9,96.55,217.6
48.87,11.23,5.87,6.03,252,97.29,213.28
45.72,11.04,5.63,6.2,259.7,97.91,225.6
44.84,10.54,5.21,6.15,281.6,100.33,220.96
49.61,11.28,5.5,6.2,274.9,97.61,229.92
49.76,12.95,6.18,6.5,254.1,95.32,219.84
50.34,12.82,5.57,6.52,244.4,94.34,240.48
52.78,12.07,6.08,6.15,258.6,94.2,227.52
51.69,12.25,6.06,6.13,227.7,95.85,210.72
48.24,12.71,6.19,6.13,218.5,94.8,218.72
45.59,12.36,5.94,6.33,248.2,94.76,239.52
48.69,11.68,6.24,6.19,199.6,92.52,251.04
48.36,10.93,6.24,6.21,273.4,91.94,239.84
52.69,10.85,5.22,6.28,287.1,91.08,239.36
54.73,10.52,4.88,6.24,315.3,90.03,247.68
56.52,10.77,5.12,6.09,330.4,89.6,283.2
57.81,11.4,4.8,6.03,348.2,88.36,307.52
65.84,11.49,4.08,6.59,376.3,89.33,309.44
66.15,11.82,4.07,6.35,376.3,88.36,340.16
76.51,12.78,5.25,6.31,352,88.31,359.6
75.82,12.21,5.28,6.36,374.9,87.53,340.8
78.65,12.09,5.33,6.43,343.5,87.64,366.4
80.54,11.8,5.13,6.72,325.4,86.92,324.48
81.01,13.44,6.76,6.62,346.7,85.73,309.76
82.75,13.33,7.17,6.55,390.9,85.11,323.52
85.82,13.4,7.22,6.67,361.2,85.91,331.04
89.74,14.08,7.35,6.69,335.3,86.69,346.08
93.54,15.15,8.16,7,399,85.64,345.28
92.41,15.56,8.39,7.05,411.5,84.73,335.2
92.27,16.43,9.17,7.89,478.2,84.24,335.52
93.29,17.06,9.6,8.13,484.5,83.74,332.16
95.96,18.29,10.24,7.86,506,82.75,356.16
93.65,18.14,9.85,7.71,497.7,82.34,339.36
97.35,18.84,9.86,7.62,522,81.42,333.6
97.65,18.58,10.77,7.53,589.5,81.45,349.6
97.88,18.11,10.64,7.54,591.7,81.3,334.72
102.09,18.57,10.51,7.63,596,81.03,333.28
103.13,19.08,10.5,7.32,627,80.52,348.32
100.83,19.18,10.94,7.2,635.9,80.19,365.6
104.06,18.33,10.83,7.33,623,80.27,385.6
105.74,17.92,10.54,7.43,597.6,80.02,390.4
107.26,17.72,10.47,7.49,597,80.37,404.48
106.91,16.89,9.59,7.44,583.4,80.58,420
102.66,15.96,8.71,7.14,651.7,80.41,418.08
102.71,16.02,8.39,7.03,627.9,80.37,403.2
104.35,16.43,9.06,7.09,520.5,80.39,389.76
102.02,16.53,9.11,7.03,452.8,80.04,391.04
99.99,17.13,9.32,6.8,451.9,79.9,401.76
99.76,17.3,9.79,6.84,438.6,79.52,415.84
100.6,17.79,9.59,6.93,457.9,79.75,413.12
104.3,17.88,9.24,7,506,79.83,420.8
103.74,18.51,9.57,7.23,437.6,79.45,411.84
101.14,18.37,9.81,6.94,456.6,80.42,395.04
101.67,18.2,10,6.91,477.1,80.18,400
99.46,19.29,11.03,6.63,564.3,80.11,383.68
98.89,20.79,11.53,6.59,624,79.45,391.36
102.58,19.8,11.14,7.06,609.2,79.72,408.8
102.59,20.26,11.01,6.89,557.4,79.69,408.16
102.2,20.83,12.09,6.54,255.6,80.24,443.04
100.3,20.22,12.19,6.03,371.1,80.15,399.68
99.88,18.78,10.72,5.84,648.8,80.69,377.92
97.49,19.17,10.44,6.18,940.4,81.31,386.88
96.64,18.92,10.8,6.29,961,80.46,393.76
94.37,18.66,11.02,6.04,905.7,81.22,334.08
92.72,18.08,10.57,5.81,"1,005.30",80.66,316.96
93.96,18.05,10.1,6.08,924.7,80.79,336.96
100.32,17.36,9.66,6.33,762,80.39,338.88
99.32,16.49,9.29,6.19,640.5,80.58,348.64
96.6,16.64,9.57,6.47,908.9,80.21,342.56
97.65,15.31,9.09,6.6,697,80.31,322.72
92.72,16.4,9.89,6.66,"1,205.70",80.68,306.4
94.84,16.29,9.6,7.01,832.5,80.71,298.56
93.84,17.97,10.56,6.5,462,80.85,289.28
94.6,18.12,10.63,6.28,367.8,81.3,282.72
94.61,17.91,10.92,6.36,211.7,80.72,279.2
97.85,20.03,12.44,6,188.6,79.19,302.88
100.81,18.41,11.31,6.19,183.1,79.65,309.12
102.02,17.13,10.69,6.2,142.9,80.41,310.72
103.84,17.93,11.28,6.21,136.7,80.13,288.96
102.87,18.42,12.19,6.19,142.5,80.29,295.68
104.68,18.5,12.95,6.25,134.4,80.43,309.76
108.21,17.62,12.82,6.06,136.7,81.45,308
110.53,18.97,14.27,6.02,129,82.15,296.64
107.65,19.04,14.21,5.59,141,82.09,303.2
106.42,19.96,15.43,5.72,119.6,81.36,296
107.46,19.22,14.78,5.87,112.8,81.26,285.76
105.97,17.32,12.76,5.63,103,81.13,273.44
106.94,16.58,12.23,5.79,104.9,81.91,283.52
104.7,17.72,13.32,5.85,94.4,81.66,303.04
108.05,16.45,12.55,5.58,89.8,82.62,320.64
105.95,14.85,11.85,5.5,98.3,82.99,308.48
103.22,13.68,10.8,5.32,69.7,84.44,306.4
96.56,15.65,10.59,5.46,95,83.14,303.2
93.69,16.79,9.99,5.92,108.2,82.41,323.52
97.85,19.39,10.83,6.17,99.8,80.62,319.52
96.03,20.13,11.2,6.32,107.9,81.67,326.88
91.97,21,10.82,6.56,129.3,83.26,340.96
94.15,19.05,10.37,6.68,132,83.7,365.44
96.02,18.47,9.56,6.44,123.2,84.25,349.92
96.04,20.76,11.66,6.52,115.6,83.14,338.4
95.61,19.89,12.15,6.54,112.9,82.1,351.04
93,18.44,12.02,6.82,128,82.47,366.56
88.01,18.07,11.46,6.73,126.6,82.71,384
91.29,22.49,13.99,7.03,93,82.13,369.6
92.7,26.54,15.07,6.73,142.6,82.5,359.36
97.23,29.23,16.17,6.69,92.2,83.22,350.08
93.71,29.21,16.67,6.89,64.3,82.53,345.44
93.45,28.46,16.32,6.94,47,82.13,338.72
91.95,28.75,16.33,6.74,46.8,82.72,320.16
90.68,29.23,15.81,6.71,34.3,82.28,305.12
93.13,30.32,17.14,6.62,29.8,81.46,293.76
95.86,31.45,17.21,7.21,27.2,80.58,284.48
95.72,32.53,18.75,7.26,23.6,80.21,293.76
97.77,32.02,18.39,7.07,19.6,79.21,296.64
95.88,32.62,17.41,7.08,17.9,79.75,312.32
95.56,33.85,19.15,7.03,15.6,80.04,321.6
93.56,34.05,20,6.73,14.2,79.56,299.52
93.09,34.4,20.48,6.73,13.4,80.5,294.72
90.8,33.82,19.58,6.7,13.4,79.68,311.52
88.66,33.19,20.32,6.55,13.4,79.62,313.12
86.73,34.04,22.92,6.32,13.5,79.58,301.92
85.93,33.41,22.26,6.45,13.4,80.41,324.48
88.91,34.33,23,6.04,12.6,80.15,326.24
88.28,35.34,23.15,6.2,12.4,80.19,367.84
86.67,33.53,21.19,6.52,11.8,81.26,356.48
86.07,35.86,23.69,6.17,10.9,81.03,330.08
84.86,35.18,22.89,6.37,10.6,80.59,333.6
86.28,38.96,22.29,6.02,10.3,80.07,350.24
90.05,38.56,22.44,5.58,11.7,79.62,369.44
91.86,38.8,22.51,5.57,11.9,79.67,370.56
89.88,41.76,23.32,5.52,12.5,79.34,348.8
92.19,41.52,23.17,5.62,12.4,79.94,341.44
92.89,42.62,23.73,5.38,12.2,79.33,315.52
99,42.14,22.56,5.62,11.8,78.85,319.36
96.42,39.93,20.84,5.52,11,80.25,289.92
96.47,38.3,19.73,5.79,10,81.21,301.12
96.15,37.56,19.33,5.67,10.5,81.59,294.1
96.01,35.78,17.49,5.38,11.6,82.6,299.36
92.87,34.39,17.25,5.23,11.5,82.55,304.16
91.4,32.56,16.16,5.43,11,82.38,316.4
90.13,32.17,16.84,5.22,8.9,82.71,331.88
91.44,34.37,15.33,5.13,8.9,83.48,337.28
87.1,34.64,14.38,5.29,7.5,83.35,313.76
84.45,36.65,15.01,5.32,6.8,83.38,303.76
84.96,37.36,14.45,5.44,6.7,81.63,308.64
79.76,37.7,14.66,5.44,6.4,82.26,291.52
84.03,39.28,15.74,5.28,6.4,81.63,274.56
84.1,38.81,15.6,5.46,5.6,82.51,256
83.23,41.67,14.73,5.52,5.3,82.89,258.88
90.86,39.77,14.45,5.87,5.1,82.4,291.04
91.48,36.91,13.22,6.28,5.1,81.29,310.88
96.13,36.83,14.73,6.31,4.9,80.26,286.72
98.49,37.67,15.38,6.38,5.1,79.5,262.4
104.93,40.43,15.54,6.39,5,78.71,251.2
103.05,40.03,15.51,6.45,5.3,79.19,230.4
102.83,41.37,15.71,6.51,5,79.89,239.04
103.31,40.5,15.72,6.65,4.7,79.89,251.68
103.02,43.23,16.58,6.92,4.9,79,254.72
106.87,43.51,16.88,6.92,4.7,79.34,285.28
107.06,43.7,16.93,6.86,5.2,79.79,294.4
107.4,45.55,19.15,6.69,4.8,80.04,293.92
106.7,47.15,20.28,7.2,4.6,79.4,313.6
109.77,48.58,20.58,7.08,4.8,78.35,341.44
103.24,46.76,19.51,7.4,4.2,79.33,359.04
98.67,47.88,19.12,7.1,5.6,79.11,337.28
97.84,48.79,20.04,6.95,5.9,78.92,341.12
99.56,49.23,20.43,6.85,5.6,78.9,376.32
98.46,45.57,17.69,6.78,6.2,80.22,325.76
98.7,48.06,17.93,6.28,6.8,81.52,362.88
101.56,47.27,18.28,6.39,6.8,81.25,424.96
98.83,44.99,16.84,6.15,4.7,80.18,413.44
99.68,45.76,17.54,6.15,3.9,79.93,435.2
93.53,44.67,17.09,6.32,3.2,80.26,440.96
99.41,49.53,16.81,6.14,3,78.63,470.4
100.96,50.73,16.66,6.13,2.8,78.62,506.24
96.77,47.32,14.09,6.37,2.5,79.69,513.28
97.41,48.56,15.15,6.09,2.2,78.06,492.16
98.99,52.87,17.27,5.77,3,76.94,525.44
94.26,51.13,17.81,5.49,3,76.96,557.44
93.32,50.56,18.15,5.55,3.6,75.07,576.51
87.4,44.34,15.34,5.76,3.2,76.39,564.16
86.8,47.97,16.88,5.91,3.8,76.62,577.92
82.98,46.37,15.95,5.58,4,78.73,547.84
79.2,46.38,15.21,5.81,5,78.55,576.32
79.85,46.16,16.93,5.78,5.5,78.5,590.72
87.96,53.27,20.39,5.75,4.8,76.6,618.88
87.24,54.24,22.66,5.4,4.8,77.19,631.68
86.45,52.57,24.38,4.99,8.5,74.76,621.44
85.37,50.74,22.57,5.02,8.6,73.81,632.32
82.26,50.49,21.11,5.46,11.4,74.01,634.88
85.38,49.28,20.33,5.92,10.1,74.61,656.32
86.88,45.6,20.39,5.99,6.6,74.6,637.44
95.7,47.3,22.37,5.87,13.5,73.9,672
99.87,49.96,24.94,6.1,13.7,74.2,707.2
97.24,48.03,22.57,6.02,13.7,75.13,732.16
96.2,45.98,20.79,5.81,14.4,75.18,679.04
94.94,44.52,18.1,5.54,15.4,74.35,695.36
91.16,42.79,17.82,5.79,17.5,75.67,686.72
93.01,42.93,16.75,5.9,16.9,74.99,706.56
99.29,43.31,17.93,5.88,14.6,74.8,773.12
100.22,45.57,19.43,5.82,18.9,73.78,763.52
100.59,47.12,20.48,5.88,8.3,74.95,734.78
99.49,45.34,17.98,5.79,6.1,75.44,701.44
99.65,44.75,18,6.02,7.2,75.76,702.08
97.18,46.57,18.24,6.16,3.6,74.84,704
113.93,50.72,20.98,6.15,3.5,72.93,771.84
112.29,55.31,23.31,6.3,1.7,74,738.56
109.66,53.03,23.69,6.02,1,74.83,704.96
112.79,54.06,24.54,6.04,0.7,75.07,677.12
107.94,50.98,21.58,5.75,0.8,75.83,725.12
105.4,51.22,19.87,5.98,0.9,76.22,755.2
101.07,49.12,17.04,5.98,0.8,75.72,711.04
101.16,50.52,16.29,5.98,0.9,76.78,665.6
104.42,52.53,17.24,6.57,0.9,76.4,649.09
97.88,51.58,14.83,6.25,1,77.28,685.76
86.2,51.11,14.19,6.73,0.9,77.66,665.6
85.58,47.22,13.13,6.42,1.1,78.46,679.04
89.03,47.84,13.45,6.09,0.9,78.04,749.89
89.34,47.03,12.2,6.06,0.4,78.13,752.64
89.11,46.68,11.07,5.95,0.4,78.21,818.56
91.54,46.81,12.57,5.72,0.4,79.16,780.61
88.03,48.82,13.15,5.65,0.3,81.01,771.84
91.38,52.88,14.52,5.45,0.3,79.03,766.91
91.51,51.34,12.32,5.52,0.2,80.5,718.08
88.02,51.34,12.96,5.58,0.2,80.37,714.56
87.79,53,12.57,5.62,0.2,80.07,779.52
89.19,53.69,12.69,5.6,0.2,79.38,760.32
83.76,50.17,11.03,5.94,0.3,80.36,774.4
81.51,49.49,10.8,6.02,0.3,78.5,759.23
84.88,50.44,9.74,5.62,0.3,78.08,705.28
86.85,48.93,9.97,5.55,0.4,76.55,724.48
81.43,47.82,7.65,5.77,0.2,77.27,745.15
81.69,45.71,6.59,5.22,0.1,77.47,682.11
81.25,47.72,7.15,5.29,0.1,77.04,726.91
82.66,48.29,7.41,5.1,0.1,77.33,746.24
81.58,46.74,6.84,5.02,0.1,78.09,776.9
76.49,46.11,6.75,4.85,0.1,79.39,822.85
73.66,45.73,5.69,4.78,0.1,81.4,855.04
76.45,44.47,5.09,4.72,0.1,82.7,830.72
74.6,45.04,5.08,4.89,0.1,82.1,837.38
75.17,46.24,4.46,4.72,0.1,82.92,798.72
73.46,44.52,4.19,4.88,0.1,83.06,889.6
75.39,42.68,4.07,4.82,0.1,82.95,933.12
80.7,43.14,3.88,4.78,0.1,80.41,968.96
78.95,40.87,3.9,4.65,0.1,81.54,"1,057.28"
78.98,42.13,3.81,4.8,0.1,82.46,980.48
76.01,41.51,3.67,4.78,0,82.49,974.08
76.09,43.32,3.85,5.01,0,83.95,952.32
72.14,42.99,3.79,4.81,0,84.43,"1,007.36"
78.86,46.07,4.32,4.69,0,85.31,"1,063.68"
77.18,46.12,4.3,4.6,0,85.7,"1,091.84"
73.78,42.86,3.83,4.79,0,87.51,"1,045.76"
71.51,41.18,3.59,4.54,0,88.23,"1,047.04"
73.97,41.84,3.78,4.63,0,86.48,951.04
70.04,40.79,3.4,4.51,0,85.37,899.84
71.61,45.36,4.5,4.84,0,86.09,961.28
75.11,42.58,3.46,4.92,0,84.45,890.88
86.15,43.3,3.71,5.06,0,81.87,878.08
85.12,40.23,3.66,5.07,0,81.35,970.24
83.24,38.89,3.4,5.05,0,80.82,919.04
84.92,41.05,3.57,4.91,0,81.09,931.84
84.87,39.23,3.26,4.91,0,81.29,933.12
80,37.2,3.05,4.76,0,81.68,896
80.68,39.2,3.05,4.74,0,80.72,962.56
81.24,38.84,3.2,4.68,0,79.83,"1,020.16"
81.5,40.03,3.38,4.44,0,80.43,"1,068.80"
79.66,37.45,3.23,4.55,0,80.36,"1,113.60"
79.81,39.15,3.5,4.5,0,80.64,"1,176.32"
74.13,36.49,3.31,4.7,0,80.32,"1,262.08"
71.19,35.63,3.17,4.88,0,80.44,"1,280.00"
72.89,34.62,3.15,4,0,79.46,"1,191.68"
74.54,36.29,3.38,4,0,78.28,"1,324.80"
