Date,Open,High,Low,Close,Volume,SMA_20,SMA_50,RSI,MACD,MACD_Signal,MACD_Hist
2022-02-19,83.8151475187448,84.26846688140056,82.46553007338022,83.90592919250997,7091,89.05652066262743,95.57944911193007,23.304877544269118,-3.091101870738811,-2.8942585020782596,-0.1968433686605513
2022-02-20,84.1112404174911,85.54080981189666,83.9999707288788,84.49378320514356,4866,88.70891310533253,95.2483469559847,24.045525926585796,-3.030995396246553,-2.921605880911918,-0.1093895153346347
2022-02-21,84.721525131258,84.97834930659229,82.35943057334674,83.88747475214495,6818,88.15605724018818,94.90969154235714,29.394824122590308,-2.9977286572539725,-2.9368304361803292,-0.06089822107364329
2022-02-22,84.34878542308728,84.73034132655434,83.19970388251312,84.47349989824845,3222,87.63141038040978,94.55544507247592,38.94921417292477,-2.890754378214453,-2.927615224587154,0.03686084637270115
2022-02-23,85.47284026999479,85.66099952928812,84.17873047414065,85.556022927215,3792,87.257956677298,94.18996842870646,42.46101703655761,-2.6876444378731748,-2.8796210672443583,0.19197662937118354
2022-02-24,86.79431597467645,88.74667467691404,87.35071261969236,87.38218166194405,5063,86.89629594212911,93.86968336257206,44.66502363187984,-2.352207811326849,-2.7741384160608566,0.42193060473400745
2022-02-25,89.59467340258489,89.8885865060323,87.3543618130227,89.06950260517664,2524,86.73080415775367,93.59177625728131,49.98706222424797,-1.9279944496286703,-2.6049096227744197,0.6769151731457494
2022-02-26,87.97026009766448,87.73274830273812,86.35723414766633,87.63080949307144,9224,86.47172295047658,93.2179529251079,45.7838123501441,-1.6884296486982748,-2.421613627959191,0.7331839792609163
2022-02-27,85.35748432182275,87.5447732619504,85.31367197811035,85.83684945603478,7198,86.2990756381087,92.77428062446684,42.16352516773275,-1.624602988260591,-2.2622115000194714,0.6376085117588803
2022-02-28,87.46040774984547,88.29898457053118,86.73405958382122,88.1970630549003,5025,86.35929690759127,92.39693241902631,57.07142404596909,-1.3678032038114907,-2.0833298407778753,0.7155266369663846
2022-03-01,88.96010866315473,89.8722791794791,88.14103761962559,88.6401190705935,3566,86.42232780047944,92.00400065126276,62.63431712879674,-1.115675790768293,-1.8897990307759591,0.7741232400076661
2022-03-02,88.11004467393623,89.56670335304685,86.3053741149959,87.8386036876056,3803,86.37805967431916,91.61394548683853,62.36723017168672,-0.9693643633429616,-1.7057120972893598,0.7363477339463982
2022-03-03,88.92050595778686,89.75287847781182,89.12445427060665,89.3255804450121,4709,86.39068355604516,91.27247011375461,64.47292106224185,-0.7250667872668402,-1.509583035284856,0.7845162480180159
2022-03-04,86.8895751173981,86.35806080306294,84.9011390060179,86.11307020561364,7155,86.25074893476338,90.85535230521717,52.503640739040286,-0.7816713061647107,-1.364000689460827,0.5823293832961163
2022-03-05,83.53233161414556,84.32360407799368,83.20972304875747,84.11938754277105,1719,86.03561139084698,90.4360325877546,50.53614435862743,-0.9761518532640139,-1.2864309222214643,0.3102790689574504
2022-03-06,85.42453597062182,86.05914292623363,85.37514624932906,85.54029799627769,7516,86.01819274610662,90.11538465933364,52.522955953741715,-1.0040494325832867,-1.2299546242938288,0.22590519171054213
2022-03-07,90.50866370971076,89.8940058934322,89.27868504624126,89.71270403468932,5579,86.26866088529555,89.89989748031232,61.983133280043454,-0.6816228442839645,-1.120288268291856,0.43866542400789155
2022-03-08,89.484501336088,90.86914178259053,89.60616049452828,89.62839557193132,1972,86.55165337570693,89.72204017629362,60.82768585579125,-0.4279671001180816,-0.9818240346571012,0.5538569345390196
2022-03-09,93.59804820324523,93.45573513224936,92.46435861265216,93.33944948934612,4718,86.99221791456877,89.63452479144067,64.72306465617038,0.07168163986396792,-0.7711228997528874,0.8428045396168553
2022-03-10,93.87136154341952,95.02238100148419,93.49725078426174,94.06401518552173,8395,87.43773697378757,89.59571169645663,63.188953862774895,0.5201275556147635,-0.5128728086793573,1.0330003642941208
2022-03-11,94.35339417824244,96.6707645811938,93.6471349751533,94.78139815431005,5402,87.98151042187756,89.6237890160689,61.72332902789965,0.9227738226662865,-0.2257434824102285,1.148517305076515
2022-03-12,96.44125691228979,97.07165302361882,94.94887449762844,95.51669797574597,5552,88.53265616040768,89.6387024420212,66.66654225076985,1.286377877221014,0.07668078951602,1.209697087704994
2022-03-13,98.37107873058983,99.76237582521738,97.9586417518618,98.54978100703859,3207,89.26577147315237,89.68373678982685,75.53108687548055,1.7985486133174646,0.42105435427630894,1.3774942590411556
2022-03-14,99.30504487745765,99.13193910338337,97.06393183357285,98.52844524127109,5426,89.9685187403035,89.68579794259739,72.89950847431344,2.1776237031515535,0.7723682240513579,1.4052554791001957
2022-03-15,103.2055487197432,105.0607624624029,103.66606744443688,103.7659792147863,7919,90.87901655468207,89.84695384860503,77.64980185449232,2.8676126095623715,1.1914171011535606,1.676195508408811
2022-03-16,97.95310372838104,99.55685856011368,96.73935771928947,98.51839299874801,9835,91.43582712152227,89.92293878552759,66.79284185262915,2.956911996387589,1.5445160802003666,1.4123959161872226
2022-03-17,99.26169531813026,101.05519725355867,98.49335572879218,100.20131494670355,9386,91.9924177385986,90.02742536667996,66.99621325765114,3.1274290845190365,1.8610986810641006,1.2663304034549359
2022-03-18,100.73073819445335,100.68864670129607,99.08481144433655,100.42611200260778,9680,92.63218286407542,90.2063579114673,74.67181529417135,3.243317404927552,2.137542425836791,1.1057749790907612
2022-03-19,101.62699207385039,103.701731380684,100.68599672027622,101.8949220329635,3204,93.43508649292185,90.399945488915,81.20486162128016,3.4143222463594327,2.3928983899413194,1.0214238564181133
2022-03-20,102.87740777360176,103.05190511235615,100.31047344354195,102.13314668208776,6345,94.13189067428124,90.61940893470116,80.39060134517699,3.5283944189628897,2.619997595745634,0.9083968232172559
2022-03-21,100.1320683267073,100.57571607610318,99.81439918406925,100.1857480374693,4276,94.70917212262502,90.80962323659045,70.88401887940785,3.422209540731501,2.7804399847428076,0.6417695559886933
2022-03-22,100.73092017098215,100.53046090526752,99.63882260535016,99.79643942957779,2102,95.30706390972362,90.97663333816115,70.03215795084795,3.2689607638154854,2.8781441405573434,0.39081662325814204
2022-03-23,99.92954675125101,101.39494518251108,100.08031802480586,100.5620306055415,6243,95.8688864177501,91.08898210917135,66.09751440203834,3.1727137444987363,2.937058061345622,0.23565568315311447
2022-03-24,104.39461122911,105.34576338620867,101.98374598866353,103.63059843923388,7614,96.74476282943111,91.2622653360797,69.3047145932113,3.305936291659094,3.0108337074083167,0.2951025842507775
2022-03-25,103.1809172592874,104.11883849243917,102.54211453764368,102.6132671244613,9707,97.66945680851563,91.45402873877993,65.61514979751453,3.2914838087212956,3.0669637276709127,0.2245200810503829
2022-03-26,103.61697538818983,104.64422816627558,101.85729443646792,103.05855908949215,6223,98.54536986317635,91.62289199326331,65.21285980582516,3.2781727174907473,3.10920552563488,0.1689671918558675
2022-03-27,102.78446458169356,102.10307289240279,100.04825513173284,102.08055134130542,9584,99.16376222850715,91.81691625423571,57.76583788574488,3.152367994107294,3.117838019329363,0.034529974777931294
2022-03-28,104.56168280690954,104.88441110256556,102.23848837079998,104.01865551500849,1630,99.88327522566101,92.04104069176361,61.13656619204277,3.17248521905546,3.1287674592745827,0.04371775978087733
2022-03-29,107.1432271287617,107.90229320102496,105.75886130105565,106.87343514161311,7683,100.55997450827437,92.39271348052803,56.97780317147828,3.3798246080282723,3.1789788890253208,0.20084571900295156
2022-03-30,105.01966813108429,105.8405644678673,105.66528952288213,105.79995362790943,1277,101.14677143039374,92.76885979978124,70.12301734987113,3.418119625554496,3.2268070363311563,0.19131258922333982
2022-03-31,105.94519929835181,107.50079468595997,105.16685366234088,106.94507979911793,1232,101.75495551263415,93.160171371507,69.20772943329375,3.5005190104870536,3.2815494311623357,0.21896957932471794
2022-04-01,106.49933198286438,107.21630413149212,104.34524631616594,105.6104136768082,6690,102.25964129768725,93.49790032082694,63.88799329548678,3.4187158862415714,3.3089827221781833,0.10973316406338807
2022-04-02,107.98152737180772,108.02560925473286,107.48255707867506,107.73019215584054,8659,102.71866185512735,93.8710421077339,65.10502545414198,3.4847645321117398,3.344139084164895,0.14062544794684495
2022-04-03,106.91157029018643,107.41911177699495,106.08173787269737,106.28124325108132,1025,103.10630175561786,94.21843172013055,60.104305064845086,3.3812139627459032,3.3515540598810967,0.029659902864806575
2022-04-04,104.02860969212401,104.51497654307065,102.17382406494467,104.06706798615136,8468,103.12135619418612,94.53133031143162,59.3331656989072,3.0849228805674898,3.298227824018375,-0.21330494345088535
2022-04-05,102.51510315391329,103.33083166529202,101.92314352181903,103.30578874159708,7410,103.36072598132857,94.87967266844186,58.2904035754747,2.756901347892679,3.1899625287932363,-0.4330611809005571
2022-04-06,99.62355087873537,100.86021462122997,98.71118808106645,100.37599788129046,9652,103.36946012805792,95.19312580104945,49.60129002751338,2.234771231181213,2.998924269270832,-0.7641530380896189
2022-04-07,101.39765403426257,102.99443637850104,99.24679088045211,101.02272780422965,4764,103.39929091813902,95.53420944185994,43.7633104898093,1.8518184415000718,2.7695031037166804,-0.9176846622166086
2022-04-08,103.51036682762305,105.31651364057204,102.46950992546167,103.65484946708183,7599,103.48728728984493,95.91674325695939,52.31233752942714,1.7406506797665742,2.563732618926659,-0.823081939160085
2022-04-09,103.09608107279982,105.70779029091506,102.64393365384332,103.71729638642435,6102,103.56649477506176,96.288016504665,51.48770112899524,1.6386984761933974,2.378725790380007,-0.7400273141866096
2022-04-10,103.2660872068232,104.29119506701753,102.39432953203139,103.28345009106567,8006,103.72137987774155,96.67556692263608,52.78509706581315,1.5055379458303122,2.204088221470068,-0.6985502756397559
2022-04-11,101.58701381328872,102.70512881297091,101.83059795587785,102.48021303261372,4483,103.85556855789336,97.0352955191855,46.24044036925022,1.3199768766855158,2.027265952513158,-0.7072890758276422
2022-04-12,103.89646927216599,104.8631747674393,102.82483563572913,103.72641727537359,2994,104.01378789138496,97.43207436965005,41.653284000080006,1.2589641053912715,1.8736055830887808,-0.6146414776975093
2022-04-13,102.59320493756942,104.00604713497563,101.47413293496676,103.06939915769621,9682,103.98572792730809,97.80399235483901,42.594250674496465,1.1444032056122069,1.7277651075934661,-0.5833619019812593
2022-04-14,102.08344201861478,103.1932179421375,100.25786092663841,101.47951893089136,2072,103.9290405176296,98.12246227491254,35.52562190673025,0.9147778306486032,1.5651676522044937,-0.6503898215558905
2022-04-15,100.81945151283948,101.4018169915093,99.39676549969975,101.20329139143867,7707,103.83627713272692,98.39888446950245,37.63550598650648,0.7024118461977196,1.392616491003139,-0.6902046448054193
2022-04-16,104.04425097461134,105.15440061019417,103.21406635482806,104.13751622364107,1215,103.9391253768437,98.70024474187174,40.36099307740388,0.7620927641261659,1.2665117456277444,-0.5044189815015785
2022-04-17,107.13828787791309,108.51978368590291,106.88141083117587,108.19509310097806,8605,104.14794725614217,99.11153041402986,54.50428701978663,1.123847846574165,1.2379789658170286,-0.11413111924286357
2022-04-18,107.69893968445791,109.33319974214312,107.25627165781903,108.62782296003117,3606,104.23566664706308,99.56734988410979,61.71628596693028,1.4289865711906629,1.2761804868917555,0.1528060842989074
2022-04-19,111.21064831598223,113.09385384870646,110.1313844849256,111.45028078247022,9350,104.51818300479113,100.03241423866119,68.91912699079028,1.8769239558432673,1.396329180682058,0.4805947751612094
2022-04-20,113.54376497067496,114.67075136065466,111.99310553485489,113.5893396610212,5781,104.8503959978863,100.53139865046974,81.86431601668329,2.3771197779387876,1.592487300133404,0.7846324778053837
2022-04-21,109.58633097671078,110.18975055228843,108.84820059000913,109.36755092890328,4313,105.03825286049104,100.9619775952957,67.16418864809097,2.4051405399479364,1.7550179480963104,0.650122591851626
2022-04-22,111.10864490503329,112.45380611984186,110.43021894555623,111.57354379299522,8763,105.23042044234879,101.40693686225536,66.5783130749426,2.5756617581453582,1.9191467101061201,0.6565150480392381
2022-04-23,112.19973341446678,112.79088591964268,111.53092331686618,111.76389471462068,6939,105.50455301552574,101.91995335243551,66.75634979794337,2.6950934213283233,2.074336052350561,0.6207573689777623
2022-04-24,120.70264475804228,121.72102685882666,118.9179139892284,119.83950694764314,3295,106.29317496360034,102.63435574053294,76.15295786640124,3.4021603051307068,2.3399009029065905,1.0622594022241163
2022-04-25,120.10755113902324,121.57004334994205,118.27411861028676,119.4390484227515,6685,107.09983794765806,103.31233074906243,77.13449986007106,3.8854136188861617,2.6490034461025047,1.236410172783657
2022-04-26,119.11469558580102,122.5186895574149,118.65342173672413,120.22165128655833,2696,108.09212061792144,103.92250969409979,76.79017178299154,4.2821825277003995,2.9756392624220838,1.3065432652783158
2022-04-27,122.57866174433131,124.55637270336607,120.29526369527927,122.62646902889864,2946,109.17230767915491,104.58247116323915,80.05655955233837,4.736078871286281,3.3277271841949236,1.4083516870913577
2022-04-28,118.90639168105056,120.60945269791384,118.41359945357749,119.8534009153627,3783,109.98223525156894,105.11275019175947,77.24723363474676,4.816509845138029,3.625483716383545,1.1910261287544839
2022-04-29,122.05275135211826,124.37418485331207,120.86113231433698,122.68569910344071,4644,110.93065538741976,105.68518387011787,79.6120874182932,5.050574881305721,3.9105019493679807,1.1400729319377403
2022-04-30,128.36151806093036,128.23678515881684,125.83701311946555,127.12418633713425,6241,112.1226921997232,106.33203963377434,80.42391805859232,5.530470117671285,4.234495583028642,1.2959745346426432
2022-05-01,130.88372311871848,132.49773854406487,130.15446118902256,131.82629286395112,7420,113.58999619129006,107.05823153153844,80.75230858726717,6.2185279304368635,4.631302052510287,1.5872258779265769
2022-05-02,129.51220276171964,131.69319382400388,129.33134694278914,129.51508277967537,8557,114.87942946650514,107.67753756699119,75.9145146050514,6.502368113995445,5.005515264807318,1.4968528491881266
2022-05-03,133.58173755873156,133.36923193728023,132.58877369258852,133.26681279620814,3645,116.38930014843075,108.37230491808992,76.45737655687783,6.949932269224931,5.394398665690841,1.5555336035340899
2022-05-04,130.17208836609768,131.9853251014282,128.7088442623659,129.64710840640507,7589,117.79767962220642,108.8899275019223,68.79850487098199,6.932635091722716,5.702045950897217,1.230589140825499
2022-05-05,131.39993523678555,132.45468246746688,130.0031329971831,131.24336535758613,7353,119.29968332051381,109.54442694909908,77.28699011704504,6.967415520363929,5.95511986479056,1.0122956555733689
2022-05-06,135.8443165224815,138.9377471858524,137.0641509209274,137.1894014023322,2932,120.95227757944835,110.28418867821163,79.22533905068306,7.3895920589615685,6.242014303624762,1.1475777553368065
2022-05-07,134.09854305431168,136.34011677077575,134.18874127701577,134.56558978243606,2757,122.27080241352125,110.9669782338082,74.64611118166606,7.4268383681394,6.4789791165276895,0.9478592516117104
2022-05-08,131.18124965753233,133.48241907376732,130.40879763878922,131.13479740219407,6085,123.39615113562941,111.55177574119281,63.57170490599316,7.097702171286329,6.602723727479418,0.4949784438069109
2022-05-09,130.37852894480756,133.13608690825507,128.90773278759926,131.46212788470743,6637,124.39674349074126,112.13835536524519,64.47160127658118,6.785058270120018,6.639190636007538,0.14586763411247983
2022-05-10,129.82110189438646,131.80890660111635,129.34720500196917,130.21009953749595,2116,125.227781484565,112.73884239524574,61.88827039117007,6.362909838145271,6.583934476435085,-0.22102463828981467
2022-05-11,125.11786796281928,126.46532762262422,125.07936212144172,126.29696860913565,1492,126.07425236857662,113.26885297883689,54.21722082064042,5.647496379057742,6.3966468569596175,-0.7491504779018756
2022-05-12,123.59908436287688,125.94207345700612,124.16081515441108,124.64968551888735,9811,126.72805945487121,113.7506060771038,55.65703583748165,4.891221127512864,6.095561711070268,-1.2043405835574035
2022-05-13,121.83864049600021,122.4570175976859,120.59892707188523,122.09033392857643,8888,127.244381415569,114.11980078689065,49.293238794668845,4.0387925713487505,5.684207883125964,-1.6454153117772137
2022-05-14,122.40806569088794,125.13260722072853,122.62164789089586,123.31389067796137,7474,127.4181006020849,114.53381325796065,45.102992729375075,3.4225149808993365,5.231869302680639,-1.8093543217813028
2022-05-15,121.2912262261232,122.36848929228286,120.62615469673818,121.12760500232824,5958,127.50252843106375,114.89519417621739,35.299359129235754,2.7262688378368978,4.730749209711891,-2.004480371874993
2022-05-16,125.47736740172199,126.70431065493776,123.71222128817288,125.00369099260284,3743,127.74163041636601,115.35365696924335,44.05666730982083,2.4589116954841046,4.276381706866333,-1.8174700113822286
2022-05-17,123.862482062625,123.22492079688593,123.10874579304225,123.12230352654996,8866,127.76642214124854,115.73572992947416,35.94282966448034,2.071339872183728,3.8353733399298124,-1.7640334677460845
2022-05-18,124.11665870342871,125.07722826466929,124.84633689342486,124.8654763551758,8160,128.01702591323922,116.09557075374542,43.01064032693673,1.8831382434235735,3.444926320628565,-1.5617880772049917
2022-05-19,124.25485672325254,126.87877799477636,124.53867502607378,125.08672703258333,6451,128.13707730969634,116.48130622183889,40.62388620818206,1.7318761866847439,3.102316293839801,-1.3704401071550572
2022-05-20,121.14036859563389,122.28210055853708,122.01638385147977,122.10606187070981,6258,127.88617108637511,116.78452586327072,24.748422338999944,1.3558556884443647,2.753024172760714,-1.3971684843163494
2022-05-21,123.05902452459665,122.89905721190682,122.4590113764404,122.72415877246942,9548,127.43106438180102,117.12680076518394,28.748648180274046,1.0951082624597177,2.421440990700515,-1.3263327282407973
2022-05-22,124.67409492339486,124.19143684429355,123.31990070639272,124.16136874712147,8186,127.16337868017335,117.45542429700957,36.52052247199153,0.9929883311054084,2.135750458781494,-1.1427621276760855
2022-05-23,121.5736169745978,125.07102367464928,120.75340343923506,122.72332307219894,7102,126.63620419397287,117.78426589343191,33.80356172038,0.7869478372459042,1.865989934474376,-1.0790420972284718
2022-05-24,124.31410922343557,125.05673751090444,121.82896910733965,123.23894250474174,1619,126.3157958988897,118.16770338380373,36.71712344870923,0.6576840678751097,1.6243287611545227,-0.966644693279413
2022-05-25,122.83251822865086,124.81878139825433,122.6722870184636,123.94311976562737,1882,125.95078361929177,118.58045000428434,44.89008861205974,0.605087744388868,1.420480557801392,-0.8153928134125239
2022-05-26,126.06337945724093,126.70637482857566,125.21999306311142,125.95934626928414,9988,125.38928086263938,119.09211697204421,52.79828505019738,0.7178227932951984,1.2799490049001534,-0.562126211604955
2022-05-27,123.45697137422655,123.80279188708295,120.65187067375402,122.94292115503684,4642,124.80814743126942,119.53052083906036,51.786779876650904,0.5573411524893004,1.1354274344179829,-0.5780862819286825
2022-05-28,123.12536377381112,124.11211845373704,121.24812513157272,122.21857740252098,2296,124.36233643128574,119.90179539776915,47.655478335755,0.3674737994920747,0.9818367074328013,-0.6143629079407266
2022-05-29,122.24442073425628,123.33331704953852,121.51120939692466,121.72323366098192,9436,123.87539172009949,120.2619141432603,51.3744398906057,0.17501499027470402,0.8204723640011818,-0.6454573737264778
2022-05-30,121.41397789265488,121.13270174641225,119.19627064074041,120.68569263877791,3895,123.39917137516356,120.60995899421454,38.53395711621306,-0.06053310407739332,0.6442712703854668,-0.7048043744628602
2022-05-31,120.96282646259472,121.77506086038989,121.07619738946747,121.35248883693916,7593,123.15194738655376,120.98740451030103,44.97637438083531,-0.19119777639079416,0.47717746103021463,-0.6683752374210088
2022-06-01,123.02716293372373,122.4979609962219,121.41324766682379,122.25736913086426,1929,123.0323315671526,121.35802354741087,42.22695942797776,-0.21920730787432774,0.33790050724930615,-0.5571078151236339
2022-06-02,117.87146473466301,120.4394968421106,117.66337908590016,118.86969715567133,6366,122.87129972850735,121.67402950737036,34.413035978527375,-0.5088956475662911,0.1685412762861867,-0.6774369238524778
2022-06-03,122.85911660755964,123.76006887739042,119.76528587193283,121.89658060079924,9711,122.80043422464924,122.08237074076851,49.476015479367916,-0.4885992782256636,0.037113165383816635,-0.5257124436094802
2022-06-04,122.7912586452105,123.32477994955067,121.46357972170854,122.67449123458441,4212,122.87777853626206,122.51179473763142,49.87674983137579,-0.40507393227821353,-0.051324254148589404,-0.3537496781296241
2022-06-05,119.94979868399717,119.24333269026883,117.51931042927099,119.19340266678888,3409,122.58726411997134,122.81291246649438,38.807334602279816,-0.6127112941973252,-0.16360166215833657,-0.44910963203898857
2022-06-06,126.16730040970965,126.49527819611747,123.78012097236326,126.28773272452165,9199,122.74553557986992,123.17476525896527,56.399474291560075,-0.20247821081969164,-0.1713769718906076,-0.031101238929084035
2022-06-07,127.9202462882844,130.02305595495523,127.21852901261434,127.55396819295808,4423,122.87996017175904,123.5532881636238,57.54378970414437,0.22224715638358816,-0.09265214623576845,0.3148993026193566
2022-06-08,124.67887090179309,125.34939417612783,123.92836580128274,124.61306856983994,7976,122.85627724862186,123.8165439193712,51.08628920989461,0.3178747857512718,-0.010546759838360398,0.3284215455896322
2022-06-09,126.908411108669,128.2667242716481,125.32642491616438,126.32330801885625,8594,123.0671395560292,124.0712232865279,50.59606079903265,0.525603570667414,0.09668330626279449,0.42892026440461956
2022-06-10,122.90950098869463,125.4951105726758,122.90092844297396,123.94661191376683,6158,123.12826221309408,124.36280450622516,51.678925844768024,0.49277026760977094,0.1759006985321898,0.3168695690775811
2022-06-11,124.86844853257195,126.93845730158476,124.94057451714971,125.97615158277708,4667,123.21900135487684,124.6508566620208,56.02251475335112,0.623331154564184,0.26538678973858865,0.35794436482559533
2022-06-12,130.93404949893755,132.14103965399045,129.21084592153454,131.59967212867087,6973,123.66281880770046,125.04757221030181,63.59483413300643,1.1671188884081403,0.44573320947249895,0.7213856789356413
2022-06-13,128.6400876722532,129.83646113994558,127.6723579015534,129.5220168659428,7236,123.97697252576052,125.2412224086678,61.824539791096846,1.4141240277160279,0.6394113731212048,0.7747126545948231
2022-06-14,133.0901298412762,133.73277995861733,130.50163886888973,132.10781951499612,9277,124.38520751322892,125.49459783051269,63.68942523037265,1.797806054417734,0.8710903093805107,0.9267157450372232
2022-06-15,132.52117904852787,135.3342861791464,132.44498428241712,133.269583749075,3468,124.75071938721847,125.75555647976303,63.92532678438275,2.1706001617667425,1.130992279857757,1.0396078819089856
2022-06-16,136.83660178505852,137.29214395950385,133.31332466296075,135.54656378008622,7217,125.38090151847094,126.01395837478678,71.69797521993847,2.619578565590757,1.428709537004357,1.1908690285864
2022-06-17,138.3080811110547,140.23243251770674,136.11023241107122,138.7607302920055,4619,126.20800916294517,126.39210496231962,71.83523377173404,3.1978902724938365,1.782545684102253,1.4153445883915836
2022-06-18,137.27214087029577,138.26636355206904,135.88147366516162,138.1504519425366,2636,127.02937007702289,126.70140001910154,70.12520690536442,3.56585712298741,2.1392079718792845,1.4266491511081254
2022-06-19,136.94040745546582,138.78877439684425,136.14728761315266,136.15154944308986,9155,127.80266291723851,126.88194728122066,72.93686528490558,3.654057081418415,2.4421777937871108,1.2118792876313043
2022-06-20,136.95431997492327,138.70180605244,134.78333836111423,136.52098115037182,4583,128.56108753291014,126.97584104694909,66.91887191961578,3.710988272434747,2.695939889516638,1.015048382918109
2022-06-21,134.37387393834769,135.16570411238882,134.2412929394771,134.3787230847299,5009,129.16715523060344,127.07311385305016,60.965880437504005,3.542409635972575,2.865233838807826,0.6771757971647494
2022-06-22,134.3874074906174,136.86976900166374,133.54715127054828,134.2387687923406,4326,129.9356088124369,127.09255297297281,66.99621402399589,3.3587985711352815,2.963946785273317,0.39485178586196445
2022-06-23,135.81824582455732,136.8532065338378,135.0644277619332,135.22541280546616,9148,130.60205042267023,127.20411906095404,66.13074543173417,3.255373486385224,3.0222321254956985,0.23314136088952564
2022-06-24,135.30496359067607,137.62850447891668,134.40095198054297,136.04380459284485,3217,131.27051609058324,127.3001278456592,73.23229903790964,3.2025289786780604,3.058291496132171,0.14423748254588942
2022-06-25,139.75603899513038,140.4527644716178,136.48212312778065,138.38236180418136,5967,132.22996404745288,127.3239870536962,73.5462829705504,3.3111821022770584,3.1088696173611488,0.2023124849159097
2022-06-26,139.8026367120059,140.7359782447955,138.17047530088638,138.48757761413663,3369,132.83995629193362,127.4024268103302,66.53679219123286,3.3669682084290855,3.1604893355747365,0.20647887285434896
2022-06-27,143.0727602841368,144.51675281140476,141.54885394169614,142.64389944239915,4638,133.5944528544057,127.63260885113431,78.64455841292605,3.7038637000229357,3.2691642084643764,0.43469949155855936
2022-06-28,139.00791800593996,140.20656689515474,138.5722095906345,139.84828747989928,6722,134.35621379990866,127.80033204303817,66.74376523486532,3.7025921058298366,3.3558497879374687,0.34674231789236787
2022-06-29,148.27366312117078,148.74064107934743,146.65063453046503,147.74112067090385,5444,135.42710443251102,128.1509524657063,74.24404685129342,4.289028779680848,3.5424855862861446,0.7465431933947033
2022-06-30,148.39565623637594,152.454533694804,149.31399988325055,149.6762913479106,8618,136.7135884042182,128.6185389204818,73.94565666984036,4.853982480952908,3.8047849652194974,1.0491975157334106
2022-07-01,145.8240077589418,147.86711595098046,145.97239036611145,147.20582143799504,4947,137.7750718969791,129.06966163886398,64.68198716495812,5.044219462287316,4.052671864633061,0.9915475976542547
2022-07-02,143.4599324072508,145.23159554350974,141.99279906640223,144.1585741931473,2676,138.40301700020294,129.5110264441554,59.629323791086904,4.892696297506859,4.220676751207821,0.6720195462990377
2022-07-03,145.52029061039673,146.88761417602853,145.42233863166993,145.6291543544432,2196,139.20837387462794,129.957331717685,65.45159831098357,4.835535582440286,4.343648517454314,0.49188706498597234
2022-07-04,146.12063586826486,146.3269944213332,144.81965483307826,145.0522606791556,3787,139.8555959328359,130.43582483122154,63.81532279084397,4.689625719531136,4.412843957869679,0.2767817616614572
2022-07-05,145.6792369037563,146.79812843109195,143.99137295737376,145.0203541248817,8432,140.44313445162626,130.8361580938671,68.49702018052184,4.519320595035936,4.434139285302931,0.08518130973300497
2022-07-06,147.18366747062836,149.23536674661096,143.71392843849338,146.472670026767,8927,140.98943976396032,131.3031654238715,70.33685116323716,4.45024268516832,4.437359965276009,0.01288271989231049
2022-07-07,146.11456933071346,147.03704837305992,144.3759446483023,146.33262444889647,4318,141.36803447180483,131.7325083857459,68.99866287703834,4.3342350722491005,4.416734986670628,-0.08249991442152727
2022-07-08,143.50363251784768,144.29697257806345,141.99332448849484,143.94717697571983,9858,141.65787072346401,132.10971738460864,62.83072603071568,4.003660818429353,4.334120153022373,-0.33045933459302024
2022-07-09,137.28607735770726,138.18468569672345,136.64478344661742,137.64108464851552,7689,141.73234748373528,132.42041784016473,48.93390969845202,3.1959880314325915,4.106493728704417,-0.9105056972718257
2022-07-10,137.81674943034875,138.90665615953765,134.86508343813983,136.48560650101928,3176,141.73057875126764,132.69564679473572,47.20523238620433,2.4345995508635383,3.7721148931362416,-1.3375153422727033
2022-07-11,137.63520744211897,140.7071318785554,138.88475574218822,138.91290278582724,4743,141.95728773632254,132.99067747550984,44.52730649613957,2.0039558631560794,3.4184830871402094,-1.41452722398413
2022-07-12,140.6033536600426,140.3768879440046,137.80304773691878,139.5787576550616,9792,142.2242871794586,133.32778616716712,49.57830131957639,1.6968364864221712,3.0741537669966017,-1.3773172805744305
2022-07-13,139.18256782075736,141.2316504681015,136.42562852905513,138.9639069775918,5422,142.41121188806488,133.6422854566241,32.217709980454586,1.3878308068874787,2.736889174974777,-1.3490583680872983
2022-07-14,139.34451753860392,141.91929439782416,137.80652636761505,139.51579991648998,4824,142.58481165424712,133.95373905964135,28.192974547240397,1.1739422518719778,2.424299790354217,-1.2503575384822394
2022-07-15,144.15357709644556,145.93667143264446,140.99941756697874,143.5070558234883,3451,142.84104635521246,134.30469325072542,42.547966908326025,1.3113782739779651,2.201715487078967,-0.8903372131010019
2022-07-16,141.02545387858635,143.65559613167224,139.02054712486472,141.06306427804037,1628,142.96982068840765,134.6670961131855,43.60799033996848,1.209149298794756,2.0032022494221247,-0.7940529506273686
2022-07-17,142.62549384980193,142.28238288842655,141.22685200863253,141.568196760925,8778,142.91603555433397,135.0540885003536,41.26617724748088,1.155571361900769,1.8336760719178535,-0.6781047100170845
2022-07-18,142.94040950796077,143.9453461871158,139.24455752676775,141.8039870691044,4696,143.0138205337942,135.45570356851601,42.90997546891637,1.1192349246801996,1.6907878424703227,-0.5715529177901231
2022-07-19,138.4514215311792,139.94576498798128,138.48424500394893,138.66851839301194,4674,142.5601904198996,135.81536008360072,37.79005622920517,0.8278885347515086,1.5182079809265598,-0.6903194461750513
2022-07-20,139.11050781825398,142.087323563442,138.24193322802265,139.73420361871788,4929,142.06308603344,136.1829943792363,36.85140467163965,0.675202993299564,1.3496069834011608,-0.6744039901015968
2022-07-21,141.6420451183252,143.4408071920237,140.979004113206,141.38091364169242,3765,141.77184064362484,136.56546526945286,40.87442316719316,0.6792444313930162,1.2155344729995319,-0.5362900416065157
2022-07-22,148.68533570234507,149.75915893083666,147.43459124927224,147.46911852057926,5369,141.93736785999644,137.137453696751,55.71118784735367,1.1603388882561774,1.204495356050861,-0.04415646779468374
2022-07-23,149.81351159367756,152.66297318483655,149.41360299972064,150.68549180060137,9307,142.19018473230435,137.71323192074706,73.50853173552328,1.7806182954497842,1.3197199439306457,0.4608983515191385
2022-07-24,147.0242815931154,147.1840339841377,145.79815261710004,146.66358718812165,5956,142.27075105775265,138.1930138398178,66.6250306978884,1.9254645480053796,1.4408688647455927,0.48459568325978686
2022-07-25,144.38923728226405,145.5801066870838,142.61053500245058,144.01031670304315,1692,142.2202491866607,138.6893521205429,58.26525834129048,1.8053485584856048,1.5137648034935953,0.2915837549920095
2022-07-26,146.25286444956143,148.44100920229627,143.89365203103705,145.57415980202114,4162,142.1753236754234,139.07508066209286,59.446227173871314,1.8154178331850517,1.5740954094318869,0.24132242375316482
2022-07-27,146.06700229494984,149.91006584378673,147.022583003333,147.1513082375602,2105,142.21625786485663,139.4670274629849,62.52023644098734,1.9284307545659658,1.644962478458703,0.2834682761072629
2022-07-28,149.39137331090697,148.87773833219063,148.38336400140065,148.74929707515236,4008,142.45636386982824,139.94975203309116,63.68218697151709,2.1224721158596083,1.740464405938884,0.3820077099207242
2022-07-29,162.05962433264258,161.27449064650972,158.94865342718708,160.74462871927244,3161,143.61154107336608,140.63817844709948,70.64536074655919,3.207203659813075,2.0338122567137225,1.1733914030993526
2022-07-30,164.89481939525626,166.3952313052254,164.81897505455456,165.95800242314198,9345,145.08516086947222,141.478406257287,77.96164517306562,4.436396889603145,2.5143291832916073,1.922067706311538
2022-07-31,166.4480274252289,169.75585706095518,164.88614705058146,167.3263457524052,4699,146.5058330178011,142.30541014067956,78.3808603148555,5.458038382062455,3.1030710230457768,2.354967359016678
2022-08-01,172.2436154418888,173.425740613175,168.4088122466394,170.63488647475776,4786,148.0586394587859,143.08611442760127,79.75190720869531,6.460199057629183,3.7744966299624583,2.6857024276667243
2022-08-02,171.85533183437806,173.69746304789612,170.0337934448765,172.95888927261268,5200,149.75838857353696,143.9548518757347,85.98850952090076,7.357137712587274,4.491024846487422,2.8661128660998525
2022-08-03,173.17649023970108,173.69741065670246,169.57611574271152,171.9577052907991,2913,151.38048384225243,144.75184959125076,83.86513450066445,7.896158874331832,5.172051652056304,2.724107222275528
2022-08-04,174.64816713848234,177.61214292676596,173.1731790081941,174.67514446929337,6520,152.93888827454268,145.5799608056551,84.22026614346032,8.445259959745698,5.826693313594183,2.618566646151515
2022-08-05,171.21211511352374,174.60409495199792,169.7659454497901,172.0820550368469,2772,154.48983781248302,146.31067063079033,77.2557442152546,8.572368947042918,6.3758284402839305,2.1965405067589874
2022-08-06,172.62518737278185,173.21289011854083,170.41083681816428,171.35459340106115,3780,155.97915764448982,146.96254789297146,74.22372950803285,8.516233818600085,6.803909515947161,1.7123243026529238
2022-08-07,173.02451514367007,175.25912266227576,172.15283736231083,173.21399304726387,8423,157.5496579433978,147.663818715066,82.77794140419677,8.523530384119994,7.147833689581728,1.3756966945382656
2022-08-08,173.63607224922146,175.3495025094801,170.84551699473784,173.58463095095038,3871,159.2954635712947,148.4124803452232,88.69182208289872,8.461679373535162,7.410602826372415,1.0510765471627472
2022-08-09,181.38813636651656,182.98272879158642,180.27616966378383,181.90024606138488,1660,161.40376569342806,149.32006564344346,90.38964268292787,8.980145121931713,7.724511285484275,1.255633836447438
2022-08-10,175.64596833135545,177.30123901011098,172.52060383089122,175.320045381519,7242,163.10072228041938,150.13889208937925,78.18417722326677,8.759096350664151,7.931428298520251,0.8276680521439008
2022-08-11,176.6351084173454,180.2819464412679,174.90677419538866,177.8318317388373,2132,164.61885794133232,151.01075334830918,78.57593695367056,8.686461651244429,8.082434969065087,0.6040266821793416
2022-08-12,171.89834341292638,175.2826289548949,169.3189116219738,172.27361896999943,1699,165.6982642998022,151.75171747159985,62.9687009224058,8.087172914854506,8.083382558222972,0.003790356631533598
2022-08-13,172.34354410754457,172.9134045918924,167.61045256781944,170.74058937602666,8470,166.90211440919745,152.4456531672635,55.86547821053067,7.40319022882062,7.947344092342502,-0.5441538635218821
2022-08-14,173.74267517776363,177.24485310120906,173.08232121211634,174.58721136792045,7297,168.43095914244128,153.16975015853825,58.394603529600715,7.089792554172277,7.775833784708457,-0.6860412305361798
2022-08-15,178.99176980623773,179.003671143849,177.29450808658245,178.43243172235466,8812,170.073872738458,153.96864724070264,58.90458021371354,7.070198933600125,7.6347068144867904,-0.5645078808866657
2022-08-16,174.10399194215094,176.32764841619633,172.6804546080295,174.71482970534663,5557,171.4520488118473,154.61006584596157,51.94337934523239,6.677714894090286,7.44330843040749,-0.765593536317204
2022-08-17,173.26177226900234,172.35143879511233,171.04007515157124,172.31927843520762,3179,172.63054787985007,155.25948566506773,50.388188363917784,6.1030157316815234,7.175249890662297,-1.0722341589807733
2022-08-18,173.47457875725095,175.62700003148788,172.6638525156073,174.76478445971014,9275,173.33155566687196,155.79995894084385,50.09680358172216,5.778285919991873,6.895857096528212,-1.1175711765363392
2022-08-19,173.93578815961882,174.8202572600023,169.88494504843868,172.3166285890564,2422,173.6494869751677,156.2527656856668,50.254114988609054,5.262724078758481,6.569230492974267,-1.3065064142157858
2022-08-20,172.9907601726221,176.5854412056978,170.76683029439735,173.1507877188275,4180,173.9407090734888,156.77166501128343,51.9413406419504,4.865362406335038,6.228456875646422,-1.3630944693113838
2022-08-21,175.96432632217093,177.24905860961212,175.57301571638462,176.89817012294714,5316,174.25387325589827,157.42645692987944,53.825754358801746,4.797529921359427,5.942271484789023,-1.144741563429596
2022-08-22,176.70392568549602,179.65530959862295,177.62941913247676,178.22418961701862,7696,174.51713827311855,158.07835763513094,54.72411435429353,4.795491439251947,5.7129154756816085,-0.9174240364296615
2022-08-23,188.6313123164077,192.9239129955747,188.25045049711852,189.88547586325834,1614,175.41352680174154,158.975021938813,57.612123951396384,5.669489919474614,5.70423036444021,-0.03474044496559614
2022-08-24,192.48051215607862,193.18956741375587,191.85570538144395,192.4044202539176,5570,176.29999059097275,159.9227032613937,67.65298532761128,6.490578424664875,5.861499976485144,0.6290784481797314
2022-08-25,184.25697727743452,186.91186357625202,181.56874807762304,184.8596078551655,1270,176.93886823188868,160.69044201796166,56.5775427919297,6.458049302338964,5.980809841655908,0.4772394606830552
2022-08-26,186.8641487713405,188.3648423782601,184.35885560649845,185.64305054502128,3468,177.65329108908668,161.4766505398842,63.7410630565851,6.421464372045477,6.068940747733823,0.3525236243116545
2022-08-27,183.0403850471888,185.55186830933133,182.72751263293145,183.2937427363449,4607,178.15727857354074,162.26358185509667,62.68917828307234,6.13221271403458,6.081595140993975,0.0506175730406051
2022-08-28,189.35059530802326,191.0226726416045,190.21016633846688,190.30702408761405,4075,178.9933982303739,163.31690064387865,64.93407958378627,6.395172318098361,6.144310576414853,0.25086174168350794
2022-08-29,187.8471178125901,188.74007807309349,184.98739342045172,187.40803956689905,1289,179.26878790564962,164.33534930519625,58.683085862787884,6.297057318853746,6.1748599249026315,0.12219739395111429
2022-08-30,187.8456391284485,190.00450444993714,184.6890628625968,187.07199460043478,9120,179.8563853665954,165.29853114148838,62.79133383141125,6.121618250111055,6.164211589944316,-0.04259333983326119
2022-08-31,187.80643910456197,191.16115835749446,187.7775269333016,189.06545657864723,7614,180.4180666085859,166.28826511996013,67.48006493970477,6.073426564883874,6.146054584932228,-0.072628020048354
2022-09-01,191.1844331273763,192.4839891245331,192.18781995535167,192.4638588924734,4252,181.4275786047096,167.35826415825773,68.11436970280927,6.237554328673411,6.1643545336804655,0.07319979499294593
2022-09-02,186.25052735970291,190.85378621575833,186.4524301741298,187.99257398069423,8415,182.290177834943,168.32779963954184,65.40578504523603,5.938377520119559,6.119159130968285,-0.1807816108487259
2022-09-03,187.71584102108648,186.96443564823346,185.66957869376856,186.83248948122466,7771,182.9024417406082,169.19430831269653,63.36032189812018,5.543763564512915,6.004080017677212,-0.4603164531642969
2022-09-04,185.76534047559866,187.9203262711555,182.65124752552106,185.15874366477755,1278,183.2387573377293,170.0762219004313,58.40700620653987,5.037898108927749,5.81084363592732,-0.7729455269995711
2022-09-05,186.44558649802588,187.29564916581916,184.2801896895567,186.54023374537678,1580,183.83002753973085,170.9756626401203,58.453914974366874,4.694357167432457,5.587546342228348,-0.8931891747958902
2022-09-06,198.60458890993146,201.0263977915721,195.8085587681106,197.24685811562313,5958,185.07640652375161,172.08452006105068,57.63155263227917,5.225793904714379,5.515195854725555,-0.2894019500111753
2022-09-07,200.16668759443075,200.41446283266438,198.0834271482311,198.9504234670179,9445,186.285688474117,173.29015816253082,56.90295020424778,5.718505463041254,5.555857776388695,0.16264768665255858
2022-09-08,194.42444269772705,195.36221229471184,190.25768937306418,194.09310881898637,5276,187.3745124856135,174.3773362665362,60.32205790127393,5.651886792223138,5.575063579555584,0.07682321266755388
2022-09-09,199.24468824240404,198.37686129119598,195.99197569567335,197.7878962062858,8997,188.60636790998643,175.50547591782805,62.74691295142171,5.83002458481721,5.62605578060791,0.20396880420929975
2022-09-10,205.25185772368303,207.7284775346843,203.62442470087757,206.4665366554926,5776,190.0847862366137,176.68542428052632,71.46912735731011,6.59546540305621,5.81993770509757,0.7755276979586396
2022-09-11,209.2428980406553,214.577019588755,210.28686799067873,210.8796632400851,1824,191.717559917767,177.88930770931597,70.02493402666522,7.4720520348855075,6.150360571055158,1.3216914638303496
2022-09-12,203.727763829218,208.74867242024075,202.68255650368985,204.67027202209823,4832,192.456799725709,179.04944140599554,65.78536489900378,7.578348791323947,6.435958215108916,1.142390576215031
2022-09-13,201.00259995429283,204.29290366349406,202.68735881500749,202.79904722607264,9891,192.97653107431674,180.22521601645613,63.98876792258403,7.425995282966539,6.633965628680441,0.7920296542860985
2022-09-14,208.23702890284616,209.9744796928445,206.00351881393834,208.107296778563,6445,194.13891552048662,181.47587875598697,65.994038064775,7.645453378520898,6.836263178648533,0.809190199872365
2022-09-15,207.07781007522567,208.2498460828787,201.32726520437092,205.28523602338714,2380,195.12102479440495,182.63855731170352,60.874496378643805,7.50514415236259,6.970039373391345,0.5351047789712444
2022-09-16,205.30998588449927,210.89185666795305,205.6268228714533,207.2191224293812,7534,196.31729377905674,183.8079538187881,67.04052455246497,7.46395670382941,7.068822839478958,0.39513386435045206
2022-09-17,205.8572505910718,209.885170616806,207.263152160266,207.42492706154684,4156,197.1731889277534,184.74155978563357,68.56515528065326,7.363045463198915,7.12766736422295,0.23537809897596507
2022-09-18,207.63347601415902,209.4596002959799,207.70349542293485,207.83216760546904,5307,198.19439532968187,185.57904308928013,70.91898746536828,7.232561025032652,7.148646096384891,0.0839149286477614
2022-09-19,209.49092638207867,209.40264548616184,206.07709817511707,207.6887075495108,6634,199.2252309771357,186.3862903252222,69.96820257155308,7.036463172717305,7.126209511651374,-0.08974633893406914
2022-09-20,197.953342567312,201.44804116294642,198.04799142888817,198.68387893093183,9575,199.70615209474994,186.94727017434568,51.40187357381107,6.084303732837526,6.917828355888605,-0.8335246230510789
2022-09-21,194.7802395610315,194.76459495247263,194.66110230600523,194.75205968316192,6810,199.82056213428433,187.3831335825567,46.074962842913834,4.955323676325122,6.525327419975909,-1.570003743650787
2022-09-22,195.97068174481268,200.23497155262905,194.7927333115981,197.7840734915345,9533,200.31013710982634,187.89966094657143,53.57260193703643,4.256194264325757,6.071500788845879,-1.815306524520122
2022-09-23,195.51991651685748,198.30473999333591,195.09906717768433,196.90477457168066,6934,200.81375136434914,188.34425354861912,49.09592267735927,3.589796158590616,5.575159862794827,-1.985363704204211
2022-09-24,205.52218943714846,206.77424143385898,202.3637392346438,203.54120381634172,4109,201.73287437192738,188.97343652420903,46.87456655952601,3.5561817857672224,5.171364247389306,-1.6151824616220836
2022-09-25,199.74169481776897,198.2688064022235,194.33820535387696,197.90074805855468,5082,202.30090008758626,189.5043596173589,36.48766191141208,3.0393685638654233,4.74496511068453,-1.7055965468191063
2022-09-26,194.32153803291246,198.5736630449285,195.808915312434,196.2647950969646,4240,202.2517969366533,189.96537565835294,40.32802100784827,2.4693178709794097,4.2898356627435055,-1.8205177917640958
2022-09-27,198.65610368609055,198.77092674569477,193.11310594239265,196.87707602156632,7028,202.14812956438075,190.4312245597652,42.982412331918745,2.04339950591185,3.840548431377175,-1.7971489254653248
2022-09-28,203.3001696728105,205.3405282105317,201.46302945193239,202.7360770641281,2849,202.58027797663783,190.84794117982008,43.71706818669168,2.153800875639746,3.5031989202296896,-1.3493980445899436
2022-09-29,198.54568054632173,197.3510274981935,193.59337542164405,197.09538062040903,9497,202.545652197344,191.28344788459788,41.01263624406545,1.765782849282175,3.155715706040187,-1.389932856758012
2022-09-30,201.65240328836592,204.1763267809544,199.40120423241905,201.8351050081824,3749,202.3140806149785,191.76351334998483,44.434434567870476,1.819754912564747,2.888523547345099,-1.0687686347803522
2022-10-01,206.12186784552395,208.37155751093695,202.6506076491229,206.05759424294828,7680,202.07297716512167,192.4391928554438,48.69493673989209,2.1781395174818385,2.746446741372447,-0.5683072238906086
2022-10-02,199.09905149932592,201.37651009443113,195.2242781165223,199.1434741144438,1205,201.79663726973894,193.00725055021212,42.62326862585137,1.882549331396774,2.573667259377313,-0.6911179279805388
2022-10-03,201.76412935083064,203.5201677894497,199.933098149966,201.093024585926,8352,201.71133613773162,193.53736681457224,44.56686289775061,1.7850277208626437,2.4159393516743792,-0.6309116308117355
2022-10-04,200.54040210158507,204.72906235910963,198.1132695290486,201.9961835271455,5591,201.40578047516073,194.00864185066806,53.14875860845605,1.7603265715002863,2.2848167956395606,-0.5244902241392744
2022-10-05,197.8085164659081,202.9005625221749,198.13018817116742,199.6856672121805,4450,201.12580203460038,194.50805860080476,54.839176935389624,1.5365984256892773,2.135173121649504,-0.5985746959602265
2022-10-06,199.29611018652582,201.14427042127966,198.52209272453328,200.06463872342874,8214,200.76807784930276,195.06296580656917,52.359727174766434,1.3740330938207421,1.9829451160837517,-0.6089120222630096
2022-10-07,196.4719150657658,198.8996770664045,194.3388365152883,195.67091362882732,4811,200.1803771776668,195.48108838995148,48.8098662942262,0.8805120075302852,1.7624584943730586,-0.8819464868427733
2022-10-08,195.043732508887,198.16903373522126,194.08910925607606,196.21374150238654,6141,199.5994558725127,195.95903064821812,41.99070147103823,0.5271183713469441,1.5153904697678358,-0.9882720984208917
2022-10-09,199.61885896113014,199.2354269781094,198.31556678218917,198.92884468927065,9501,199.16146272950067,196.47459178762696,51.20053924169548,0.46082539640951836,1.3044774550961724,-0.843652058686654
2022-10-10,207.3735766753492,205.68335327985025,203.1676554782787,205.44277597105886,3708,199.499407581507,197.0454839045892,59.621312311288285,0.9232647303030603,1.22823491013755,-0.3049701798344897
2022-10-11,198.8908285735764,201.85987027308116,198.3469976695041,200.5194446322859,2991,199.78777682896322,197.49138900489456,53.50179619839689,0.8823088340462846,1.159049694919297,-0.2767408608730124
2022-10-12,210.08621371957344,212.6500573942603,206.17319377949707,209.3634821097508,9463,200.36674725987402,197.88094912982436,56.02577002885932,1.5456733427705558,1.236374424489549,0.30929891828100686
2022-10-13,205.28607730024422,208.42609660621295,202.09069383386574,205.51728334258704,4273,200.79737269841934,198.14320639159777,57.91566640752408,1.7409695850711557,1.3372934566058703,0.40367612846528544
2022-10-14,206.50617271144105,208.23008402216766,203.19103147239278,204.99681293436387,5538,200.87015315432046,198.54595049318175,53.22765327012037,1.8326203453621304,1.4363588343571223,0.39626151100500806
2022-10-15,206.186858069239,209.67380433727485,206.27201447988492,207.52685987737368,9712,201.3514587452614,198.9836266798288,51.55359509501511,2.08536904081177,1.5661608756480518,0.5192081651637181
2022-10-16,209.60519363608415,210.63906256014806,207.7177980358896,208.80078463675963,4722,201.97825822225116,199.4937675178371,61.59458075954758,2.361250261177048,1.7251787527538511,0.6360715084231969
2022-10-17,204.62236684373627,203.84733055964745,202.45680422150934,203.24794210741564,4551,202.29680152654362,199.7525858782331,52.381172407686215,2.107525884351162,1.8016481790733134,0.3058777052778485
2022-10-18,208.4328984141291,207.95185472010408,206.35759494109746,206.5957898966983,3832,202.4897871681721,200.1363408848291,54.822019585328306,2.151786371346617,1.8716758175279742,0.2801105538186428
2022-10-19,205.42118259975746,206.44769536675216,203.26928730173728,204.67107119486965,6679,202.86857169689517,200.4883224167178,55.26909437796044,2.0084027952416363,1.8990212130707067,0.10938158217092964
2022-10-20,202.36244227019293,202.73248559921558,201.28005588340892,202.37387734943377,7579,202.89551031395774,200.7544908321335,52.34553817495332,1.689925523782847,1.8572020752131349,-0.16727655143028786
2022-10-21,206.43035221714425,206.85362969147909,201.9643757041668,205.9449513341821,1152,202.8898781685194,201.0241126809677,60.61289713421937,1.7060198822633197,1.826965636623172,-0.12094575435985222
2022-10-22,209.05559699490067,210.00738846700287,205.20969636542873,207.5244608348361,6754,203.30892750453904,201.41475041805055,61.43878094303163,1.8251883582501875,1.8266101809485753,-0.0014218226983877535
2022-10-23,202.0069743080167,204.69009359140682,200.3210342804533,201.72210337580037,3800,203.34038144403274,201.71254269594206,52.658854405367286,1.4348879839208166,1.7482657415430238,-0.3133777576222072
2022-10-24,203.55706385959562,209.5900011562317,203.10147991234885,205.4870514279013,6310,203.51492483907055,202.11910885120452,50.044472468493474,1.413082828885365,1.681229159011492,-0.2681463301261271
2022-10-25,208.64016193735682,210.71768999602472,206.28138759334414,206.8572645708974,3610,203.87350470700636,202.52544946771494,56.855346000227414,1.4892002620865128,1.6428233796264964,-0.1536231175399836
2022-10-26,211.15017785760287,213.05613623518227,208.48471092715525,210.35282809601608,2104,204.38791417563576,202.78756886732282,51.21015262722348,1.8107138569164078,1.676401475084479,0.13431238183192895
2022-10-27,213.87738476995685,214.92056627299613,210.45567272460937,213.1249964755237,8361,205.26061831797057,203.07106032749292,59.556737251324975,2.2631186938872645,1.7937449188450363,0.4693737750422282
2022-10-28,208.53277114646062,212.39382455851114,207.67468823470077,209.72537384560027,5199,205.93619993513124,203.3837056280252,55.53928758027595,2.3205814339259803,1.899112221861225,0.4214692120647552
2022-10-29,212.3568218269255,215.01035102594656,209.9831470221269,211.68415110913,4854,206.5739652561242,203.66163072608208,54.936138741574986,2.495412462854091,2.0183722700597984,0.47704019279429266
2022-10-30,214.5228403564659,215.4879755595508,210.70604499741793,214.97917921562654,8263,207.0507854183526,203.83188357728474,56.999924647945946,2.8668018363176486,2.1880581833113686,0.67874365300628
2022-10-31,218.38699215135506,219.5133967800225,213.89504659688677,217.72843775479006,2914,207.91123507447782,203.96885906757888,67.51887003897774,3.3444203817700213,2.4193306230030993,0.925089758766922
2022-11-01,216.0330271520622,221.40356183840112,215.03139864493667,217.74628527711343,8365,208.33037523284597,204.23037933267918,64.67236831355834,3.6819336270617384,2.6718512238148273,1.0100824032469111
2022-11-02,219.05635756790923,220.04332243011214,215.88032902560786,218.3669934759002,4072,208.9728607395116,204.54173825767572,68.66220832995297,3.9539229077255413,2.9282655605969703,1.025657347128571
2022-11-03,226.36961387471095,226.6944179020604,221.3487483492518,224.13093259258065,1406,209.92956672242244,204.86221097395605,77.08728229980824,4.581762382992508,3.258964925076078,1.32279745791643
2022-11-04,219.6031699265199,224.2106032492973,220.71330668252082,221.60554426695117,1166,210.63350094190133,205.1886171388273,70.01848511578268,4.819990112476319,3.5711699625561266,1.248820149920192
2022-11-05,230.866392041351,229.52768565771783,226.8767172885952,228.68395049095045,1508,211.6276592346109,205.61791370005875,73.71383673220268,5.5163662931889235,3.960209228682686,1.5561570645062375
2022-11-06,227.4506955906151,229.5258502433623,227.69512569823502,227.87496248978258,2661,212.8590102537292,206.02691440862344,83.00390384776432,5.934560938461033,4.355079570638356,1.5794813678226767
2022-11-07,228.68171749901555,228.51717916691246,224.83954307958857,226.99850789851985,4664,213.87914615382027,206.41024121448444,79.28133991653473,6.124659386155145,4.708995533741714,1.4156638524134308
2022-11-08,233.469349397339,232.27982296240148,229.63683529303515,232.158187355052,4489,215.2535019618294,206.8996308105953,81.21887987166916,6.615398589443345,5.09027614488204,1.5251224445613047
2022-11-09,236.45708581297748,236.25483378078573,235.0649615388785,236.1405806373468,1680,216.94183712622507,207.6487648447236,81.44183785743212,7.242175508106413,5.520656017526915,1.7215194905794986
2022-11-10,237.6871111392169,240.49387301529762,231.99797184577338,236.55896517546887,3524,218.4725378182894,208.48490295456975,80.31178889782304,7.684083535648654,5.953341521151263,1.730742014497391
2022-11-11,249.7221444136881,249.19946348262948,243.337782552908,247.8458740113356,3120,220.48860847711438,209.48613896496576,90.9526529560612,8.843120062246385,6.531297229370288,2.3118228328760972
2022-11-12,247.59841028817172,250.64445380109402,244.49111674238904,248.07401619615774,6260,222.80620411813226,210.5095237974553,90.60324160504129,9.668620192560894,7.158761822008409,2.509858370552485
2022-11-13,250.73607185504062,253.10968904656843,248.92239287975852,251.6064633449412,5357,225.11217471398422,211.47082898802728,90.65276483651589,10.486986503763717,7.824406758359471,2.662579745404246
2022-11-14,251.01360505238807,254.88174094500903,245.82215979131726,250.17505137551677,2363,227.2780640542152,212.51631505436654,87.09787093063602,10.89446016308517,8.438417439304612,2.456042723780559
2022-11-15,253.47932153226378,253.2347033468396,251.26991968077175,251.92821992895156,3292,229.35683364586197,213.62958355100628,87.59030767208182,11.229406417094424,8.996615234862574,2.23279118223185
2022-11-16,252.7177709507069,253.55931242184167,247.42433896637365,251.3990065046314,2538,231.27053414731736,214.72002216066758,86.39897206864879,11.32164179687561,9.461620547265182,1.860021249610428
2022-11-17,253.51420782420087,256.4119386847051,251.3840189895448,252.01314871660793,4408,233.3849228908677,215.70556359371716,84.65770898951497,11.31387582590034,9.832071602992213,1.481804222908126
2022-11-18,254.82963906312335,259.45489608916944,251.10537825556975,255.15836818865245,8742,235.5586337448439,216.86682334508205,91.07339560221678,11.429759016485605,10.151609085690893,1.2781499307947115
2022-11-19,252.73880300832667,252.0771292641129,249.75723182593063,251.14237024045246,9752,237.36679329608515,217.85296864972742,79.72062339306454,11.069932517327203,10.335273772018155,0.7346587453090478
2022-11-20,265.2686064585299,271.58987541066523,262.61005293671815,267.2989609561296,2903,239.84531945615214,219.07779598399105,87.10134005957234,11.950708935279039,10.658360804670334,1.2923481306087048
2022-11-21,262.33879383580063,264.50744378860287,257.15680306725386,262.1055770219563,1174,242.06328404339428,220.33703804214133,80.55600639506763,12.090298476700127,10.944748339076293,1.1455501376238342
2022-11-22,253.41529115904393,258.4175377055769,255.18359330027477,255.94526577899947,3230,243.94219765854928,221.4340828660028,70.34902325598449,11.570461482914368,11.069890967843909,0.5005705150704589
2022-11-23,266.4299565029153,268.08172443201397,264.89386643115523,267.36795907596667,5287,246.10404898271855,222.74151837697917,73.69731294276878,11.942536676909668,11.244420109657062,0.6981165672526064
2022-11-24,271.0449692345911,272.20890912931156,266.4387317456812,271.7708063615568,5160,248.61231208744886,224.1832211599667,75.19721790393982,12.449175581860061,11.485371204097662,0.9638043777623988
2022-11-25,274.750325660407,279.3303993638012,272.6601901241192,275.3220445970299,8106,250.9442167927528,225.68836927743877,72.10941600993264,12.987533607863384,11.785803684850807,1.2017299230125769
2022-11-26,280.0337457519683,281.71295040417886,274.12564532121684,278.94326055266447,4171,253.49763169589693,227.35381621591551,73.5535634274962,13.550189931160276,12.1386809341127,1.4115089970475747
2022-11-27,278.3925402318039,281.4521710547441,275.72912650043594,279.01441816246336,2567,256.0984272090941,229.00982974911702,72.07876318610066,13.842275806534616,12.479399908597085,1.3628758979375313
2022-11-28,279.4411502284394,283.80946731141773,277.62837993338684,279.72818702697384,2151,258.47692719269014,230.6258165958711,74.08531265874852,13.97031011054625,12.777581948986919,1.192728161559332
2022-11-29,284.4539904705016,290.33304669009385,284.3205770983511,285.9550018412833,8619,260.967648252887,232.23606111327558,75.84655621984356,14.40814204206103,13.103693967601743,1.3044480744592875
2022-11-30,281.5339503229226,283.146477380863,281.10225046261854,282.2494425460492,7033,263.252172121416,233.8706610715508,72.35508360236099,14.29137723502896,13.341230621087188,0.9501466139417722
2022-12-01,286.38128420795243,291.4662594789787,283.56472357598966,287.9519490558787,9560,265.2574758736431,235.44243041047343,74.2537031841261,14.491930942724991,13.57137068541475,0.9205602573102407
2022-12-02,284.7978847871172,288.02748198124306,285.029198891198,287.24987312202677,5946,267.21626871993664,237.0770822060622,72.39582986569185,14.427903648416304,13.742677278015062,0.6852263704012422
2022-12-03,283.2725095479228,286.9357257281986,279.797011737035,282.68763678009867,9234,268.7703273916945,238.63089868297692,71.84805223537667,13.8493801780387,13.764017858019791,0.08536232001890909
2022-12-04,281.9623140207907,284.70921127810055,278.24986561708,281.01690123283805,2907,270.31241988456054,240.1006995100862,61.88594838609893,13.105015305134714,13.632217347442777,-0.5272020423080637
2022-12-05,279.9358302483668,284.6114779324522,276.0441164219962,279.268432615511,4490,271.6794305188885,241.51005246966122,65.81490985036417,12.232999571361802,13.352373792226583,-1.1193742208647812
2022-12-06,276.0738953064725,276.6566377722509,271.4928523443788,276.2756094123961,3535,272.9232606642767,242.97060581576082,69.89498505331312,11.171645227315594,12.916228079244386,-1.7445828519287918
2022-12-07,267.2133398621118,268.1629956200517,262.6033803612983,267.8573450973947,5173,273.7154704833161,244.19583691977473,50.5088261040595,9.541245152267152,12.24123149384894,-2.6999863415817877
2022-12-08,271.25753588781805,270.8204794351918,267.1053628003981,269.3006163722486,2293,274.4225828924959,245.48842782332235,47.26325889983073,8.270266788872618,11.447038552853677,-3.1767717639810584
2022-12-09,270.8619233030577,272.1757734072298,266.2774349908076,270.758592157471,5769,275.40339398834686,246.85612211948308,44.69820643529842,7.296543725901813,10.616939587463303,-3.32039586156149
2022-12-10,268.04967220183215,269.4859277448904,264.06098878645986,268.16132450720346,5796,275.4465121659005,248.1004495829435,37.168310883168566,6.243314348613808,9.742214539693403,-3.4989001910795956
2022-12-11,268.5764334986923,276.0634638486071,268.0386313216448,271.148865815637,7871,275.89867660558457,249.3729376825595,41.24674689956173,5.585308139176448,8.910833259590012,-3.3255251204135643
2022-12-12,277.16940636217197,279.43997185521846,272.7356133994059,278.05223428670024,3972,277.00402503096956,250.89954030077752,48.36073111609824,5.556822033871015,8.240031014446213,-2.6832089805751984
2022-12-13,275.04874582193617,277.2089513816481,274.6039155843404,275.7093696304064,4922,277.42109555869155,252.30398666482765,39.15460873961214,5.28428306671799,7.648881424900569,-2.3645983581825796
2022-12-14,267.6479325422262,272.2638981219558,267.60455543719075,268.190628181204,5997,277.242086649674,253.53065393703375,36.22984689362567,4.410749993180616,7.001255138556579,-2.590505145375963
2022-12-15,264.92090391774144,266.8758921782261,259.9793931158697,264.49679722001804,8032,276.7008242808233,254.6135333195138,26.08543283502648,3.3814284487114037,6.277289800587544,-2.8958613518761407
2022-12-16,269.00555355947375,273.0008721348103,266.4638015222582,268.8248895412306,1992,276.19490573025166,255.72753118082792,32.507533478044664,2.8817060739822296,5.598173055266481,-2.7164669812842517
2022-12-17,271.22103810548407,270.99078592967743,266.0525541569782,270.63697594542947,9112,275.7760336194,256.9457632228245,37.92889843624969,2.6018996408515704,4.998918372383499,-2.3970187315319285
2022-12-18,280.3585043862949,281.60057343223986,273.89976643271575,278.88108575475235,6287,275.7336785557889,258.28970191573694,48.10951991933197,3.0106765838336287,4.601270014673525,-1.5905934308398963
2022-12-19,285.6247457899966,284.0387616771945,283.4933694706965,283.8479386547387,3240,275.62832539646166,259.6670771045192,53.83497671730446,3.6928499005981053,4.419585991858441,-0.726736091260336
2022-12-20,280.0849277216416,279.21781510550693,273.9409675051963,278.8683751645779,2476,275.4592720273881,260.88987585271497,52.10131687294485,3.7880022788982046,4.293269249266394,-0.5052669703681891
2022-12-21,277.25254250767256,279.7303085980866,272.2859366244023,274.74944485602487,7426,274.79914681739535,262.02993904429314,56.004146864334984,3.4908081087485243,4.13277702116282,-0.6419689124142955
2022-12-22,266.8340465823028,270.18043732923553,266.6795819200325,269.4300994454848,1389,273.9081581335683,263.0512011636849,50.10566498016914,2.7938471380326177,3.8649910445367794,-1.0711439065041617
2022-12-23,273.23594704555114,277.835952696088,271.4634985286627,274.9086120799492,1999,273.5192068985608,264.06675475343224,53.178089684729244,2.6529887285340124,3.622590581336226,-0.9696018528022137
2022-12-24,266.73828929071846,271.606369238278,264.40026518461184,269.3914563763873,2855,272.9379346557383,265.022472995621,50.90171082700688,2.0722811011095814,3.3125286852908973,-1.2402475841813159
2022-12-25,272.0715475621359,273.1559204625513,271.1677210113568,271.2714340183326,9125,272.5380847258794,265.87422266616863,50.09132781941784,1.743664725121846,2.998755893257087,-1.255091168135241
2022-12-26,269.0788326265932,271.7579950717146,264.4078151940149,266.95371792876466,9850,272.07199015169783,266.65579777494827,41.39886989621561,1.1218977370733683,2.6233842620203434,-1.501486524946975
2022-12-27,264.494028120455,265.97401213814476,262.20124588444355,265.85797365724375,3763,271.97202157969025,267.4329870901227,42.21487805935903,0.5345634001383246,2.2056200896439395,-1.671056689505615
2022-12-28,276.6135584718417,277.9122603037975,270.3067412814465,274.27109383768646,4663,272.22054545296214,268.2752452197754,54.73814544026255,0.7394413739123706,1.9123843464976258,-1.1729429725852552
2022-12-29,271.4039372450989,279.08779821334423,270.0195446541893,273.812018716303,5986,272.37321678090376,269.02867398135453,57.64416407298809,0.8549102454037438,1.7008895262788495,-0.8459792808751057
2022-12-30,278.55826098855636,279.2527018045478,275.4162855351737,276.1587944004219,2481,272.77309027556464,269.8206705658536,56.22055432046432,1.122841920144083,1.5852800050518963,-0.46243808490781335
2022-12-31,275.1474027281252,281.1369750505523,274.31388349526844,275.9663456236439,8256,273.013964265965,270.38307999809973,54.64803082650566,1.3046119404381784,1.5291463921291528,-0.2245344516909744
2023-01-01,267.66895818340663,270.1018538886594,267.88407824351384,269.81984962604474,4731,272.60234503293225,270.8179966666975,41.79707143059775,0.9418382079206253,1.4116847552874474,-0.4698465473668221
2023-01-02,267.0547670996483,269.3676959789374,262.83245848212715,267.1302487092959,8262,272.1733889868767,271.1284723739846,34.215031895086284,0.43232551577540335,1.2158129073850388,-0.7834873916096354
2023-01-03,266.03074150377705,268.72213128654886,265.84074154454197,267.33116557671394,1451,272.1304158566522,271.47159465800854,38.02593226179639,0.04423542997676577,0.9814974119033841,-0.9372619819266184
2023-01-04,272.22526611622186,277.397740166613,272.24944648630816,273.4015879203882,4093,272.5756553916707,271.90106201783726,48.65556619824572,0.22392235393209603,0.8299824003091266,-0.6060600463770306
2023-01-05,273.7238877513099,280.17583072763557,269.5211484689832,274.7829564146765,1882,272.873558735343,272.3687410160382,55.79447340472815,0.4723455234821472,0.7584550249437307,-0.28610950146158354
2023-01-06,276.7221590838825,276.46638067438437,275.0064243629722,275.05518221301,5408,273.0944690487221,272.8295816859663,50.17881801735322,0.6833122240111038,0.7434264647572054,-0.06011424074610161
2023-01-07,283.7843517563843,287.2722431048135,277.90337184573326,283.5622585551455,5068,273.3285276887417,273.3976594932961,66.11308485966865,1.5194396636955503,0.8986291045448744,0.6208105591506758
2023-01-08,290.9564481249044,293.2157549058367,288.10520237270435,292.0586324316018,4277,273.7390623775849,274.21598473711913,70.54502972640223,2.8349831275109523,1.28589990913809,1.5490832183728622
2023-01-09,298.5221812643279,301.23273074211943,292.92945172364904,297.86489005961255,9566,274.6888881223366,274.82730331918873,79.67781992583795,4.29654932017047,1.8880297913445663,2.408519528825904
2023-01-10,312.47277328313,314.01460930740825,309.2944782860433,311.1277637649829,8951,276.5078040677845,275.80774705404923,85.23213304341509,6.450694532281716,2.8005627395319967,3.650131792749719
2023-01-11,305.1485786526471,312.501807764505,306.45482234921826,306.5425871942676,5690,278.3634284552236,276.81969348235464,76.70725647259339,7.69913388049099,3.780276967723796,3.918856912767194
2023-01-12,311.55397285553335,315.8919374798445,307.4879013632552,312.09358827782927,5595,280.2226772651176,277.7142060663919,79.21855113842247,9.032331360762498,4.830687846331537,4.201643514430962
2023-01-13,311.02675214388375,315.5874286902754,308.16838145989055,313.3967454994091,5559,282.4229417212687,278.5467248491489,78.88212407548784,10.0778823118618,5.880126739437589,4.19775557242421
2023-01-14,325.50198860721264,328.33857607575936,322.73957399988694,327.5910409370001,8291,285.2389220672021,279.5921047759483,82.8956987725202,11.91450696872056,7.0870027852941835,4.827504183426376
2023-01-15,330.2057187797568,330.0091591218894,328.07391826348015,329.01391290316394,9160,288.34193181592207,280.5935178229583,90.1350412959129,13.331185509500813,8.33583933013551,4.995346179365303
2023-01-16,321.6339139319196,325.15494317206293,318.8186222436443,323.6962582292446,1112,291.2338460445221,281.48715462429396,87.03337116484845,13.86499612433505,9.44167068897542,4.423325435359631
2023-01-17,320.160006025227,321.6051423096591,315.07787106708344,319.9989608927069,6131,293.5202393972731,282.2925701016086,82.97175383754218,13.830277062109985,10.319391963602333,3.510885098507652
2023-01-18,308.12700243277567,312.06424069655384,302.80272457904437,306.8441101496092,4197,295.1718439689384,282.71035226777514,69.23034391407126,12.596075719753685,10.774728714832603,1.8213470049210816
2023-01-19,307.4865049658051,313.40198468991855,305.17452169355164,309.92326471438594,1139,296.86006748463666,283.26382871114185,69.81962915025566,11.731194397208867,10.966021851307858,0.7651725459010095
2023-01-20,305.81716379730625,308.602947291458,300.23902278689474,305.406012665296,2424,298.33205083671925,283.6129099833302,66.33604319826333,10.559541409564417,10.884725762959171,-0.3251843533947536
2023-01-21,304.987051279092,307.18270573085647,302.7180820342857,306.47922024368194,3949,300.1650193676011,283.99749692576336,63.40778125334068,9.606855013422887,10.629151613051913,-1.0222965996290263
2023-01-22,317.8886027668487,320.39082440894333,314.4142579927466,314.9724188142942,4168,302.557127872851,284.6431925664472,63.406421624665676,9.428488577481403,10.389019005937813,-0.9605304284564102
2023-01-23,327.0716798239499,331.90914859873214,323.9885153170096,327.1793503162709,9708,305.54953710982886,285.56644154811585,65.9562399047397,10.155067944608163,10.342228793671884,-0.1871608490637211
2023-01-24,335.66652096380324,334.076303835567,333.1066721243071,333.6247869790848,7043,308.5606970627637,286.65356863538733,63.227087320926,11.122763901133112,10.498335815164129,0.624428085968983
2023-01-25,330.2939193486049,334.63364210429427,327.272983841756,329.96246187857435,7989,311.31967233595856,287.7273056847109,63.92074112123107,11.462023814596137,10.691073415050532,0.7709503995456046
2023-01-26,327.77811582721415,334.3949251201636,328.10548087768944,330.7988883586162,8236,314.10685764323887,288.98613654993534,61.77855396020276,11.66392786697537,10.8856443054355,0.7782835615398707
2023-01-27,335.126634573136,334.78286539367537,333.79529537989475,334.23655343586023,7261,316.64057238727463,290.2848552912076,62.77911086333815,11.963422240477428,11.101199892443885,0.8622223480335425
2023-01-28,335.26855904462604,335.314394193934,329.95077027948713,332.2688139817777,1887,318.65108146478343,291.5150597276937,53.37443173704531,11.904762864513998,11.261912486857907,0.6428503776560905
2023-01-29,345.538362401485,348.1804007426502,344.0720446414148,344.83757093673063,4104,320.99971550863927,293.0485846562843,59.833502162702125,12.725773733148458,11.554684736116018,1.1710889970324398
2023-01-30,350.2074828166774,349.13976205656337,342.3609265749395,347.9860176154942,1049,322.84262820116487,294.58532769228145,65.51294304016179,13.475150943824417,11.938777977657699,1.5363729661667183
2023-01-31,354.5798414698487,358.5313502094127,345.20660787096944,351.87598094631596,4951,325.10929788876734,296.0618026254737,70.30865812415044,14.219017332495639,12.394825848625288,1.8241914838703508
2023-02-01,333.30662081869315,340.82622006535894,334.6444816943053,335.1291889282922,4560,326.26107792129045,297.25019901143145,67.2315967248762,13.303852121811644,12.57663110326256,0.7272210185490842
2023-02-02,342.51580162746603,349.1093729787178,337.9190714161782,344.4998115954572,1018,327.8162312260929,298.7763826797165,69.56466880416342,13.182745549889376,12.697853992587923,0.4848915573014523
2023-02-03,351.6090506186461,354.0740868391404,347.1636261288623,350.8303406561471,5821,328.9781962120502,300.5030535484391,75.1859141197705,13.442630234280102,12.84680924092636,0.5958209933537422
2023-02-04,359.1636223521352,362.7669650613425,357.64817057174145,359.80386836689655,7340,330.51769398523686,302.32263312495235,77.18471609515424,14.2088881920331,13.119225031147709,1.089663160885392
2023-02-05,351.0556467984352,353.22525313490405,348.1495383733481,348.6855522766841,9058,331.7671586876088,303.8836046515775,66.73881273423848,13.76037689598752,13.247455404115673,0.5129214918718468
2023-02-06,347.4607287081891,348.46318516986764,341.25161253015574,344.7029457282946,3606,333.0023579293882,305.20004185104835,59.47434891294051,12.93446493772143,13.184857310836826,-0.2503923731153961
2023-02-07,350.8476260402411,352.31743754840625,346.2877157021488,351.8791853530638,8846,335.25411168956094,306.56066678501486,59.79208606106813,12.712445169115938,13.090374882492648,-0.37792971337671055
2023-02-08,345.3129198891968,350.6979748529904,342.2306169866043,347.1397737818557,9643,337.1149371429344,307.92609475736043,59.10905216033673,12.015554169011125,12.875410739796346,-0.8598565707852206
2023-02-09,353.1246199719817,356.81790883508535,350.80172246888293,351.15446423180555,7432,339.4023597212599,309.454195144876,60.442472532142865,11.652887761300917,12.630906144097262,-0.9780183827963445
2023-02-10,354.13179355893857,359.001321003889,355.21530325215355,355.733976447869,4765,341.86509753146925,311.1802726849237,60.90053918910959,11.60126818547269,12.424978552372348,-0.8237103668996575
2023-02-11,350.64080266115735,348.7548981066805,345.5857084807051,348.3928720811278,3438,343.5361201948109,312.6499578849473,57.75340333443272,10.843002150249276,12.108583271947735,-1.2655811216984585
2023-02-12,354.05660333467233,360.1736926014238,352.50326263634275,354.5974477470099,7358,344.9070250663479,314.3540777123597,54.99910005348506,10.620304003118974,11.810927418181983,-1.1906234150630084
2023-02-13,356.821088891613,357.061593092445,353.97652173635953,355.62937557037486,9319,346.0072544959124,316.04123654340054,54.00176567002349,10.407115321013237,11.530164998748234,-1.123049677734997
2023-02-14,356.578957784257,361.3463696595974,357.4666043157692,359.486953339517,6941,347.4834790689595,317.8919012516156,53.986161619520104,10.429214548001482,11.309974908598884,-0.8807603605974013
2023-02-15,365.72595871167533,366.0239967908153,358.9596587612585,364.8222260208364,8644,349.1846459520705,319.8711862988875,67.66266975918474,10.753283107279799,11.198636548335067,-0.44535344105526775
2023-02-16,356.5420656489646,359.24331965982515,350.25375889139406,356.8863347760288,5855,350.317135019079,321.5234911176543,57.495973040632904,10.251575889381797,11.009224416544415,-0.7576485271626172
2023-02-17,346.875431503317,351.5165155010806,343.47007974889266,346.27562351156763,7547,351.0174754955684,322.9727632135596,47.37937537393047,8.89523485267415,10.586426503770362,-1.6911916510962115
2023-02-18,353.05601861514043,359.10783869545656,348.97495429197136,355.41587905892914,8196,351.54639090167836,324.55790490672973,47.48013930037613,8.46034149318939,10.161209501654168,-1.700868008464779
2023-02-19,359.66072723570056,359.43168361785797,355.6631942263174,357.96487761332554,6911,352.04533390156996,326.1978755465234,55.910490512677136,8.226537845588268,9.774275170440989,-1.5477373248527204
2023-02-20,355.3825757932906,359.016880577695,349.46056231063136,352.82251623764125,7481,352.09266066613617,327.85792887875533,55.09648526876664,7.539391768688461,9.327298490090485,-1.787906721402024
2023-02-21,356.66853283058384,365.0107767365314,357.07911021286594,358.7006451596939,3761,353.2712334777063,329.68933680776325,54.352618231434285,7.384021032492683,8.938642998570925,-1.5546219660782423
2023-02-22,356.8027472284129,365.9744052046249,355.10353884150453,359.7112678243484,5456,354.0318062891509,331.536938852716,58.422363246347764,7.2587629072121445,8.602666980299169,-1.3439040730870246
2023-02-23,364.9698388421375,370.24027071502616,361.26572830844077,368.4804360729772,7361,354.9143110599924,333.43851581576774,60.91247083555955,7.777440043624097,8.437621592964156,-0.6601815493400593
2023-02-24,370.21110447838635,372.4945087120787,364.70714714770156,369.16289228387603,6693,355.38226225584134,335.3261145331517,58.894611483285814,8.149620175373286,8.380021309445983,-0.23040113407269658
2023-02-25,385.71260202230826,392.4704356270749,382.13384886980276,384.888217369486,6788,357.1923955104814,337.52277523628123,71.756242458194,9.602783018468983,8.624573651250582,0.9782093672184011
2023-02-26,393.26877221369415,398.9683244174326,387.8112491425007,392.9018222427066,1201,359.602339336202,339.70956651003246,72.35255909496844,11.271129417977932,9.153884804596052,2.11724461338188
2023-02-27,396.9081927385811,399.2643314490257,398.06648580094014,399.04750961337214,7160,361.9607555492174,341.8493440536679,73.9097011346515,12.940046764336046,9.911117196544051,3.0289295677919945
2023-02-28,406.19268340327835,407.61175593257803,399.845762579605,407.0808850781484,1517,364.9578111140321,344.03366395403856,75.05685999248699,14.740977237854167,10.877089204806076,3.8638880330480916
2023-03-01,413.3551551762322,416.40371775706814,408.4243795138636,412.57558259561347,8737,368.0288670322224,346.0626203306512,75.09866071068447,16.422297755674947,11.986130914979851,4.436166840695096
2023-03-02,432.77907818752567,440.6774032836183,428.9174298564211,432.80706471406506,2988,371.8825214455323,348.58790988104715,85.33600404169817,19.166330378736575,13.422170807731195,5.74415957100538
2023-03-03,422.50530890537414,422.93140003676905,413.52050296377325,418.4232924379368,4802,375.38404246337274,350.71450396424933,82.44051722167652,19.950370339122458,14.727810714009447,5.222559625113011
2023-03-04,421.33019677908067,428.64180805448046,419.11284602214084,424.41621405509676,6808,378.87498077877706,352.93489333536303,81.92904822631006,20.815359834934668,15.945320538194492,4.870039296740176
2023-03-05,435.4057674167783,434.62793905534477,433.0904306379556,433.71303268980074,8162,382.7791636347484,355.0573331704191,82.99123535699009,21.997472637727583,17.155750958101113,4.84172167962647
2023-03-06,418.13019391125357,424.4347946423777,413.2124700530945,418.9318722636247,7241,385.75140958095375,356.8556923576283,76.56290969437518,21.49382203454877,18.023365173390644,3.4704568611581266
2023-03-07,402.66546303489633,409.8746972533079,401.29337276720474,403.2445252787794,9399,387.6725245438509,358.44665769861894,66.59009232702496,19.60286784768823,18.33926570825016,1.2636021394380705
2023-03-08,389.008428237808,390.2697236243289,381.7922137564734,387.32281664798734,6633,389.1943486374488,359.79313481372463,59.25571087014887,16.627848718230723,17.996982310246274,-1.369133592015551
2023-03-09,381.1571265735312,385.58571364743324,373.44952282113417,379.69578267170243,6755,390.8653565954556,361.2501682641664,53.78852326364225,13.499077758658927,17.097401399928806,-3.5983236412698787
2023-03-10,389.16303639591933,392.81040038763996,379.1801275105634,385.3766644708342,7309,392.36339586605084,362.75923625929534,55.298070659831176,11.347101591874889,15.947341438318023,-4.600239846443134
2023-03-11,394.377462113463,398.9497199770384,392.93995817381284,397.33046752760544,5117,394.33167536176484,364.5977253565416,54.16841735198229,10.485348410554366,14.854942832765293,-4.369594422210927
2023-03-12,394.96648873083296,402.2856623064331,393.9769284998103,398.1187158912512,9345,396.59648534444534,366.43051526949307,51.83668942794052,9.753574723023632,13.834669210816962,-4.0810944877933295
2023-03-13,413.3519022091072,413.8687461334385,410.3296836837069,411.50556875836435,2518,399.2367315243788,368.3611782683744,54.17327163568113,10.136993005975512,13.095133969848673,-2.958140963873161
2023-03-14,401.13058970765206,406.85351306958427,394.2921416292333,400.5027062597236,7163,401.2763034461476,369.8276453872435,47.839388917336095,9.444149432830045,12.364937062444948,-2.920787629614903
2023-03-15,385.5326392486358,391.7557382397579,385.17967015266646,387.2819090123316,3600,402.21637709311534,370.90078782790835,42.093537433818646,7.739047144302049,11.439759078816369,-3.7007119345143202
2023-03-16,383.7896941364044,391.9576135841396,383.2004965814789,387.04536985406673,3195,403.11050097162484,372.04244598741826,33.651953970921596,6.296077302838228,10.411022723620741,-4.114945420782513
2023-03-17,394.80890704135527,404.46108163748664,395.84452644225263,398.10796203816506,4554,403.7714882050588,373.38862746100915,42.56608800084717,5.976281193267994,9.524074417550192,-3.5477932242821986
2023-03-18,401.184827478758,401.19899474096724,396.9813011775922,398.0466999426072,3849,404.02873209005384,374.6648303911442,39.91280844004499,5.652735912411856,8.749806716522524,-3.0970708041106683
2023-03-19,379.759733280817,389.10795800842794,377.30330958317387,382.1145729936266,2742,403.1820852590666,375.6617455713811,31.21550480990824,4.06388847521373,7.812623068260766,-3.748734593047036
2023-03-20,374.61516378792305,379.9509806798684,375.53469383230134,375.9432090227825,2306,401.6252014562982,376.28385833310216,33.30322331469209,2.280450326171035,6.70618851984282,-4.425738193671785
2023-03-21,371.80399942402795,375.0287985424395,368.25019021756407,373.8477773536538,4849,399.6888111942003,376.80109352786536,37.234512845174265,0.6900247448974142,5.5029557648537395,-4.812931019956325
2023-03-22,372.35133812159467,378.6317776082027,371.0623690434512,373.4343252554185,8519,396.72017422126794,377.23226041404735,43.030192390317076,-0.5968806470696109,4.28298848246907,-4.8798691295386805
2023-03-23,367.57423618249527,376.64940999384606,370.7661068999095,370.7671056946181,5195,394.337364884102,377.9450187493739,45.28448655275099,-1.8111074502178326,3.0641692959316895,-4.875276746149522
2023-03-24,364.1834213374564,366.35095691076197,360.32317247746624,364.044649039617,6178,391.318786633328,378.3359154982572,38.85649398485236,-3.2780496935367864,1.7957254980379944,-5.07377519157478
2023-03-25,357.38506948160745,366.6829125385631,360.16480072733407,360.50260542920466,3555,387.6582652702982,378.52936079371824,28.90808042623675,-4.672562910716579,0.5020678162870797,-5.174630727003659
2023-03-26,362.4201132655702,366.7848795750866,358.26617368109646,360.25600853267224,3305,384.7244720837506,378.5384035970338,28.180030989172522,-5.731553213236452,-0.7446563896176266,-4.986896823618826
2023-03-27,358.0674372306472,361.97825555501674,354.8946150131966,359.9846283753335,8619,382.5614772385783,378.76438511900676,15.02128214005441,-6.5175781840213745,-1.8992407484983764,-4.618337435522998
2023-03-28,367.4047481180659,374.332202334828,366.6506909025524,367.11097186093633,3642,381.5508849992258,379.2125456416596,26.069999217073303,-6.490652077562345,-2.8175230143111705,-3.6731290632511744
2023-03-29,370.1922600284267,368.43338986707806,361.2319932324285,367.3994431261472,7409,380.936068021948,379.5229507971213,32.50930905601395,-6.372576627384603,-3.5285337369258576,-2.844042890458746
2023-03-30,372.42794806545896,372.80770875750625,371.27914274153005,371.3075100609497,5757,380.23261030145375,380.0063055227032,36.99539750089105,-5.895690788402021,-4.001965147221091,-1.8937256411809305
2023-03-31,367.8165739638541,368.9286115393696,365.759763120967,367.5742852671422,3994,378.74480118843064,380.33470194340987,21.291840710107977,-5.75268202872337,-4.352108523521547,-1.400573505201823
2023-04-01,360.7006778623924,368.4443966372881,356.6086680832657,361.9724045380123,9751,376.93748562076865,380.4594705052127,19.2828173569155,-6.0219541751311,-4.686077653843458,-1.3358765212876422
2023-04-02,360.17204472357616,366.10798912791137,359.09316883791143,361.37903687997266,2271,374.43115902684906,380.7191938011897,26.100835659754722,-6.211630294751387,-4.991188182025044,-1.2204421127263432
2023-04-03,355.3511770384999,355.2280553300353,353.4289933586271,354.15069856687165,2813,372.1135586422065,380.71025881758686,25.480021410507845,-6.866068712083006,-5.366164288036637,-1.4999044240463695
2023-04-04,353.8891790082404,353.5120089034586,347.90128689920834,350.425993476802,9801,370.27076286542996,380.6061911757154,24.578868123019262,-7.5976870381223875,-5.812468838053787,-1.7852182000686003
2023-04-05,350.34680574327365,353.5139115954787,347.3279517731486,349.21646753950057,3461,368.3793177497017,380.40078145971506,24.16134609948196,-8.180795350808353,-6.2861341406047,-1.8946612102036529
2023-04-06,363.8135403084343,364.00018410219127,357.26885598835486,363.39357785286114,5120,366.6435985404365,380.3722084963556,43.68418345121657,-7.413480581040005,-6.511603428691761,-0.9018771523482441
2023-04-07,365.51018960426956,370.2528528980297,361.55171073770606,363.8318296612168,7124,364.932855026367,380.5111183940594,49.79571682684455,-6.692863673221211,-6.547855477597651,-0.14500819562355982
2023-04-08,365.95161100692434,372.09214554260194,360.4282064016307,366.20644959074957,9475,364.13744885622316,380.90973491564296,55.600582490808996,-5.862577455642906,-6.410799873206702,0.548222417563796
2023-04-09,359.29391776518145,366.1453085380034,356.01696882209694,362.4827338887004,5396,363.46442509951896,381.0510720122384,52.04666011263427,-5.442306857354424,-6.217101270036247,0.7747944126818229
2023-04-10,369.619996836083,376.3005370600869,365.95708574725643,369.1600469266256,1816,363.23003857816764,381.27497539850447,57.54496205904205,-4.518351281797095,-5.877351272388417,1.3589999905913217
2023-04-11,378.5778624213651,378.27876504260627,368.31715099461525,375.1443516086552,8304,363.31553989582943,381.7214121059247,56.7323078999561,-3.265582850166652,-5.354997587944064,2.089414737777412
2023-04-12,377.5032224723874,387.4493923601728,377.1033337046454,379.97073003302614,8331,363.77572111274986,382.14681380339135,59.79059937738307,-1.8618442576270127,-4.656366921880655,2.794522664253642
2023-04-13,387.4308082173368,391.11996977346524,378.5221135584262,385.9641068576531,1082,364.87169400365167,382.67187058405744,61.05555604295173,-0.26272733150597105,-3.777639003805718,3.514911672299747
2023-04-14,379.79630471040406,386.9315848325012,381.3993419681263,382.0816597627294,2920,365.9506467203279,382.94389505785244,60.918417417942216,0.6834252193528414,-2.8854261591740062,3.5688513785268476
2023-04-15,378.16639117097935,379.1498812017686,372.70317740056964,377.89560867834956,8817,366.83262672761174,383.1185493857419,62.24494397482113,1.0829945078033347,-2.0917420257785384,3.174736533581873
2023-04-16,372.97738023814037,382.6427388945325,372.29687282612474,376.01045769347826,3093,367.633918193519,382.94099419222186,61.03237547036762,1.2333231366246764,-1.4267289932978955,2.6600521299225717
2023-04-17,358.9149522145063,362.3432561638822,356.4861346267531,359.2715584359911,8071,367.24194752227174,382.2683889160875,53.37690247438652,0.0017502054842566395,-1.141033153541465,1.1427833590257217
2023-04-18,357.5892204823824,356.92087801926897,351.26457945223984,355.76653369078736,8967,366.66030205050373,381.4027693976358,53.532001942700326,-1.242780420587735,-1.1613826069507192,-0.08139781363701593
2023-04-19,364.69411858308166,365.90155266982424,360.6597641124809,365.8093137052271,9367,366.38539223271766,380.5773379701774,59.8257611548674,-1.4025438396279242,-1.2096148534861602,-0.19292898614176401
2023-04-20,379.4809349707661,382.4677986895575,378.20042572965997,378.2334324187881,6285,366.9183495902999,379.89049496664086,58.974007024496224,-0.5206334148354586,-1.0718185657560197,0.5511851509205612
2023-04-21,378.767454350996,380.51423229669786,375.28516666704485,376.5424652193018,5937,367.6468526243644,378.7652029767456,57.57170023950481,0.041363220183541216,-0.8491822085681076,0.8905454287516488
2023-04-22,384.3560114858592,386.58297581555814,375.66522374265526,381.10006161933853,1369,368.6329038613327,378.0187383603736,58.64719951399865,0.8447715419798669,-0.5103914584585127,1.3551630004383797
2023-04-23,381.6353918855325,390.5029324078483,378.55813468672113,383.67159781447737,2818,370.1089488237129,377.2038460355613,62.469033335029216,1.669732270726172,-0.07436671262157585,1.7440989833477478
2023-04-24,415.652210010328,417.15233246950703,408.44389038162126,416.4908900871719,3101,373.41219365423143,376.8594031835087,71.29949039729179,4.915103937272534,0.9235274173572461,3.9915765199152875
2023-04-25,423.17259923068366,432.36927739661195,419.6488568879888,426.1349529467735,4490,377.25811792459507,377.0034647971716,72.21470383389477,8.171088417671342,2.3730396174200656,5.7980488002512764
2023-04-26,429.4473774635663,426.8526906614736,417.1722317120476,425.25871939455,2779,380.3513750016795,377.4437486794871,70.4335841177967,10.559056619884302,4.010243017912913,6.548813601971389
2023-04-27,420.9822562420595,424.58186513639794,411.55244865476453,417.41750268852866,8674,383.0306586530451,378.0456424002979,63.95876738979098,11.68413058387415,5.545020531105161,6.13911005276899
2023-04-28,412.92121971528394,419.35027314869694,410.13202411028726,412.5915002687062,2364,385.34991118694296,378.703556752238,63.4275711689738,12.047466053978667,6.845509635679862,5.2019564182988045
2023-04-29,417.3163834445496,418.9640323606779,413.6076217298476,414.48105701678816,8294,387.94982734334735,379.28564460315704,66.43367487641791,12.345571407280943,7.9455219900000795,4.400049417280863
2023-04-30,408.63377102532473,414.2647118799014,402.07564450981454,408.46256004432695,4676,389.9149529992324,379.50828645349145,64.05512666232741,11.958331439474932,8.74808387989505,3.210247559579882
2023-05-01,398.1878376044601,399.70329331083144,392.0888584659437,397.2060579255084,3426,391.01803831507505,379.4900332941766,67.24869547622524,10.620706435966497,9.12260839110934,1.4980980448571568
2023-05-02,389.07505354940645,395.9955449477662,391.9207069026437,392.29877317356403,9264,391.63444047210197,379.10589738248063,66.40193385110881,9.060211636071585,9.11012904010179,-0.04991740403020373
2023-05-03,393.85593131700665,398.2946059969611,389.03359569442955,391.8553497190724,9089,391.929002615173,378.9329502516676,62.796986074949274,7.698978663874527,8.827898964856338,-1.128920300981811
2023-05-04,410.6174532705994,417.49767447983083,405.7812167116373,413.69773504274053,3962,393.5098063791735,379.4612667722758,65.94839408861833,8.28716045035037,8.719751261955146,-0.43259081160477564
2023-05-05,424.0148907441729,424.28223254926945,417.0515994670168,421.26765581947103,1859,395.6784087362296,380.1457124915838,69.10295974782137,9.2574143854726,8.827283886658638,0.4301304988139627
2023-05-06,432.3492255896371,434.1736894594448,426.2033968730985,429.9242115252439,5138,398.37409642781785,380.78203748132546,70.14821502208534,10.602638699940883,9.182354849315086,1.4202838506257969
2023-05-07,453.8986916201686,459.49915641014155,447.87388062467176,452.01159116070534,3424,403.01109806405356,381.86133530568736,74.28945576052041,13.297717792453511,10.005427437942771,3.2922903545107403
2023-05-08,457.8012326229318,465.1858382119924,460.15748268582126,462.0879263816713,5017,408.32716769859775,383.4608023734483,69.33136836393818,16.06151626954238,11.216645204262694,4.844871065279687
2023-05-09,461.778020640495,465.21455742650073,460.184749854793,463.6034280217756,9560,413.2168734144252,385.2140067534282,67.06109128580633,18.164742942032944,12.606264751816745,5.558478190216199
2023-05-10,475.9167671573471,484.99172423524965,474.64551168183334,478.18227456004144,9342,418.2143155214879,387.3006966975559,71.42490844101847,20.768549398552125,14.238721681163824,6.529827717388301
2023-05-11,482.25305983634985,491.59479452569576,483.09945296348616,483.60583683048696,2134,423.5674841020471,389.5041269290573,77.329827253617,23.004538918555056,15.991885128642071,7.012653789912985
2023-05-12,470.0052779001331,474.8675826620943,466.63849654293284,473.9137130397334,6166,428.2081666730669,391.56705907595955,74.34234969284766,23.721061699710333,17.537720442855722,6.183341256854611
2023-05-13,486.1025853651956,484.2031270070162,477.87706529931165,481.8912622275825,6119,433.11914989372207,393.92399133971884,75.52529910415687,24.648500147797563,18.95987638384409,5.688623763953473
2023-05-14,474.2722826720531,475.1077130743792,465.9721331408536,473.76249299827737,6694,435.9827300392773,396.18918909110033,74.33728829964515,24.445782296550476,20.057057566385367,4.388724730165109
2023-05-15,468.55478611642167,473.65767645292624,462.3845446619206,470.3843525407425,7136,438.1952000189758,398.3917559712617,78.97512760515781,23.73889206552451,20.7934244662132,2.9454675993113106
