{
  "links" : {
    "next" : "https://api.nasa.gov/neo/rest/v1/feed?start_date=2006-01-16&end_date=2006-01-16&detailed=true&api_key=t0TVs3DtDT2H8Oy2Zy8m2eVrNsAVKAexjcZXUckd",
    "prev" : "https://api.nasa.gov/neo/rest/v1/feed?start_date=2006-01-14&end_date=2006-01-14&detailed=true&api_key=t0TVs3DtDT2H8Oy2Zy8m2eVrNsAVKAexjcZXUckd",
    "self" : "https://api.nasa.gov/neo/rest/v1/feed?start_date=2006-01-15&end_date=2006-01-15&detailed=true&api_key=t0TVs3DtDT2H8Oy2Zy8m2eVrNsAVKAexjcZXUckd"
  },
  "element_count" : 6,
  "near_earth_objects" : {
    "2006-01-15" : [ {
      "links" : {
        "self" : "https://api.nasa.gov/neo/rest/v1/neo/3311960?api_key=t0TVs3DtDT2H8Oy2Zy8m2eVrNsAVKAexjcZXUckd"
      },
      "neo_reference_id" : "3311960",
      "name" : "(2006 AH4)",
      "nasa_jpl_url" : "http://ssd.jpl.nasa.gov/sbdb.cgi?sstr=3311960",
      "absolute_magnitude_h" : 26.3,
      "estimated_diameter" : {
        "kilometers" : {
          "estimated_diameter_min" : 0.0146067964,
          "estimated_diameter_max" : 0.0326617897
        },
        "meters" : {
          "estimated_diameter_min" : 14.6067964271,
          "estimated_diameter_max" : 32.6617897446
        },
        "miles" : {
          "estimated_diameter_min" : 0.0090762397,
          "estimated_diameter_max" : 0.020295089
        },
        "feet" : {
          "estimated_diameter_min" : 47.92256199,
          "estimated_diameter_max" : 107.1581062656
        }
      },
      "is_potentially_hazardous_asteroid" : false,
      "close_approach_data" : [ {
        "close_approach_date" : "2006-01-15",
        "epoch_date_close_approach" : 1137312000000,
        "relative_velocity" : {
          "kilometers_per_second" : "6.2324341492",
          "kilometers_per_hour" : "22436.7629370177",
          "miles_per_hour" : "13941.3319482819"
        },
        "miss_distance" : {
          "astronomical" : "0.0463522831",
          "lunar" : "18.0310382843",
          "kilometers" : "6934203",
          "miles" : "4308714"
        },
        "orbiting_body" : "Earth"
      } ],
      "orbital_data" : {
        "orbit_id" : "7",
        "orbit_determination_date" : "2017-04-06 09:09:27",
        "orbit_uncertainty" : "8",
        "minimum_orbit_intersection" : ".0321296",
        "jupiter_tisserand_invariant" : "3.774",
        "epoch_osculation" : "2453744.5",
        "eccentricity" : ".4723103069461182",
        "semi_major_axis" : "1.926076990532785",
        "inclination" : ".666171596334593",
        "ascending_node_longitude" : "279.314100726712",
        "orbital_period" : "976.3575557028549",
        "perihelion_distance" : "1.01637097593239",
        "perihelion_argument" : "208.6811722753457",
        "aphelion_distance" : "2.835783005133181",
        "perihelion_time" : "2453760.882152331624",
        "mean_anomaly" : "353.9596157115421",
        "mean_motion" : ".3687173801208976",
        "equinox" : "J2000"
      }
    }, {
      "links" : {
        "self" : "https://api.nasa.gov/neo/rest/v1/neo/3313730?api_key=t0TVs3DtDT2H8Oy2Zy8m2eVrNsAVKAexjcZXUckd"
      },
      "neo_reference_id" : "3313730",
      "name" : "(2006 BW7)",
      "nasa_jpl_url" : "http://ssd.jpl.nasa.gov/sbdb.cgi?sstr=3313730",
      "absolute_magnitude_h" : 26.5,
      "estimated_diameter" : {
        "kilometers" : {
          "estimated_diameter_min" : 0.0133215567,
          "estimated_diameter_max" : 0.0297879063
        },
        "meters" : {
          "estimated_diameter_min" : 13.3215566698,
          "estimated_diameter_max" : 29.7879062798
        },
        "miles" : {
          "estimated_diameter_min" : 0.008277629,
          "estimated_diameter_max" : 0.0185093411
        },
        "feet" : {
          "estimated_diameter_min" : 43.7058959846,
          "estimated_diameter_max" : 97.7293544391
        }
      },
      "is_potentially_hazardous_asteroid" : false,
      "close_approach_data" : [ {
        "close_approach_date" : "2006-01-15",
        "epoch_date_close_approach" : 1137312000000,
        "relative_velocity" : {
          "kilometers_per_second" : "9.4105855119",
          "kilometers_per_hour" : "33878.1078429493",
          "miles_per_hour" : "21050.538731637"
        },
        "miss_distance" : {
          "astronomical" : "0.0055002312",
          "lunar" : "2.1395900249",
          "kilometers" : "822822.9375",
          "miles" : "511278.46875"
        },
        "orbiting_body" : "Earth"
      } ],
      "orbital_data" : {
        "orbit_id" : "8",
        "orbit_determination_date" : "2017-04-06 09:09:21",
        "orbit_uncertainty" : "8",
        "minimum_orbit_intersection" : ".00438704",
        "jupiter_tisserand_invariant" : "4.491",
        "epoch_osculation" : "2453760.5",
        "eccentricity" : ".410031454939458",
        "semi_major_axis" : "1.47883602960312",
        "inclination" : "1.372771712995505",
        "ascending_node_longitude" : "305.4889317479843",
        "orbital_period" : "656.8685384879586",
        "perihelion_distance" : ".8724667407680614",
        "perihelion_argument" : "116.9482397400066",
        "aphelion_distance" : "2.085205318438179",
        "perihelion_time" : "2453711.280258427480",
        "mean_anomaly" : "26.9751189589544",
        "mean_motion" : ".5480548677649894",
        "equinox" : "J2000"
      }
    }, {
      "links" : {
        "self" : "https://api.nasa.gov/neo/rest/v1/neo/3314046?api_key=t0TVs3DtDT2H8Oy2Zy8m2eVrNsAVKAexjcZXUckd"
      },
      "neo_reference_id" : "3314046",
      "name" : "(2006 BF55)",
      "nasa_jpl_url" : "http://ssd.jpl.nasa.gov/sbdb.cgi?sstr=3314046",
      "absolute_magnitude_h" : 25.7,
      "estimated_diameter" : {
        "kilometers" : {
          "estimated_diameter_min" : 0.0192555078,
          "estimated_diameter_max" : 0.0430566244
        },
        "meters" : {
          "estimated_diameter_min" : 19.2555078188,
          "estimated_diameter_max" : 43.0566244241
        },
        "miles" : {
          "estimated_diameter_min" : 0.0119648141,
          "estimated_diameter_max" : 0.0267541378
        },
        "feet" : {
          "estimated_diameter_min" : 63.1742402722,
          "estimated_diameter_max" : 141.2618956756
        }
      },
      "is_potentially_hazardous_asteroid" : false,
      "close_approach_data" : [ {
        "close_approach_date" : "2006-01-15",
        "epoch_date_close_approach" : 1137312000000,
        "relative_velocity" : {
          "kilometers_per_second" : "4.8766279719",
          "kilometers_per_hour" : "17555.8606988875",
          "miles_per_hour" : "10908.5291103726"
        },
        "miss_distance" : {
          "astronomical" : "0.0513904941",
          "lunar" : "19.990901947",
          "kilometers" : "7687908.5",
          "miles" : "4777045"
        },
        "orbiting_body" : "Earth"
      } ],
      "orbital_data" : {
        "orbit_id" : "9",
        "orbit_determination_date" : "2017-04-06 09:09:15",
        "orbit_uncertainty" : "7",
        "minimum_orbit_intersection" : ".0483099",
        "jupiter_tisserand_invariant" : "4.114",
        "epoch_osculation" : "2458000.5",
        "eccentricity" : ".3930533686835599",
        "semi_major_axis" : "1.697691852124491",
        "inclination" : "3.357007181105398",
        "ascending_node_longitude" : "306.6296446844403",
        "orbital_period" : "807.9541636315591",
        "perihelion_distance" : "1.030408350660328",
        "perihelion_argument" : "172.1779446066794",
        "aphelion_distance" : "2.364975353588655",
        "perihelion_time" : "2457792.497932990969",
        "mean_anomaly" : "92.6794458075199",
        "mean_motion" : ".4455698308204599",
        "equinox" : "J2000"
      }
    }, {
      "links" : {
        "self" : "https://api.nasa.gov/neo/rest/v1/neo/2023183?api_key=t0TVs3DtDT2H8Oy2Zy8m2eVrNsAVKAexjcZXUckd"
      },
      "neo_reference_id" : "2023183",
      "name" : "23183 (2000 OY21)",
      "nasa_jpl_url" : "http://ssd.jpl.nasa.gov/sbdb.cgi?sstr=2023183",
      "absolute_magnitude_h" : 16.0,
      "estimated_diameter" : {
        "kilometers" : {
          "estimated_diameter_min" : 1.6770846216,
          "estimated_diameter_max" : 3.750075218
        },
        "meters" : {
          "estimated_diameter_min" : 1677.0846216284,
          "estimated_diameter_max" : 3750.0752179805
        },
        "miles" : {
          "estimated_diameter_min" : 1.0420917484,
          "estimated_diameter_max" : 2.3301879883
        },
        "feet" : {
          "estimated_diameter_min" : 5502.2463100232,
          "estimated_diameter_max" : 12303.3967781592
        }
      },
      "is_potentially_hazardous_asteroid" : false,
      "close_approach_data" : [ {
        "close_approach_date" : "2006-01-15",
        "epoch_date_close_approach" : 1137312000000,
        "relative_velocity" : {
          "kilometers_per_second" : "23.392083355",
          "kilometers_per_hour" : "84211.5000779482",
          "miles_per_hour" : "52325.7512567673"
        },
        "miss_distance" : {
          "astronomical" : "0.2807832493",
          "lunar" : "109.2246780396",
          "kilometers" : "42004576",
          "miles" : "26100432"
        },
        "orbiting_body" : "Earth"
      } ],
      "orbital_data" : {
        "orbit_id" : "170",
        "orbit_determination_date" : "2017-07-18 06:19:59",
        "orbit_uncertainty" : "0",
        "minimum_orbit_intersection" : ".257566",
        "jupiter_tisserand_invariant" : "3.672",
        "epoch_osculation" : "2458000.5",
        "eccentricity" : ".4012820623543256",
        "semi_major_axis" : "1.824059315880745",
        "inclination" : "40.95787681394609",
        "ascending_node_longitude" : "119.6874132587705",
        "orbital_period" : "899.8225284178978",
        "perihelion_distance" : "1.0920970317475",
        "perihelion_argument" : "301.417785937059",
        "aphelion_distance" : "2.556021600013991",
        "perihelion_time" : "2458202.954986310898",
        "mean_anomaly" : "279.0020334342257",
        "mean_motion" : ".4000788918154402",
        "equinox" : "J2000"
      }
    }, {
      "links" : {
        "self" : "https://api.nasa.gov/neo/rest/v1/neo/3297378?api_key=t0TVs3DtDT2H8Oy2Zy8m2eVrNsAVKAexjcZXUckd"
      },
      "neo_reference_id" : "3297378",
      "name" : "(2005 UT64)",
      "nasa_jpl_url" : "http://ssd.jpl.nasa.gov/sbdb.cgi?sstr=3297378",
      "absolute_magnitude_h" : 20.1,
      "estimated_diameter" : {
        "kilometers" : {
          "estimated_diameter_min" : 0.2538370294,
          "estimated_diameter_max" : 0.5675968529
        },
        "meters" : {
          "estimated_diameter_min" : 253.8370293645,
          "estimated_diameter_max" : 567.5968528656
        },
        "miles" : {
          "estimated_diameter_min" : 0.1577269688,
          "estimated_diameter_max" : 0.3526882241
        },
        "feet" : {
          "estimated_diameter_min" : 832.7986794202,
          "estimated_diameter_max" : 1862.1944587557
        }
      },
      "is_potentially_hazardous_asteroid" : true,
      "close_approach_data" : [ {
        "close_approach_date" : "2006-01-15",
        "epoch_date_close_approach" : 1137312000000,
        "relative_velocity" : {
          "kilometers_per_second" : "10.5708509301",
          "kilometers_per_hour" : "38055.06334822",
          "miles_per_hour" : "23645.9364454537"
        },
        "miss_distance" : {
          "astronomical" : "0.1632130582",
          "lunar" : "63.4898796082",
          "kilometers" : "24416326",
          "miles" : "15171602"
        },
        "orbiting_body" : "Earth"
      } ],
      "orbital_data" : {
        "orbit_id" : "19",
        "orbit_determination_date" : "2017-09-02 06:18:31",
        "orbit_uncertainty" : "0",
        "minimum_orbit_intersection" : ".0451323",
        "jupiter_tisserand_invariant" : "3.849",
        "epoch_osculation" : "2458000.5",
        "eccentricity" : ".5216786276267267",
        "semi_major_axis" : "1.821637525199351",
        "inclination" : "10.50322030220917",
        "ascending_node_longitude" : "161.6340850534452",
        "orbital_period" : "898.0310913351932",
        "perihelion_distance" : ".8713281610200069",
        "perihelion_argument" : "327.3485317764602",
        "aphelion_distance" : "2.771946889378695",
        "perihelion_time" : "2458250.096458964786",
        "mean_anomaly" : "259.9425230436879",
        "mean_motion" : ".4008769890859255",
        "equinox" : "J2000"
      }
    }, {
      "links" : {
        "self" : "https://api.nasa.gov/neo/rest/v1/neo/3395956?api_key=t0TVs3DtDT2H8Oy2Zy8m2eVrNsAVKAexjcZXUckd"
      },
      "neo_reference_id" : "3395956",
      "name" : "(2007 WM3)",
      "nasa_jpl_url" : "http://ssd.jpl.nasa.gov/sbdb.cgi?sstr=3395956",
      "absolute_magnitude_h" : 23.1,
      "estimated_diameter" : {
        "kilometers" : {
          "estimated_diameter_min" : 0.063760979,
          "estimated_diameter_max" : 0.1425738833
        },
        "meters" : {
          "estimated_diameter_min" : 63.7609789875,
          "estimated_diameter_max" : 142.5738833281
        },
        "miles" : {
          "estimated_diameter_min" : 0.0396192233,
          "estimated_diameter_max" : 0.0885912765
        },
        "feet" : {
          "estimated_diameter_min" : 209.1895703015,
          "estimated_diameter_max" : 467.7620993781
        }
      },
      "is_potentially_hazardous_asteroid" : false,
      "close_approach_data" : [ {
        "close_approach_date" : "2006-01-15",
        "epoch_date_close_approach" : 1137312000000,
        "relative_velocity" : {
          "kilometers_per_second" : "16.1294180942",
          "kilometers_per_hour" : "58065.9051389828",
          "miles_per_hour" : "36079.8953348308"
        },
        "miss_distance" : {
          "astronomical" : "0.1772023987",
          "lunar" : "68.9317321777",
          "kilometers" : "26509102",
          "miles" : "16471993"
        },
        "orbiting_body" : "Earth"
      } ],
      "orbital_data" : {
        "orbit_id" : "9",
        "orbit_determination_date" : "2017-04-06 09:05:04",
        "orbit_uncertainty" : "6",
        "minimum_orbit_intersection" : ".0226427",
        "jupiter_tisserand_invariant" : "7.255",
        "epoch_osculation" : "2458000.5",
        "eccentricity" : ".4280687335710735",
        "semi_major_axis" : ".7939651512770171",
        "inclination" : "6.46926638353384",
        "ascending_node_longitude" : "55.44993791280906",
        "orbital_period" : "258.4048067926953",
        "perihelion_distance" : ".4540934944702985",
        "perihelion_argument" : "204.0774144281732",
        "aphelion_distance" : "1.133836808083736",
        "perihelion_time" : "2457952.639394504363",
        "mean_anomaly" : "66.67762179924156",
        "mean_motion" : "1.393162938678649",
        "equinox" : "J2000"
      }
    } ]
  }
}