{
  "links" : {
    "next" : "https://api.nasa.gov/neo/rest/v1/feed?start_date=2002-05-09&end_date=2002-05-09&detailed=true&api_key=t0TVs3DtDT2H8Oy2Zy8m2eVrNsAVKAexjcZXUckd",
    "prev" : "https://api.nasa.gov/neo/rest/v1/feed?start_date=2002-05-07&end_date=2002-05-07&detailed=true&api_key=t0TVs3DtDT2H8Oy2Zy8m2eVrNsAVKAexjcZXUckd",
    "self" : "https://api.nasa.gov/neo/rest/v1/feed?start_date=2002-05-08&end_date=2002-05-08&detailed=true&api_key=t0TVs3DtDT2H8Oy2Zy8m2eVrNsAVKAexjcZXUckd"
  },
  "element_count" : 6,
  "near_earth_objects" : {
    "2002-05-08" : [ {
      "links" : {
        "self" : "https://api.nasa.gov/neo/rest/v1/neo/2194386?api_key=t0TVs3DtDT2H8Oy2Zy8m2eVrNsAVKAexjcZXUckd"
      },
      "neo_reference_id" : "2194386",
      "name" : "194386 (2001 VG5)",
      "nasa_jpl_url" : "http://ssd.jpl.nasa.gov/sbdb.cgi?sstr=2194386",
      "absolute_magnitude_h" : 17.0,
      "estimated_diameter" : {
        "kilometers" : {
          "estimated_diameter_min" : 1.0581688593,
          "estimated_diameter_max" : 2.3661375011
        },
        "meters" : {
          "estimated_diameter_min" : 1058.1688593312,
          "estimated_diameter_max" : 2366.137501138
        },
        "miles" : {
          "estimated_diameter_min" : 0.6575154423,
          "estimated_diameter_max" : 1.4702492252
        },
        "feet" : {
          "estimated_diameter_min" : 3471.6827204482,
          "estimated_diameter_max" : 7762.9185592335
        }
      },
      "is_potentially_hazardous_asteroid" : false,
      "close_approach_data" : [ {
        "close_approach_date" : "2002-05-08",
        "epoch_date_close_approach" : 1020841200000,
        "relative_velocity" : {
          "kilometers_per_second" : "15.5513835918",
          "kilometers_per_hour" : "55984.9809306427",
          "miles_per_hour" : "34786.8899565985"
        },
        "miss_distance" : {
          "astronomical" : "0.1243785126",
          "lunar" : "48.3832397461",
          "kilometers" : "18606760",
          "miles" : "11561705"
        },
        "orbiting_body" : "Earth"
      } ],
      "orbital_data" : {
        "orbit_id" : "214",
        "orbit_determination_date" : "2017-09-25 06:52:00",
        "orbit_uncertainty" : "0",
        "minimum_orbit_intersection" : ".121228",
        "jupiter_tisserand_invariant" : "3.281",
        "epoch_osculation" : "2458000.5",
        "eccentricity" : ".6108900037029229",
        "semi_major_axis" : "2.305761932837488",
        "inclination" : "13.66239764775096",
        "ascending_node_longitude" : "248.6931894363467",
        "orbital_period" : "1278.851520582208",
        "perihelion_distance" : ".8971950171483362",
        "perihelion_argument" : "279.9719997189859",
        "aphelion_distance" : "3.714328848526639",
        "perihelion_time" : "2457467.331408056090",
        "mean_anomaly" : "150.0883331728962",
        "mean_motion" : ".2815025780601229",
        "equinox" : "J2000"
      }
    }, {
      "links" : {
        "self" : "https://api.nasa.gov/neo/rest/v1/neo/2363267?api_key=t0TVs3DtDT2H8Oy2Zy8m2eVrNsAVKAexjcZXUckd"
      },
      "neo_reference_id" : "2363267",
      "name" : "363267 (2002 GS)",
      "nasa_jpl_url" : "http://ssd.jpl.nasa.gov/sbdb.cgi?sstr=2363267",
      "absolute_magnitude_h" : 19.9,
      "estimated_diameter" : {
        "kilometers" : {
          "estimated_diameter_min" : 0.2783267681,
          "estimated_diameter_max" : 0.6223575734
        },
        "meters" : {
          "estimated_diameter_min" : 278.3267680719,
          "estimated_diameter_max" : 622.3575733667
        },
        "miles" : {
          "estimated_diameter_min" : 0.1729441822,
          "estimated_diameter_max" : 0.3867149477
        },
        "feet" : {
          "estimated_diameter_min" : 913.1455937611,
          "estimated_diameter_max" : 2041.8556210042
        }
      },
      "is_potentially_hazardous_asteroid" : false,
      "close_approach_data" : [ {
        "close_approach_date" : "2002-05-08",
        "epoch_date_close_approach" : 1020841200000,
        "relative_velocity" : {
          "kilometers_per_second" : "12.2848995157",
          "kilometers_per_hour" : "44225.6382564761",
          "miles_per_hour" : "27480.091726642"
        },
        "miss_distance" : {
          "astronomical" : "0.1662918134",
          "lunar" : "64.6875152588",
          "kilometers" : "24876902",
          "miles" : "15457790"
        },
        "orbiting_body" : "Earth"
      } ],
      "orbital_data" : {
        "orbit_id" : "36",
        "orbit_determination_date" : "2017-04-06 09:22:44",
        "orbit_uncertainty" : "0",
        "minimum_orbit_intersection" : ".0530443",
        "jupiter_tisserand_invariant" : "4.725",
        "epoch_osculation" : "2458000.5",
        "eccentricity" : ".4037035307126631",
        "semi_major_axis" : "1.35270690233441",
        "inclination" : "19.76193513750002",
        "ascending_node_longitude" : "34.73948690604213",
        "orbital_period" : "574.650760738493",
        "perihelion_distance" : ".8066143498426193",
        "perihelion_argument" : "264.1581033639745",
        "aphelion_distance" : "1.898799454826201",
        "perihelion_time" : "2458208.929402007091",
        "mean_anomaly" : "229.4257628300629",
        "mean_motion" : ".6264674557071119",
        "equinox" : "J2000"
      }
    }, {
      "links" : {
        "self" : "https://api.nasa.gov/neo/rest/v1/neo/3020976?api_key=t0TVs3DtDT2H8Oy2Zy8m2eVrNsAVKAexjcZXUckd"
      },
      "neo_reference_id" : "3020976",
      "name" : "(1999 JZ10)",
      "nasa_jpl_url" : "http://ssd.jpl.nasa.gov/sbdb.cgi?sstr=3020976",
      "absolute_magnitude_h" : 21.8,
      "estimated_diameter" : {
        "kilometers" : {
          "estimated_diameter_min" : 0.1160259082,
          "estimated_diameter_max" : 0.2594418179
        },
        "meters" : {
          "estimated_diameter_min" : 116.0259082094,
          "estimated_diameter_max" : 259.4418179074
        },
        "miles" : {
          "estimated_diameter_min" : 0.0720951346,
          "estimated_diameter_max" : 0.1612096218
        },
        "feet" : {
          "estimated_diameter_min" : 380.6624406898,
          "estimated_diameter_max" : 851.1870938635
        }
      },
      "is_potentially_hazardous_asteroid" : true,
      "close_approach_data" : [ {
        "close_approach_date" : "2002-05-08",
        "epoch_date_close_approach" : 1020841200000,
        "relative_velocity" : {
          "kilometers_per_second" : "17.7998516832",
          "kilometers_per_hour" : "64079.4660596917",
          "miles_per_hour" : "39816.4882302568"
        },
        "miss_distance" : {
          "astronomical" : "0.0772801716",
          "lunar" : "30.0619869232",
          "kilometers" : "11560949",
          "miles" : "7183641"
        },
        "orbiting_body" : "Earth"
      } ],
      "orbital_data" : {
        "orbit_id" : "11",
        "orbit_determination_date" : "2017-04-06 09:17:27",
        "orbit_uncertainty" : "7",
        "minimum_orbit_intersection" : ".0372144",
        "jupiter_tisserand_invariant" : "4.778",
        "epoch_osculation" : "2458000.5",
        "eccentricity" : ".4730382984853589",
        "semi_major_axis" : "1.306040153103565",
        "inclination" : "25.92223659800189",
        "ascending_node_longitude" : "54.551222508197",
        "orbital_period" : "545.1715960620364",
        "perihelion_distance" : ".688233141325897",
        "perihelion_argument" : "79.98641274998222",
        "aphelion_distance" : "1.923847164881233",
        "perihelion_time" : "2457793.614273360950",
        "mean_anomaly" : "136.6154475545765",
        "mean_motion" : ".6603425464576748",
        "equinox" : "J2000"
      }
    }, {
      "links" : {
        "self" : "https://api.nasa.gov/neo/rest/v1/neo/3068066?api_key=t0TVs3DtDT2H8Oy2Zy8m2eVrNsAVKAexjcZXUckd"
      },
      "neo_reference_id" : "3068066",
      "name" : "(2001 BA16)",
      "nasa_jpl_url" : "http://ssd.jpl.nasa.gov/sbdb.cgi?sstr=3068066",
      "absolute_magnitude_h" : 26.0,
      "estimated_diameter" : {
        "kilometers" : {
          "estimated_diameter_min" : 0.0167708462,
          "estimated_diameter_max" : 0.0375007522
        },
        "meters" : {
          "estimated_diameter_min" : 16.7708462163,
          "estimated_diameter_max" : 37.5007521798
        },
        "miles" : {
          "estimated_diameter_min" : 0.0104209175,
          "estimated_diameter_max" : 0.0233018799
        },
        "feet" : {
          "estimated_diameter_min" : 55.0224631002,
          "estimated_diameter_max" : 123.0339677816
        }
      },
      "is_potentially_hazardous_asteroid" : false,
      "close_approach_data" : [ {
        "close_approach_date" : "2002-05-08",
        "epoch_date_close_approach" : 1020841200000,
        "relative_velocity" : {
          "kilometers_per_second" : "12.0164613078",
          "kilometers_per_hour" : "43259.2607080364",
          "miles_per_hour" : "26879.6222993908"
        },
        "miss_distance" : {
          "astronomical" : "0.2753878151",
          "lunar" : "107.1258621216",
          "kilometers" : "41197432",
          "miles" : "25598898"
        },
        "orbiting_body" : "Earth"
      } ],
      "orbital_data" : {
        "orbit_id" : "19",
        "orbit_determination_date" : "2017-04-06 09:16:34",
        "orbit_uncertainty" : "6",
        "minimum_orbit_intersection" : ".000655736",
        "jupiter_tisserand_invariant" : "6.371",
        "epoch_osculation" : "2458000.5",
        "eccentricity" : ".1377393526448564",
        "semi_major_axis" : ".9403158602939561",
        "inclination" : "5.773028568055079",
        "ascending_node_longitude" : "115.4537633274837",
        "orbital_period" : "333.0497170156495",
        "perihelion_distance" : ".8107973624153754",
        "perihelion_argument" : "243.2897646889572",
        "aphelion_distance" : "1.069834358172537",
        "perihelion_time" : "2458158.651329780360",
        "mean_anomaly" : "189.0511121549629",
        "mean_motion" : "1.080919699394562",
        "equinox" : "J2000"
      }
    }, {
      "links" : {
        "self" : "https://api.nasa.gov/neo/rest/v1/neo/3333489?api_key=t0TVs3DtDT2H8Oy2Zy8m2eVrNsAVKAexjcZXUckd"
      },
      "neo_reference_id" : "3333489",
      "name" : "(2006 KC)",
      "nasa_jpl_url" : "http://ssd.jpl.nasa.gov/sbdb.cgi?sstr=3333489",
      "absolute_magnitude_h" : 22.2,
      "estimated_diameter" : {
        "kilometers" : {
          "estimated_diameter_min" : 0.096506147,
          "estimated_diameter_max" : 0.2157943048
        },
        "meters" : {
          "estimated_diameter_min" : 96.5061469579,
          "estimated_diameter_max" : 215.7943048444
        },
        "miles" : {
          "estimated_diameter_min" : 0.059966121,
          "estimated_diameter_max" : 0.134088323
        },
        "feet" : {
          "estimated_diameter_min" : 316.6212271853,
          "estimated_diameter_max" : 707.9865871058
        }
      },
      "is_potentially_hazardous_asteroid" : false,
      "close_approach_data" : [ {
        "close_approach_date" : "2002-05-08",
        "epoch_date_close_approach" : 1020841200000,
        "relative_velocity" : {
          "kilometers_per_second" : "9.0590954384",
          "kilometers_per_hour" : "32612.7435783971",
          "miles_per_hour" : "20264.2905862546"
        },
        "miss_distance" : {
          "astronomical" : "0.334768661",
          "lunar" : "130.2250061035",
          "kilometers" : "50080680",
          "miles" : "31118690"
        },
        "orbiting_body" : "Earth"
      } ],
      "orbital_data" : {
        "orbit_id" : "16",
        "orbit_determination_date" : "2017-04-06 09:08:38",
        "orbit_uncertainty" : "6",
        "minimum_orbit_intersection" : ".0319295",
        "jupiter_tisserand_invariant" : "5.088",
        "epoch_osculation" : "2458000.5",
        "eccentricity" : ".4734714875719617",
        "semi_major_axis" : "1.220842640675124",
        "inclination" : "14.47305329316834",
        "ascending_node_longitude" : "237.0277956245425",
        "orbital_period" : "492.7061250881428",
        "perihelion_distance" : ".6428084595033913",
        "perihelion_argument" : "254.4892753286325",
        "aphelion_distance" : "1.798876821846857",
        "perihelion_time" : "2458239.800402904446",
        "mean_anomaly" : "185.1530868827962",
        "mean_motion" : ".7306586658235631",
        "equinox" : "J2000"
      }
    }, {
      "links" : {
        "self" : "https://api.nasa.gov/neo/rest/v1/neo/3614397?api_key=t0TVs3DtDT2H8Oy2Zy8m2eVrNsAVKAexjcZXUckd"
      },
      "neo_reference_id" : "3614397",
      "name" : "(2012 UU136)",
      "nasa_jpl_url" : "http://ssd.jpl.nasa.gov/sbdb.cgi?sstr=3614397",
      "absolute_magnitude_h" : 21.2,
      "estimated_diameter" : {
        "kilometers" : {
          "estimated_diameter_min" : 0.1529519353,
          "estimated_diameter_max" : 0.3420109247
        },
        "meters" : {
          "estimated_diameter_min" : 152.9519353442,
          "estimated_diameter_max" : 342.0109247198
        },
        "miles" : {
          "estimated_diameter_min" : 0.095039897,
          "estimated_diameter_max" : 0.2125156703
        },
        "feet" : {
          "estimated_diameter_min" : 501.8108275547,
          "estimated_diameter_max" : 1122.0831222578
        }
      },
      "is_potentially_hazardous_asteroid" : true,
      "close_approach_data" : [ {
        "close_approach_date" : "2002-05-08",
        "epoch_date_close_approach" : 1020841200000,
        "relative_velocity" : {
          "kilometers_per_second" : "19.216767145",
          "kilometers_per_hour" : "69180.3617219906",
          "miles_per_hour" : "42985.9864266447"
        },
        "miss_distance" : {
          "astronomical" : "0.2602690848",
          "lunar" : "101.2446670532",
          "kilometers" : "38935700",
          "miles" : "24193522"
        },
        "orbiting_body" : "Earth"
      } ],
      "orbital_data" : {
        "orbit_id" : "14",
        "orbit_determination_date" : "2017-04-16 06:14:05",
        "orbit_uncertainty" : "1",
        "minimum_orbit_intersection" : ".0342766",
        "jupiter_tisserand_invariant" : "5.236",
        "epoch_osculation" : "2458000.5",
        "eccentricity" : ".2118734032513204",
        "semi_major_axis" : "1.160101629743898",
        "inclination" : "35.59247012942951",
        "ascending_node_longitude" : "36.10108661709013",
        "orbital_period" : "456.3966859756416",
        "perihelion_distance" : ".9143069493326553",
        "perihelion_argument" : "227.7349145520736",
        "aphelion_distance" : "1.405896310155142",
        "perihelion_time" : "2457921.369977294986",
        "mean_anomaly" : "62.41677262162533",
        "mean_motion" : ".7887874979425543",
        "equinox" : "J2000"
      }
    } ]
  }
}