{
  "links" : {
    "next" : "https://api.nasa.gov/neo/rest/v1/feed?start_date=1997-06-23&end_date=1997-06-23&detailed=true&api_key=t0TVs3DtDT2H8Oy2Zy8m2eVrNsAVKAexjcZXUckd",
    "prev" : "https://api.nasa.gov/neo/rest/v1/feed?start_date=1997-06-21&end_date=1997-06-21&detailed=true&api_key=t0TVs3DtDT2H8Oy2Zy8m2eVrNsAVKAexjcZXUckd",
    "self" : "https://api.nasa.gov/neo/rest/v1/feed?start_date=1997-06-22&end_date=1997-06-22&detailed=true&api_key=t0TVs3DtDT2H8Oy2Zy8m2eVrNsAVKAexjcZXUckd"
  },
  "element_count" : 5,
  "near_earth_objects" : {
    "1997-06-22" : [ {
      "links" : {
        "self" : "https://api.nasa.gov/neo/rest/v1/neo/2136818?api_key=t0TVs3DtDT2H8Oy2Zy8m2eVrNsAVKAexjcZXUckd"
      },
      "neo_reference_id" : "2136818",
      "name" : "136818 Selqet (1997 MW1)",
      "nasa_jpl_url" : "http://ssd.jpl.nasa.gov/sbdb.cgi?sstr=2136818",
      "absolute_magnitude_h" : 18.9,
      "estimated_diameter" : {
        "kilometers" : {
          "estimated_diameter_min" : 0.4411182,
          "estimated_diameter_max" : 0.9863702813
        },
        "meters" : {
          "estimated_diameter_min" : 441.1181999969,
          "estimated_diameter_max" : 986.3702813054
        },
        "miles" : {
          "estimated_diameter_min" : 0.2740980571,
          "estimated_diameter_max" : 0.6129018881
        },
        "feet" : {
          "estimated_diameter_min" : 1447.2382352778,
          "estimated_diameter_max" : 3236.1230737181
        }
      },
      "is_potentially_hazardous_asteroid" : false,
      "close_approach_data" : [ {
        "close_approach_date" : "1997-06-22",
        "epoch_date_close_approach" : 866962800000,
        "relative_velocity" : {
          "kilometers_per_second" : "9.4440914119",
          "kilometers_per_hour" : "33998.7290828428",
          "miles_per_hour" : "21125.4880792809"
        },
        "miss_distance" : {
          "astronomical" : "0.2495106671",
          "lunar" : "97.0596466064",
          "kilometers" : "37326264",
          "miles" : "23193466"
        },
        "orbiting_body" : "Earth"
      } ],
      "orbital_data" : {
        "orbit_id" : "97",
        "orbit_determination_date" : "2017-09-27 06:51:50",
        "orbit_uncertainty" : "0",
        "minimum_orbit_intersection" : ".113543",
        "jupiter_tisserand_invariant" : "6.326",
        "epoch_osculation" : "2458000.5",
        "eccentricity" : ".3462912345976584",
        "semi_major_axis" : ".9375804265711696",
        "inclination" : "12.77833710327869",
        "ascending_node_longitude" : "259.9517694521273",
        "orbital_period" : "331.5974828563657",
        "perihelion_distance" : ".6129045431192401",
        "perihelion_argument" : "203.7846993891176",
        "aphelion_distance" : "1.262256310023099",
        "perihelion_time" : "2458099.877786882534",
        "mean_anomaly" : "252.11014821482",
        "mean_motion" : "1.085653596942221",
        "equinox" : "J2000"
      }
    }, {
      "links" : {
        "self" : "https://api.nasa.gov/neo/rest/v1/neo/3529054?api_key=t0TVs3DtDT2H8Oy2Zy8m2eVrNsAVKAexjcZXUckd"
      },
      "neo_reference_id" : "3529054",
      "name" : "(2010 LL34)",
      "nasa_jpl_url" : "http://ssd.jpl.nasa.gov/sbdb.cgi?sstr=3529054",
      "absolute_magnitude_h" : 19.4,
      "estimated_diameter" : {
        "kilometers" : {
          "estimated_diameter_min" : 0.3503926411,
          "estimated_diameter_max" : 0.7835017643
        },
        "meters" : {
          "estimated_diameter_min" : 350.3926411083,
          "estimated_diameter_max" : 783.5017643338
        },
        "miles" : {
          "estimated_diameter_min" : 0.2177238258,
          "estimated_diameter_max" : 0.4868452748
        },
        "feet" : {
          "estimated_diameter_min" : 1149.5821926537,
          "estimated_diameter_max" : 2570.543928497
        }
      },
      "is_potentially_hazardous_asteroid" : false,
      "close_approach_data" : [ {
        "close_approach_date" : "1997-06-22",
        "epoch_date_close_approach" : 866962800000,
        "relative_velocity" : {
          "kilometers_per_second" : "32.3300519092",
          "kilometers_per_hour" : "116388.1868731157",
          "miles_per_hour" : "72319.0931156868"
        },
        "miss_distance" : {
          "astronomical" : "0.4409041128",
          "lunar" : "171.5117034912",
          "kilometers" : "65958316",
          "miles" : "40984596"
        },
        "orbiting_body" : "Earth"
      } ],
      "orbital_data" : {
        "orbit_id" : "32",
        "orbit_determination_date" : "2017-05-05 06:17:53",
        "orbit_uncertainty" : "1",
        "minimum_orbit_intersection" : ".0618114",
        "jupiter_tisserand_invariant" : "4.826",
        "epoch_osculation" : "2457800.5",
        "eccentricity" : ".5546543079479338",
        "semi_major_axis" : "1.28027111688274",
        "inclination" : "22.71602452011874",
        "ascending_node_longitude" : "120.3134802030765",
        "orbital_period" : "529.1165534074197",
        "perihelion_distance" : ".5701632265624156",
        "perihelion_argument" : "270.9422324574513",
        "aphelion_distance" : "1.990379007203064",
        "perihelion_time" : "2457546.479477996544",
        "mean_anomaly" : "172.8303288421782",
        "mean_motion" : ".6803793940704781",
        "equinox" : "J2000"
      }
    }, {
      "links" : {
        "self" : "https://api.nasa.gov/neo/rest/v1/neo/3752567?api_key=t0TVs3DtDT2H8Oy2Zy8m2eVrNsAVKAexjcZXUckd"
      },
      "neo_reference_id" : "3752567",
      "name" : "(2016 HD19)",
      "nasa_jpl_url" : "http://ssd.jpl.nasa.gov/sbdb.cgi?sstr=3752567",
      "absolute_magnitude_h" : 18.9,
      "estimated_diameter" : {
        "kilometers" : {
          "estimated_diameter_min" : 0.4411182,
          "estimated_diameter_max" : 0.9863702813
        },
        "meters" : {
          "estimated_diameter_min" : 441.1181999969,
          "estimated_diameter_max" : 986.3702813054
        },
        "miles" : {
          "estimated_diameter_min" : 0.2740980571,
          "estimated_diameter_max" : 0.6129018881
        },
        "feet" : {
          "estimated_diameter_min" : 1447.2382352778,
          "estimated_diameter_max" : 3236.1230737181
        }
      },
      "is_potentially_hazardous_asteroid" : false,
      "close_approach_data" : [ {
        "close_approach_date" : "1997-06-22",
        "epoch_date_close_approach" : 866962800000,
        "relative_velocity" : {
          "kilometers_per_second" : "21.0823695922",
          "kilometers_per_hour" : "75896.530531767",
          "miles_per_hour" : "47159.1525406971"
        },
        "miss_distance" : {
          "astronomical" : "0.4678731446",
          "lunar" : "182.0026550293",
          "kilometers" : "69992832",
          "miles" : "43491528"
        },
        "orbiting_body" : "Earth"
      } ],
      "orbital_data" : {
        "orbit_id" : "34",
        "orbit_determination_date" : "2017-04-06 08:26:19",
        "orbit_uncertainty" : "4",
        "minimum_orbit_intersection" : ".160012",
        "jupiter_tisserand_invariant" : "4.389",
        "epoch_osculation" : "2458000.5",
        "eccentricity" : ".7415112496714797",
        "semi_major_axis" : "1.357519766153346",
        "inclination" : "35.76664398640966",
        "ascending_node_longitude" : "76.81294770387245",
        "orbital_period" : "577.7203552638256",
        "perihelion_distance" : ".3509035878992435",
        "perihelion_argument" : "283.5635469613653",
        "aphelion_distance" : "2.364135944407449",
        "perihelion_time" : "2458172.034877493667",
        "mean_anomaly" : "253.1099530506941",
        "mean_motion" : ".6231388538068734",
        "equinox" : "J2000"
      }
    }, {
      "links" : {
        "self" : "https://api.nasa.gov/neo/rest/v1/neo/3764807?api_key=t0TVs3DtDT2H8Oy2Zy8m2eVrNsAVKAexjcZXUckd"
      },
      "neo_reference_id" : "3764807",
      "name" : "(2016 WT7)",
      "nasa_jpl_url" : "http://ssd.jpl.nasa.gov/sbdb.cgi?sstr=3764807",
      "absolute_magnitude_h" : 25.9,
      "estimated_diameter" : {
        "kilometers" : {
          "estimated_diameter_min" : 0.0175612318,
          "estimated_diameter_max" : 0.0392681082
        },
        "meters" : {
          "estimated_diameter_min" : 17.561231848,
          "estimated_diameter_max" : 39.2681081809
        },
        "miles" : {
          "estimated_diameter_min" : 0.0109120402,
          "estimated_diameter_max" : 0.0244000636
        },
        "feet" : {
          "estimated_diameter_min" : 57.6155918963,
          "estimated_diameter_max" : 128.8323800441
        }
      },
      "is_potentially_hazardous_asteroid" : false,
      "close_approach_data" : [ {
        "close_approach_date" : "1997-06-22",
        "epoch_date_close_approach" : 866962800000,
        "relative_velocity" : {
          "kilometers_per_second" : "4.3879155028",
          "kilometers_per_hour" : "15796.4958099732",
          "miles_per_hour" : "9815.328188147"
        },
        "miss_distance" : {
          "astronomical" : "0.0975588053",
          "lunar" : "37.9503746033",
          "kilometers" : "14594589",
          "miles" : "9068657"
        },
        "orbiting_body" : "Earth"
      } ],
      "orbital_data" : {
        "orbit_id" : "9",
        "orbit_determination_date" : "2017-04-06 08:21:56",
        "orbit_uncertainty" : "5",
        "minimum_orbit_intersection" : ".0170586",
        "jupiter_tisserand_invariant" : "5.884",
        "epoch_osculation" : "2458000.5",
        "eccentricity" : ".04490939948984188",
        "semi_major_axis" : "1.041554382399108",
        "inclination" : "6.232673411794774",
        "ascending_node_longitude" : "243.1691312214321",
        "orbital_period" : "388.2588400607675",
        "perihelion_distance" : ".9947788005495508",
        "perihelion_argument" : "141.2285242824747",
        "aphelion_distance" : "1.088329964248665",
        "perihelion_time" : "2458068.664217249683",
        "mean_anomaly" : "296.7970135437354",
        "mean_motion" : ".9272164928521792",
        "equinox" : "J2000"
      }
    }, {
      "links" : {
        "self" : "https://api.nasa.gov/neo/rest/v1/neo/2490684?api_key=t0TVs3DtDT2H8Oy2Zy8m2eVrNsAVKAexjcZXUckd"
      },
      "neo_reference_id" : "2490684",
      "name" : "490684 (2010 LL34)",
      "nasa_jpl_url" : "http://ssd.jpl.nasa.gov/sbdb.cgi?sstr=2490684",
      "absolute_magnitude_h" : 19.4,
      "estimated_diameter" : {
        "kilometers" : {
          "estimated_diameter_min" : 0.3503926411,
          "estimated_diameter_max" : 0.7835017643
        },
        "meters" : {
          "estimated_diameter_min" : 350.3926411083,
          "estimated_diameter_max" : 783.5017643338
        },
        "miles" : {
          "estimated_diameter_min" : 0.2177238258,
          "estimated_diameter_max" : 0.4868452748
        },
        "feet" : {
          "estimated_diameter_min" : 1149.5821926537,
          "estimated_diameter_max" : 2570.543928497
        }
      },
      "is_potentially_hazardous_asteroid" : false,
      "close_approach_data" : [ {
        "close_approach_date" : "1997-06-22",
        "epoch_date_close_approach" : 866962800000,
        "relative_velocity" : {
          "kilometers_per_second" : "32.3300071765",
          "kilometers_per_hour" : "116388.0258355307",
          "miles_per_hour" : "72318.993053194"
        },
        "miss_distance" : {
          "astronomical" : "0.4409026317",
          "lunar" : "171.5111236572",
          "kilometers" : "65958092",
          "miles" : "40984460"
        },
        "orbiting_body" : "Earth"
      } ],
      "orbital_data" : {
        "orbit_id" : "34",
        "orbit_determination_date" : "2017-07-15 06:19:40",
        "orbit_uncertainty" : "0",
        "minimum_orbit_intersection" : ".0612238",
        "jupiter_tisserand_invariant" : "4.826",
        "epoch_osculation" : "2458000.5",
        "eccentricity" : ".5547433819690687",
        "semi_major_axis" : "1.280170488133454",
        "inclination" : "22.71757623517739",
        "ascending_node_longitude" : "120.3006844146116",
        "orbital_period" : "529.054172139068",
        "perihelion_distance" : ".5700043820493083",
        "perihelion_argument" : "270.9613795238113",
        "aphelion_distance" : "1.9903365942176",
        "perihelion_time" : "2458075.587253944804",
        "mean_anomaly" : "308.9061558463168",
        "mean_motion" : ".6804596182361641",
        "equinox" : "J2000"
      }
    } ]
  }
}