{
  "links" : {
    "next" : "https://api.nasa.gov/neo/rest/v1/feed?start_date=2000-03-23&end_date=2000-03-23&detailed=true&api_key=t0TVs3DtDT2H8Oy2Zy8m2eVrNsAVKAexjcZXUckd",
    "prev" : "https://api.nasa.gov/neo/rest/v1/feed?start_date=2000-03-21&end_date=2000-03-21&detailed=true&api_key=t0TVs3DtDT2H8Oy2Zy8m2eVrNsAVKAexjcZXUckd",
    "self" : "https://api.nasa.gov/neo/rest/v1/feed?start_date=2000-03-22&end_date=2000-03-22&detailed=true&api_key=t0TVs3DtDT2H8Oy2Zy8m2eVrNsAVKAexjcZXUckd"
  },
  "element_count" : 6,
  "near_earth_objects" : {
    "2000-03-22" : [ {
      "links" : {
        "self" : "https://api.nasa.gov/neo/rest/v1/neo/2307918?api_key=t0TVs3DtDT2H8Oy2Zy8m2eVrNsAVKAexjcZXUckd"
      },
      "neo_reference_id" : "2307918",
      "name" : "307918 (2004 EU9)",
      "nasa_jpl_url" : "http://ssd.jpl.nasa.gov/sbdb.cgi?sstr=2307918",
      "absolute_magnitude_h" : 18.9,
      "estimated_diameter" : {
        "kilometers" : {
          "estimated_diameter_min" : 0.4411182,
          "estimated_diameter_max" : 0.9863702813
        },
        "meters" : {
          "estimated_diameter_min" : 441.1181999969,
          "estimated_diameter_max" : 986.3702813054
        },
        "miles" : {
          "estimated_diameter_min" : 0.2740980571,
          "estimated_diameter_max" : 0.6129018881
        },
        "feet" : {
          "estimated_diameter_min" : 1447.2382352778,
          "estimated_diameter_max" : 3236.1230737181
        }
      },
      "is_potentially_hazardous_asteroid" : false,
      "close_approach_data" : [ {
        "close_approach_date" : "2000-03-22",
        "epoch_date_close_approach" : 953712000000,
        "relative_velocity" : {
          "kilometers_per_second" : "16.1613106323",
          "kilometers_per_hour" : "58180.7182761155",
          "miles_per_hour" : "36151.2357532896"
        },
        "miss_distance" : {
          "astronomical" : "0.4121438064",
          "lunar" : "160.3239440918",
          "kilometers" : "61655836",
          "miles" : "38311160"
        },
        "orbiting_body" : "Earth"
      } ],
      "orbital_data" : {
        "orbit_id" : "68",
        "orbit_determination_date" : "2017-04-06 09:23:59",
        "orbit_uncertainty" : "0",
        "minimum_orbit_intersection" : ".16863",
        "jupiter_tisserand_invariant" : "6.534",
        "epoch_osculation" : "2458000.5",
        "eccentricity" : ".5053015262502338",
        "semi_major_axis" : ".8804148130852401",
        "inclination" : "28.58532296576249",
        "ascending_node_longitude" : "161.1057118127949",
        "orbital_period" : "301.7376046546292",
        "perihelion_distance" : ".4355398642999539",
        "perihelion_argument" : "202.4088884278374",
        "aphelion_distance" : "1.325289761870526",
        "perihelion_time" : "2458104.143835426860",
        "mean_anomaly" : "236.3436171756681",
        "mean_motion" : "1.193089606487923",
        "equinox" : "J2000"
      }
    }, {
      "links" : {
        "self" : "https://api.nasa.gov/neo/rest/v1/neo/3011573?api_key=t0TVs3DtDT2H8Oy2Zy8m2eVrNsAVKAexjcZXUckd"
      },
      "neo_reference_id" : "3011573",
      "name" : "(1998 EP4)",
      "nasa_jpl_url" : "http://ssd.jpl.nasa.gov/sbdb.cgi?sstr=3011573",
      "absolute_magnitude_h" : 21.5,
      "estimated_diameter" : {
        "kilometers" : {
          "estimated_diameter_min" : 0.1332155667,
          "estimated_diameter_max" : 0.2978790628
        },
        "meters" : {
          "estimated_diameter_min" : 133.2155666981,
          "estimated_diameter_max" : 297.8790627982
        },
        "miles" : {
          "estimated_diameter_min" : 0.0827762899,
          "estimated_diameter_max" : 0.1850934111
        },
        "feet" : {
          "estimated_diameter_min" : 437.0589598459,
          "estimated_diameter_max" : 977.2935443908
        }
      },
      "is_potentially_hazardous_asteroid" : false,
      "close_approach_data" : [ {
        "close_approach_date" : "2000-03-22",
        "epoch_date_close_approach" : 953712000000,
        "relative_velocity" : {
          "kilometers_per_second" : "20.3378794557",
          "kilometers_per_hour" : "73216.3660403828",
          "miles_per_hour" : "45493.8025543701"
        },
        "miss_distance" : {
          "astronomical" : "0.3135885584",
          "lunar" : "121.9859466553",
          "kilometers" : "46912180",
          "miles" : "29149878"
        },
        "orbiting_body" : "Earth"
      } ],
      "orbital_data" : {
        "orbit_id" : "13",
        "orbit_determination_date" : "2017-04-06 09:17:53",
        "orbit_uncertainty" : "2",
        "minimum_orbit_intersection" : ".0626509",
        "jupiter_tisserand_invariant" : "4.311",
        "epoch_osculation" : "2458000.5",
        "eccentricity" : ".4410124998133869",
        "semi_major_axis" : "1.559913816679586",
        "inclination" : "7.192529174294005",
        "ascending_node_longitude" : "352.8300268291207",
        "orbital_period" : "711.6219477010926",
        "perihelion_distance" : ".8719723248922805",
        "perihelion_argument" : "266.3818411867661",
        "aphelion_distance" : "2.247855308466892",
        "perihelion_time" : "2458076.006229003398",
        "mean_anomaly" : "321.8024113378794",
        "mean_motion" : ".5058865893090937",
        "equinox" : "J2000"
      }
    }, {
      "links" : {
        "self" : "https://api.nasa.gov/neo/rest/v1/neo/3117468?api_key=t0TVs3DtDT2H8Oy2Zy8m2eVrNsAVKAexjcZXUckd"
      },
      "neo_reference_id" : "3117468",
      "name" : "(2002 FT6)",
      "nasa_jpl_url" : "http://ssd.jpl.nasa.gov/sbdb.cgi?sstr=3117468",
      "absolute_magnitude_h" : 22.5,
      "estimated_diameter" : {
        "kilometers" : {
          "estimated_diameter_min" : 0.0840533402,
          "estimated_diameter_max" : 0.1879489824
        },
        "meters" : {
          "estimated_diameter_min" : 84.0533402073,
          "estimated_diameter_max" : 187.9489824394
        },
        "miles" : {
          "estimated_diameter_min" : 0.0522283081,
          "estimated_diameter_max" : 0.1167860472
        },
        "feet" : {
          "estimated_diameter_min" : 275.7655606856,
          "estimated_diameter_max" : 616.6305395464
        }
      },
      "is_potentially_hazardous_asteroid" : false,
      "close_approach_data" : [ {
        "close_approach_date" : "2000-03-22",
        "epoch_date_close_approach" : 953712000000,
        "relative_velocity" : {
          "kilometers_per_second" : "20.4774708872",
          "kilometers_per_hour" : "73718.8951938271",
          "miles_per_hour" : "45806.05462752"
        },
        "miss_distance" : {
          "astronomical" : "0.2098363823",
          "lunar" : "81.6263504028",
          "kilometers" : "31391076",
          "miles" : "19505510"
        },
        "orbiting_body" : "Earth"
      } ],
      "orbital_data" : {
        "orbit_id" : "22",
        "orbit_determination_date" : "2017-06-21 06:17:20",
        "orbit_uncertainty" : "1",
        "minimum_orbit_intersection" : ".0413485",
        "jupiter_tisserand_invariant" : "6.026",
        "epoch_osculation" : "2458000.5",
        "eccentricity" : ".462699943687126",
        "semi_major_axis" : ".9884238521030382",
        "inclination" : "9.488402611056026",
        "ascending_node_longitude" : "188.5128520742066",
        "orbital_period" : "358.9328872268388",
        "perihelion_distance" : ".5310801913959503",
        "perihelion_argument" : "226.7025553557057",
        "aphelion_distance" : "1.445767512810126",
        "perihelion_time" : "2458025.544584674616",
        "mean_anomaly" : "334.8809574053776",
        "mean_motion" : "1.00297301476442",
        "equinox" : "J2000"
      }
    }, {
      "links" : {
        "self" : "https://api.nasa.gov/neo/rest/v1/neo/3408586?api_key=t0TVs3DtDT2H8Oy2Zy8m2eVrNsAVKAexjcZXUckd"
      },
      "neo_reference_id" : "3408586",
      "name" : "(2008 GS3)",
      "nasa_jpl_url" : "http://ssd.jpl.nasa.gov/sbdb.cgi?sstr=3408586",
      "absolute_magnitude_h" : 22.1,
      "estimated_diameter" : {
        "kilometers" : {
          "estimated_diameter_min" : 0.1010543415,
          "estimated_diameter_max" : 0.2259643771
        },
        "meters" : {
          "estimated_diameter_min" : 101.054341542,
          "estimated_diameter_max" : 225.9643771094
        },
        "miles" : {
          "estimated_diameter_min" : 0.0627922373,
          "estimated_diameter_max" : 0.140407711
        },
        "feet" : {
          "estimated_diameter_min" : 331.5431259047,
          "estimated_diameter_max" : 741.3529669956
        }
      },
      "is_potentially_hazardous_asteroid" : false,
      "close_approach_data" : [ {
        "close_approach_date" : "2000-03-22",
        "epoch_date_close_approach" : 953712000000,
        "relative_velocity" : {
          "kilometers_per_second" : "21.4419818473",
          "kilometers_per_hour" : "77191.1346501497",
          "miles_per_hour" : "47963.5691941444"
        },
        "miss_distance" : {
          "astronomical" : "0.3969300203",
          "lunar" : "154.4057769775",
          "kilometers" : "59379884",
          "miles" : "36896948"
        },
        "orbiting_body" : "Earth"
      } ],
      "orbital_data" : {
        "orbit_id" : "11",
        "orbit_determination_date" : "2017-04-06 09:03:46",
        "orbit_uncertainty" : "6",
        "minimum_orbit_intersection" : ".166602",
        "jupiter_tisserand_invariant" : "6.748",
        "epoch_osculation" : "2458000.5",
        "eccentricity" : ".3747332253289063",
        "semi_major_axis" : ".8545890070533583",
        "inclination" : "28.75806223319047",
        "ascending_node_longitude" : "196.8878487812699",
        "orbital_period" : "288.5588376147837",
        "perihelion_distance" : ".5343461121096259",
        "perihelion_argument" : "187.3720484250705",
        "aphelion_distance" : "1.174831901997091",
        "perihelion_time" : "2457892.244175867094",
        "mean_anomaly" : "135.0577130473219",
        "mean_motion" : "1.247579186885234",
        "equinox" : "J2000"
      }
    }, {
      "links" : {
        "self" : "https://api.nasa.gov/neo/rest/v1/neo/3552653?api_key=t0TVs3DtDT2H8Oy2Zy8m2eVrNsAVKAexjcZXUckd"
      },
      "neo_reference_id" : "3552653",
      "name" : "(2010 WT8)",
      "nasa_jpl_url" : "http://ssd.jpl.nasa.gov/sbdb.cgi?sstr=3552653",
      "absolute_magnitude_h" : 21.9,
      "estimated_diameter" : {
        "kilometers" : {
          "estimated_diameter_min" : 0.1108038821,
          "estimated_diameter_max" : 0.2477650126
        },
        "meters" : {
          "estimated_diameter_min" : 110.8038821264,
          "estimated_diameter_max" : 247.7650126055
        },
        "miles" : {
          "estimated_diameter_min" : 0.068850319,
          "estimated_diameter_max" : 0.1539539936
        },
        "feet" : {
          "estimated_diameter_min" : 363.5298086356,
          "estimated_diameter_max" : 812.8773639568
        }
      },
      "is_potentially_hazardous_asteroid" : false,
      "close_approach_data" : [ {
        "close_approach_date" : "2000-03-22",
        "epoch_date_close_approach" : 953712000000,
        "relative_velocity" : {
          "kilometers_per_second" : "6.6633208715",
          "kilometers_per_hour" : "23987.9551373657",
          "miles_per_hour" : "14905.182457437"
        },
        "miss_distance" : {
          "astronomical" : "0.1519614301",
          "lunar" : "59.1129951477",
          "kilometers" : "22733106",
          "miles" : "14125698"
        },
        "orbiting_body" : "Earth"
      } ],
      "orbital_data" : {
        "orbit_id" : "18",
        "orbit_determination_date" : "2017-04-06 08:55:34",
        "orbit_uncertainty" : "0",
        "minimum_orbit_intersection" : ".0709307",
        "jupiter_tisserand_invariant" : "5.418",
        "epoch_osculation" : "2458000.5",
        "eccentricity" : ".2839273757187425",
        "semi_major_axis" : "1.151447955847863",
        "inclination" : "4.536686237589215",
        "ascending_node_longitude" : "58.4008698128635",
        "orbital_period" : "451.2995459226338",
        "perihelion_distance" : ".8245203594672683",
        "perihelion_argument" : "162.0709431708724",
        "aphelion_distance" : "1.478375552228457",
        "perihelion_time" : "2457976.262010326163",
        "mean_anomaly" : "19.33455586520199",
        "mean_motion" : ".7976963488053559",
        "equinox" : "J2000"
      }
    }, {
      "links" : {
        "self" : "https://api.nasa.gov/neo/rest/v1/neo/3703793?api_key=t0TVs3DtDT2H8Oy2Zy8m2eVrNsAVKAexjcZXUckd"
      },
      "neo_reference_id" : "3703793",
      "name" : "(2015 AN45)",
      "nasa_jpl_url" : "http://ssd.jpl.nasa.gov/sbdb.cgi?sstr=3703793",
      "absolute_magnitude_h" : 21.8,
      "estimated_diameter" : {
        "kilometers" : {
          "estimated_diameter_min" : 0.1160259082,
          "estimated_diameter_max" : 0.2594418179
        },
        "meters" : {
          "estimated_diameter_min" : 116.0259082094,
          "estimated_diameter_max" : 259.4418179074
        },
        "miles" : {
          "estimated_diameter_min" : 0.0720951346,
          "estimated_diameter_max" : 0.1612096218
        },
        "feet" : {
          "estimated_diameter_min" : 380.6624406898,
          "estimated_diameter_max" : 851.1870938635
        }
      },
      "is_potentially_hazardous_asteroid" : false,
      "close_approach_data" : [ {
        "close_approach_date" : "2000-03-22",
        "epoch_date_close_approach" : 953712000000,
        "relative_velocity" : {
          "kilometers_per_second" : "2.5061063667",
          "kilometers_per_hour" : "9021.9829202397",
          "miles_per_hour" : "5605.9093317456"
        },
        "miss_distance" : {
          "astronomical" : "0.3201505921",
          "lunar" : "124.5385742188",
          "kilometers" : "47893848",
          "miles" : "29759856"
        },
        "orbiting_body" : "Earth"
      } ],
      "orbital_data" : {
        "orbit_id" : "22",
        "orbit_determination_date" : "2017-04-06 08:36:22",
        "orbit_uncertainty" : "4",
        "minimum_orbit_intersection" : ".260092",
        "jupiter_tisserand_invariant" : "3.343",
        "epoch_osculation" : "2458000.5",
        "eccentricity" : ".4863219102563897",
        "semi_major_axis" : "2.414395311057917",
        "inclination" : "4.082284935751836",
        "ascending_node_longitude" : "266.4906679632269",
        "orbital_period" : "1370.285289254382",
        "perihelion_distance" : "1.24022197127016",
        "perihelion_argument" : "264.6631192465396",
        "aphelion_distance" : "3.588568650845672",
        "perihelion_time" : "2458464.971625063205",
        "mean_anomaly" : "237.9744726634712",
        "mean_motion" : ".262719013933141",
        "equinox" : "J2000"
      }
    } ]
  }
}