{
  "links" : {
    "next" : "https://api.nasa.gov/neo/rest/v1/feed?start_date=2005-12-16&end_date=2005-12-16&detailed=true&api_key=t0TVs3DtDT2H8Oy2Zy8m2eVrNsAVKAexjcZXUckd",
    "prev" : "https://api.nasa.gov/neo/rest/v1/feed?start_date=2005-12-14&end_date=2005-12-14&detailed=true&api_key=t0TVs3DtDT2H8Oy2Zy8m2eVrNsAVKAexjcZXUckd",
    "self" : "https://api.nasa.gov/neo/rest/v1/feed?start_date=2005-12-15&end_date=2005-12-15&detailed=true&api_key=t0TVs3DtDT2H8Oy2Zy8m2eVrNsAVKAexjcZXUckd"
  },
  "element_count" : 5,
  "near_earth_objects" : {
    "2005-12-15" : [ {
      "links" : {
        "self" : "https://api.nasa.gov/neo/rest/v1/neo/3305000?api_key=t0TVs3DtDT2H8Oy2Zy8m2eVrNsAVKAexjcZXUckd"
      },
      "neo_reference_id" : "3305000",
      "name" : "(2005 WE55)",
      "nasa_jpl_url" : "http://ssd.jpl.nasa.gov/sbdb.cgi?sstr=3305000",
      "absolute_magnitude_h" : 21.6,
      "estimated_diameter" : {
        "kilometers" : {
          "estimated_diameter_min" : 0.1272198785,
          "estimated_diameter_max" : 0.2844722965
        },
        "meters" : {
          "estimated_diameter_min" : 127.2198785394,
          "estimated_diameter_max" : 284.4722965033
        },
        "miles" : {
          "estimated_diameter_min" : 0.0790507431,
          "estimated_diameter_max" : 0.1767628354
        },
        "feet" : {
          "estimated_diameter_min" : 417.3880663071,
          "estimated_diameter_max" : 933.3080892598
        }
      },
      "is_potentially_hazardous_asteroid" : false,
      "close_approach_data" : [ {
        "close_approach_date" : "2005-12-15",
        "epoch_date_close_approach" : 1134633600000,
        "relative_velocity" : {
          "kilometers_per_second" : "12.1395768238",
          "kilometers_per_hour" : "43702.476565635",
          "miles_per_hour" : "27155.0193971303"
        },
        "miss_distance" : {
          "astronomical" : "0.4031208737",
          "lunar" : "156.8140258789",
          "kilometers" : "60306024",
          "miles" : "37472428"
        },
        "orbiting_body" : "Earth"
      } ],
      "orbital_data" : {
        "orbit_id" : "9",
        "orbit_determination_date" : "2017-04-06 09:09:46",
        "orbit_uncertainty" : "7",
        "minimum_orbit_intersection" : ".313773",
        "jupiter_tisserand_invariant" : "3.961",
        "epoch_osculation" : "2458000.5",
        "eccentricity" : ".3977795533121346",
        "semi_major_axis" : "1.741511248565989",
        "inclination" : "23.52068022663642",
        "ascending_node_longitude" : "63.19371608810597",
        "orbital_period" : "839.4365071670067",
        "perihelion_distance" : "1.048773682023352",
        "perihelion_argument" : "87.48910913475328",
        "aphelion_distance" : "2.434248815108626",
        "perihelion_time" : "2458000.126713233311",
        "mean_anomaly" : ".1600874334875098",
        "mean_motion" : ".4288591179039318",
        "equinox" : "J2000"
      }
    }, {
      "links" : {
        "self" : "https://api.nasa.gov/neo/rest/v1/neo/2163295?api_key=t0TVs3DtDT2H8Oy2Zy8m2eVrNsAVKAexjcZXUckd"
      },
      "neo_reference_id" : "2163295",
      "name" : "163295 (2002 HW)",
      "nasa_jpl_url" : "http://ssd.jpl.nasa.gov/sbdb.cgi?sstr=2163295",
      "absolute_magnitude_h" : 19.3,
      "estimated_diameter" : {
        "kilometers" : {
          "estimated_diameter_min" : 0.3669061375,
          "estimated_diameter_max" : 0.8204270649
        },
        "meters" : {
          "estimated_diameter_min" : 366.9061375314,
          "estimated_diameter_max" : 820.4270648822
        },
        "miles" : {
          "estimated_diameter_min" : 0.2279848336,
          "estimated_diameter_max" : 0.5097895857
        },
        "feet" : {
          "estimated_diameter_min" : 1203.7603322587,
          "estimated_diameter_max" : 2691.6899315481
        }
      },
      "is_potentially_hazardous_asteroid" : false,
      "close_approach_data" : [ {
        "close_approach_date" : "2005-12-15",
        "epoch_date_close_approach" : 1134633600000,
        "relative_velocity" : {
          "kilometers_per_second" : "10.0950878652",
          "kilometers_per_hour" : "36342.316314634",
          "miles_per_hour" : "22581.7020456124"
        },
        "miss_distance" : {
          "astronomical" : "0.0920957341",
          "lunar" : "35.8252410889",
          "kilometers" : "13777326",
          "miles" : "8560833"
        },
        "orbiting_body" : "Earth"
      } ],
      "orbital_data" : {
        "orbit_id" : "39",
        "orbit_determination_date" : "2017-04-06 09:26:16",
        "orbit_uncertainty" : "0",
        "minimum_orbit_intersection" : ".0560686",
        "jupiter_tisserand_invariant" : "3.159",
        "epoch_osculation" : "2458000.5",
        "eccentricity" : ".6404776187984987",
        "semi_major_axis" : "2.471279308615356",
        "inclination" : "5.825392109894859",
        "ascending_node_longitude" : "32.97442438697642",
        "orbital_period" : "1418.996016561095",
        "perihelion_distance" : ".8884802216473925",
        "perihelion_argument" : "76.95759526969076",
        "aphelion_distance" : "4.05407839558332",
        "perihelion_time" : "2458005.002603603985",
        "mean_anomaly" : "358.8576872108753",
        "mean_motion" : ".2537005007755074",
        "equinox" : "J2000"
      }
    }, {
      "links" : {
        "self" : "https://api.nasa.gov/neo/rest/v1/neo/2277570?api_key=t0TVs3DtDT2H8Oy2Zy8m2eVrNsAVKAexjcZXUckd"
      },
      "neo_reference_id" : "2277570",
      "name" : "277570 (2005 YP180)",
      "nasa_jpl_url" : "http://ssd.jpl.nasa.gov/sbdb.cgi?sstr=2277570",
      "absolute_magnitude_h" : 19.3,
      "estimated_diameter" : {
        "kilometers" : {
          "estimated_diameter_min" : 0.3669061375,
          "estimated_diameter_max" : 0.8204270649
        },
        "meters" : {
          "estimated_diameter_min" : 366.9061375314,
          "estimated_diameter_max" : 820.4270648822
        },
        "miles" : {
          "estimated_diameter_min" : 0.2279848336,
          "estimated_diameter_max" : 0.5097895857
        },
        "feet" : {
          "estimated_diameter_min" : 1203.7603322587,
          "estimated_diameter_max" : 2691.6899315481
        }
      },
      "is_potentially_hazardous_asteroid" : true,
      "close_approach_data" : [ {
        "close_approach_date" : "2005-12-15",
        "epoch_date_close_approach" : 1134633600000,
        "relative_velocity" : {
          "kilometers_per_second" : "13.2710394228",
          "kilometers_per_hour" : "47775.7419219868",
          "miles_per_hour" : "29685.9880848034"
        },
        "miss_distance" : {
          "astronomical" : "0.3393640668",
          "lunar" : "132.0126342773",
          "kilometers" : "50768144",
          "miles" : "31545862"
        },
        "orbiting_body" : "Earth"
      } ],
      "orbital_data" : {
        "orbit_id" : "47",
        "orbit_determination_date" : "2017-04-06 09:24:24",
        "orbit_uncertainty" : "0",
        "minimum_orbit_intersection" : ".0164621",
        "jupiter_tisserand_invariant" : "4.598",
        "epoch_osculation" : "2458000.5",
        "eccentricity" : ".6172733941724955",
        "semi_major_axis" : "1.372257093814732",
        "inclination" : "4.11106427618562",
        "ascending_node_longitude" : "289.0392655180895",
        "orbital_period" : "587.1534994812043",
        "perihelion_distance" : ".5251992998384276",
        "perihelion_argument" : "92.29635162247601",
        "aphelion_distance" : "2.219314887791036",
        "perihelion_time" : "2457800.783311139867",
        "mean_anomaly" : "122.4518086891676",
        "mean_motion" : ".6131275728035137",
        "equinox" : "J2000"
      }
    }, {
      "links" : {
        "self" : "https://api.nasa.gov/neo/rest/v1/neo/3102683?api_key=t0TVs3DtDT2H8Oy2Zy8m2eVrNsAVKAexjcZXUckd"
      },
      "neo_reference_id" : "3102683",
      "name" : "(2001 XX4)",
      "nasa_jpl_url" : "http://ssd.jpl.nasa.gov/sbdb.cgi?sstr=3102683",
      "absolute_magnitude_h" : 22.1,
      "estimated_diameter" : {
        "kilometers" : {
          "estimated_diameter_min" : 0.1010543415,
          "estimated_diameter_max" : 0.2259643771
        },
        "meters" : {
          "estimated_diameter_min" : 101.054341542,
          "estimated_diameter_max" : 225.9643771094
        },
        "miles" : {
          "estimated_diameter_min" : 0.0627922373,
          "estimated_diameter_max" : 0.140407711
        },
        "feet" : {
          "estimated_diameter_min" : 331.5431259047,
          "estimated_diameter_max" : 741.3529669956
        }
      },
      "is_potentially_hazardous_asteroid" : true,
      "close_approach_data" : [ {
        "close_approach_date" : "2005-12-15",
        "epoch_date_close_approach" : 1134633600000,
        "relative_velocity" : {
          "kilometers_per_second" : "24.5103230511",
          "kilometers_per_hour" : "88237.1629838779",
          "miles_per_hour" : "54827.1416329546"
        },
        "miss_distance" : {
          "astronomical" : "0.2142946247",
          "lunar" : "83.3606109619",
          "kilometers" : "32058020",
          "miles" : "19919930"
        },
        "orbiting_body" : "Earth"
      } ],
      "orbital_data" : {
        "orbit_id" : "12",
        "orbit_determination_date" : "2017-04-06 09:15:45",
        "orbit_uncertainty" : "1",
        "minimum_orbit_intersection" : ".0113586",
        "jupiter_tisserand_invariant" : "5.900",
        "epoch_osculation" : "2458000.5",
        "eccentricity" : ".5567337012305469",
        "semi_major_axis" : "1.006605851989085",
        "inclination" : ".8481960586753917",
        "ascending_node_longitude" : "127.0622179919935",
        "orbital_period" : "368.882118331136",
        "perihelion_distance" : ".4461944503308738",
        "perihelion_argument" : "186.8452503669185",
        "aphelion_distance" : "1.567017253647297",
        "perihelion_time" : "2458094.414798558509",
        "mean_anomaly" : "268.3465264350019",
        "mean_motion" : ".9759215264450343",
        "equinox" : "J2000"
      }
    }, {
      "links" : {
        "self" : "https://api.nasa.gov/neo/rest/v1/neo/3307228?api_key=t0TVs3DtDT2H8Oy2Zy8m2eVrNsAVKAexjcZXUckd"
      },
      "neo_reference_id" : "3307228",
      "name" : "(2005 XT77)",
      "nasa_jpl_url" : "http://ssd.jpl.nasa.gov/sbdb.cgi?sstr=3307228",
      "absolute_magnitude_h" : 21.2,
      "estimated_diameter" : {
        "kilometers" : {
          "estimated_diameter_min" : 0.1529519353,
          "estimated_diameter_max" : 0.3420109247
        },
        "meters" : {
          "estimated_diameter_min" : 152.9519353442,
          "estimated_diameter_max" : 342.0109247198
        },
        "miles" : {
          "estimated_diameter_min" : 0.095039897,
          "estimated_diameter_max" : 0.2125156703
        },
        "feet" : {
          "estimated_diameter_min" : 501.8108275547,
          "estimated_diameter_max" : 1122.0831222578
        }
      },
      "is_potentially_hazardous_asteroid" : true,
      "close_approach_data" : [ {
        "close_approach_date" : "2005-12-15",
        "epoch_date_close_approach" : 1134633600000,
        "relative_velocity" : {
          "kilometers_per_second" : "9.7750803318",
          "kilometers_per_hour" : "35190.2891943068",
          "miles_per_hour" : "21865.8771940958"
        },
        "miss_distance" : {
          "astronomical" : "0.0709370153",
          "lunar" : "27.594499588",
          "kilometers" : "10612027",
          "miles" : "6594007.5"
        },
        "orbiting_body" : "Earth"
      } ],
      "orbital_data" : {
        "orbit_id" : "26",
        "orbit_determination_date" : "2017-04-06 09:09:38",
        "orbit_uncertainty" : "0",
        "minimum_orbit_intersection" : ".0278008",
        "jupiter_tisserand_invariant" : "6.927",
        "epoch_osculation" : "2458000.5",
        "eccentricity" : ".2662892490503571",
        "semi_major_axis" : ".8410412387622234",
        "inclination" : "17.21951849748949",
        "ascending_node_longitude" : "84.81940399453119",
        "orbital_period" : "281.7243356844349",
        "perihelion_distance" : ".6170809988718489",
        "perihelion_argument" : "149.9371528936231",
        "aphelion_distance" : "1.065001478652598",
        "perihelion_time" : "2458052.316455126139",
        "mean_anomaly" : "293.7866081036588",
        "mean_motion" : "1.277844880263532",
        "equinox" : "J2000"
      }
    } ]
  }
}