{
  "links" : {
    "next" : "https://api.nasa.gov/neo/rest/v1/feed?start_date=2004-04-16&end_date=2004-04-16&detailed=true&api_key=t0TVs3DtDT2H8Oy2Zy8m2eVrNsAVKAexjcZXUckd",
    "prev" : "https://api.nasa.gov/neo/rest/v1/feed?start_date=2004-04-14&end_date=2004-04-14&detailed=true&api_key=t0TVs3DtDT2H8Oy2Zy8m2eVrNsAVKAexjcZXUckd",
    "self" : "https://api.nasa.gov/neo/rest/v1/feed?start_date=2004-04-15&end_date=2004-04-15&detailed=true&api_key=t0TVs3DtDT2H8Oy2Zy8m2eVrNsAVKAexjcZXUckd"
  },
  "element_count" : 8,
  "near_earth_objects" : {
    "2004-04-15" : [ {
      "links" : {
        "self" : "https://api.nasa.gov/neo/rest/v1/neo/3182184?api_key=t0TVs3DtDT2H8Oy2Zy8m2eVrNsAVKAexjcZXUckd"
      },
      "neo_reference_id" : "3182184",
      "name" : "(2004 JU20)",
      "nasa_jpl_url" : "http://ssd.jpl.nasa.gov/sbdb.cgi?sstr=3182184",
      "absolute_magnitude_h" : 25.3,
      "estimated_diameter" : {
        "kilometers" : {
          "estimated_diameter_min" : 0.0231502122,
          "estimated_diameter_max" : 0.0517654482
        },
        "meters" : {
          "estimated_diameter_min" : 23.150212221,
          "estimated_diameter_max" : 51.7654482198
        },
        "miles" : {
          "estimated_diameter_min" : 0.0143848705,
          "estimated_diameter_max" : 0.0321655483
        },
        "feet" : {
          "estimated_diameter_min" : 75.9521422633,
          "estimated_diameter_max" : 169.8341531374
        }
      },
      "is_potentially_hazardous_asteroid" : false,
      "close_approach_data" : [ {
        "close_approach_date" : "2004-04-15",
        "epoch_date_close_approach" : 1082012400000,
        "relative_velocity" : {
          "kilometers_per_second" : "3.6732820064",
          "kilometers_per_hour" : "13223.8152231097",
          "miles_per_hour" : "8216.7645201594"
        },
        "miss_distance" : {
          "astronomical" : "0.1008246793",
          "lunar" : "39.2207984924",
          "kilometers" : "15083157",
          "miles" : "9372239"
        },
        "orbiting_body" : "Earth"
      } ],
      "orbital_data" : {
        "orbit_id" : "6",
        "orbit_determination_date" : "2017-04-06 09:12:46",
        "orbit_uncertainty" : "9",
        "minimum_orbit_intersection" : ".0984829",
        "jupiter_tisserand_invariant" : "4.508",
        "epoch_osculation" : "2453139.5",
        "eccentricity" : ".2752068125000933",
        "semi_major_axis" : "1.494112204682",
        "inclination" : "5.596565019942163",
        "ascending_node_longitude" : "52.55604884195644",
        "orbital_period" : "667.0728218750538",
        "perihelion_distance" : "1.08292234731398",
        "perihelion_argument" : "138.6153087183991",
        "aphelion_distance" : "1.90530206205002",
        "perihelion_time" : "2453095.061418365428",
        "mean_anomaly" : "23.98222332530047",
        "mean_motion" : ".5396712145880677",
        "equinox" : "J2000"
      }
    }, {
      "links" : {
        "self" : "https://api.nasa.gov/neo/rest/v1/neo/3064315?api_key=t0TVs3DtDT2H8Oy2Zy8m2eVrNsAVKAexjcZXUckd"
      },
      "neo_reference_id" : "3064315",
      "name" : "(1998 XN17)",
      "nasa_jpl_url" : "http://ssd.jpl.nasa.gov/sbdb.cgi?sstr=3064315",
      "absolute_magnitude_h" : 22.8,
      "estimated_diameter" : {
        "kilometers" : {
          "estimated_diameter_min" : 0.0732073989,
          "estimated_diameter_max" : 0.1636967205
        },
        "meters" : {
          "estimated_diameter_min" : 73.2073989347,
          "estimated_diameter_max" : 163.696720474
        },
        "miles" : {
          "estimated_diameter_min" : 0.0454889547,
          "estimated_diameter_max" : 0.1017163949
        },
        "feet" : {
          "estimated_diameter_min" : 240.181762721,
          "estimated_diameter_max" : 537.0627483999
        }
      },
      "is_potentially_hazardous_asteroid" : false,
      "close_approach_data" : [ {
        "close_approach_date" : "2004-04-15",
        "epoch_date_close_approach" : 1082012400000,
        "relative_velocity" : {
          "kilometers_per_second" : "10.6010744134",
          "kilometers_per_hour" : "38163.8678881986",
          "miles_per_hour" : "23713.5433553087"
        },
        "miss_distance" : {
          "astronomical" : "0.1598104735",
          "lunar" : "62.1662712097",
          "kilometers" : "23907306",
          "miles" : "14855311"
        },
        "orbiting_body" : "Earth"
      } ],
      "orbital_data" : {
        "orbit_id" : "13",
        "orbit_determination_date" : "2017-04-06 09:17:35",
        "orbit_uncertainty" : "2",
        "minimum_orbit_intersection" : ".056298",
        "jupiter_tisserand_invariant" : "6.139",
        "epoch_osculation" : "2458000.5",
        "eccentricity" : ".2100459595220524",
        "semi_major_axis" : ".9824514695648709",
        "inclination" : "7.242001269771178",
        "ascending_node_longitude" : "85.92910283522252",
        "orbital_period" : "355.6846202667346",
        "perihelion_distance" : ".7760915079562672",
        "perihelion_argument" : "226.5058230347315",
        "aphelion_distance" : "1.188811431173475",
        "perihelion_time" : "2458163.073388861199",
        "mean_anomaly" : "195.4541730082638",
        "mean_motion" : "1.012132601432216",
        "equinox" : "J2000"
      }
    }, {
      "links" : {
        "self" : "https://api.nasa.gov/neo/rest/v1/neo/3160748?api_key=t0TVs3DtDT2H8Oy2Zy8m2eVrNsAVKAexjcZXUckd"
      },
      "neo_reference_id" : "3160748",
      "name" : "(2003 SW130)",
      "nasa_jpl_url" : "http://ssd.jpl.nasa.gov/sbdb.cgi?sstr=3160748",
      "absolute_magnitude_h" : 29.1,
      "estimated_diameter" : {
        "kilometers" : {
          "estimated_diameter_min" : 0.0040230458,
          "estimated_diameter_max" : 0.0089958039
        },
        "meters" : {
          "estimated_diameter_min" : 4.0230457983,
          "estimated_diameter_max" : 8.9958038817
        },
        "miles" : {
          "estimated_diameter_min" : 0.002499804,
          "estimated_diameter_max" : 0.0055897317
        },
        "feet" : {
          "estimated_diameter_min" : 13.198969577,
          "estimated_diameter_max" : 29.5137932072
        }
      },
      "is_potentially_hazardous_asteroid" : false,
      "close_approach_data" : [ {
        "close_approach_date" : "2004-04-15",
        "epoch_date_close_approach" : 1082012400000,
        "relative_velocity" : {
          "kilometers_per_second" : "13.2093245427",
          "kilometers_per_hour" : "47553.5683537013",
          "miles_per_hour" : "29547.938069554"
        },
        "miss_distance" : {
          "astronomical" : "0.3800160887",
          "lunar" : "147.8262634277",
          "kilometers" : "56849600",
          "miles" : "35324704"
        },
        "orbiting_body" : "Earth"
      } ],
      "orbital_data" : {
        "orbit_id" : "8",
        "orbit_determination_date" : "2017-04-06 09:13:48",
        "orbit_uncertainty" : "6",
        "minimum_orbit_intersection" : ".000786163",
        "jupiter_tisserand_invariant" : "6.671",
        "epoch_osculation" : "2458000.5",
        "eccentricity" : ".3042872619563065",
        "semi_major_axis" : ".8837984709450448",
        "inclination" : "3.669438817754838",
        "ascending_node_longitude" : "176.4091170359373",
        "orbital_period" : "303.4787563423772",
        "perihelion_distance" : ".6148698541000068",
        "perihelion_argument" : "47.7591056089857",
        "aphelion_distance" : "1.152727087790083",
        "perihelion_time" : "2457979.600653171576",
        "mean_anomaly" : "24.79173484467748",
        "mean_motion" : "1.18624448161985",
        "equinox" : "J2000"
      }
    }, {
      "links" : {
        "self" : "https://api.nasa.gov/neo/rest/v1/neo/3634347?api_key=t0TVs3DtDT2H8Oy2Zy8m2eVrNsAVKAexjcZXUckd"
      },
      "neo_reference_id" : "3634347",
      "name" : "(2013 GC34)",
      "nasa_jpl_url" : "http://ssd.jpl.nasa.gov/sbdb.cgi?sstr=3634347",
      "absolute_magnitude_h" : 20.7,
      "estimated_diameter" : {
        "kilometers" : {
          "estimated_diameter_min" : 0.1925550782,
          "estimated_diameter_max" : 0.4305662442
        },
        "meters" : {
          "estimated_diameter_min" : 192.5550781879,
          "estimated_diameter_max" : 430.566244241
        },
        "miles" : {
          "estimated_diameter_min" : 0.1196481415,
          "estimated_diameter_max" : 0.2675413778
        },
        "feet" : {
          "estimated_diameter_min" : 631.7424027221,
          "estimated_diameter_max" : 1412.6189567557
        }
      },
      "is_potentially_hazardous_asteroid" : false,
      "close_approach_data" : [ {
        "close_approach_date" : "2004-04-15",
        "epoch_date_close_approach" : 1082012400000,
        "relative_velocity" : {
          "kilometers_per_second" : "11.0980862083",
          "kilometers_per_hour" : "39953.110349911",
          "miles_per_hour" : "24825.3090393655"
        },
        "miss_distance" : {
          "astronomical" : "0.4469364227",
          "lunar" : "173.8582763672",
          "kilometers" : "66860740",
          "miles" : "41545336"
        },
        "orbiting_body" : "Earth"
      } ],
      "orbital_data" : {
        "orbit_id" : "23",
        "orbit_determination_date" : "2017-04-06 08:46:15",
        "orbit_uncertainty" : "4",
        "minimum_orbit_intersection" : ".279237",
        "jupiter_tisserand_invariant" : "3.062",
        "epoch_osculation" : "2458000.5",
        "eccentricity" : ".5372956008018425",
        "semi_major_axis" : "2.703774927894261",
        "inclination" : "20.71895167537411",
        "ascending_node_longitude" : "195.3080043089375",
        "orbital_period" : "1623.881116679363",
        "perihelion_distance" : "1.251048553578356",
        "perihelion_argument" : "28.50590072896016",
        "aphelion_distance" : "4.156501302210166",
        "perihelion_time" : "2458039.163143472419",
        "mean_anomaly" : "351.4287249804757",
        "mean_motion" : ".2216911055263428",
        "equinox" : "J2000"
      }
    }, {
      "links" : {
        "self" : "https://api.nasa.gov/neo/rest/v1/neo/3667139?api_key=t0TVs3DtDT2H8Oy2Zy8m2eVrNsAVKAexjcZXUckd"
      },
      "neo_reference_id" : "3667139",
      "name" : "(2014 GJ45)",
      "nasa_jpl_url" : "http://ssd.jpl.nasa.gov/sbdb.cgi?sstr=3667139",
      "absolute_magnitude_h" : 23.6,
      "estimated_diameter" : {
        "kilometers" : {
          "estimated_diameter_min" : 0.0506471459,
          "estimated_diameter_max" : 0.1132504611
        },
        "meters" : {
          "estimated_diameter_min" : 50.6471458835,
          "estimated_diameter_max" : 113.2504610618
        },
        "miles" : {
          "estimated_diameter_min" : 0.0314706677,
          "estimated_diameter_max" : 0.0703705522
        },
        "feet" : {
          "estimated_diameter_min" : 166.1651821003,
          "estimated_diameter_max" : 371.5566426699
        }
      },
      "is_potentially_hazardous_asteroid" : false,
      "close_approach_data" : [ {
        "close_approach_date" : "2004-04-15",
        "epoch_date_close_approach" : 1082012400000,
        "relative_velocity" : {
          "kilometers_per_second" : "12.4271426522",
          "kilometers_per_hour" : "44737.7135479715",
          "miles_per_hour" : "27798.2753987382"
        },
        "miss_distance" : {
          "astronomical" : "0.1184400693",
          "lunar" : "46.0731887817",
          "kilometers" : "17718382",
          "miles" : "11009692"
        },
        "orbiting_body" : "Earth"
      } ],
      "orbital_data" : {
        "orbit_id" : "13",
        "orbit_determination_date" : "2017-04-06 08:41:38",
        "orbit_uncertainty" : "7",
        "minimum_orbit_intersection" : ".0530552",
        "jupiter_tisserand_invariant" : "6.295",
        "epoch_osculation" : "2458000.5",
        "eccentricity" : ".327887181555253",
        "semi_major_axis" : ".9379131387295686",
        "inclination" : "21.32525707005096",
        "ascending_node_longitude" : "22.04468853521512",
        "orbital_period" : "331.7740057949129",
        "perihelion_distance" : ".6303834431278893",
        "perihelion_argument" : "312.35368150",
        "aphelion_distance" : "1.245442834331248",
        "perihelion_time" : "2457847.943804725172",
        "mean_anomaly" : "165.5350610345502",
        "mean_motion" : "1.08507596650756",
        "equinox" : "J2000"
      }
    }, {
      "links" : {
        "self" : "https://api.nasa.gov/neo/rest/v1/neo/3733264?api_key=t0TVs3DtDT2H8Oy2Zy8m2eVrNsAVKAexjcZXUckd"
      },
      "neo_reference_id" : "3733264",
      "name" : "(2015 VC2)",
      "nasa_jpl_url" : "http://ssd.jpl.nasa.gov/sbdb.cgi?sstr=3733264",
      "absolute_magnitude_h" : 27.4,
      "estimated_diameter" : {
        "kilometers" : {
          "estimated_diameter_min" : 0.0088014652,
          "estimated_diameter_max" : 0.0196806745
        },
        "meters" : {
          "estimated_diameter_min" : 8.801465209,
          "estimated_diameter_max" : 19.6806745089
        },
        "miles" : {
          "estimated_diameter_min" : 0.0054689752,
          "estimated_diameter_max" : 0.0122290004
        },
        "feet" : {
          "estimated_diameter_min" : 28.8761991163,
          "estimated_diameter_max" : 64.5691441559
        }
      },
      "is_potentially_hazardous_asteroid" : false,
      "close_approach_data" : [ {
        "close_approach_date" : "2004-04-15",
        "epoch_date_close_approach" : 1082012400000,
        "relative_velocity" : {
          "kilometers_per_second" : "15.3466101624",
          "kilometers_per_hour" : "55247.7965845522",
          "miles_per_hour" : "34328.832272218"
        },
        "miss_distance" : {
          "astronomical" : "0.471501025",
          "lunar" : "183.4138946533",
          "kilometers" : "70535552",
          "miles" : "43828760"
        },
        "orbiting_body" : "Earth"
      } ],
      "orbital_data" : {
        "orbit_id" : "34",
        "orbit_determination_date" : "2017-04-06 08:30:57",
        "orbit_uncertainty" : "2",
        "minimum_orbit_intersection" : ".00841133",
        "jupiter_tisserand_invariant" : "5.838",
        "epoch_osculation" : "2458000.5",
        "eccentricity" : ".07439113124586604",
        "semi_major_axis" : "1.053107596302084",
        "inclination" : ".8676606783915669",
        "ascending_node_longitude" : "186.1789980473172",
        "orbital_period" : "394.7367353944371",
        "perihelion_distance" : ".974765730889557",
        "perihelion_argument" : "288.2052119139769",
        "aphelion_distance" : "1.13144946171461",
        "perihelion_time" : "2458192.407696120347",
        "mean_anomaly" : "184.9801338244064",
        "mean_motion" : ".9120002465447593",
        "equinox" : "J2000"
      }
    }, {
      "links" : {
        "self" : "https://api.nasa.gov/neo/rest/v1/neo/3736681?api_key=t0TVs3DtDT2H8Oy2Zy8m2eVrNsAVKAexjcZXUckd"
      },
      "neo_reference_id" : "3736681",
      "name" : "(2015 XF352)",
      "nasa_jpl_url" : "http://ssd.jpl.nasa.gov/sbdb.cgi?sstr=3736681",
      "absolute_magnitude_h" : 21.2,
      "estimated_diameter" : {
        "kilometers" : {
          "estimated_diameter_min" : 0.1529519353,
          "estimated_diameter_max" : 0.3420109247
        },
        "meters" : {
          "estimated_diameter_min" : 152.9519353442,
          "estimated_diameter_max" : 342.0109247198
        },
        "miles" : {
          "estimated_diameter_min" : 0.095039897,
          "estimated_diameter_max" : 0.2125156703
        },
        "feet" : {
          "estimated_diameter_min" : 501.8108275547,
          "estimated_diameter_max" : 1122.0831222578
        }
      },
      "is_potentially_hazardous_asteroid" : false,
      "close_approach_data" : [ {
        "close_approach_date" : "2004-04-15",
        "epoch_date_close_approach" : 1082012400000,
        "relative_velocity" : {
          "kilometers_per_second" : "21.754283489",
          "kilometers_per_hour" : "78315.4205603726",
          "miles_per_hour" : "48662.1567365271"
        },
        "miss_distance" : {
          "astronomical" : "0.2167921653",
          "lunar" : "84.3321533203",
          "kilometers" : "32431646",
          "miles" : "20152090"
        },
        "orbiting_body" : "Earth"
      } ],
      "orbital_data" : {
        "orbit_id" : "14",
        "orbit_determination_date" : "2017-04-06 08:29:52",
        "orbit_uncertainty" : "7",
        "minimum_orbit_intersection" : ".0648543",
        "jupiter_tisserand_invariant" : "5.003",
        "epoch_osculation" : "2458000.5",
        "eccentricity" : ".4968008238937052",
        "semi_major_axis" : "1.252928596236315",
        "inclination" : "3.915982915369544",
        "ascending_node_longitude" : "301.5112848954225",
        "orbital_period" : "512.2570086477867",
        "perihelion_distance" : ".6304726373461301",
        "perihelion_argument" : "11.07935065508821",
        "aphelion_distance" : "1.875384555126499",
        "perihelion_time" : "2457776.394373651607",
        "mean_anomaly" : "157.4952106529274",
        "mean_motion" : ".7027722294133134",
        "equinox" : "J2000"
      }
    }, {
      "links" : {
        "self" : "https://api.nasa.gov/neo/rest/v1/neo/3773991?api_key=t0TVs3DtDT2H8Oy2Zy8m2eVrNsAVKAexjcZXUckd"
      },
      "neo_reference_id" : "3773991",
      "name" : "(2017 GB8)",
      "nasa_jpl_url" : "http://ssd.jpl.nasa.gov/sbdb.cgi?sstr=3773991",
      "absolute_magnitude_h" : 19.845,
      "estimated_diameter" : {
        "kilometers" : {
          "estimated_diameter_min" : 0.2854663858,
          "estimated_diameter_max" : 0.6383222439
        },
        "meters" : {
          "estimated_diameter_min" : 285.4663858003,
          "estimated_diameter_max" : 638.3222439407
        },
        "miles" : {
          "estimated_diameter_min" : 0.1773805336,
          "estimated_diameter_max" : 0.396634931
        },
        "feet" : {
          "estimated_diameter_min" : 936.5695371891,
          "estimated_diameter_max" : 2094.2331508103
        }
      },
      "is_potentially_hazardous_asteroid" : false,
      "close_approach_data" : [ {
        "close_approach_date" : "2004-04-15",
        "epoch_date_close_approach" : 1082012400000,
        "relative_velocity" : {
          "kilometers_per_second" : "29.1878631099",
          "kilometers_per_hour" : "105076.307195478",
          "miles_per_hour" : "65290.3309904347"
        },
        "miss_distance" : {
          "astronomical" : "0.2512217812",
          "lunar" : "97.7252731323",
          "kilometers" : "37582244",
          "miles" : "23352524"
        },
        "orbiting_body" : "Earth"
      } ],
      "orbital_data" : {
        "orbit_id" : "19",
        "orbit_determination_date" : "2017-05-30 06:17:56",
        "orbit_uncertainty" : "6",
        "minimum_orbit_intersection" : ".116804",
        "jupiter_tisserand_invariant" : "4.209",
        "epoch_osculation" : "2458000.5",
        "eccentricity" : ".7025354781313072",
        "semi_major_axis" : "1.506667936361974",
        "inclination" : "9.413355656157256",
        "ascending_node_longitude" : "60.8793995393068",
        "orbital_period" : "675.4990553011252",
        "perihelion_distance" : ".4481802573048047",
        "perihelion_argument" : "24.66070621986279",
        "aphelion_distance" : "2.565155615419143",
        "perihelion_time" : "2457796.061094714277",
        "mean_anomaly" : "108.9535289876188",
        "mean_motion" : ".532939309351837",
        "equinox" : "J2000"
      }
    } ]
  }
}