{
  "links" : {
    "next" : "https://api.nasa.gov/neo/rest/v1/feed?start_date=1998-03-16&end_date=1998-03-16&detailed=true&api_key=t0TVs3DtDT2H8Oy2Zy8m2eVrNsAVKAexjcZXUckd",
    "prev" : "https://api.nasa.gov/neo/rest/v1/feed?start_date=1998-03-14&end_date=1998-03-14&detailed=true&api_key=t0TVs3DtDT2H8Oy2Zy8m2eVrNsAVKAexjcZXUckd",
    "self" : "https://api.nasa.gov/neo/rest/v1/feed?start_date=1998-03-15&end_date=1998-03-15&detailed=true&api_key=t0TVs3DtDT2H8Oy2Zy8m2eVrNsAVKAexjcZXUckd"
  },
  "element_count" : 9,
  "near_earth_objects" : {
    "1998-03-15" : [ {
      "links" : {
        "self" : "https://api.nasa.gov/neo/rest/v1/neo/2100756?api_key=t0TVs3DtDT2H8Oy2Zy8m2eVrNsAVKAexjcZXUckd"
      },
      "neo_reference_id" : "2100756",
      "name" : "100756 (1998 FM5)",
      "nasa_jpl_url" : "http://ssd.jpl.nasa.gov/sbdb.cgi?sstr=2100756",
      "absolute_magnitude_h" : 16.3,
      "estimated_diameter" : {
        "kilometers" : {
          "estimated_diameter_min" : 1.4606796427,
          "estimated_diameter_max" : 3.2661789745
        },
        "meters" : {
          "estimated_diameter_min" : 1460.6796427136,
          "estimated_diameter_max" : 3266.1789744576
        },
        "miles" : {
          "estimated_diameter_min" : 0.9076239703,
          "estimated_diameter_max" : 2.0295088955
        },
        "feet" : {
          "estimated_diameter_min" : 4792.2561990004,
          "estimated_diameter_max" : 10715.8106265596
        }
      },
      "is_potentially_hazardous_asteroid" : false,
      "close_approach_data" : [ {
        "close_approach_date" : "1998-03-15",
        "epoch_date_close_approach" : 889948800000,
        "relative_velocity" : {
          "kilometers_per_second" : "15.7028111022",
          "kilometers_per_hour" : "56530.1199680964",
          "miles_per_hour" : "35125.6181546208"
        },
        "miss_distance" : {
          "astronomical" : "0.2408289455",
          "lunar" : "93.6824569702",
          "kilometers" : "36027496",
          "miles" : "22386450"
        },
        "orbiting_body" : "Earth"
      } ],
      "orbital_data" : {
        "orbit_id" : "154",
        "orbit_determination_date" : "2017-09-13 06:19:14",
        "orbit_uncertainty" : "0",
        "minimum_orbit_intersection" : ".102054",
        "jupiter_tisserand_invariant" : "3.372",
        "epoch_osculation" : "2458000.5",
        "eccentricity" : ".5516418204524882",
        "semi_major_axis" : "2.269188677667739",
        "inclination" : "11.52593524813328",
        "ascending_node_longitude" : "176.859201400188",
        "orbital_period" : "1248.545399597102",
        "perihelion_distance" : "1.017409304568933",
        "perihelion_argument" : "311.6479835232465",
        "aphelion_distance" : "3.520968050766546",
        "perihelion_time" : "2458338.445104466833",
        "mean_anomaly" : "262.5584190632405",
        "mean_motion" : ".2883355303829319",
        "equinox" : "J2000"
      }
    }, {
      "links" : {
        "self" : "https://api.nasa.gov/neo/rest/v1/neo/2138258?api_key=t0TVs3DtDT2H8Oy2Zy8m2eVrNsAVKAexjcZXUckd"
      },
      "neo_reference_id" : "2138258",
      "name" : "138258 (2000 GD2)",
      "nasa_jpl_url" : "http://ssd.jpl.nasa.gov/sbdb.cgi?sstr=2138258",
      "absolute_magnitude_h" : 19.1,
      "estimated_diameter" : {
        "kilometers" : {
          "estimated_diameter_min" : 0.4023045798,
          "estimated_diameter_max" : 0.8995803882
        },
        "meters" : {
          "estimated_diameter_min" : 402.3045798343,
          "estimated_diameter_max" : 899.5803881691
        },
        "miles" : {
          "estimated_diameter_min" : 0.2499803991,
          "estimated_diameter_max" : 0.5589731654
        },
        "feet" : {
          "estimated_diameter_min" : 1319.8969577037,
          "estimated_diameter_max" : 2951.3793207207
        }
      },
      "is_potentially_hazardous_asteroid" : false,
      "close_approach_data" : [ {
        "close_approach_date" : "1998-03-15",
        "epoch_date_close_approach" : 889948800000,
        "relative_velocity" : {
          "kilometers_per_second" : "20.9539081324",
          "kilometers_per_hour" : "75434.0692764892",
          "miles_per_hour" : "46871.7971012718"
        },
        "miss_distance" : {
          "astronomical" : "0.1957889179",
          "lunar" : "76.1618881226",
          "kilometers" : "29289606",
          "miles" : "18199718"
        },
        "orbiting_body" : "Earth"
      } ],
      "orbital_data" : {
        "orbit_id" : "39",
        "orbit_determination_date" : "2017-04-06 09:27:47",
        "orbit_uncertainty" : "0",
        "minimum_orbit_intersection" : ".0729109",
        "jupiter_tisserand_invariant" : "7.435",
        "epoch_osculation" : "2458000.5",
        "eccentricity" : ".476771064756976",
        "semi_major_axis" : ".7577328865407742",
        "inclination" : "32.14000392635563",
        "ascending_node_longitude" : "358.1300129096701",
        "orbital_period" : "240.9198764221961",
        "perihelion_distance" : ".3964677714233524",
        "perihelion_argument" : "16.96992726827366",
        "aphelion_distance" : "1.118998001658196",
        "perihelion_time" : "2458043.950307866270",
        "mean_anomaly" : "295.0733901073178",
        "mean_motion" : "1.49427272397037",
        "equinox" : "J2000"
      }
    }, {
      "links" : {
        "self" : "https://api.nasa.gov/neo/rest/v1/neo/3092173?api_key=t0TVs3DtDT2H8Oy2Zy8m2eVrNsAVKAexjcZXUckd"
      },
      "neo_reference_id" : "3092173",
      "name" : "(1998 FJ74)",
      "nasa_jpl_url" : "http://ssd.jpl.nasa.gov/sbdb.cgi?sstr=3092173",
      "absolute_magnitude_h" : 18.8,
      "estimated_diameter" : {
        "kilometers" : {
          "estimated_diameter_min" : 0.4619074603,
          "estimated_diameter_max" : 1.0328564805
        },
        "meters" : {
          "estimated_diameter_min" : 461.9074602816,
          "estimated_diameter_max" : 1032.8564805039
        },
        "miles" : {
          "estimated_diameter_min" : 0.2870159005,
          "estimated_diameter_max" : 0.6417870641
        },
        "feet" : {
          "estimated_diameter_min" : 1515.4444719902,
          "estimated_diameter_max" : 3388.6368554964
        }
      },
      "is_potentially_hazardous_asteroid" : false,
      "close_approach_data" : [ {
        "close_approach_date" : "1998-03-15",
        "epoch_date_close_approach" : 889948800000,
        "relative_velocity" : {
          "kilometers_per_second" : "14.1885235352",
          "kilometers_per_hour" : "51078.6847267974",
          "miles_per_hour" : "31738.308295937"
        },
        "miss_distance" : {
          "astronomical" : "0.4406348985",
          "lunar" : "171.4069824219",
          "kilometers" : "65918044",
          "miles" : "40959572"
        },
        "orbiting_body" : "Earth"
      } ],
      "orbital_data" : {
        "orbit_id" : "17",
        "orbit_determination_date" : "2017-04-06 09:17:51",
        "orbit_uncertainty" : "0",
        "minimum_orbit_intersection" : ".360761",
        "jupiter_tisserand_invariant" : "3.186",
        "epoch_osculation" : "2458000.5",
        "eccentricity" : ".5380650750707939",
        "semi_major_axis" : "2.388341847556277",
        "inclination" : "28.11804183647584",
        "ascending_node_longitude" : "197.09813519544",
        "orbital_period" : "1348.165344847602",
        "perihelion_distance" : "1.10325851205619",
        "perihelion_argument" : "282.9202293064269",
        "aphelion_distance" : "3.673425183056364",
        "perihelion_time" : "2457560.377137030496",
        "mean_anomaly" : "117.5258148227598",
        "mean_motion" : ".2670295608590168",
        "equinox" : "J2000"
      }
    }, {
      "links" : {
        "self" : "https://api.nasa.gov/neo/rest/v1/neo/3025767?api_key=t0TVs3DtDT2H8Oy2Zy8m2eVrNsAVKAexjcZXUckd"
      },
      "neo_reference_id" : "3025767",
      "name" : "(2000 AF205)",
      "nasa_jpl_url" : "http://ssd.jpl.nasa.gov/sbdb.cgi?sstr=3025767",
      "absolute_magnitude_h" : 21.7,
      "estimated_diameter" : {
        "kilometers" : {
          "estimated_diameter_min" : 0.1214940408,
          "estimated_diameter_max" : 0.2716689341
        },
        "meters" : {
          "estimated_diameter_min" : 121.4940407996,
          "estimated_diameter_max" : 271.6689340891
        },
        "miles" : {
          "estimated_diameter_min" : 0.0754928736,
          "estimated_diameter_max" : 0.1688071972
        },
        "feet" : {
          "estimated_diameter_min" : 398.6025088171,
          "estimated_diameter_max" : 891.3023057169
        }
      },
      "is_potentially_hazardous_asteroid" : true,
      "close_approach_data" : [ {
        "close_approach_date" : "1998-03-15",
        "epoch_date_close_approach" : 889948800000,
        "relative_velocity" : {
          "kilometers_per_second" : "7.914396784",
          "kilometers_per_hour" : "28491.8284222259",
          "miles_per_hour" : "17703.7141660214"
        },
        "miss_distance" : {
          "astronomical" : "0.327231024",
          "lunar" : "127.2928695679",
          "kilometers" : "48953064",
          "miles" : "30418024"
        },
        "orbiting_body" : "Earth"
      } ],
      "orbital_data" : {
        "orbit_id" : "32",
        "orbit_determination_date" : "2017-05-05 06:17:53",
        "orbit_uncertainty" : "1",
        "minimum_orbit_intersection" : ".0181098",
        "jupiter_tisserand_invariant" : "5.889",
        "epoch_osculation" : "2457800.5",
        "eccentricity" : ".2768393823938556",
        "semi_major_axis" : "1.033858498481567",
        "inclination" : "2.409314764131289",
        "ascending_node_longitude" : "220.0946417577138",
        "orbital_period" : "383.9636221543913",
        "perihelion_distance" : ".7476457502792913",
        "perihelion_argument" : "127.3831632099929",
        "aphelion_distance" : "1.320071246683843",
        "perihelion_time" : "2457982.817862024249",
        "mean_anomaly" : "189.0608106037239",
        "mean_motion" : ".9375888215140454",
        "equinox" : "J2000"
      }
    }, {
      "links" : {
        "self" : "https://api.nasa.gov/neo/rest/v1/neo/3351481?api_key=t0TVs3DtDT2H8Oy2Zy8m2eVrNsAVKAexjcZXUckd"
      },
      "neo_reference_id" : "3351481",
      "name" : "(2006 UX1)",
      "nasa_jpl_url" : "http://ssd.jpl.nasa.gov/sbdb.cgi?sstr=3351481",
      "absolute_magnitude_h" : 21.0,
      "estimated_diameter" : {
        "kilometers" : {
          "estimated_diameter_min" : 0.1677084622,
          "estimated_diameter_max" : 0.3750075218
        },
        "meters" : {
          "estimated_diameter_min" : 167.7084621628,
          "estimated_diameter_max" : 375.0075217981
        },
        "miles" : {
          "estimated_diameter_min" : 0.1042091748,
          "estimated_diameter_max" : 0.2330187988
        },
        "feet" : {
          "estimated_diameter_min" : 550.2246310023,
          "estimated_diameter_max" : 1230.3396778159
        }
      },
      "is_potentially_hazardous_asteroid" : false,
      "close_approach_data" : [ {
        "close_approach_date" : "1998-03-15",
        "epoch_date_close_approach" : 889948800000,
        "relative_velocity" : {
          "kilometers_per_second" : "11.9882981591",
          "kilometers_per_hour" : "43157.8733726329",
          "miles_per_hour" : "26816.6241520118"
        },
        "miss_distance" : {
          "astronomical" : "0.2616190947",
          "lunar" : "101.7698287964",
          "kilometers" : "39137660",
          "miles" : "24319014"
        },
        "orbiting_body" : "Earth"
      } ],
      "orbital_data" : {
        "orbit_id" : "13",
        "orbit_determination_date" : "2017-04-06 09:07:51",
        "orbit_uncertainty" : "1",
        "minimum_orbit_intersection" : ".261909",
        "jupiter_tisserand_invariant" : "4.011",
        "epoch_osculation" : "2458000.5",
        "eccentricity" : ".3973759699775932",
        "semi_major_axis" : "1.721718527324035",
        "inclination" : "20.47600296124342",
        "ascending_node_longitude" : "21.01907432268458",
        "orbital_period" : "825.1666292181042",
        "perihelion_distance" : "1.037548957500253",
        "perihelion_argument" : "96.31332084633189",
        "aphelion_distance" : "2.405888097147816",
        "perihelion_time" : "2458256.659355324627",
        "mean_anomaly" : "248.2439441301118",
        "mean_motion" : ".4362755196985147",
        "equinox" : "J2000"
      }
    }, {
      "links" : {
        "self" : "https://api.nasa.gov/neo/rest/v1/neo/3467216?api_key=t0TVs3DtDT2H8Oy2Zy8m2eVrNsAVKAexjcZXUckd"
      },
      "neo_reference_id" : "3467216",
      "name" : "(2009 SV)",
      "nasa_jpl_url" : "http://ssd.jpl.nasa.gov/sbdb.cgi?sstr=3467216",
      "absolute_magnitude_h" : 19.8,
      "estimated_diameter" : {
        "kilometers" : {
          "estimated_diameter_min" : 0.2914439045,
          "estimated_diameter_max" : 0.6516883822
        },
        "meters" : {
          "estimated_diameter_min" : 291.4439045349,
          "estimated_diameter_max" : 651.6883821679
        },
        "miles" : {
          "estimated_diameter_min" : 0.1810947904,
          "estimated_diameter_max" : 0.4049402617
        },
        "feet" : {
          "estimated_diameter_min" : 956.1808197541,
          "estimated_diameter_max" : 2138.0853117517
        }
      },
      "is_potentially_hazardous_asteroid" : false,
      "close_approach_data" : [ {
        "close_approach_date" : "1998-03-15",
        "epoch_date_close_approach" : 889948800000,
        "relative_velocity" : {
          "kilometers_per_second" : "16.9160883269",
          "kilometers_per_hour" : "60897.9179767334",
          "miles_per_hour" : "37839.5979783764"
        },
        "miss_distance" : {
          "astronomical" : "0.327354849",
          "lunar" : "127.3410339355",
          "kilometers" : "48971588",
          "miles" : "30429534"
        },
        "orbiting_body" : "Earth"
      } ],
      "orbital_data" : {
        "orbit_id" : "23",
        "orbit_determination_date" : "2016-09-22 06:15:50",
        "orbit_uncertainty" : "1",
        "minimum_orbit_intersection" : ".0670261",
        "jupiter_tisserand_invariant" : "4.454",
        "epoch_osculation" : "2457600.5",
        "eccentricity" : ".2783971004743233",
        "semi_major_axis" : "1.475757431134132",
        "inclination" : "24.93695974922126",
        "ascending_node_longitude" : "185.4162774223483",
        "orbital_period" : "654.8184312276933",
        "perihelion_distance" : "1.064910841302954",
        "perihelion_argument" : "4.621008532751001",
        "aphelion_distance" : "1.886604020965311",
        "perihelion_time" : "2457433.435413608618",
        "mean_anomaly" : "91.84721784348257",
        "mean_motion" : ".5497707193810201",
        "equinox" : "J2000"
      }
    }, {
      "links" : {
        "self" : "https://api.nasa.gov/neo/rest/v1/neo/3699514?api_key=t0TVs3DtDT2H8Oy2Zy8m2eVrNsAVKAexjcZXUckd"
      },
      "neo_reference_id" : "3699514",
      "name" : "(2014 WF365)",
      "nasa_jpl_url" : "http://ssd.jpl.nasa.gov/sbdb.cgi?sstr=3699514",
      "absolute_magnitude_h" : 17.2,
      "estimated_diameter" : {
        "kilometers" : {
          "estimated_diameter_min" : 0.9650614696,
          "estimated_diameter_max" : 2.1579430484
        },
        "meters" : {
          "estimated_diameter_min" : 965.0614695789,
          "estimated_diameter_max" : 2157.9430484443
        },
        "miles" : {
          "estimated_diameter_min" : 0.5996612104,
          "estimated_diameter_max" : 1.34088323
        },
        "feet" : {
          "estimated_diameter_min" : 3166.2122718533,
          "estimated_diameter_max" : 7079.8658710581
        }
      },
      "is_potentially_hazardous_asteroid" : false,
      "close_approach_data" : [ {
        "close_approach_date" : "1998-03-15",
        "epoch_date_close_approach" : 889948800000,
        "relative_velocity" : {
          "kilometers_per_second" : "26.6899110781",
          "kilometers_per_hour" : "96083.6798810372",
          "miles_per_hour" : "59702.6620905256"
        },
        "miss_distance" : {
          "astronomical" : "0.4541698446",
          "lunar" : "176.6720733643",
          "kilometers" : "67942840",
          "miles" : "42217724"
        },
        "orbiting_body" : "Earth"
      } ],
      "orbital_data" : {
        "orbit_id" : "41",
        "orbit_determination_date" : "2017-09-26 06:50:10",
        "orbit_uncertainty" : "1",
        "minimum_orbit_intersection" : ".288539",
        "jupiter_tisserand_invariant" : "3.112",
        "epoch_osculation" : "2458000.5",
        "eccentricity" : ".7634295603473189",
        "semi_major_axis" : "2.260228211595653",
        "inclination" : "17.89236175263101",
        "ascending_node_longitude" : "165.7701362410085",
        "orbital_period" : "1241.157408479784",
        "perihelion_distance" : ".5347031817325767",
        "perihelion_argument" : "15.14056388335034",
        "aphelion_distance" : "3.985753241458729",
        "perihelion_time" : "2458364.437426958264",
        "mean_anomaly" : "254.4392767510044",
        "mean_motion" : ".2900518480093041",
        "equinox" : "J2000"
      }
    }, {
      "links" : {
        "self" : "https://api.nasa.gov/neo/rest/v1/neo/2477248?api_key=t0TVs3DtDT2H8Oy2Zy8m2eVrNsAVKAexjcZXUckd"
      },
      "neo_reference_id" : "2477248",
      "name" : "477248 (2009 SV)",
      "nasa_jpl_url" : "http://ssd.jpl.nasa.gov/sbdb.cgi?sstr=2477248",
      "absolute_magnitude_h" : 19.8,
      "estimated_diameter" : {
        "kilometers" : {
          "estimated_diameter_min" : 0.2914439045,
          "estimated_diameter_max" : 0.6516883822
        },
        "meters" : {
          "estimated_diameter_min" : 291.4439045349,
          "estimated_diameter_max" : 651.6883821679
        },
        "miles" : {
          "estimated_diameter_min" : 0.1810947904,
          "estimated_diameter_max" : 0.4049402617
        },
        "feet" : {
          "estimated_diameter_min" : 956.1808197541,
          "estimated_diameter_max" : 2138.0853117517
        }
      },
      "is_potentially_hazardous_asteroid" : false,
      "close_approach_data" : [ {
        "close_approach_date" : "1998-03-15",
        "epoch_date_close_approach" : 889948800000,
        "relative_velocity" : {
          "kilometers_per_second" : "16.9161389933",
          "kilometers_per_hour" : "60898.1003758818",
          "miles_per_hour" : "37839.7113141139"
        },
        "miss_distance" : {
          "astronomical" : "0.3273585028",
          "lunar" : "127.3424606323",
          "kilometers" : "48972136",
          "miles" : "30429876"
        },
        "orbiting_body" : "Earth"
      } ],
      "orbital_data" : {
        "orbit_id" : "25",
        "orbit_determination_date" : "2017-04-06 09:19:01",
        "orbit_uncertainty" : "1",
        "minimum_orbit_intersection" : ".0693314",
        "jupiter_tisserand_invariant" : "4.454",
        "epoch_osculation" : "2458000.5",
        "eccentricity" : ".278391010550521",
        "semi_major_axis" : "1.475725210188854",
        "inclination" : "24.93678627031341",
        "ascending_node_longitude" : "185.4147754112901",
        "orbital_period" : "654.7969858804818",
        "perihelion_distance" : "1.064896577629499",
        "perihelion_argument" : "4.647357699479851",
        "aphelion_distance" : "1.886553842748209",
        "perihelion_time" : "2458088.318498182039",
        "mean_anomaly" : "311.7183798532261",
        "mean_motion" : ".5497887249983613",
        "equinox" : "J2000"
      }
    }, {
      "links" : {
        "self" : "https://api.nasa.gov/neo/rest/v1/neo/2488490?api_key=t0TVs3DtDT2H8Oy2Zy8m2eVrNsAVKAexjcZXUckd"
      },
      "neo_reference_id" : "2488490",
      "name" : "488490 (2000 AF205)",
      "nasa_jpl_url" : "http://ssd.jpl.nasa.gov/sbdb.cgi?sstr=2488490",
      "absolute_magnitude_h" : 21.7,
      "estimated_diameter" : {
        "kilometers" : {
          "estimated_diameter_min" : 0.1214940408,
          "estimated_diameter_max" : 0.2716689341
        },
        "meters" : {
          "estimated_diameter_min" : 121.4940407996,
          "estimated_diameter_max" : 271.6689340891
        },
        "miles" : {
          "estimated_diameter_min" : 0.0754928736,
          "estimated_diameter_max" : 0.1688071972
        },
        "feet" : {
          "estimated_diameter_min" : 398.6025088171,
          "estimated_diameter_max" : 891.3023057169
        }
      },
      "is_potentially_hazardous_asteroid" : true,
      "close_approach_data" : [ {
        "close_approach_date" : "1998-03-15",
        "epoch_date_close_approach" : 889948800000,
        "relative_velocity" : {
          "kilometers_per_second" : "7.9143760224",
          "kilometers_per_hour" : "28491.753680544",
          "miles_per_hour" : "17703.6677244469"
        },
        "miss_distance" : {
          "astronomical" : "0.3272300969",
          "lunar" : "127.2925109863",
          "kilometers" : "48952924",
          "miles" : "30417938"
        },
        "orbiting_body" : "Earth"
      } ],
      "orbital_data" : {
        "orbit_id" : "34",
        "orbit_determination_date" : "2017-05-17 06:20:06",
        "orbit_uncertainty" : "1",
        "minimum_orbit_intersection" : ".0181806",
        "jupiter_tisserand_invariant" : "5.888",
        "epoch_osculation" : "2458000.5",
        "eccentricity" : ".276832342773757",
        "semi_major_axis" : "1.034084544486993",
        "inclination" : "2.408373826125851",
        "ascending_node_longitude" : "220.066541216687",
        "orbital_period" : "384.0895555202742",
        "perihelion_distance" : ".747816497410525",
        "perihelion_argument" : "127.3508145029687",
        "aphelion_distance" : "1.32035259156346",
        "perihelion_time" : "2457982.778879424392",
        "mean_anomaly" : "16.60967687230428",
        "mean_motion" : ".9372814095721939",
        "equinox" : "J2000"
      }
    } ]
  }
}