{
  "links" : {
    "next" : "https://api.nasa.gov/neo/rest/v1/feed?start_date=2006-02-09&end_date=2006-02-09&detailed=true&api_key=t0TVs3DtDT2H8Oy2Zy8m2eVrNsAVKAexjcZXUckd",
    "prev" : "https://api.nasa.gov/neo/rest/v1/feed?start_date=2006-02-07&end_date=2006-02-07&detailed=true&api_key=t0TVs3DtDT2H8Oy2Zy8m2eVrNsAVKAexjcZXUckd",
    "self" : "https://api.nasa.gov/neo/rest/v1/feed?start_date=2006-02-08&end_date=2006-02-08&detailed=true&api_key=t0TVs3DtDT2H8Oy2Zy8m2eVrNsAVKAexjcZXUckd"
  },
  "element_count" : 9,
  "near_earth_objects" : {
    "2006-02-08" : [ {
      "links" : {
        "self" : "https://api.nasa.gov/neo/rest/v1/neo/2172974?api_key=t0TVs3DtDT2H8Oy2Zy8m2eVrNsAVKAexjcZXUckd"
      },
      "neo_reference_id" : "2172974",
      "name" : "172974 (2005 YW55)",
      "nasa_jpl_url" : "http://ssd.jpl.nasa.gov/sbdb.cgi?sstr=2172974",
      "absolute_magnitude_h" : 19.3,
      "estimated_diameter" : {
        "kilometers" : {
          "estimated_diameter_min" : 0.3669061375,
          "estimated_diameter_max" : 0.8204270649
        },
        "meters" : {
          "estimated_diameter_min" : 366.9061375314,
          "estimated_diameter_max" : 820.4270648822
        },
        "miles" : {
          "estimated_diameter_min" : 0.2279848336,
          "estimated_diameter_max" : 0.5097895857
        },
        "feet" : {
          "estimated_diameter_min" : 1203.7603322587,
          "estimated_diameter_max" : 2691.6899315481
        }
      },
      "is_potentially_hazardous_asteroid" : false,
      "close_approach_data" : [ {
        "close_approach_date" : "2006-02-08",
        "epoch_date_close_approach" : 1139385600000,
        "relative_velocity" : {
          "kilometers_per_second" : "0.9862237745",
          "kilometers_per_hour" : "3550.405588375",
          "miles_per_hour" : "2206.0839612878"
        },
        "miss_distance" : {
          "astronomical" : "0.2964414164",
          "lunar" : "115.3157043457",
          "kilometers" : "44347004",
          "miles" : "27555950"
        },
        "orbiting_body" : "Earth"
      } ],
      "orbital_data" : {
        "orbit_id" : "48",
        "orbit_determination_date" : "2017-07-18 06:20:18",
        "orbit_uncertainty" : "0",
        "minimum_orbit_intersection" : ".294366",
        "jupiter_tisserand_invariant" : "4.254",
        "epoch_osculation" : "2458000.5",
        "eccentricity" : ".2465142272857833",
        "semi_major_axis" : "1.636896169414122",
        "inclination" : "8.473353515735807",
        "ascending_node_longitude" : "239.4239980742768",
        "orbital_period" : "764.9448506459277",
        "perihelion_distance" : "1.233377975063941",
        "perihelion_argument" : "256.6244325714712",
        "aphelion_distance" : "2.040414363764303",
        "perihelion_time" : "2458359.256921441293",
        "mean_anomaly" : "191.1610417276388",
        "mean_motion" : ".4706221627559322",
        "equinox" : "J2000"
      }
    }, {
      "links" : {
        "self" : "https://api.nasa.gov/neo/rest/v1/neo/2190491?api_key=t0TVs3DtDT2H8Oy2Zy8m2eVrNsAVKAexjcZXUckd"
      },
      "neo_reference_id" : "2190491",
      "name" : "190491 (2000 FJ10)",
      "nasa_jpl_url" : "http://ssd.jpl.nasa.gov/sbdb.cgi?sstr=2190491",
      "absolute_magnitude_h" : 20.9,
      "estimated_diameter" : {
        "kilometers" : {
          "estimated_diameter_min" : 0.1756123185,
          "estimated_diameter_max" : 0.3926810818
        },
        "meters" : {
          "estimated_diameter_min" : 175.6123184804,
          "estimated_diameter_max" : 392.6810818086
        },
        "miles" : {
          "estimated_diameter_min" : 0.1091204019,
          "estimated_diameter_max" : 0.2440006365
        },
        "feet" : {
          "estimated_diameter_min" : 576.1559189633,
          "estimated_diameter_max" : 1288.3238004408
        }
      },
      "is_potentially_hazardous_asteroid" : false,
      "close_approach_data" : [ {
        "close_approach_date" : "2006-02-08",
        "epoch_date_close_approach" : 1139385600000,
        "relative_velocity" : {
          "kilometers_per_second" : "3.6184072015",
          "kilometers_per_hour" : "13026.2659253979",
          "miles_per_hour" : "8094.0150690341"
        },
        "miss_distance" : {
          "astronomical" : "0.2864111856",
          "lunar" : "111.4139556885",
          "kilometers" : "42846504",
          "miles" : "26623584"
        },
        "orbiting_body" : "Earth"
      } ],
      "orbital_data" : {
        "orbit_id" : "69",
        "orbit_determination_date" : "2017-07-16 06:22:49",
        "orbit_uncertainty" : "0",
        "minimum_orbit_intersection" : ".0548807",
        "jupiter_tisserand_invariant" : "4.920",
        "epoch_osculation" : "2458000.5",
        "eccentricity" : ".2346123272675713",
        "semi_major_axis" : "1.31903536422791",
        "inclination" : "5.282346532525679",
        "ascending_node_longitude" : "189.7861528376664",
        "orbital_period" : "553.3285589238509",
        "perihelion_distance" : "1.009573407678171",
        "perihelion_argument" : "232.298651001016",
        "aphelion_distance" : "1.628497320777648",
        "perihelion_time" : "2458108.522315135335",
        "mean_anomaly" : "289.719815069093",
        "mean_motion" : ".6506080233779208",
        "equinox" : "J2000"
      }
    }, {
      "links" : {
        "self" : "https://api.nasa.gov/neo/rest/v1/neo/2250577?api_key=t0TVs3DtDT2H8Oy2Zy8m2eVrNsAVKAexjcZXUckd"
      },
      "neo_reference_id" : "2250577",
      "name" : "250577 (2005 AC)",
      "nasa_jpl_url" : "http://ssd.jpl.nasa.gov/sbdb.cgi?sstr=2250577",
      "absolute_magnitude_h" : 18.2,
      "estimated_diameter" : {
        "kilometers" : {
          "estimated_diameter_min" : 0.6089126221,
          "estimated_diameter_max" : 1.3615700154
        },
        "meters" : {
          "estimated_diameter_min" : 608.9126221057,
          "estimated_diameter_max" : 1361.5700153859
        },
        "miles" : {
          "estimated_diameter_min" : 0.3783606449,
          "estimated_diameter_max" : 0.846040122
        },
        "feet" : {
          "estimated_diameter_min" : 1997.7448871092,
          "estimated_diameter_max" : 4467.0933692788
        }
      },
      "is_potentially_hazardous_asteroid" : false,
      "close_approach_data" : [ {
        "close_approach_date" : "2006-02-08",
        "epoch_date_close_approach" : 1139385600000,
        "relative_velocity" : {
          "kilometers_per_second" : "26.1533732233",
          "kilometers_per_hour" : "94152.1436040132",
          "miles_per_hour" : "58502.4805632825"
        },
        "miss_distance" : {
          "astronomical" : "0.1640121907",
          "lunar" : "63.800743103",
          "kilometers" : "24535876",
          "miles" : "15245886"
        },
        "orbiting_body" : "Earth"
      } ],
      "orbital_data" : {
        "orbit_id" : "25",
        "orbit_determination_date" : "2017-04-06 09:24:50",
        "orbit_uncertainty" : "1",
        "minimum_orbit_intersection" : ".0727342",
        "jupiter_tisserand_invariant" : "5.482",
        "epoch_osculation" : "2458000.5",
        "eccentricity" : ".5179457062260275",
        "semi_major_axis" : "1.049803034474183",
        "inclination" : "46.8765806240962",
        "ascending_node_longitude" : "315.7905479788444",
        "orbital_period" : "392.8802183810129",
        "perihelion_distance" : ".5060620603852254",
        "perihelion_argument" : "285.6030261536937",
        "aphelion_distance" : "1.59354400856314",
        "perihelion_time" : "2458152.105221191832",
        "mean_anomaly" : "221.0826479022921",
        "mean_motion" : ".9163098144352845",
        "equinox" : "J2000"
      }
    }, {
      "links" : {
        "self" : "https://api.nasa.gov/neo/rest/v1/neo/3312035?api_key=t0TVs3DtDT2H8Oy2Zy8m2eVrNsAVKAexjcZXUckd"
      },
      "neo_reference_id" : "3312035",
      "name" : "(2006 AM8)",
      "nasa_jpl_url" : "http://ssd.jpl.nasa.gov/sbdb.cgi?sstr=3312035",
      "absolute_magnitude_h" : 19.5,
      "estimated_diameter" : {
        "kilometers" : {
          "estimated_diameter_min" : 0.3346223745,
          "estimated_diameter_max" : 0.7482383761
        },
        "meters" : {
          "estimated_diameter_min" : 334.6223744549,
          "estimated_diameter_max" : 748.2383760735
        },
        "miles" : {
          "estimated_diameter_min" : 0.2079246394,
          "estimated_diameter_max" : 0.464933628
        },
        "feet" : {
          "estimated_diameter_min" : 1097.8424710066,
          "estimated_diameter_max" : 2454.8503937571
        }
      },
      "is_potentially_hazardous_asteroid" : false,
      "close_approach_data" : [ {
        "close_approach_date" : "2006-02-08",
        "epoch_date_close_approach" : 1139385600000,
        "relative_velocity" : {
          "kilometers_per_second" : "23.6533712699",
          "kilometers_per_hour" : "85152.1365715558",
          "miles_per_hour" : "52910.226193587"
        },
        "miss_distance" : {
          "astronomical" : "0.2063436717",
          "lunar" : "80.2676849365",
          "kilometers" : "30868574",
          "miles" : "19180842"
        },
        "orbiting_body" : "Earth"
      } ],
      "orbital_data" : {
        "orbit_id" : "17",
        "orbit_determination_date" : "2017-04-06 09:09:25",
        "orbit_uncertainty" : "2",
        "minimum_orbit_intersection" : ".151041",
        "jupiter_tisserand_invariant" : "3.498",
        "epoch_osculation" : "2458000.5",
        "eccentricity" : ".7950704641424672",
        "semi_major_axis" : "1.870528803995255",
        "inclination" : "10.17294219219108",
        "ascending_node_longitude" : "57.11471682373774",
        "orbital_period" : "934.4262435819849",
        "perihelion_distance" : ".3833265996108935",
        "perihelion_argument" : "188.5238648259894",
        "aphelion_distance" : "3.357731008379616",
        "perihelion_time" : "2457560.172150052300",
        "mean_anomaly" : "169.6420954247995",
        "mean_motion" : ".3852631520921257",
        "equinox" : "J2000"
      }
    }, {
      "links" : {
        "self" : "https://api.nasa.gov/neo/rest/v1/neo/3315651?api_key=t0TVs3DtDT2H8Oy2Zy8m2eVrNsAVKAexjcZXUckd"
      },
      "neo_reference_id" : "3315651",
      "name" : "(2006 CK)",
      "nasa_jpl_url" : "http://ssd.jpl.nasa.gov/sbdb.cgi?sstr=3315651",
      "absolute_magnitude_h" : 25.8,
      "estimated_diameter" : {
        "kilometers" : {
          "estimated_diameter_min" : 0.0183888672,
          "estimated_diameter_max" : 0.0411187571
        },
        "meters" : {
          "estimated_diameter_min" : 18.388867207,
          "estimated_diameter_max" : 41.1187571041
        },
        "miles" : {
          "estimated_diameter_min" : 0.0114263088,
          "estimated_diameter_max" : 0.0255500032
        },
        "feet" : {
          "estimated_diameter_min" : 60.3309310875,
          "estimated_diameter_max" : 134.9040630575
        }
      },
      "is_potentially_hazardous_asteroid" : false,
      "close_approach_data" : [ {
        "close_approach_date" : "2006-02-08",
        "epoch_date_close_approach" : 1139385600000,
        "relative_velocity" : {
          "kilometers_per_second" : "6.2235752669",
          "kilometers_per_hour" : "22404.8709606604",
          "miles_per_hour" : "13921.515514417"
        },
        "miss_distance" : {
          "astronomical" : "0.0300450495",
          "lunar" : "11.6875238419",
          "kilometers" : "4494675.5",
          "miles" : "2792861.75"
        },
        "orbiting_body" : "Earth"
      } ],
      "orbital_data" : {
        "orbit_id" : "6",
        "orbit_determination_date" : "2017-04-06 09:09:10",
        "orbit_uncertainty" : "8",
        "minimum_orbit_intersection" : ".0104103",
        "jupiter_tisserand_invariant" : "5.697",
        "epoch_osculation" : "2453769.5",
        "eccentricity" : ".2142922942619332",
        "semi_major_axis" : "1.081732377801944",
        "inclination" : "5.194771535813162",
        "ascending_node_longitude" : "311.0631330147705",
        "orbital_period" : "410.9397669591898",
        "perihelion_distance" : ".8499254647853488",
        "perihelion_argument" : "264.7744351969466",
        "aphelion_distance" : "1.313539290818538",
        "perihelion_time" : "2453837.642043792043",
        "mean_anomaly" : "300.3047898073791",
        "mean_motion" : ".8760407946494781",
        "equinox" : "J2000"
      }
    }, {
      "links" : {
        "self" : "https://api.nasa.gov/neo/rest/v1/neo/3368294?api_key=t0TVs3DtDT2H8Oy2Zy8m2eVrNsAVKAexjcZXUckd"
      },
      "neo_reference_id" : "3368294",
      "name" : "(2007 DA)",
      "nasa_jpl_url" : "http://ssd.jpl.nasa.gov/sbdb.cgi?sstr=3368294",
      "absolute_magnitude_h" : 22.4,
      "estimated_diameter" : {
        "kilometers" : {
          "estimated_diameter_min" : 0.0880146521,
          "estimated_diameter_max" : 0.1968067451
        },
        "meters" : {
          "estimated_diameter_min" : 88.0146520901,
          "estimated_diameter_max" : 196.8067450894
        },
        "miles" : {
          "estimated_diameter_min" : 0.0546897524,
          "estimated_diameter_max" : 0.122290004
        },
        "feet" : {
          "estimated_diameter_min" : 288.7619911632,
          "estimated_diameter_max" : 645.6914415591
        }
      },
      "is_potentially_hazardous_asteroid" : false,
      "close_approach_data" : [ {
        "close_approach_date" : "2006-02-08",
        "epoch_date_close_approach" : 1139385600000,
        "relative_velocity" : {
          "kilometers_per_second" : "13.6427448518",
          "kilometers_per_hour" : "49113.8814664307",
          "miles_per_hour" : "30517.4559589608"
        },
        "miss_distance" : {
          "astronomical" : "0.1538991656",
          "lunar" : "59.8667755127",
          "kilometers" : "23022988",
          "miles" : "14305821"
        },
        "orbiting_body" : "Earth"
      } ],
      "orbital_data" : {
        "orbit_id" : "18",
        "orbit_determination_date" : "2017-04-06 09:07:00",
        "orbit_uncertainty" : "1",
        "minimum_orbit_intersection" : ".0200593",
        "jupiter_tisserand_invariant" : "5.873",
        "epoch_osculation" : "2458000.5",
        "eccentricity" : ".5737126516482606",
        "semi_major_axis" : "1.00986054070864",
        "inclination" : "2.75882662551541",
        "ascending_node_longitude" : "117.2995073059307",
        "orbital_period" : "370.6726400518484",
        "perihelion_distance" : ".4304907721037399",
        "perihelion_argument" : "262.069637273857",
        "aphelion_distance" : "1.58923030931354",
        "perihelion_time" : "2458159.381200453282",
        "mean_anomaly" : "205.6934071120515",
        "mean_motion" : ".9712073703353029",
        "equinox" : "J2000"
      }
    }, {
      "links" : {
        "self" : "https://api.nasa.gov/neo/rest/v1/neo/3439560?api_key=t0TVs3DtDT2H8Oy2Zy8m2eVrNsAVKAexjcZXUckd"
      },
      "neo_reference_id" : "3439560",
      "name" : "(2008 WO2)",
      "nasa_jpl_url" : "http://ssd.jpl.nasa.gov/sbdb.cgi?sstr=3439560",
      "absolute_magnitude_h" : 29.8,
      "estimated_diameter" : {
        "kilometers" : {
          "estimated_diameter_min" : 0.002914439,
          "estimated_diameter_max" : 0.0065168838
        },
        "meters" : {
          "estimated_diameter_min" : 2.9144390453,
          "estimated_diameter_max" : 6.5168838217
        },
        "miles" : {
          "estimated_diameter_min" : 0.0018109479,
          "estimated_diameter_max" : 0.0040494026
        },
        "feet" : {
          "estimated_diameter_min" : 9.5618081975,
          "estimated_diameter_max" : 21.3808531175
        }
      },
      "is_potentially_hazardous_asteroid" : false,
      "close_approach_data" : [ {
        "close_approach_date" : "2006-02-08",
        "epoch_date_close_approach" : 1139385600000,
        "relative_velocity" : {
          "kilometers_per_second" : "5.7679750297",
          "kilometers_per_hour" : "20764.7101067741",
          "miles_per_hour" : "12902.3833438453"
        },
        "miss_distance" : {
          "astronomical" : "0.2227986808",
          "lunar" : "86.6686859131",
          "kilometers" : "33330208",
          "miles" : "20710430"
        },
        "orbiting_body" : "Earth"
      } ],
      "orbital_data" : {
        "orbit_id" : "9",
        "orbit_determination_date" : "2017-04-06 09:02:09",
        "orbit_uncertainty" : "6",
        "minimum_orbit_intersection" : ".0026476",
        "jupiter_tisserand_invariant" : "5.947",
        "epoch_osculation" : "2458000.5",
        "eccentricity" : ".1882034285614509",
        "semi_major_axis" : "1.025151858348772",
        "inclination" : "2.009993254770385",
        "ascending_node_longitude" : "238.1230125304286",
        "orbital_period" : "379.1235233817683",
        "perihelion_distance" : ".83221476381139",
        "perihelion_argument" : "85.74295306733184",
        "aphelion_distance" : "1.218088952886153",
        "perihelion_time" : "2458126.633211307291",
        "mean_anomaly" : "240.2291251527009",
        "mean_motion" : ".9495585944887114",
        "equinox" : "J2000"
      }
    }, {
      "links" : {
        "self" : "https://api.nasa.gov/neo/rest/v1/neo/3715097?api_key=t0TVs3DtDT2H8Oy2Zy8m2eVrNsAVKAexjcZXUckd"
      },
      "neo_reference_id" : "3715097",
      "name" : "(2015 FA285)",
      "nasa_jpl_url" : "http://ssd.jpl.nasa.gov/sbdb.cgi?sstr=3715097",
      "absolute_magnitude_h" : 26.4,
      "estimated_diameter" : {
        "kilometers" : {
          "estimated_diameter_min" : 0.0139493823,
          "estimated_diameter_max" : 0.0311917671
        },
        "meters" : {
          "estimated_diameter_min" : 13.9493822934,
          "estimated_diameter_max" : 31.1917670523
        },
        "miles" : {
          "estimated_diameter_min" : 0.0086677416,
          "estimated_diameter_max" : 0.0193816595
        },
        "feet" : {
          "estimated_diameter_min" : 45.7656914036,
          "estimated_diameter_max" : 102.3351970157
        }
      },
      "is_potentially_hazardous_asteroid" : false,
      "close_approach_data" : [ {
        "close_approach_date" : "2006-02-08",
        "epoch_date_close_approach" : 1139385600000,
        "relative_velocity" : {
          "kilometers_per_second" : "12.7639993168",
          "kilometers_per_hour" : "45950.3975406596",
          "miles_per_hour" : "28551.7900718615"
        },
        "miss_distance" : {
          "astronomical" : "0.1406760437",
          "lunar" : "54.7229766846",
          "kilometers" : "21044836",
          "miles" : "13076655"
        },
        "orbiting_body" : "Earth"
      } ],
      "orbital_data" : {
        "orbit_id" : "8",
        "orbit_determination_date" : "2017-04-06 08:34:39",
        "orbit_uncertainty" : "7",
        "minimum_orbit_intersection" : ".00346307",
        "jupiter_tisserand_invariant" : "7.681",
        "epoch_osculation" : "2458000.5",
        "eccentricity" : ".4633548071263234",
        "semi_major_axis" : ".7411786055209553",
        "inclination" : "9.231603450465327",
        "ascending_node_longitude" : "10.67594385419711",
        "orbital_period" : "233.0680480359605",
        "perihelion_distance" : ".3977499357136357",
        "perihelion_argument" : "335.4619261871639",
        "aphelion_distance" : "1.084607275328275",
        "perihelion_time" : "2457893.617041298798",
        "mean_anomaly" : "165.0928364341734",
        "mean_motion" : "1.544613270818036",
        "equinox" : "J2000"
      }
    }, {
      "links" : {
        "self" : "https://api.nasa.gov/neo/rest/v1/neo/3674962?api_key=t0TVs3DtDT2H8Oy2Zy8m2eVrNsAVKAexjcZXUckd"
      },
      "neo_reference_id" : "3674962",
      "name" : "(2014 OC4)",
      "nasa_jpl_url" : "http://ssd.jpl.nasa.gov/sbdb.cgi?sstr=3674962",
      "absolute_magnitude_h" : 25.5,
      "estimated_diameter" : {
        "kilometers" : {
          "estimated_diameter_min" : 0.0211132445,
          "estimated_diameter_max" : 0.0472106499
        },
        "meters" : {
          "estimated_diameter_min" : 21.113244479,
          "estimated_diameter_max" : 47.2106498806
        },
        "miles" : {
          "estimated_diameter_min" : 0.0131191578,
          "estimated_diameter_max" : 0.0293353287
        },
        "feet" : {
          "estimated_diameter_min" : 69.2691770164,
          "estimated_diameter_max" : 154.8905885541
        }
      },
      "is_potentially_hazardous_asteroid" : false,
      "close_approach_data" : [ {
        "close_approach_date" : "2006-02-08",
        "epoch_date_close_approach" : 1139385600000,
        "relative_velocity" : {
          "kilometers_per_second" : "9.089383924",
          "kilometers_per_hour" : "32721.7821265338",
          "miles_per_hour" : "20332.0428996787"
        },
        "miss_distance" : {
          "astronomical" : "0.1336603048",
          "lunar" : "51.9938583374",
          "kilometers" : "19995296",
          "miles" : "12424501"
        },
        "orbiting_body" : "Earth"
      } ],
      "orbital_data" : {
        "orbit_id" : "7",
        "orbit_determination_date" : "2017-04-06 08:39:31",
        "orbit_uncertainty" : "6",
        "minimum_orbit_intersection" : ".0270782",
        "jupiter_tisserand_invariant" : "5.636",
        "epoch_osculation" : "2458000.5",
        "eccentricity" : ".1623082919898547",
        "semi_major_axis" : "1.098391080961189",
        "inclination" : "7.482134159254171",
        "ascending_node_longitude" : "121.2977041900885",
        "orbital_period" : "420.4689433295808",
        "perihelion_distance" : ".9201131006734881",
        "perihelion_argument" : "93.36217810392223",
        "aphelion_distance" : "1.276669061248889",
        "perihelion_time" : "2458043.396842686233",
        "mean_anomaly" : "323.2722853565452",
        "mean_motion" : ".8561868972991359",
        "equinox" : "J2000"
      }
    } ]
  }
}