{
  "links" : {
    "next" : "https://api.nasa.gov/neo/rest/v1/feed?start_date=1997-10-09&end_date=1997-10-09&detailed=true&api_key=t0TVs3DtDT2H8Oy2Zy8m2eVrNsAVKAexjcZXUckd",
    "prev" : "https://api.nasa.gov/neo/rest/v1/feed?start_date=1997-10-07&end_date=1997-10-07&detailed=true&api_key=t0TVs3DtDT2H8Oy2Zy8m2eVrNsAVKAexjcZXUckd",
    "self" : "https://api.nasa.gov/neo/rest/v1/feed?start_date=1997-10-08&end_date=1997-10-08&detailed=true&api_key=t0TVs3DtDT2H8Oy2Zy8m2eVrNsAVKAexjcZXUckd"
  },
  "element_count" : 6,
  "near_earth_objects" : {
    "1997-10-08" : [ {
      "links" : {
        "self" : "https://api.nasa.gov/neo/rest/v1/neo/2338292?api_key=t0TVs3DtDT2H8Oy2Zy8m2eVrNsAVKAexjcZXUckd"
      },
      "neo_reference_id" : "2338292",
      "name" : "338292 (2002 UA31)",
      "nasa_jpl_url" : "http://ssd.jpl.nasa.gov/sbdb.cgi?sstr=2338292",
      "absolute_magnitude_h" : 19.0,
      "estimated_diameter" : {
        "kilometers" : {
          "estimated_diameter_min" : 0.4212646106,
          "estimated_diameter_max" : 0.9419763057
        },
        "meters" : {
          "estimated_diameter_min" : 421.2646105562,
          "estimated_diameter_max" : 941.9763057186
        },
        "miles" : {
          "estimated_diameter_min" : 0.2617616123,
          "estimated_diameter_max" : 0.5853167591
        },
        "feet" : {
          "estimated_diameter_min" : 1382.1017848971,
          "estimated_diameter_max" : 3090.4735428537
        }
      },
      "is_potentially_hazardous_asteroid" : false,
      "close_approach_data" : [ {
        "close_approach_date" : "1997-10-08",
        "epoch_date_close_approach" : 876294000000,
        "relative_velocity" : {
          "kilometers_per_second" : "17.4395094976",
          "kilometers_per_hour" : "62782.2341913712",
          "miles_per_hour" : "39010.4387951884"
        },
        "miss_distance" : {
          "astronomical" : "0.2296578134",
          "lunar" : "89.3368911743",
          "kilometers" : "34356320",
          "miles" : "21348028"
        },
        "orbiting_body" : "Earth"
      } ],
      "orbital_data" : {
        "orbit_id" : "52",
        "orbit_determination_date" : "2017-04-06 09:23:20",
        "orbit_uncertainty" : "0",
        "minimum_orbit_intersection" : ".192747",
        "jupiter_tisserand_invariant" : "7.103",
        "epoch_osculation" : "2458000.5",
        "eccentricity" : ".4872036719706071",
        "semi_major_axis" : ".7987225516881042",
        "inclination" : "30.70549017310516",
        "ascending_node_longitude" : "209.326646166548",
        "orbital_period" : "260.7308059114821",
        "perihelion_distance" : ".4095819916199268",
        "perihelion_argument" : "358.6539661170293",
        "aphelion_distance" : "1.187863111756282",
        "perihelion_time" : "2457931.973147894473",
        "mean_anomaly" : "94.61738390194367",
        "mean_motion" : "1.38073442737802",
        "equinox" : "J2000"
      }
    }, {
      "links" : {
        "self" : "https://api.nasa.gov/neo/rest/v1/neo/3445629?api_key=t0TVs3DtDT2H8Oy2Zy8m2eVrNsAVKAexjcZXUckd"
      },
      "neo_reference_id" : "3445629",
      "name" : "(2009 CA2)",
      "nasa_jpl_url" : "http://ssd.jpl.nasa.gov/sbdb.cgi?sstr=3445629",
      "absolute_magnitude_h" : 18.7,
      "estimated_diameter" : {
        "kilometers" : {
          "estimated_diameter_min" : 0.4836764882,
          "estimated_diameter_max" : 1.0815335068
        },
        "meters" : {
          "estimated_diameter_min" : 483.6764882185,
          "estimated_diameter_max" : 1081.533506775
        },
        "miles" : {
          "estimated_diameter_min" : 0.3005425432,
          "estimated_diameter_max" : 0.6720335566
        },
        "feet" : {
          "estimated_diameter_min" : 1586.8651696069,
          "estimated_diameter_max" : 3548.3383903678
        }
      },
      "is_potentially_hazardous_asteroid" : false,
      "close_approach_data" : [ {
        "close_approach_date" : "1997-10-08",
        "epoch_date_close_approach" : 876294000000,
        "relative_velocity" : {
          "kilometers_per_second" : "23.9400217009",
          "kilometers_per_hour" : "86184.0781233037",
          "miles_per_hour" : "53551.4345427828"
        },
        "miss_distance" : {
          "astronomical" : "0.2986432335",
          "lunar" : "116.1722183228",
          "kilometers" : "44676392",
          "miles" : "27760622"
        },
        "orbiting_body" : "Earth"
      } ],
      "orbital_data" : {
        "orbit_id" : "27",
        "orbit_determination_date" : "2017-04-06 09:01:23",
        "orbit_uncertainty" : "2",
        "minimum_orbit_intersection" : ".182935",
        "jupiter_tisserand_invariant" : "4.257",
        "epoch_osculation" : "2458000.5",
        "eccentricity" : ".47986817971446",
        "semi_major_axis" : "1.506439789751096",
        "inclination" : "31.73993213598371",
        "ascending_node_longitude" : "42.91648969921949",
        "orbital_period" : "675.3456303338843",
        "perihelion_distance" : ".7835472699938036",
        "perihelion_argument" : "22.67611182272541",
        "aphelion_distance" : "2.229332309508388",
        "perihelion_time" : "2458183.761426645285",
        "mean_anomaly" : "262.3105938218843",
        "mean_motion" : ".5330603824622654",
        "equinox" : "J2000"
      }
    }, {
      "links" : {
        "self" : "https://api.nasa.gov/neo/rest/v1/neo/3653320?api_key=t0TVs3DtDT2H8Oy2Zy8m2eVrNsAVKAexjcZXUckd"
      },
      "neo_reference_id" : "3653320",
      "name" : "(2013 UG9)",
      "nasa_jpl_url" : "http://ssd.jpl.nasa.gov/sbdb.cgi?sstr=3653320",
      "absolute_magnitude_h" : 18.5,
      "estimated_diameter" : {
        "kilometers" : {
          "estimated_diameter_min" : 0.5303407233,
          "estimated_diameter_max" : 1.1858779086
        },
        "meters" : {
          "estimated_diameter_min" : 530.3407233187,
          "estimated_diameter_max" : 1185.8779085771
        },
        "miles" : {
          "estimated_diameter_min" : 0.3295383456,
          "estimated_diameter_max" : 0.7368701419
        },
        "feet" : {
          "estimated_diameter_min" : 1739.963058693,
          "estimated_diameter_max" : 3890.675677576
        }
      },
      "is_potentially_hazardous_asteroid" : false,
      "close_approach_data" : [ {
        "close_approach_date" : "1997-10-08",
        "epoch_date_close_approach" : 876294000000,
        "relative_velocity" : {
          "kilometers_per_second" : "16.1754125014",
          "kilometers_per_hour" : "58231.4850051286",
          "miles_per_hour" : "36182.7802244367"
        },
        "miss_distance" : {
          "astronomical" : "0.4870358077",
          "lunar" : "189.4569244385",
          "kilometers" : "72859520",
          "miles" : "45272808"
        },
        "orbiting_body" : "Earth"
      } ],
      "orbital_data" : {
        "orbit_id" : "28",
        "orbit_determination_date" : "2017-04-06 08:43:56",
        "orbit_uncertainty" : "3",
        "minimum_orbit_intersection" : ".119081",
        "jupiter_tisserand_invariant" : "3.521",
        "epoch_osculation" : "2458000.5",
        "eccentricity" : ".4863549516416916",
        "semi_major_axis" : "2.170183098335277",
        "inclination" : "5.72322413446297",
        "ascending_node_longitude" : "309.2339980578743",
        "orbital_period" : "1167.731490511837",
        "perihelion_distance" : "1.114703802490807",
        "perihelion_argument" : "35.50891652366121",
        "aphelion_distance" : "3.225662394179746",
        "perihelion_time" : "2457738.101879175138",
        "mean_anomaly" : "80.89472987967926",
        "mean_motion" : ".3082900503455684",
        "equinox" : "J2000"
      }
    }, {
      "links" : {
        "self" : "https://api.nasa.gov/neo/rest/v1/neo/3683471?api_key=t0TVs3DtDT2H8Oy2Zy8m2eVrNsAVKAexjcZXUckd"
      },
      "neo_reference_id" : "3683471",
      "name" : "(2014 QV295)",
      "nasa_jpl_url" : "http://ssd.jpl.nasa.gov/sbdb.cgi?sstr=3683471",
      "absolute_magnitude_h" : 24.9,
      "estimated_diameter" : {
        "kilometers" : {
          "estimated_diameter_min" : 0.0278326768,
          "estimated_diameter_max" : 0.0622357573
        },
        "meters" : {
          "estimated_diameter_min" : 27.8326768072,
          "estimated_diameter_max" : 62.2357573367
        },
        "miles" : {
          "estimated_diameter_min" : 0.0172944182,
          "estimated_diameter_max" : 0.0386714948
        },
        "feet" : {
          "estimated_diameter_min" : 91.3145593761,
          "estimated_diameter_max" : 204.1855621004
        }
      },
      "is_potentially_hazardous_asteroid" : false,
      "close_approach_data" : [ {
        "close_approach_date" : "1997-10-08",
        "epoch_date_close_approach" : 876294000000,
        "relative_velocity" : {
          "kilometers_per_second" : "11.0352374007",
          "kilometers_per_hour" : "39726.8546423753",
          "miles_per_hour" : "24684.7225415359"
        },
        "miss_distance" : {
          "astronomical" : "0.2042584429",
          "lunar" : "79.4565353394",
          "kilometers" : "30556628",
          "miles" : "18987008"
        },
        "orbiting_body" : "Earth"
      } ],
      "orbital_data" : {
        "orbit_id" : "14",
        "orbit_determination_date" : "2017-04-06 08:39:09",
        "orbit_uncertainty" : "6",
        "minimum_orbit_intersection" : ".0690275",
        "jupiter_tisserand_invariant" : "3.425",
        "epoch_osculation" : "2458000.5",
        "eccentricity" : ".5241593264265106",
        "semi_major_axis" : "2.259422064302637",
        "inclination" : "1.871551677469226",
        "ascending_node_longitude" : "5.410387238484678",
        "orbital_period" : "1240.493449111554",
        "perihelion_distance" : "1.075124916964571",
        "perihelion_argument" : "342.8545043634103",
        "aphelion_distance" : "3.443719211640704",
        "perihelion_time" : "2458154.299343747051",
        "mean_anomaly" : "315.3663392671739",
        "mean_motion" : ".2902070948120147",
        "equinox" : "J2000"
      }
    }, {
      "links" : {
        "self" : "https://api.nasa.gov/neo/rest/v1/neo/3743127?api_key=t0TVs3DtDT2H8Oy2Zy8m2eVrNsAVKAexjcZXUckd"
      },
      "neo_reference_id" : "3743127",
      "name" : "(2016 CZ192)",
      "nasa_jpl_url" : "http://ssd.jpl.nasa.gov/sbdb.cgi?sstr=3743127",
      "absolute_magnitude_h" : 24.6,
      "estimated_diameter" : {
        "kilometers" : {
          "estimated_diameter_min" : 0.0319561887,
          "estimated_diameter_max" : 0.0714562102
        },
        "meters" : {
          "estimated_diameter_min" : 31.9561886721,
          "estimated_diameter_max" : 71.4562101727
        },
        "miles" : {
          "estimated_diameter_min" : 0.0198566489,
          "estimated_diameter_max" : 0.0444008168
        },
        "feet" : {
          "estimated_diameter_min" : 104.8431420431,
          "estimated_diameter_max" : 234.436392583
        }
      },
      "is_potentially_hazardous_asteroid" : false,
      "close_approach_data" : [ {
        "close_approach_date" : "1997-10-08",
        "epoch_date_close_approach" : 876294000000,
        "relative_velocity" : {
          "kilometers_per_second" : "13.464591633",
          "kilometers_per_hour" : "48472.5298787737",
          "miles_per_hour" : "30118.9450238414"
        },
        "miss_distance" : {
          "astronomical" : "0.3861572028",
          "lunar" : "150.2151489258",
          "kilometers" : "57768296",
          "miles" : "35895556"
        },
        "orbiting_body" : "Earth"
      } ],
      "orbital_data" : {
        "orbit_id" : "10",
        "orbit_determination_date" : "2017-04-06 08:28:24",
        "orbit_uncertainty" : "6",
        "minimum_orbit_intersection" : ".071717",
        "jupiter_tisserand_invariant" : "6.692",
        "epoch_osculation" : "2458000.5",
        "eccentricity" : ".2630486253359067",
        "semi_major_axis" : ".8769044774154119",
        "inclination" : "16.7365390277293",
        "ascending_node_longitude" : "144.4533846921646",
        "orbital_period" : "299.9348002884523",
        "perihelion_distance" : ".6462359600803861",
        "perihelion_argument" : "206.0642297663216",
        "aphelion_distance" : "1.107572994750438",
        "perihelion_time" : "2457918.770475267108",
        "mean_anomaly" : "98.09674927865997",
        "mean_motion" : "1.200260855538544",
        "equinox" : "J2000"
      }
    }, {
      "links" : {
        "self" : "https://api.nasa.gov/neo/rest/v1/neo/3616697?api_key=t0TVs3DtDT2H8Oy2Zy8m2eVrNsAVKAexjcZXUckd"
      },
      "neo_reference_id" : "3616697",
      "name" : "(2012 VN6)",
      "nasa_jpl_url" : "http://ssd.jpl.nasa.gov/sbdb.cgi?sstr=3616697",
      "absolute_magnitude_h" : 21.5,
      "estimated_diameter" : {
        "kilometers" : {
          "estimated_diameter_min" : 0.1332155667,
          "estimated_diameter_max" : 0.2978790628
        },
        "meters" : {
          "estimated_diameter_min" : 133.2155666981,
          "estimated_diameter_max" : 297.8790627982
        },
        "miles" : {
          "estimated_diameter_min" : 0.0827762899,
          "estimated_diameter_max" : 0.1850934111
        },
        "feet" : {
          "estimated_diameter_min" : 437.0589598459,
          "estimated_diameter_max" : 977.2935443908
        }
      },
      "is_potentially_hazardous_asteroid" : false,
      "close_approach_data" : [ {
        "close_approach_date" : "1997-10-08",
        "epoch_date_close_approach" : 876294000000,
        "relative_velocity" : {
          "kilometers_per_second" : "25.7546166293",
          "kilometers_per_hour" : "92716.6198655344",
          "miles_per_hour" : "57610.501938115"
        },
        "miss_distance" : {
          "astronomical" : "0.3973999998",
          "lunar" : "154.5885925293",
          "kilometers" : "59450192",
          "miles" : "36940636"
        },
        "orbiting_body" : "Earth"
      } ],
      "orbital_data" : {
        "orbit_id" : "9",
        "orbit_determination_date" : "2017-04-06 08:48:11",
        "orbit_uncertainty" : "2",
        "minimum_orbit_intersection" : ".215902",
        "jupiter_tisserand_invariant" : "5.730",
        "epoch_osculation" : "2458000.5",
        "eccentricity" : ".4605809043738069",
        "semi_major_axis" : "1.043091071521306",
        "inclination" : "21.03411421573082",
        "ascending_node_longitude" : "216.9773176530601",
        "orbital_period" : "389.1184012474305",
        "perihelion_distance" : ".5626632424557795",
        "perihelion_argument" : "26.19827109370614",
        "aphelion_distance" : "1.523518900586832",
        "perihelion_time" : "2458061.551497383064",
        "mean_anomaly" : "303.5170914882342",
        "mean_motion" : ".9251682748641977",
        "equinox" : "J2000"
      }
    } ]
  }
}