{
  "links" : {
    "next" : "https://api.nasa.gov/neo/rest/v1/feed?start_date=2001-02-16&end_date=2001-02-16&detailed=true&api_key=t0TVs3DtDT2H8Oy2Zy8m2eVrNsAVKAexjcZXUckd",
    "prev" : "https://api.nasa.gov/neo/rest/v1/feed?start_date=2001-02-14&end_date=2001-02-14&detailed=true&api_key=t0TVs3DtDT2H8Oy2Zy8m2eVrNsAVKAexjcZXUckd",
    "self" : "https://api.nasa.gov/neo/rest/v1/feed?start_date=2001-02-15&end_date=2001-02-15&detailed=true&api_key=t0TVs3DtDT2H8Oy2Zy8m2eVrNsAVKAexjcZXUckd"
  },
  "element_count" : 13,
  "near_earth_objects" : {
    "2001-02-15" : [ {
      "links" : {
        "self" : "https://api.nasa.gov/neo/rest/v1/neo/3057547?api_key=t0TVs3DtDT2H8Oy2Zy8m2eVrNsAVKAexjcZXUckd"
      },
      "neo_reference_id" : "3057547",
      "name" : "(2000 WO148)",
      "nasa_jpl_url" : "http://ssd.jpl.nasa.gov/sbdb.cgi?sstr=3057547",
      "absolute_magnitude_h" : 20.7,
      "estimated_diameter" : {
        "kilometers" : {
          "estimated_diameter_min" : 0.1925550782,
          "estimated_diameter_max" : 0.4305662442
        },
        "meters" : {
          "estimated_diameter_min" : 192.5550781879,
          "estimated_diameter_max" : 430.566244241
        },
        "miles" : {
          "estimated_diameter_min" : 0.1196481415,
          "estimated_diameter_max" : 0.2675413778
        },
        "feet" : {
          "estimated_diameter_min" : 631.7424027221,
          "estimated_diameter_max" : 1412.6189567557
        }
      },
      "is_potentially_hazardous_asteroid" : false,
      "close_approach_data" : [ {
        "close_approach_date" : "2001-02-15",
        "epoch_date_close_approach" : 982224000000,
        "relative_velocity" : {
          "kilometers_per_second" : "9.2741332314",
          "kilometers_per_hour" : "33386.8796330394",
          "miles_per_hour" : "20745.3086253183"
        },
        "miss_distance" : {
          "astronomical" : "0.1658804264",
          "lunar" : "64.5274887085",
          "kilometers" : "24815358",
          "miles" : "15419549"
        },
        "orbiting_body" : "Earth"
      } ],
      "orbital_data" : {
        "orbit_id" : "26",
        "orbit_determination_date" : "2017-04-06 09:16:38",
        "orbit_uncertainty" : "1",
        "minimum_orbit_intersection" : ".0569384",
        "jupiter_tisserand_invariant" : "4.207",
        "epoch_osculation" : "2458000.5",
        "eccentricity" : ".3762686711126573",
        "semi_major_axis" : "1.641983909286656",
        "inclination" : "4.420713970898938",
        "ascending_node_longitude" : "150.2122759027674",
        "orbital_period" : "768.5139801760113",
        "perihelion_distance" : "1.024156805751",
        "perihelion_argument" : "323.6986034781306",
        "aphelion_distance" : "2.259811012822312",
        "perihelion_time" : "2458081.652560241595",
        "mean_anomaly" : "321.9851786166815",
        "mean_motion" : ".4684365012039858",
        "equinox" : "J2000"
      }
    }, {
      "links" : {
        "self" : "https://api.nasa.gov/neo/rest/v1/neo/3076594?api_key=t0TVs3DtDT2H8Oy2Zy8m2eVrNsAVKAexjcZXUckd"
      },
      "neo_reference_id" : "3076594",
      "name" : "(2001 CC32)",
      "nasa_jpl_url" : "http://ssd.jpl.nasa.gov/sbdb.cgi?sstr=3076594",
      "absolute_magnitude_h" : 18.9,
      "estimated_diameter" : {
        "kilometers" : {
          "estimated_diameter_min" : 0.4411182,
          "estimated_diameter_max" : 0.9863702813
        },
        "meters" : {
          "estimated_diameter_min" : 441.1181999969,
          "estimated_diameter_max" : 986.3702813054
        },
        "miles" : {
          "estimated_diameter_min" : 0.2740980571,
          "estimated_diameter_max" : 0.6129018881
        },
        "feet" : {
          "estimated_diameter_min" : 1447.2382352778,
          "estimated_diameter_max" : 3236.1230737181
        }
      },
      "is_potentially_hazardous_asteroid" : false,
      "close_approach_data" : [ {
        "close_approach_date" : "2001-02-15",
        "epoch_date_close_approach" : 982224000000,
        "relative_velocity" : {
          "kilometers_per_second" : "20.3376443023",
          "kilometers_per_hour" : "73215.5194882354",
          "miles_per_hour" : "45493.2765397871"
        },
        "miss_distance" : {
          "astronomical" : "0.3319009782",
          "lunar" : "129.1094818115",
          "kilometers" : "49651680",
          "miles" : "30852124"
        },
        "orbiting_body" : "Earth"
      } ],
      "orbital_data" : {
        "orbit_id" : "30",
        "orbit_determination_date" : "2016-09-23 06:18:05",
        "orbit_uncertainty" : "1",
        "minimum_orbit_intersection" : ".281823",
        "jupiter_tisserand_invariant" : "3.973",
        "epoch_osculation" : "2457600.5",
        "eccentricity" : ".3475491969141696",
        "semi_major_axis" : "1.64370791733137",
        "inclination" : "39.97500073576295",
        "ascending_node_longitude" : "318.2480360204985",
        "orbital_period" : "769.7246546474103",
        "perihelion_distance" : "1.07243855070139",
        "perihelion_argument" : "251.9447721169993",
        "aphelion_distance" : "2.21497728396135",
        "perihelion_time" : "2457420.671395562705",
        "mean_anomaly" : "84.10578666871606",
        "mean_motion" : ".4676997129121532",
        "equinox" : "J2000"
      }
    }, {
      "links" : {
        "self" : "https://api.nasa.gov/neo/rest/v1/neo/3154513?api_key=t0TVs3DtDT2H8Oy2Zy8m2eVrNsAVKAexjcZXUckd"
      },
      "neo_reference_id" : "3154513",
      "name" : "(2003 KZ18)",
      "nasa_jpl_url" : "http://ssd.jpl.nasa.gov/sbdb.cgi?sstr=3154513",
      "absolute_magnitude_h" : 21.2,
      "estimated_diameter" : {
        "kilometers" : {
          "estimated_diameter_min" : 0.1529519353,
          "estimated_diameter_max" : 0.3420109247
        },
        "meters" : {
          "estimated_diameter_min" : 152.9519353442,
          "estimated_diameter_max" : 342.0109247198
        },
        "miles" : {
          "estimated_diameter_min" : 0.095039897,
          "estimated_diameter_max" : 0.2125156703
        },
        "feet" : {
          "estimated_diameter_min" : 501.8108275547,
          "estimated_diameter_max" : 1122.0831222578
        }
      },
      "is_potentially_hazardous_asteroid" : false,
      "close_approach_data" : [ {
        "close_approach_date" : "2001-02-15",
        "epoch_date_close_approach" : 982224000000,
        "relative_velocity" : {
          "kilometers_per_second" : "17.1099948843",
          "kilometers_per_hour" : "61595.9815834325",
          "miles_per_hour" : "38273.3475566611"
        },
        "miss_distance" : {
          "astronomical" : "0.4217017218",
          "lunar" : "164.0419769287",
          "kilometers" : "63085680",
          "miles" : "39199624"
        },
        "orbiting_body" : "Earth"
      } ],
      "orbital_data" : {
        "orbit_id" : "32",
        "orbit_determination_date" : "2016-05-18 06:16:37",
        "orbit_uncertainty" : "0",
        "minimum_orbit_intersection" : ".158693",
        "jupiter_tisserand_invariant" : "6.222",
        "epoch_osculation" : "2457600.5",
        "eccentricity" : ".3304930658794457",
        "semi_major_axis" : ".9485854363354138",
        "inclination" : "23.89902642774379",
        "ascending_node_longitude" : "249.9915501477144",
        "orbital_period" : "337.4528542211346",
        "perihelion_distance" : ".6350845272323311",
        "perihelion_argument" : "154.6064272693837",
        "aphelion_distance" : "1.262086345438496",
        "perihelion_time" : "2457644.054204535895",
        "mean_anomaly" : "313.5356911734779",
        "mean_motion" : "1.066815691427194",
        "equinox" : "J2000"
      }
    }, {
      "links" : {
        "self" : "https://api.nasa.gov/neo/rest/v1/neo/3325502?api_key=t0TVs3DtDT2H8Oy2Zy8m2eVrNsAVKAexjcZXUckd"
      },
      "neo_reference_id" : "3325502",
      "name" : "(2006 EC)",
      "nasa_jpl_url" : "http://ssd.jpl.nasa.gov/sbdb.cgi?sstr=3325502",
      "absolute_magnitude_h" : 26.6,
      "estimated_diameter" : {
        "kilometers" : {
          "estimated_diameter_min" : 0.0127219879,
          "estimated_diameter_max" : 0.0284472297
        },
        "meters" : {
          "estimated_diameter_min" : 12.7219878539,
          "estimated_diameter_max" : 28.4472296503
        },
        "miles" : {
          "estimated_diameter_min" : 0.0079050743,
          "estimated_diameter_max" : 0.0176762835
        },
        "feet" : {
          "estimated_diameter_min" : 41.7388066307,
          "estimated_diameter_max" : 93.330808926
        }
      },
      "is_potentially_hazardous_asteroid" : false,
      "close_approach_data" : [ {
        "close_approach_date" : "2001-02-15",
        "epoch_date_close_approach" : 982224000000,
        "relative_velocity" : {
          "kilometers_per_second" : "17.4143845487",
          "kilometers_per_hour" : "62691.7843753556",
          "miles_per_hour" : "38954.2367970092"
        },
        "miss_distance" : {
          "astronomical" : "0.3587354559",
          "lunar" : "139.5480804443",
          "kilometers" : "53666060",
          "miles" : "33346542"
        },
        "orbiting_body" : "Earth"
      } ],
      "orbital_data" : {
        "orbit_id" : "11",
        "orbit_determination_date" : "2017-04-06 09:08:58",
        "orbit_uncertainty" : "6",
        "minimum_orbit_intersection" : ".00198323",
        "jupiter_tisserand_invariant" : "5.479",
        "epoch_osculation" : "2458000.5",
        "eccentricity" : ".2173599795229156",
        "semi_major_axis" : "1.137455131243265",
        "inclination" : "7.583000560688578",
        "ascending_node_longitude" : "347.4758044776841",
        "orbital_period" : "443.0980494078051",
        "perihelion_distance" : ".8902179072079938",
        "perihelion_argument" : "245.6715936196408",
        "aphelion_distance" : "1.384692355278536",
        "perihelion_time" : "2457845.849148406030",
        "mean_anomaly" : "125.6478259117529",
        "mean_motion" : ".8124612610710777",
        "equinox" : "J2000"
      }
    }, {
      "links" : {
        "self" : "https://api.nasa.gov/neo/rest/v1/neo/3371143?api_key=t0TVs3DtDT2H8Oy2Zy8m2eVrNsAVKAexjcZXUckd"
      },
      "neo_reference_id" : "3371143",
      "name" : "(2007 EO88)",
      "nasa_jpl_url" : "http://ssd.jpl.nasa.gov/sbdb.cgi?sstr=3371143",
      "absolute_magnitude_h" : 26.4,
      "estimated_diameter" : {
        "kilometers" : {
          "estimated_diameter_min" : 0.0139493823,
          "estimated_diameter_max" : 0.0311917671
        },
        "meters" : {
          "estimated_diameter_min" : 13.9493822934,
          "estimated_diameter_max" : 31.1917670523
        },
        "miles" : {
          "estimated_diameter_min" : 0.0086677416,
          "estimated_diameter_max" : 0.0193816595
        },
        "feet" : {
          "estimated_diameter_min" : 45.7656914036,
          "estimated_diameter_max" : 102.3351970157
        }
      },
      "is_potentially_hazardous_asteroid" : false,
      "close_approach_data" : [ {
        "close_approach_date" : "2001-02-15",
        "epoch_date_close_approach" : 982224000000,
        "relative_velocity" : {
          "kilometers_per_second" : "7.5495225195",
          "kilometers_per_hour" : "27178.2810703538",
          "miles_per_hour" : "16887.5269239651"
        },
        "miss_distance" : {
          "astronomical" : "0.3485026412",
          "lunar" : "135.5675201416",
          "kilometers" : "52135252",
          "miles" : "32395344"
        },
        "orbiting_body" : "Earth"
      } ],
      "orbital_data" : {
        "orbit_id" : "11",
        "orbit_determination_date" : "2017-04-06 09:06:44",
        "orbit_uncertainty" : "6",
        "minimum_orbit_intersection" : ".000432426",
        "jupiter_tisserand_invariant" : "5.467",
        "epoch_osculation" : "2458000.5",
        "eccentricity" : ".3373588255414172",
        "semi_major_axis" : "1.132757507004841",
        "inclination" : "5.933129638417528",
        "ascending_node_longitude" : "356.1963876951057",
        "orbital_period" : "440.3559313176274",
        "perihelion_distance" : ".7506117648184644",
        "perihelion_argument" : "270.1622108103276",
        "aphelion_distance" : "1.514903249191218",
        "perihelion_time" : "2458194.274910742065",
        "mean_anomaly" : "201.5850385881907",
        "mean_motion" : ".8175204973913094",
        "equinox" : "J2000"
      }
    }, {
      "links" : {
        "self" : "https://api.nasa.gov/neo/rest/v1/neo/3585467?api_key=t0TVs3DtDT2H8Oy2Zy8m2eVrNsAVKAexjcZXUckd"
      },
      "neo_reference_id" : "3585467",
      "name" : "(2011 UC292)",
      "nasa_jpl_url" : "http://ssd.jpl.nasa.gov/sbdb.cgi?sstr=3585467",
      "absolute_magnitude_h" : 22.6,
      "estimated_diameter" : {
        "kilometers" : {
          "estimated_diameter_min" : 0.0802703167,
          "estimated_diameter_max" : 0.1794898848
        },
        "meters" : {
          "estimated_diameter_min" : 80.2703167283,
          "estimated_diameter_max" : 179.4898847799
        },
        "miles" : {
          "estimated_diameter_min" : 0.049877647,
          "estimated_diameter_max" : 0.1115298092
        },
        "feet" : {
          "estimated_diameter_min" : 263.3540659348,
          "estimated_diameter_max" : 588.8775935812
        }
      },
      "is_potentially_hazardous_asteroid" : false,
      "close_approach_data" : [ {
        "close_approach_date" : "2001-02-15",
        "epoch_date_close_approach" : 982224000000,
        "relative_velocity" : {
          "kilometers_per_second" : "11.8300527285",
          "kilometers_per_hour" : "42588.1898227433",
          "miles_per_hour" : "26462.6449484707"
        },
        "miss_distance" : {
          "astronomical" : "0.1227419293",
          "lunar" : "47.7466125488",
          "kilometers" : "18361932",
          "miles" : "11409575"
        },
        "orbiting_body" : "Earth"
      } ],
      "orbital_data" : {
        "orbit_id" : "5",
        "orbit_determination_date" : "2017-04-06 08:52:07",
        "orbit_uncertainty" : "7",
        "minimum_orbit_intersection" : ".0161531",
        "jupiter_tisserand_invariant" : "5.705",
        "epoch_osculation" : "2458000.5",
        "eccentricity" : ".2607394785260002",
        "semi_major_axis" : "1.078090713497173",
        "inclination" : "1.69537349244136",
        "ascending_node_longitude" : "187.1815098842731",
        "orbital_period" : "408.8663643729415",
        "perihelion_distance" : ".7969899030561963",
        "perihelion_argument" : "52.42118279224657",
        "aphelion_distance" : "1.359191523938149",
        "perihelion_time" : "2458154.949470921020",
        "mean_anomaly" : "224.0098223368387",
        "mean_motion" : ".8804832859071557",
        "equinox" : "J2000"
      }
    }, {
      "links" : {
        "self" : "https://api.nasa.gov/neo/rest/v1/neo/3604307?api_key=t0TVs3DtDT2H8Oy2Zy8m2eVrNsAVKAexjcZXUckd"
      },
      "neo_reference_id" : "3604307",
      "name" : "(2012 KC6)",
      "nasa_jpl_url" : "http://ssd.jpl.nasa.gov/sbdb.cgi?sstr=3604307",
      "absolute_magnitude_h" : 21.7,
      "estimated_diameter" : {
        "kilometers" : {
          "estimated_diameter_min" : 0.1214940408,
          "estimated_diameter_max" : 0.2716689341
        },
        "meters" : {
          "estimated_diameter_min" : 121.4940407996,
          "estimated_diameter_max" : 271.6689340891
        },
        "miles" : {
          "estimated_diameter_min" : 0.0754928736,
          "estimated_diameter_max" : 0.1688071972
        },
        "feet" : {
          "estimated_diameter_min" : 398.6025088171,
          "estimated_diameter_max" : 891.3023057169
        }
      },
      "is_potentially_hazardous_asteroid" : true,
      "close_approach_data" : [ {
        "close_approach_date" : "2001-02-15",
        "epoch_date_close_approach" : 982224000000,
        "relative_velocity" : {
          "kilometers_per_second" : "8.4299856365",
          "kilometers_per_hour" : "30347.9482914898",
          "miles_per_hour" : "18857.0348703427"
        },
        "miss_distance" : {
          "astronomical" : "0.1739545963",
          "lunar" : "67.6683349609",
          "kilometers" : "26023236",
          "miles" : "16170090"
        },
        "orbiting_body" : "Earth"
      } ],
      "orbital_data" : {
        "orbit_id" : "38",
        "orbit_determination_date" : "2017-04-06 08:49:46",
        "orbit_uncertainty" : "0",
        "minimum_orbit_intersection" : ".0479373",
        "jupiter_tisserand_invariant" : "5.122",
        "epoch_osculation" : "2458000.5",
        "eccentricity" : ".24646722875438",
        "semi_major_axis" : "1.240829715276829",
        "inclination" : "11.31976192900079",
        "ascending_node_longitude" : "195.4068857059227",
        "orbital_period" : "504.8550501427394",
        "perihelion_distance" : ".9350058539964624",
        "perihelion_argument" : "337.9685087347642",
        "aphelion_distance" : "1.546653576557195",
        "perihelion_time" : "2458027.820509582479",
        "mean_anomaly" : "340.5184013769662",
        "mean_motion" : ".7130759609084151",
        "equinox" : "J2000"
      }
    }, {
      "links" : {
        "self" : "https://api.nasa.gov/neo/rest/v1/neo/3646599?api_key=t0TVs3DtDT2H8Oy2Zy8m2eVrNsAVKAexjcZXUckd"
      },
      "neo_reference_id" : "3646599",
      "name" : "(2013 QJ10)",
      "nasa_jpl_url" : "http://ssd.jpl.nasa.gov/sbdb.cgi?sstr=3646599",
      "absolute_magnitude_h" : 19.5,
      "estimated_diameter" : {
        "kilometers" : {
          "estimated_diameter_min" : 0.3346223745,
          "estimated_diameter_max" : 0.7482383761
        },
        "meters" : {
          "estimated_diameter_min" : 334.6223744549,
          "estimated_diameter_max" : 748.2383760735
        },
        "miles" : {
          "estimated_diameter_min" : 0.2079246394,
          "estimated_diameter_max" : 0.464933628
        },
        "feet" : {
          "estimated_diameter_min" : 1097.8424710066,
          "estimated_diameter_max" : 2454.8503937571
        }
      },
      "is_potentially_hazardous_asteroid" : true,
      "close_approach_data" : [ {
        "close_approach_date" : "2001-02-15",
        "epoch_date_close_approach" : 982224000000,
        "relative_velocity" : {
          "kilometers_per_second" : "15.0937722798",
          "kilometers_per_hour" : "54337.5802071637",
          "miles_per_hour" : "33763.2592126124"
        },
        "miss_distance" : {
          "astronomical" : "0.3286281404",
          "lunar" : "127.8363494873",
          "kilometers" : "49162072",
          "miles" : "30547896"
        },
        "orbiting_body" : "Earth"
      } ],
      "orbital_data" : {
        "orbit_id" : "74",
        "orbit_determination_date" : "2016-12-31 06:19:01",
        "orbit_uncertainty" : "1",
        "minimum_orbit_intersection" : ".0237275",
        "jupiter_tisserand_invariant" : "6.161",
        "epoch_osculation" : "2457800.5",
        "eccentricity" : ".4252555942420398",
        "semi_major_axis" : ".9595549068433741",
        "inclination" : "18.14867878219412",
        "ascending_node_longitude" : "327.4855216322815",
        "orbital_period" : "343.323216608476",
        "perihelion_distance" : ".5514988147258298",
        "perihelion_argument" : "243.7933036866469",
        "aphelion_distance" : "1.367610998960918",
        "perihelion_time" : "2457825.071344209016",
        "mean_anomaly" : "334.2351128984866",
        "mean_motion" : "1.048574586817244",
        "equinox" : "J2000"
      }
    }, {
      "links" : {
        "self" : "https://api.nasa.gov/neo/rest/v1/neo/3648862?api_key=t0TVs3DtDT2H8Oy2Zy8m2eVrNsAVKAexjcZXUckd"
      },
      "neo_reference_id" : "3648862",
      "name" : "(2013 TQ5)",
      "nasa_jpl_url" : "http://ssd.jpl.nasa.gov/sbdb.cgi?sstr=3648862",
      "absolute_magnitude_h" : 19.8,
      "estimated_diameter" : {
        "kilometers" : {
          "estimated_diameter_min" : 0.2914439045,
          "estimated_diameter_max" : 0.6516883822
        },
        "meters" : {
          "estimated_diameter_min" : 291.4439045349,
          "estimated_diameter_max" : 651.6883821679
        },
        "miles" : {
          "estimated_diameter_min" : 0.1810947904,
          "estimated_diameter_max" : 0.4049402617
        },
        "feet" : {
          "estimated_diameter_min" : 956.1808197541,
          "estimated_diameter_max" : 2138.0853117517
        }
      },
      "is_potentially_hazardous_asteroid" : false,
      "close_approach_data" : [ {
        "close_approach_date" : "2001-02-15",
        "epoch_date_close_approach" : 982224000000,
        "relative_velocity" : {
          "kilometers_per_second" : "11.6022259622",
          "kilometers_per_hour" : "41768.0134639229",
          "miles_per_hour" : "25953.019254847"
        },
        "miss_distance" : {
          "astronomical" : "0.3620677357",
          "lunar" : "140.8443450928",
          "kilometers" : "54164560",
          "miles" : "33656300"
        },
        "orbiting_body" : "Earth"
      } ],
      "orbital_data" : {
        "orbit_id" : "13",
        "orbit_determination_date" : "2017-04-06 08:44:21",
        "orbit_uncertainty" : "2",
        "minimum_orbit_intersection" : ".192941",
        "jupiter_tisserand_invariant" : "7.456",
        "epoch_osculation" : "2458000.5",
        "eccentricity" : ".155607279874911",
        "semi_major_axis" : ".7736569506630775",
        "inclination" : "16.39876128324156",
        "ascending_node_longitude" : "286.7755471363247",
        "orbital_period" : "248.5541818245478",
        "perihelion_distance" : ".6532702970140777",
        "perihelion_argument" : "247.308533625203",
        "aphelion_distance" : ".8940436043120773",
        "perihelion_time" : "2457937.072297215725",
        "mean_anomaly" : "91.86718499251504",
        "mean_motion" : "1.448376355438352",
        "equinox" : "J2000"
      }
    }, {
      "links" : {
        "self" : "https://api.nasa.gov/neo/rest/v1/neo/3724393?api_key=t0TVs3DtDT2H8Oy2Zy8m2eVrNsAVKAexjcZXUckd"
      },
      "neo_reference_id" : "3724393",
      "name" : "(2015 OD22)",
      "nasa_jpl_url" : "http://ssd.jpl.nasa.gov/sbdb.cgi?sstr=3724393",
      "absolute_magnitude_h" : 21.1,
      "estimated_diameter" : {
        "kilometers" : {
          "estimated_diameter_min" : 0.160160338,
          "estimated_diameter_max" : 0.358129403
        },
        "meters" : {
          "estimated_diameter_min" : 160.1603379786,
          "estimated_diameter_max" : 358.1294030194
        },
        "miles" : {
          "estimated_diameter_min" : 0.0995189894,
          "estimated_diameter_max" : 0.2225312253
        },
        "feet" : {
          "estimated_diameter_min" : 525.4604432536,
          "estimated_diameter_max" : 1174.9652706022
        }
      },
      "is_potentially_hazardous_asteroid" : false,
      "close_approach_data" : [ {
        "close_approach_date" : "2001-02-15",
        "epoch_date_close_approach" : 982224000000,
        "relative_velocity" : {
          "kilometers_per_second" : "23.6069967722",
          "kilometers_per_hour" : "84985.1883800323",
          "miles_per_hour" : "52806.491079804"
        },
        "miss_distance" : {
          "astronomical" : "0.3425804596",
          "lunar" : "133.2638092041",
          "kilometers" : "51249308",
          "miles" : "31844844"
        },
        "orbiting_body" : "Earth"
      } ],
      "orbital_data" : {
        "orbit_id" : "10",
        "orbit_determination_date" : "2017-04-06 08:32:42",
        "orbit_uncertainty" : "6",
        "minimum_orbit_intersection" : ".253379",
        "jupiter_tisserand_invariant" : "4.975",
        "epoch_osculation" : "2458000.5",
        "eccentricity" : ".5454399042710297",
        "semi_major_axis" : "1.220462823526119",
        "inclination" : "28.73194679184622",
        "ascending_node_longitude" : "300.5166834623018",
        "orbital_period" : "492.4762137872536",
        "perihelion_distance" : ".554773697895682",
        "perihelion_argument" : "141.9999860926437",
        "aphelion_distance" : "1.886151949156556",
        "perihelion_time" : "2457838.017822901969",
        "mean_anomaly" : "118.7744344147351",
        "mean_motion" : ".7309997720123749",
        "equinox" : "J2000"
      }
    }, {
      "links" : {
        "self" : "https://api.nasa.gov/neo/rest/v1/neo/2467352?api_key=t0TVs3DtDT2H8Oy2Zy8m2eVrNsAVKAexjcZXUckd"
      },
      "neo_reference_id" : "2467352",
      "name" : "467352 (2003 KZ18)",
      "nasa_jpl_url" : "http://ssd.jpl.nasa.gov/sbdb.cgi?sstr=2467352",
      "absolute_magnitude_h" : 21.3,
      "estimated_diameter" : {
        "kilometers" : {
          "estimated_diameter_min" : 0.1460679643,
          "estimated_diameter_max" : 0.3266178974
        },
        "meters" : {
          "estimated_diameter_min" : 146.0679642714,
          "estimated_diameter_max" : 326.6178974458
        },
        "miles" : {
          "estimated_diameter_min" : 0.090762397,
          "estimated_diameter_max" : 0.2029508896
        },
        "feet" : {
          "estimated_diameter_min" : 479.2256199,
          "estimated_diameter_max" : 1071.581062656
        }
      },
      "is_potentially_hazardous_asteroid" : false,
      "close_approach_data" : [ {
        "close_approach_date" : "2001-02-15",
        "epoch_date_close_approach" : 982224000000,
        "relative_velocity" : {
          "kilometers_per_second" : "17.1099813867",
          "kilometers_per_hour" : "61595.932992098",
          "miles_per_hour" : "38273.3173638956"
        },
        "miss_distance" : {
          "astronomical" : "0.4217018919",
          "lunar" : "164.0420379639",
          "kilometers" : "63085704",
          "miles" : "39199640"
        },
        "orbiting_body" : "Earth"
      } ],
      "orbital_data" : {
        "orbit_id" : "38",
        "orbit_determination_date" : "2017-04-06 09:19:26",
        "orbit_uncertainty" : "0",
        "minimum_orbit_intersection" : ".159331",
        "jupiter_tisserand_invariant" : "6.222",
        "epoch_osculation" : "2458000.5",
        "eccentricity" : ".3306227599692891",
        "semi_major_axis" : ".9487013434463354",
        "inclination" : "23.89932941585244",
        "ascending_node_longitude" : "249.9855551551862",
        "orbital_period" : "337.5147058667853",
        "perihelion_distance" : ".6350390868895355",
        "perihelion_argument" : "154.606472342588",
        "aphelion_distance" : "1.262363600003135",
        "perihelion_time" : "2457981.510822181740",
        "mean_anomaly" : "20.25424046936739",
        "mean_motion" : "1.066620190890555",
        "equinox" : "J2000"
      }
    }, {
      "links" : {
        "self" : "https://api.nasa.gov/neo/rest/v1/neo/2474223?api_key=t0TVs3DtDT2H8Oy2Zy8m2eVrNsAVKAexjcZXUckd"
      },
      "neo_reference_id" : "2474223",
      "name" : "474223 (2001 CC32)",
      "nasa_jpl_url" : "http://ssd.jpl.nasa.gov/sbdb.cgi?sstr=2474223",
      "absolute_magnitude_h" : 18.9,
      "estimated_diameter" : {
        "kilometers" : {
          "estimated_diameter_min" : 0.4411182,
          "estimated_diameter_max" : 0.9863702813
        },
        "meters" : {
          "estimated_diameter_min" : 441.1181999969,
          "estimated_diameter_max" : 986.3702813054
        },
        "miles" : {
          "estimated_diameter_min" : 0.2740980571,
          "estimated_diameter_max" : 0.6129018881
        },
        "feet" : {
          "estimated_diameter_min" : 1447.2382352778,
          "estimated_diameter_max" : 3236.1230737181
        }
      },
      "is_potentially_hazardous_asteroid" : false,
      "close_approach_data" : [ {
        "close_approach_date" : "2001-02-15",
        "epoch_date_close_approach" : 982224000000,
        "relative_velocity" : {
          "kilometers_per_second" : "20.3376518833",
          "kilometers_per_hour" : "73215.5467800125",
          "miles_per_hour" : "45493.2934978361"
        },
        "miss_distance" : {
          "astronomical" : "0.3319007832",
          "lunar" : "129.1094055176",
          "kilometers" : "49651648",
          "miles" : "30852104"
        },
        "orbiting_body" : "Earth"
      } ],
      "orbital_data" : {
        "orbit_id" : "32",
        "orbit_determination_date" : "2017-04-06 09:19:09",
        "orbit_uncertainty" : "1",
        "minimum_orbit_intersection" : ".284237",
        "jupiter_tisserand_invariant" : "3.973",
        "epoch_osculation" : "2458000.5",
        "eccentricity" : ".3476193372860359",
        "semi_major_axis" : "1.643634236677979",
        "inclination" : "39.97311983564966",
        "ascending_node_longitude" : "318.2390635890371",
        "orbital_period" : "769.6728998502335",
        "perihelion_distance" : "1.07227519258334",
        "perihelion_argument" : "251.9630641429668",
        "aphelion_distance" : "2.214993280772617",
        "perihelion_time" : "2458190.417664906233",
        "mean_anomaly" : "271.1695898614232",
        "mean_motion" : ".4677311622509386",
        "equinox" : "J2000"
      }
    }, {
      "links" : {
        "self" : "https://api.nasa.gov/neo/rest/v1/neo/2482796?api_key=t0TVs3DtDT2H8Oy2Zy8m2eVrNsAVKAexjcZXUckd"
      },
      "neo_reference_id" : "2482796",
      "name" : "482796 (2013 QJ10)",
      "nasa_jpl_url" : "http://ssd.jpl.nasa.gov/sbdb.cgi?sstr=2482796",
      "absolute_magnitude_h" : 19.5,
      "estimated_diameter" : {
        "kilometers" : {
          "estimated_diameter_min" : 0.3346223745,
          "estimated_diameter_max" : 0.7482383761
        },
        "meters" : {
          "estimated_diameter_min" : 334.6223744549,
          "estimated_diameter_max" : 748.2383760735
        },
        "miles" : {
          "estimated_diameter_min" : 0.2079246394,
          "estimated_diameter_max" : 0.464933628
        },
        "feet" : {
          "estimated_diameter_min" : 1097.8424710066,
          "estimated_diameter_max" : 2454.8503937571
        }
      },
      "is_potentially_hazardous_asteroid" : true,
      "close_approach_data" : [ {
        "close_approach_date" : "2001-02-15",
        "epoch_date_close_approach" : 982224000000,
        "relative_velocity" : {
          "kilometers_per_second" : "15.0937695882",
          "kilometers_per_hour" : "54337.5705173551",
          "miles_per_hour" : "33763.2531917421"
        },
        "miss_distance" : {
          "astronomical" : "0.3286281992",
          "lunar" : "127.8363723755",
          "kilometers" : "49162080",
          "miles" : "30547900"
        },
        "orbiting_body" : "Earth"
      } ],
      "orbital_data" : {
        "orbit_id" : "78",
        "orbit_determination_date" : "2017-09-26 06:51:55",
        "orbit_uncertainty" : "1",
        "minimum_orbit_intersection" : ".0242684",
        "jupiter_tisserand_invariant" : "6.161",
        "epoch_osculation" : "2458000.5",
        "eccentricity" : ".4252201464767748",
        "semi_major_axis" : ".9595421959633043",
        "inclination" : "18.14805013584654",
        "ascending_node_longitude" : "327.4840661508824",
        "orbital_period" : "343.3163948115964",
        "perihelion_distance" : ".5515255228451419",
        "perihelion_argument" : "243.7977576134674",
        "aphelion_distance" : "1.367558869081466",
        "perihelion_time" : "2458168.386997859231",
        "mean_anomaly" : "183.9544625811109",
        "mean_motion" : "1.04859542230006",
        "equinox" : "J2000"
      }
    } ]
  }
}