{
  "links" : {
    "next" : "https://api.nasa.gov/neo/rest/v1/feed?start_date=2004-01-23&end_date=2004-01-23&detailed=true&api_key=t0TVs3DtDT2H8Oy2Zy8m2eVrNsAVKAexjcZXUckd",
    "prev" : "https://api.nasa.gov/neo/rest/v1/feed?start_date=2004-01-21&end_date=2004-01-21&detailed=true&api_key=t0TVs3DtDT2H8Oy2Zy8m2eVrNsAVKAexjcZXUckd",
    "self" : "https://api.nasa.gov/neo/rest/v1/feed?start_date=2004-01-22&end_date=2004-01-22&detailed=true&api_key=t0TVs3DtDT2H8Oy2Zy8m2eVrNsAVKAexjcZXUckd"
  },
  "element_count" : 6,
  "near_earth_objects" : {
    "2004-01-22" : [ {
      "links" : {
        "self" : "https://api.nasa.gov/neo/rest/v1/neo/2217013?api_key=t0TVs3DtDT2H8Oy2Zy8m2eVrNsAVKAexjcZXUckd"
      },
      "neo_reference_id" : "2217013",
      "name" : "217013 (2001 AA50)",
      "nasa_jpl_url" : "http://ssd.jpl.nasa.gov/sbdb.cgi?sstr=2217013",
      "absolute_magnitude_h" : 18.7,
      "estimated_diameter" : {
        "kilometers" : {
          "estimated_diameter_min" : 0.4836764882,
          "estimated_diameter_max" : 1.0815335068
        },
        "meters" : {
          "estimated_diameter_min" : 483.6764882185,
          "estimated_diameter_max" : 1081.533506775
        },
        "miles" : {
          "estimated_diameter_min" : 0.3005425432,
          "estimated_diameter_max" : 0.6720335566
        },
        "feet" : {
          "estimated_diameter_min" : 1586.8651696069,
          "estimated_diameter_max" : 3548.3383903678
        }
      },
      "is_potentially_hazardous_asteroid" : false,
      "close_approach_data" : [ {
        "close_approach_date" : "2004-01-22",
        "epoch_date_close_approach" : 1074758400000,
        "relative_velocity" : {
          "kilometers_per_second" : "21.1716589242",
          "kilometers_per_hour" : "76217.9721272985",
          "miles_per_hour" : "47358.8838476539"
        },
        "miss_distance" : {
          "astronomical" : "0.4282690975",
          "lunar" : "166.5966796875",
          "kilometers" : "64068144",
          "miles" : "39810100"
        },
        "orbiting_body" : "Earth"
      } ],
      "orbital_data" : {
        "orbit_id" : "87",
        "orbit_determination_date" : "2017-04-06 09:25:19",
        "orbit_uncertainty" : "0",
        "minimum_orbit_intersection" : ".131875",
        "jupiter_tisserand_invariant" : "4.652",
        "epoch_osculation" : "2458000.5",
        "eccentricity" : ".1979580957915888",
        "semi_major_axis" : "1.32072380547989",
        "inclination" : "43.87858409562145",
        "ascending_node_longitude" : "306.2546641017849",
        "orbital_period" : "554.3913374936111",
        "perihelion_distance" : "1.05927583588047",
        "perihelion_argument" : "58.62233417177695",
        "aphelion_distance" : "1.58217177507931",
        "perihelion_time" : "2457864.418091220195",
        "mean_anomaly" : "88.36625655481927",
        "mean_motion" : ".6493607956205641",
        "equinox" : "J2000"
      }
    }, {
      "links" : {
        "self" : "https://api.nasa.gov/neo/rest/v1/neo/2259221?api_key=t0TVs3DtDT2H8Oy2Zy8m2eVrNsAVKAexjcZXUckd"
      },
      "neo_reference_id" : "2259221",
      "name" : "259221 (2003 BA21)",
      "nasa_jpl_url" : "http://ssd.jpl.nasa.gov/sbdb.cgi?sstr=2259221",
      "absolute_magnitude_h" : 19.2,
      "estimated_diameter" : {
        "kilometers" : {
          "estimated_diameter_min" : 0.3841978911,
          "estimated_diameter_max" : 0.8590926012
        },
        "meters" : {
          "estimated_diameter_min" : 384.1978910643,
          "estimated_diameter_max" : 859.0926012318
        },
        "miles" : {
          "estimated_diameter_min" : 0.2387294278,
          "estimated_diameter_max" : 0.5338152287
        },
        "feet" : {
          "estimated_diameter_min" : 1260.4918089193,
          "estimated_diameter_max" : 2818.5453698252
        }
      },
      "is_potentially_hazardous_asteroid" : false,
      "close_approach_data" : [ {
        "close_approach_date" : "2004-01-22",
        "epoch_date_close_approach" : 1074758400000,
        "relative_velocity" : {
          "kilometers_per_second" : "38.2699085032",
          "kilometers_per_hour" : "137771.6706114383",
          "miles_per_hour" : "85605.9583307573"
        },
        "miss_distance" : {
          "astronomical" : "0.2903252723",
          "lunar" : "112.9365386963",
          "kilometers" : "43432044",
          "miles" : "26987422"
        },
        "orbiting_body" : "Earth"
      } ],
      "orbital_data" : {
        "orbit_id" : "40",
        "orbit_determination_date" : "2017-04-06 09:24:43",
        "orbit_uncertainty" : "0",
        "minimum_orbit_intersection" : ".13164",
        "jupiter_tisserand_invariant" : "5.195",
        "epoch_osculation" : "2458000.5",
        "eccentricity" : ".8331011938977626",
        "semi_major_axis" : "1.100261590809678",
        "inclination" : "23.70617095026805",
        "ascending_node_longitude" : "308.8793229286659",
        "orbital_period" : "421.5434595804446",
        "perihelion_distance" : ".1836323459062838",
        "perihelion_argument" : "18.13621485188891",
        "aphelion_distance" : "2.016890835713073",
        "perihelion_time" : "2458049.287226262507",
        "mean_anomaly" : "318.3354905518329",
        "mean_motion" : ".8540044728918393",
        "equinox" : "J2000"
      }
    }, {
      "links" : {
        "self" : "https://api.nasa.gov/neo/rest/v1/neo/3174184?api_key=t0TVs3DtDT2H8Oy2Zy8m2eVrNsAVKAexjcZXUckd"
      },
      "neo_reference_id" : "3174184",
      "name" : "(2004 BG41)",
      "nasa_jpl_url" : "http://ssd.jpl.nasa.gov/sbdb.cgi?sstr=3174184",
      "absolute_magnitude_h" : 24.4,
      "estimated_diameter" : {
        "kilometers" : {
          "estimated_diameter_min" : 0.0350392641,
          "estimated_diameter_max" : 0.0783501764
        },
        "meters" : {
          "estimated_diameter_min" : 35.0392641108,
          "estimated_diameter_max" : 78.3501764334
        },
        "miles" : {
          "estimated_diameter_min" : 0.0217723826,
          "estimated_diameter_max" : 0.0486845275
        },
        "feet" : {
          "estimated_diameter_min" : 114.9582192654,
          "estimated_diameter_max" : 257.0543928497
        }
      },
      "is_potentially_hazardous_asteroid" : false,
      "close_approach_data" : [ {
        "close_approach_date" : "2004-01-22",
        "epoch_date_close_approach" : 1074758400000,
        "relative_velocity" : {
          "kilometers_per_second" : "9.8034315054",
          "kilometers_per_hour" : "35292.3534195604",
          "miles_per_hour" : "21929.2959345041"
        },
        "miss_distance" : {
          "astronomical" : "0.047156438",
          "lunar" : "18.3438549042",
          "kilometers" : "7054503",
          "miles" : "4383465"
        },
        "orbiting_body" : "Earth"
      } ],
      "orbital_data" : {
        "orbit_id" : "15",
        "orbit_determination_date" : "2017-04-06 09:13:15",
        "orbit_uncertainty" : "0",
        "minimum_orbit_intersection" : ".0135172",
        "jupiter_tisserand_invariant" : "3.173",
        "epoch_osculation" : "2458000.5",
        "eccentricity" : ".6099499391599853",
        "semi_major_axis" : "2.509106338665483",
        "inclination" : "2.978222520122809",
        "ascending_node_longitude" : "301.1907079389383",
        "orbital_period" : "1451.700506112319",
        "perihelion_distance" : ".9786770800505382",
        "perihelion_argument" : "153.4537546135031",
        "aphelion_distance" : "4.039535597280428",
        "perihelion_time" : "2457375.470143810026",
        "mean_anomaly" : "154.99805041122",
        "mean_motion" : ".2479850344366737",
        "equinox" : "J2000"
      }
    }, {
      "links" : {
        "self" : "https://api.nasa.gov/neo/rest/v1/neo/3172332?api_key=t0TVs3DtDT2H8Oy2Zy8m2eVrNsAVKAexjcZXUckd"
      },
      "neo_reference_id" : "3172332",
      "name" : "(2004 BV18)",
      "nasa_jpl_url" : "http://ssd.jpl.nasa.gov/sbdb.cgi?sstr=3172332",
      "absolute_magnitude_h" : 25.9,
      "estimated_diameter" : {
        "kilometers" : {
          "estimated_diameter_min" : 0.0175612318,
          "estimated_diameter_max" : 0.0392681082
        },
        "meters" : {
          "estimated_diameter_min" : 17.561231848,
          "estimated_diameter_max" : 39.2681081809
        },
        "miles" : {
          "estimated_diameter_min" : 0.0109120402,
          "estimated_diameter_max" : 0.0244000636
        },
        "feet" : {
          "estimated_diameter_min" : 57.6155918963,
          "estimated_diameter_max" : 128.8323800441
        }
      },
      "is_potentially_hazardous_asteroid" : false,
      "close_approach_data" : [ {
        "close_approach_date" : "2004-01-22",
        "epoch_date_close_approach" : 1074758400000,
        "relative_velocity" : {
          "kilometers_per_second" : "3.4957708838",
          "kilometers_per_hour" : "12584.7751815533",
          "miles_per_hour" : "7819.6898898935"
        },
        "miss_distance" : {
          "astronomical" : "0.0131898433",
          "lunar" : "5.1308488846",
          "kilometers" : "1973172.375",
          "miles" : "1226072.5"
        },
        "orbiting_body" : "Earth"
      } ],
      "orbital_data" : {
        "orbit_id" : "16",
        "orbit_determination_date" : "2017-04-06 09:13:16",
        "orbit_uncertainty" : "6",
        "minimum_orbit_intersection" : ".0137876",
        "jupiter_tisserand_invariant" : "4.878",
        "epoch_osculation" : "2458000.5",
        "eccentricity" : ".2542406985410635",
        "semi_major_axis" : "1.334539491181547",
        "inclination" : "2.171718302085568",
        "ascending_node_longitude" : "302.0661518023458",
        "orbital_period" : "563.1130233337132",
        "perihelion_distance" : ".995245238712915",
        "perihelion_argument" : "170.8418287935382",
        "aphelion_distance" : "1.673833743650179",
        "perihelion_time" : "2458086.918176293102",
        "mean_anomaly" : "304.7525768781944",
        "mean_motion" : ".6393032749779898",
        "equinox" : "J2000"
      }
    }, {
      "links" : {
        "self" : "https://api.nasa.gov/neo/rest/v1/neo/3311964?api_key=t0TVs3DtDT2H8Oy2Zy8m2eVrNsAVKAexjcZXUckd"
      },
      "neo_reference_id" : "3311964",
      "name" : "(2006 AM4)",
      "nasa_jpl_url" : "http://ssd.jpl.nasa.gov/sbdb.cgi?sstr=3311964",
      "absolute_magnitude_h" : 21.8,
      "estimated_diameter" : {
        "kilometers" : {
          "estimated_diameter_min" : 0.1160259082,
          "estimated_diameter_max" : 0.2594418179
        },
        "meters" : {
          "estimated_diameter_min" : 116.0259082094,
          "estimated_diameter_max" : 259.4418179074
        },
        "miles" : {
          "estimated_diameter_min" : 0.0720951346,
          "estimated_diameter_max" : 0.1612096218
        },
        "feet" : {
          "estimated_diameter_min" : 380.6624406898,
          "estimated_diameter_max" : 851.1870938635
        }
      },
      "is_potentially_hazardous_asteroid" : true,
      "close_approach_data" : [ {
        "close_approach_date" : "2004-01-22",
        "epoch_date_close_approach" : 1074758400000,
        "relative_velocity" : {
          "kilometers_per_second" : "14.5292241951",
          "kilometers_per_hour" : "52305.2071024108",
          "miles_per_hour" : "32500.4216020507"
        },
        "miss_distance" : {
          "astronomical" : "0.4080002554",
          "lunar" : "158.712097168",
          "kilometers" : "61035972",
          "miles" : "37925992"
        },
        "orbiting_body" : "Earth"
      } ],
      "orbital_data" : {
        "orbit_id" : "49",
        "orbit_determination_date" : "2017-04-06 09:09:25",
        "orbit_uncertainty" : "1",
        "minimum_orbit_intersection" : ".0112919",
        "jupiter_tisserand_invariant" : "5.957",
        "epoch_osculation" : "2458000.5",
        "eccentricity" : ".6491912426133525",
        "semi_major_axis" : ".9822113215329352",
        "inclination" : "4.134633666261345",
        "ascending_node_longitude" : "123.2021921171298",
        "orbital_period" : "355.5542142199191",
        "perihelion_distance" : ".3445683331980659",
        "perihelion_argument" : "139.774229826388",
        "aphelion_distance" : "1.619854309867805",
        "perihelion_time" : "2458094.917442837962",
        "mean_anomaly" : "264.4019784824076",
        "mean_motion" : "1.012503819677218",
        "equinox" : "J2000"
      }
    }, {
      "links" : {
        "self" : "https://api.nasa.gov/neo/rest/v1/neo/3009717?api_key=t0TVs3DtDT2H8Oy2Zy8m2eVrNsAVKAexjcZXUckd"
      },
      "neo_reference_id" : "3009717",
      "name" : "(1997 AC11)",
      "nasa_jpl_url" : "http://ssd.jpl.nasa.gov/sbdb.cgi?sstr=3009717",
      "absolute_magnitude_h" : 20.5,
      "estimated_diameter" : {
        "kilometers" : {
          "estimated_diameter_min" : 0.2111324448,
          "estimated_diameter_max" : 0.4721064988
        },
        "meters" : {
          "estimated_diameter_min" : 211.1324447897,
          "estimated_diameter_max" : 472.1064988055
        },
        "miles" : {
          "estimated_diameter_min" : 0.1311915784,
          "estimated_diameter_max" : 0.2933532873
        },
        "feet" : {
          "estimated_diameter_min" : 692.6917701639,
          "estimated_diameter_max" : 1548.9058855411
        }
      },
      "is_potentially_hazardous_asteroid" : false,
      "close_approach_data" : [ {
        "close_approach_date" : "2004-01-22",
        "epoch_date_close_approach" : 1074758400000,
        "relative_velocity" : {
          "kilometers_per_second" : "20.4593556822",
          "kilometers_per_hour" : "73653.6804557929",
          "miles_per_hour" : "45765.5327254342"
        },
        "miss_distance" : {
          "astronomical" : "0.1624680256",
          "lunar" : "63.2000656128",
          "kilometers" : "24304872",
          "miles" : "15102347"
        },
        "orbiting_body" : "Earth"
      } ],
      "orbital_data" : {
        "orbit_id" : "17",
        "orbit_determination_date" : "2017-04-06 09:18:02",
        "orbit_uncertainty" : "1",
        "minimum_orbit_intersection" : ".104459",
        "jupiter_tisserand_invariant" : "6.361",
        "epoch_osculation" : "2458000.5",
        "eccentricity" : ".3680124354472985",
        "semi_major_axis" : ".9132312882499038",
        "inclination" : "31.69247566309302",
        "ascending_node_longitude" : "116.9429967455163",
        "orbital_period" : "318.7642441440861",
        "perihelion_distance" : ".5771508177343829",
        "perihelion_argument" : "141.5508638541322",
        "aphelion_distance" : "1.249311758765425",
        "perihelion_time" : "2457888.109192686031",
        "mean_anomaly" : "126.9298278471278",
        "mean_motion" : "1.129361296360688",
        "equinox" : "J2000"
      }
    } ]
  }
}