{
  "links" : {
    "next" : "https://api.nasa.gov/neo/rest/v1/feed?start_date=2005-11-16&end_date=2005-11-16&detailed=true&api_key=t0TVs3DtDT2H8Oy2Zy8m2eVrNsAVKAexjcZXUckd",
    "prev" : "https://api.nasa.gov/neo/rest/v1/feed?start_date=2005-11-14&end_date=2005-11-14&detailed=true&api_key=t0TVs3DtDT2H8Oy2Zy8m2eVrNsAVKAexjcZXUckd",
    "self" : "https://api.nasa.gov/neo/rest/v1/feed?start_date=2005-11-15&end_date=2005-11-15&detailed=true&api_key=t0TVs3DtDT2H8Oy2Zy8m2eVrNsAVKAexjcZXUckd"
  },
  "element_count" : 10,
  "near_earth_objects" : {
    "2005-11-15" : [ {
      "links" : {
        "self" : "https://api.nasa.gov/neo/rest/v1/neo/2164206?api_key=t0TVs3DtDT2H8Oy2Zy8m2eVrNsAVKAexjcZXUckd"
      },
      "neo_reference_id" : "2164206",
      "name" : "164206 (2004 FN18)",
      "nasa_jpl_url" : "http://ssd.jpl.nasa.gov/sbdb.cgi?sstr=2164206",
      "absolute_magnitude_h" : 17.6,
      "estimated_diameter" : {
        "kilometers" : {
          "estimated_diameter_min" : 0.8027031673,
          "estimated_diameter_max" : 1.7948988478
        },
        "meters" : {
          "estimated_diameter_min" : 802.7031672829,
          "estimated_diameter_max" : 1794.8988477988
        },
        "miles" : {
          "estimated_diameter_min" : 0.4987764698,
          "estimated_diameter_max" : 1.115298092
        },
        "feet" : {
          "estimated_diameter_min" : 2633.5406593483,
          "estimated_diameter_max" : 5888.7759358124
        }
      },
      "is_potentially_hazardous_asteroid" : false,
      "close_approach_data" : [ {
        "close_approach_date" : "2005-11-15",
        "epoch_date_close_approach" : 1132041600000,
        "relative_velocity" : {
          "kilometers_per_second" : "9.8630209392",
          "kilometers_per_hour" : "35506.8753811247",
          "miles_per_hour" : "22062.5915388994"
        },
        "miss_distance" : {
          "astronomical" : "0.2633975167",
          "lunar" : "102.4616317749",
          "kilometers" : "39403708",
          "miles" : "24484328"
        },
        "orbiting_body" : "Earth"
      } ],
      "orbital_data" : {
        "orbit_id" : "101",
        "orbit_determination_date" : "2017-04-06 09:26:08",
        "orbit_uncertainty" : "0",
        "minimum_orbit_intersection" : ".112758",
        "jupiter_tisserand_invariant" : "4.050",
        "epoch_osculation" : "2458000.5",
        "eccentricity" : ".4094724029895834",
        "semi_major_axis" : "1.7010191503288",
        "inclination" : "18.28376042009885",
        "ascending_node_longitude" : "214.4929498560398",
        "orbital_period" : "810.3305853625825",
        "perihelion_distance" : "1.004498751312367",
        "perihelion_argument" : "232.7503700793626",
        "aphelion_distance" : "2.397539549345233",
        "perihelion_time" : "2457783.998795908707",
        "mean_anomaly" : "96.18350199380794",
        "mean_motion" : ".4442631272999747",
        "equinox" : "J2000"
      }
    }, {
      "links" : {
        "self" : "https://api.nasa.gov/neo/rest/v1/neo/3274693?api_key=t0TVs3DtDT2H8Oy2Zy8m2eVrNsAVKAexjcZXUckd"
      },
      "neo_reference_id" : "3274693",
      "name" : "(2005 FG)",
      "nasa_jpl_url" : "http://ssd.jpl.nasa.gov/sbdb.cgi?sstr=3274693",
      "absolute_magnitude_h" : 23.9,
      "estimated_diameter" : {
        "kilometers" : {
          "estimated_diameter_min" : 0.04411182,
          "estimated_diameter_max" : 0.0986370281
        },
        "meters" : {
          "estimated_diameter_min" : 44.1118199997,
          "estimated_diameter_max" : 98.6370281305
        },
        "miles" : {
          "estimated_diameter_min" : 0.0274098057,
          "estimated_diameter_max" : 0.0612901888
        },
        "feet" : {
          "estimated_diameter_min" : 144.7238235278,
          "estimated_diameter_max" : 323.6123073718
        }
      },
      "is_potentially_hazardous_asteroid" : false,
      "close_approach_data" : [ {
        "close_approach_date" : "2005-11-15",
        "epoch_date_close_approach" : 1132041600000,
        "relative_velocity" : {
          "kilometers_per_second" : "6.729382026",
          "kilometers_per_hour" : "24225.775293591",
          "miles_per_hour" : "15052.9546539538"
        },
        "miss_distance" : {
          "astronomical" : "0.3395168662",
          "lunar" : "132.0720672607",
          "kilometers" : "50791004",
          "miles" : "31560066"
        },
        "orbiting_body" : "Earth"
      } ],
      "orbital_data" : {
        "orbit_id" : "10",
        "orbit_determination_date" : "2017-04-06 09:11:14",
        "orbit_uncertainty" : "7",
        "minimum_orbit_intersection" : ".0161231",
        "jupiter_tisserand_invariant" : "5.544",
        "epoch_osculation" : "2458000.5",
        "eccentricity" : ".2127094254793759",
        "semi_major_axis" : "1.121773913858271",
        "inclination" : "3.88209252356903",
        "ascending_node_longitude" : "355.6446743623803",
        "orbital_period" : "433.9667260330259",
        "perihelion_distance" : ".883162029123727",
        "perihelion_argument" : "272.6381754403877",
        "aphelion_distance" : "1.360385798592814",
        "perihelion_time" : "2457866.877574016978",
        "mean_anomaly" : "110.847377156347",
        "mean_motion" : ".8295566881148468",
        "equinox" : "J2000"
      }
    }, {
      "links" : {
        "self" : "https://api.nasa.gov/neo/rest/v1/neo/3290082?api_key=t0TVs3DtDT2H8Oy2Zy8m2eVrNsAVKAexjcZXUckd"
      },
      "neo_reference_id" : "3290082",
      "name" : "(2005 RQ6)",
      "nasa_jpl_url" : "http://ssd.jpl.nasa.gov/sbdb.cgi?sstr=3290082",
      "absolute_magnitude_h" : 18.9,
      "estimated_diameter" : {
        "kilometers" : {
          "estimated_diameter_min" : 0.4411182,
          "estimated_diameter_max" : 0.9863702813
        },
        "meters" : {
          "estimated_diameter_min" : 441.1181999969,
          "estimated_diameter_max" : 986.3702813054
        },
        "miles" : {
          "estimated_diameter_min" : 0.2740980571,
          "estimated_diameter_max" : 0.6129018881
        },
        "feet" : {
          "estimated_diameter_min" : 1447.2382352778,
          "estimated_diameter_max" : 3236.1230737181
        }
      },
      "is_potentially_hazardous_asteroid" : false,
      "close_approach_data" : [ {
        "close_approach_date" : "2005-11-15",
        "epoch_date_close_approach" : 1132041600000,
        "relative_velocity" : {
          "kilometers_per_second" : "11.3564642767",
          "kilometers_per_hour" : "40883.2713961657",
          "miles_per_hour" : "25403.2749405786"
        },
        "miss_distance" : {
          "astronomical" : "0.28106387",
          "lunar" : "109.3338546753",
          "kilometers" : "42046560",
          "miles" : "26126520"
        },
        "orbiting_body" : "Earth"
      } ],
      "orbital_data" : {
        "orbit_id" : "105",
        "orbit_determination_date" : "2017-04-06 09:10:31",
        "orbit_uncertainty" : "0",
        "minimum_orbit_intersection" : ".132475",
        "jupiter_tisserand_invariant" : "3.208",
        "epoch_osculation" : "2458000.5",
        "eccentricity" : ".5513952988183568",
        "semi_major_axis" : "2.504806952047643",
        "inclination" : "12.4834936488806",
        "ascending_node_longitude" : "36.18399899363376",
        "orbital_period" : "1447.970843176518",
        "perihelion_distance" : "1.123668174241035",
        "perihelion_argument" : "5.494121528653887",
        "aphelion_distance" : "3.885945729854251",
        "perihelion_time" : "2458036.629456204952",
        "mean_anomaly" : "351.0173576387427",
        "mean_motion" : ".2486237908010924",
        "equinox" : "J2000"
      }
    }, {
      "links" : {
        "self" : "https://api.nasa.gov/neo/rest/v1/neo/3297366?api_key=t0TVs3DtDT2H8Oy2Zy8m2eVrNsAVKAexjcZXUckd"
      },
      "neo_reference_id" : "3297366",
      "name" : "(2005 UJ6)",
      "nasa_jpl_url" : "http://ssd.jpl.nasa.gov/sbdb.cgi?sstr=3297366",
      "absolute_magnitude_h" : 21.5,
      "estimated_diameter" : {
        "kilometers" : {
          "estimated_diameter_min" : 0.1332155667,
          "estimated_diameter_max" : 0.2978790628
        },
        "meters" : {
          "estimated_diameter_min" : 133.2155666981,
          "estimated_diameter_max" : 297.8790627982
        },
        "miles" : {
          "estimated_diameter_min" : 0.0827762899,
          "estimated_diameter_max" : 0.1850934111
        },
        "feet" : {
          "estimated_diameter_min" : 437.0589598459,
          "estimated_diameter_max" : 977.2935443908
        }
      },
      "is_potentially_hazardous_asteroid" : false,
      "close_approach_data" : [ {
        "close_approach_date" : "2005-11-15",
        "epoch_date_close_approach" : 1132041600000,
        "relative_velocity" : {
          "kilometers_per_second" : "12.0329687051",
          "kilometers_per_hour" : "43318.6873384169",
          "miles_per_hour" : "26916.5476964735"
        },
        "miss_distance" : {
          "astronomical" : "0.2609682826",
          "lunar" : "101.5166549683",
          "kilometers" : "39040296",
          "miles" : "24258516"
        },
        "orbiting_body" : "Earth"
      } ],
      "orbital_data" : {
        "orbit_id" : "16",
        "orbit_determination_date" : "2016-11-24 06:19:05",
        "orbit_uncertainty" : "0",
        "minimum_orbit_intersection" : ".124977",
        "jupiter_tisserand_invariant" : "5.649",
        "epoch_osculation" : "2457800.5",
        "eccentricity" : ".4161895858694952",
        "semi_major_axis" : "1.068545204432379",
        "inclination" : "18.99724711559362",
        "ascending_node_longitude" : "42.39806430815829",
        "orbital_period" : "403.4481944568063",
        "perihelion_distance" : ".6238278183168318",
        "perihelion_argument" : "131.3721612635243",
        "aphelion_distance" : "1.513262590547926",
        "perihelion_time" : "2457818.803681489573",
        "mean_anomaly" : "343.6674809138306",
        "mean_motion" : ".8923078723519782",
        "equinox" : "J2000"
      }
    }, {
      "links" : {
        "self" : "https://api.nasa.gov/neo/rest/v1/neo/3390109?api_key=t0TVs3DtDT2H8Oy2Zy8m2eVrNsAVKAexjcZXUckd"
      },
      "neo_reference_id" : "3390109",
      "name" : "(2007 UN12)",
      "nasa_jpl_url" : "http://ssd.jpl.nasa.gov/sbdb.cgi?sstr=3390109",
      "absolute_magnitude_h" : 28.7,
      "estimated_diameter" : {
        "kilometers" : {
          "estimated_diameter_min" : 0.0048367649,
          "estimated_diameter_max" : 0.0108153351
        },
        "meters" : {
          "estimated_diameter_min" : 4.8367648822,
          "estimated_diameter_max" : 10.8153350678
        },
        "miles" : {
          "estimated_diameter_min" : 0.0030054254,
          "estimated_diameter_max" : 0.0067203356
        },
        "feet" : {
          "estimated_diameter_min" : 15.8686516961,
          "estimated_diameter_max" : 35.4833839037
        }
      },
      "is_potentially_hazardous_asteroid" : false,
      "close_approach_data" : [ {
        "close_approach_date" : "2005-11-15",
        "epoch_date_close_approach" : 1132041600000,
        "relative_velocity" : {
          "kilometers_per_second" : "6.7738079624",
          "kilometers_per_hour" : "24385.708664634",
          "miles_per_hour" : "15152.3310310888"
        },
        "miss_distance" : {
          "astronomical" : "0.214520349",
          "lunar" : "83.4484176636",
          "kilometers" : "32091788",
          "miles" : "19940912"
        },
        "orbiting_body" : "Earth"
      } ],
      "orbital_data" : {
        "orbit_id" : "20",
        "orbit_determination_date" : "2017-04-06 09:05:30",
        "orbit_uncertainty" : "5",
        "minimum_orbit_intersection" : ".00112943",
        "jupiter_tisserand_invariant" : "5.836",
        "epoch_osculation" : "2458000.5",
        "eccentricity" : ".06050933943265564",
        "semi_major_axis" : "1.053832173702906",
        "inclination" : ".2355822174622624",
        "ascending_node_longitude" : "216.0088287325035",
        "orbital_period" : "395.1441959104719",
        "perihelion_distance" : ".9900654849992632",
        "perihelion_argument" : "134.4801866295666",
        "aphelion_distance" : "1.117598862406548",
        "perihelion_time" : "2457914.655324761195",
        "mean_anomaly" : "78.20963437097235",
        "mean_motion" : ".9110598199993944",
        "equinox" : "J2000"
      }
    }, {
      "links" : {
        "self" : "https://api.nasa.gov/neo/rest/v1/neo/3672899?api_key=t0TVs3DtDT2H8Oy2Zy8m2eVrNsAVKAexjcZXUckd"
      },
      "neo_reference_id" : "3672899",
      "name" : "(2014 KQ76)",
      "nasa_jpl_url" : "http://ssd.jpl.nasa.gov/sbdb.cgi?sstr=3672899",
      "absolute_magnitude_h" : 21.6,
      "estimated_diameter" : {
        "kilometers" : {
          "estimated_diameter_min" : 0.1272198785,
          "estimated_diameter_max" : 0.2844722965
        },
        "meters" : {
          "estimated_diameter_min" : 127.2198785394,
          "estimated_diameter_max" : 284.4722965033
        },
        "miles" : {
          "estimated_diameter_min" : 0.0790507431,
          "estimated_diameter_max" : 0.1767628354
        },
        "feet" : {
          "estimated_diameter_min" : 417.3880663071,
          "estimated_diameter_max" : 933.3080892598
        }
      },
      "is_potentially_hazardous_asteroid" : true,
      "close_approach_data" : [ {
        "close_approach_date" : "2005-11-15",
        "epoch_date_close_approach" : 1132041600000,
        "relative_velocity" : {
          "kilometers_per_second" : "13.4175920103",
          "kilometers_per_hour" : "48303.3312369716",
          "miles_per_hour" : "30013.8115677727"
        },
        "miss_distance" : {
          "astronomical" : "0.3678818198",
          "lunar" : "143.1060333252",
          "kilometers" : "55034340",
          "miles" : "34196752"
        },
        "orbiting_body" : "Earth"
      } ],
      "orbital_data" : {
        "orbit_id" : "24",
        "orbit_determination_date" : "2016-06-08 06:17:52",
        "orbit_uncertainty" : "2",
        "minimum_orbit_intersection" : ".0409175",
        "jupiter_tisserand_invariant" : "5.959",
        "epoch_osculation" : "2457600.5",
        "eccentricity" : ".4233135009763423",
        "semi_major_axis" : "1.00746639767388",
        "inclination" : "4.773717282978413",
        "ascending_node_longitude" : "128.0520480970782",
        "orbital_period" : "369.3552544889754",
        "perihelion_distance" : ".5809922697585259",
        "perihelion_argument" : "324.7548504927909",
        "aphelion_distance" : "1.433940525589234",
        "perihelion_time" : "2457777.420801445288",
        "mean_anomaly" : "187.5603561984664",
        "mean_motion" : ".9746713919044717",
        "equinox" : "J2000"
      }
    }, {
      "links" : {
        "self" : "https://api.nasa.gov/neo/rest/v1/neo/3731584?api_key=t0TVs3DtDT2H8Oy2Zy8m2eVrNsAVKAexjcZXUckd"
      },
      "neo_reference_id" : "3731584",
      "name" : "(2015 UF)",
      "nasa_jpl_url" : "http://ssd.jpl.nasa.gov/sbdb.cgi?sstr=3731584",
      "absolute_magnitude_h" : 19.8,
      "estimated_diameter" : {
        "kilometers" : {
          "estimated_diameter_min" : 0.2914439045,
          "estimated_diameter_max" : 0.6516883822
        },
        "meters" : {
          "estimated_diameter_min" : 291.4439045349,
          "estimated_diameter_max" : 651.6883821679
        },
        "miles" : {
          "estimated_diameter_min" : 0.1810947904,
          "estimated_diameter_max" : 0.4049402617
        },
        "feet" : {
          "estimated_diameter_min" : 956.1808197541,
          "estimated_diameter_max" : 2138.0853117517
        }
      },
      "is_potentially_hazardous_asteroid" : false,
      "close_approach_data" : [ {
        "close_approach_date" : "2005-11-15",
        "epoch_date_close_approach" : 1132041600000,
        "relative_velocity" : {
          "kilometers_per_second" : "12.4765213161",
          "kilometers_per_hour" : "44915.4767379564",
          "miles_per_hour" : "27908.7305319819"
        },
        "miss_distance" : {
          "astronomical" : "0.2853415135",
          "lunar" : "110.9978408813",
          "kilometers" : "42686480",
          "miles" : "26524150"
        },
        "orbiting_body" : "Earth"
      } ],
      "orbital_data" : {
        "orbit_id" : "25",
        "orbit_determination_date" : "2017-04-06 08:31:11",
        "orbit_uncertainty" : "5",
        "minimum_orbit_intersection" : ".12973",
        "jupiter_tisserand_invariant" : "3.428",
        "epoch_osculation" : "2458000.5",
        "eccentricity" : ".5250883373220177",
        "semi_major_axis" : "2.247258233666445",
        "inclination" : "5.99107518395032",
        "ascending_node_longitude" : "194.9501833479182",
        "orbital_period" : "1230.489458025074",
        "perihelion_distance" : "1.067249144217317",
        "perihelion_argument" : "251.7365455107984",
        "aphelion_distance" : "3.427267323115573",
        "perihelion_time" : "2457405.043766820502",
        "mean_anomaly" : "174.2105489377149",
        "mean_motion" : ".2925665048588041",
        "equinox" : "J2000"
      }
    }, {
      "links" : {
        "self" : "https://api.nasa.gov/neo/rest/v1/neo/2468910?api_key=t0TVs3DtDT2H8Oy2Zy8m2eVrNsAVKAexjcZXUckd"
      },
      "neo_reference_id" : "2468910",
      "name" : "468910 (2014 KQ76)",
      "nasa_jpl_url" : "http://ssd.jpl.nasa.gov/sbdb.cgi?sstr=2468910",
      "absolute_magnitude_h" : 21.5,
      "estimated_diameter" : {
        "kilometers" : {
          "estimated_diameter_min" : 0.1332155667,
          "estimated_diameter_max" : 0.2978790628
        },
        "meters" : {
          "estimated_diameter_min" : 133.2155666981,
          "estimated_diameter_max" : 297.8790627982
        },
        "miles" : {
          "estimated_diameter_min" : 0.0827762899,
          "estimated_diameter_max" : 0.1850934111
        },
        "feet" : {
          "estimated_diameter_min" : 437.0589598459,
          "estimated_diameter_max" : 977.2935443908
        }
      },
      "is_potentially_hazardous_asteroid" : true,
      "close_approach_data" : [ {
        "close_approach_date" : "2005-11-15",
        "epoch_date_close_approach" : 1132041600000,
        "relative_velocity" : {
          "kilometers_per_second" : "13.4175355995",
          "kilometers_per_hour" : "48303.128158033",
          "miles_per_hour" : "30013.6853824178"
        },
        "miss_distance" : {
          "astronomical" : "0.3678806474",
          "lunar" : "143.1055755615",
          "kilometers" : "55034160",
          "miles" : "34196644"
        },
        "orbiting_body" : "Earth"
      } ],
      "orbital_data" : {
        "orbit_id" : "28",
        "orbit_determination_date" : "2017-05-23 06:19:48",
        "orbit_uncertainty" : "1",
        "minimum_orbit_intersection" : ".0409294",
        "jupiter_tisserand_invariant" : "5.959",
        "epoch_osculation" : "2458000.5",
        "eccentricity" : ".4233477017426433",
        "semi_major_axis" : "1.007452536157145",
        "inclination" : "4.774411821602036",
        "ascending_node_longitude" : "128.0258111147024",
        "orbital_period" : "369.3476316941474",
        "perihelion_distance" : ".5809498203602207",
        "perihelion_argument" : "324.7389768674062",
        "aphelion_distance" : "1.43395525195407",
        "perihelion_time" : "2458146.754300941429",
        "mean_anomaly" : "217.4471749083402",
        "mean_motion" : ".974691507696229",
        "equinox" : "J2000"
      }
    }, {
      "links" : {
        "self" : "https://api.nasa.gov/neo/rest/v1/neo/2481127?api_key=t0TVs3DtDT2H8Oy2Zy8m2eVrNsAVKAexjcZXUckd"
      },
      "neo_reference_id" : "2481127",
      "name" : "481127 (2005 UJ6)",
      "nasa_jpl_url" : "http://ssd.jpl.nasa.gov/sbdb.cgi?sstr=2481127",
      "absolute_magnitude_h" : 21.5,
      "estimated_diameter" : {
        "kilometers" : {
          "estimated_diameter_min" : 0.1332155667,
          "estimated_diameter_max" : 0.2978790628
        },
        "meters" : {
          "estimated_diameter_min" : 133.2155666981,
          "estimated_diameter_max" : 297.8790627982
        },
        "miles" : {
          "estimated_diameter_min" : 0.0827762899,
          "estimated_diameter_max" : 0.1850934111
        },
        "feet" : {
          "estimated_diameter_min" : 437.0589598459,
          "estimated_diameter_max" : 977.2935443908
        }
      },
      "is_potentially_hazardous_asteroid" : false,
      "close_approach_data" : [ {
        "close_approach_date" : "2005-11-15",
        "epoch_date_close_approach" : 1132041600000,
        "relative_velocity" : {
          "kilometers_per_second" : "12.0329643409",
          "kilometers_per_hour" : "43318.6716271169",
          "miles_per_hour" : "26916.5379340827"
        },
        "miss_distance" : {
          "astronomical" : "0.2609684881",
          "lunar" : "101.5167388916",
          "kilometers" : "39040328",
          "miles" : "24258536"
        },
        "orbiting_body" : "Earth"
      } ],
      "orbital_data" : {
        "orbit_id" : "18",
        "orbit_determination_date" : "2017-04-06 09:18:50",
        "orbit_uncertainty" : "1",
        "minimum_orbit_intersection" : ".124955",
        "jupiter_tisserand_invariant" : "5.649",
        "epoch_osculation" : "2458000.5",
        "eccentricity" : ".4161195746148604",
        "semi_major_axis" : "1.068451163273958",
        "inclination" : "18.9976614249665",
        "ascending_node_longitude" : "42.39515630621894",
        "orbital_period" : "403.3949352676462",
        "perihelion_distance" : ".6238477197156461",
        "perihelion_argument" : "131.369164383246",
        "aphelion_distance" : "1.513054606832271",
        "perihelion_time" : "2457818.795911248593",
        "mean_anomaly" : "162.1573952263573",
        "mean_motion" : ".8924256814507243",
        "equinox" : "J2000"
      }
    }, {
      "links" : {
        "self" : "https://api.nasa.gov/neo/rest/v1/neo/3767162?api_key=t0TVs3DtDT2H8Oy2Zy8m2eVrNsAVKAexjcZXUckd"
      },
      "neo_reference_id" : "3767162",
      "name" : "(2017 BL30)",
      "nasa_jpl_url" : "http://ssd.jpl.nasa.gov/sbdb.cgi?sstr=3767162",
      "absolute_magnitude_h" : 23.3,
      "estimated_diameter" : {
        "kilometers" : {
          "estimated_diameter_min" : 0.058150704,
          "estimated_diameter_max" : 0.130028927
        },
        "meters" : {
          "estimated_diameter_min" : 58.1507039646,
          "estimated_diameter_max" : 130.0289270043
        },
        "miles" : {
          "estimated_diameter_min" : 0.0361331611,
          "estimated_diameter_max" : 0.0807962044
        },
        "feet" : {
          "estimated_diameter_min" : 190.7831555951,
          "estimated_diameter_max" : 426.6041048727
        }
      },
      "is_potentially_hazardous_asteroid" : false,
      "close_approach_data" : [ {
        "close_approach_date" : "2005-11-15",
        "epoch_date_close_approach" : 1132041600000,
        "relative_velocity" : {
          "kilometers_per_second" : "8.1676527385",
          "kilometers_per_hour" : "29403.5498584687",
          "miles_per_hour" : "18270.2224106691"
        },
        "miss_distance" : {
          "astronomical" : "0.4186305099",
          "lunar" : "162.8472747803",
          "kilometers" : "62626232",
          "miles" : "38914136"
        },
        "orbiting_body" : "Earth"
      } ],
      "orbital_data" : {
        "orbit_id" : "39",
        "orbit_determination_date" : "2017-04-06 08:20:41",
        "orbit_uncertainty" : "6",
        "minimum_orbit_intersection" : "2.98546E-5",
        "jupiter_tisserand_invariant" : "5.494",
        "epoch_osculation" : "2458000.5",
        "eccentricity" : ".2385751550635342",
        "semi_major_axis" : "1.133913247866829",
        "inclination" : "2.852723780642305",
        "ascending_node_longitude" : "311.1818421132643",
        "orbital_period" : "441.0300391487146",
        "perihelion_distance" : ".8633897189284043",
        "perihelion_argument" : "283.0560785961275",
        "aphelion_distance" : "1.404436776805253",
        "perihelion_time" : "2457876.979556641374",
        "mean_anomaly" : "100.8261471144621",
        "mean_motion" : ".8162709295150949",
        "equinox" : "J2000"
      }
    } ]
  }
}