{
  "links" : {
    "next" : "https://api.nasa.gov/neo/rest/v1/feed?start_date=2008-02-09&end_date=2008-02-09&detailed=true&api_key=t0TVs3DtDT2H8Oy2Zy8m2eVrNsAVKAexjcZXUckd",
    "prev" : "https://api.nasa.gov/neo/rest/v1/feed?start_date=2008-02-07&end_date=2008-02-07&detailed=true&api_key=t0TVs3DtDT2H8Oy2Zy8m2eVrNsAVKAexjcZXUckd",
    "self" : "https://api.nasa.gov/neo/rest/v1/feed?start_date=2008-02-08&end_date=2008-02-08&detailed=true&api_key=t0TVs3DtDT2H8Oy2Zy8m2eVrNsAVKAexjcZXUckd"
  },
  "element_count" : 9,
  "near_earth_objects" : {
    "2008-02-08" : [ {
      "links" : {
        "self" : "https://api.nasa.gov/neo/rest/v1/neo/3402609?api_key=t0TVs3DtDT2H8Oy2Zy8m2eVrNsAVKAexjcZXUckd"
      },
      "neo_reference_id" : "3402609",
      "name" : "(2008 CG116)",
      "nasa_jpl_url" : "http://ssd.jpl.nasa.gov/sbdb.cgi?sstr=3402609",
      "absolute_magnitude_h" : 24.2,
      "estimated_diameter" : {
        "kilometers" : {
          "estimated_diameter_min" : 0.0384197891,
          "estimated_diameter_max" : 0.0859092601
        },
        "meters" : {
          "estimated_diameter_min" : 38.4197891064,
          "estimated_diameter_max" : 85.9092601232
        },
        "miles" : {
          "estimated_diameter_min" : 0.0238729428,
          "estimated_diameter_max" : 0.0533815229
        },
        "feet" : {
          "estimated_diameter_min" : 126.0491808919,
          "estimated_diameter_max" : 281.8545369825
        }
      },
      "is_potentially_hazardous_asteroid" : false,
      "close_approach_data" : [ {
        "close_approach_date" : "2008-02-08",
        "epoch_date_close_approach" : 1202457600000,
        "relative_velocity" : {
          "kilometers_per_second" : "8.0266489885",
          "kilometers_per_hour" : "28895.9363587072",
          "miles_per_hour" : "17954.8111224423"
        },
        "miss_distance" : {
          "astronomical" : "0.0285680691",
          "lunar" : "11.1129789352",
          "kilometers" : "4273722.5",
          "miles" : "2655568"
        },
        "orbiting_body" : "Earth"
      } ],
      "orbital_data" : {
        "orbit_id" : "6",
        "orbit_determination_date" : "2017-04-06 09:04:23",
        "orbit_uncertainty" : "7",
        "minimum_orbit_intersection" : ".0473655",
        "jupiter_tisserand_invariant" : "3.232",
        "epoch_osculation" : "2458000.5",
        "eccentricity" : ".5818569081543262",
        "semi_major_axis" : "2.455073509493538",
        "inclination" : "5.08235015520728",
        "ascending_node_longitude" : "309.3334213836116",
        "orbital_period" : "1405.060993246276",
        "perihelion_distance" : "1.026572027968037",
        "perihelion_argument" : "198.6328497668938",
        "aphelion_distance" : "3.883574991019038",
        "perihelion_time" : "2457326.930137752018",
        "mean_anomaly" : "172.5798037059103",
        "mean_motion" : ".2562166352424675",
        "equinox" : "J2000"
      }
    }, {
      "links" : {
        "self" : "https://api.nasa.gov/neo/rest/v1/neo/2231134?api_key=t0TVs3DtDT2H8Oy2Zy8m2eVrNsAVKAexjcZXUckd"
      },
      "neo_reference_id" : "2231134",
      "name" : "231134 (2005 TU45)",
      "nasa_jpl_url" : "http://ssd.jpl.nasa.gov/sbdb.cgi?sstr=2231134",
      "absolute_magnitude_h" : 17.1,
      "estimated_diameter" : {
        "kilometers" : {
          "estimated_diameter_min" : 1.0105434154,
          "estimated_diameter_max" : 2.2596437711
        },
        "meters" : {
          "estimated_diameter_min" : 1010.5434154201,
          "estimated_diameter_max" : 2259.643771094
        },
        "miles" : {
          "estimated_diameter_min" : 0.6279223726,
          "estimated_diameter_max" : 1.4040771097
        },
        "feet" : {
          "estimated_diameter_min" : 3315.4312590467,
          "estimated_diameter_max" : 7413.5296699562
        }
      },
      "is_potentially_hazardous_asteroid" : false,
      "close_approach_data" : [ {
        "close_approach_date" : "2008-02-08",
        "epoch_date_close_approach" : 1202457600000,
        "relative_velocity" : {
          "kilometers_per_second" : "15.4953211376",
          "kilometers_per_hour" : "55783.1560954914",
          "miles_per_hour" : "34661.4838527791"
        },
        "miss_distance" : {
          "astronomical" : "0.3232911495",
          "lunar" : "125.7602615356",
          "kilometers" : "48363668",
          "miles" : "30051790"
        },
        "orbiting_body" : "Earth"
      } ],
      "orbital_data" : {
        "orbit_id" : "128",
        "orbit_determination_date" : "2017-04-06 09:25:07",
        "orbit_uncertainty" : "0",
        "minimum_orbit_intersection" : ".257022",
        "jupiter_tisserand_invariant" : "3.576",
        "epoch_osculation" : "2458000.5",
        "eccentricity" : ".4955796587616148",
        "semi_major_axis" : "1.974222221842457",
        "inclination" : "28.54088360006532",
        "ascending_node_longitude" : "120.1718927894484",
        "orbital_period" : "1013.193700457119",
        "perihelion_distance" : ".9958378468221752",
        "perihelion_argument" : "76.91361326161251",
        "aphelion_distance" : "2.952606596862739",
        "perihelion_time" : "2457607.318293260199",
        "mean_anomaly" : "139.7022251149686",
        "mean_motion" : ".3553121183418136",
        "equinox" : "J2000"
      }
    }, {
      "links" : {
        "self" : "https://api.nasa.gov/neo/rest/v1/neo/2413260?api_key=t0TVs3DtDT2H8Oy2Zy8m2eVrNsAVKAexjcZXUckd"
      },
      "neo_reference_id" : "2413260",
      "name" : "413260 (2003 TL4)",
      "nasa_jpl_url" : "http://ssd.jpl.nasa.gov/sbdb.cgi?sstr=2413260",
      "absolute_magnitude_h" : 19.4,
      "estimated_diameter" : {
        "kilometers" : {
          "estimated_diameter_min" : 0.3503926411,
          "estimated_diameter_max" : 0.7835017643
        },
        "meters" : {
          "estimated_diameter_min" : 350.3926411083,
          "estimated_diameter_max" : 783.5017643338
        },
        "miles" : {
          "estimated_diameter_min" : 0.2177238258,
          "estimated_diameter_max" : 0.4868452748
        },
        "feet" : {
          "estimated_diameter_min" : 1149.5821926537,
          "estimated_diameter_max" : 2570.543928497
        }
      },
      "is_potentially_hazardous_asteroid" : true,
      "close_approach_data" : [ {
        "close_approach_date" : "2008-02-08",
        "epoch_date_close_approach" : 1202457600000,
        "relative_velocity" : {
          "kilometers_per_second" : "16.5762889072",
          "kilometers_per_hour" : "59674.64006601",
          "miles_per_hour" : "37079.5006565716"
        },
        "miss_distance" : {
          "astronomical" : "0.4888262608",
          "lunar" : "190.153427124",
          "kilometers" : "73127368",
          "miles" : "45439240"
        },
        "orbiting_body" : "Earth"
      } ],
      "orbital_data" : {
        "orbit_id" : "67",
        "orbit_determination_date" : "2017-04-06 09:21:34",
        "orbit_uncertainty" : "0",
        "minimum_orbit_intersection" : ".0249707",
        "jupiter_tisserand_invariant" : "7.398",
        "epoch_osculation" : "2458000.5",
        "eccentricity" : ".3815149390777431",
        "semi_major_axis" : ".7765954143905196",
        "inclination" : "12.18548022658475",
        "ascending_node_longitude" : "220.0651000423994",
        "orbital_period" : "249.9715939983711",
        "perihelion_distance" : ".4803126621812659",
        "perihelion_argument" : "321.9415922657562",
        "aphelion_distance" : "1.072878166599773",
        "perihelion_time" : "2458020.891827457756",
        "mean_anomaly" : "330.6324316000475",
        "mean_motion" : "1.440163637162492",
        "equinox" : "J2000"
      }
    }, {
      "links" : {
        "self" : "https://api.nasa.gov/neo/rest/v1/neo/3076622?api_key=t0TVs3DtDT2H8Oy2Zy8m2eVrNsAVKAexjcZXUckd"
      },
      "neo_reference_id" : "3076622",
      "name" : "(2001 DG47)",
      "nasa_jpl_url" : "http://ssd.jpl.nasa.gov/sbdb.cgi?sstr=3076622",
      "absolute_magnitude_h" : 23.0,
      "estimated_diameter" : {
        "kilometers" : {
          "estimated_diameter_min" : 0.0667659413,
          "estimated_diameter_max" : 0.1492931834
        },
        "meters" : {
          "estimated_diameter_min" : 66.7659413495,
          "estimated_diameter_max" : 149.2931834393
        },
        "miles" : {
          "estimated_diameter_min" : 0.0414864197,
          "estimated_diameter_max" : 0.0927664547
        },
        "feet" : {
          "estimated_diameter_min" : 219.0483710172,
          "estimated_diameter_max" : 489.807047955
        }
      },
      "is_potentially_hazardous_asteroid" : false,
      "close_approach_data" : [ {
        "close_approach_date" : "2008-02-08",
        "epoch_date_close_approach" : 1202457600000,
        "relative_velocity" : {
          "kilometers_per_second" : "8.8211791543",
          "kilometers_per_hour" : "31756.2449554549",
          "miles_per_hour" : "19732.0956502381"
        },
        "miss_distance" : {
          "astronomical" : "0.268043623",
          "lunar" : "104.2689743042",
          "kilometers" : "40098756",
          "miles" : "24916212"
        },
        "orbiting_body" : "Earth"
      } ],
      "orbital_data" : {
        "orbit_id" : "14",
        "orbit_determination_date" : "2017-04-06 09:16:31",
        "orbit_uncertainty" : "5",
        "minimum_orbit_intersection" : ".0986353",
        "jupiter_tisserand_invariant" : "4.551",
        "epoch_osculation" : "2458000.5",
        "eccentricity" : ".32767329991336",
        "semi_major_axis" : "1.446329672681186",
        "inclination" : "16.84566140751427",
        "ascending_node_longitude" : "151.8312923646332",
        "orbital_period" : "635.3300119655448",
        "perihelion_distance" : ".9724060560711317",
        "perihelion_argument" : "299.1027200966406",
        "aphelion_distance" : "1.92025328929124",
        "perihelion_time" : "2458260.982931904341",
        "mean_anomaly" : "212.4013446248967",
        "mean_motion" : ".5666346516297164",
        "equinox" : "J2000"
      }
    }, {
      "links" : {
        "self" : "https://api.nasa.gov/neo/rest/v1/neo/3332535?api_key=t0TVs3DtDT2H8Oy2Zy8m2eVrNsAVKAexjcZXUckd"
      },
      "neo_reference_id" : "3332535",
      "name" : "(2006 JY26)",
      "nasa_jpl_url" : "http://ssd.jpl.nasa.gov/sbdb.cgi?sstr=3332535",
      "absolute_magnitude_h" : 28.4,
      "estimated_diameter" : {
        "kilometers" : {
          "estimated_diameter_min" : 0.0055533491,
          "estimated_diameter_max" : 0.0124176661
        },
        "meters" : {
          "estimated_diameter_min" : 5.5533491158,
          "estimated_diameter_max" : 12.4176661257
        },
        "miles" : {
          "estimated_diameter_min" : 0.0034506901,
          "estimated_diameter_max" : 0.0077159776
        },
        "feet" : {
          "estimated_diameter_min" : 18.2196499131,
          "estimated_diameter_max" : 40.740375732
        }
      },
      "is_potentially_hazardous_asteroid" : false,
      "close_approach_data" : [ {
        "close_approach_date" : "2008-02-08",
        "epoch_date_close_approach" : 1202457600000,
        "relative_velocity" : {
          "kilometers_per_second" : "2.9806106685",
          "kilometers_per_hour" : "10730.1984066237",
          "miles_per_hour" : "6667.3280043824"
        },
        "miss_distance" : {
          "astronomical" : "0.1129230297",
          "lunar" : "43.9270553589",
          "kilometers" : "16893044",
          "miles" : "10496851"
        },
        "orbiting_body" : "Earth"
      } ],
      "orbital_data" : {
        "orbit_id" : "9",
        "orbit_determination_date" : "2017-04-06 09:08:40",
        "orbit_uncertainty" : "3",
        "minimum_orbit_intersection" : ".000330436",
        "jupiter_tisserand_invariant" : "6.029",
        "epoch_osculation" : "2458000.5",
        "eccentricity" : ".08300439041661013",
        "semi_major_axis" : "1.010232593169178",
        "inclination" : "1.439038907726933",
        "ascending_node_longitude" : "43.46608958120395",
        "orbital_period" : "370.8775035408209",
        "perihelion_distance" : ".9263788525941795",
        "perihelion_argument" : "273.6429888422383",
        "aphelion_distance" : "1.094086333744178",
        "perihelion_time" : "2458024.134950738917",
        "mean_anomaly" : "337.058241104469",
        "mean_motion" : ".9706708995909114",
        "equinox" : "J2000"
      }
    }, {
      "links" : {
        "self" : "https://api.nasa.gov/neo/rest/v1/neo/3402616?api_key=t0TVs3DtDT2H8Oy2Zy8m2eVrNsAVKAexjcZXUckd"
      },
      "neo_reference_id" : "3402616",
      "name" : "(2008 CO116)",
      "nasa_jpl_url" : "http://ssd.jpl.nasa.gov/sbdb.cgi?sstr=3402616",
      "absolute_magnitude_h" : 21.1,
      "estimated_diameter" : {
        "kilometers" : {
          "estimated_diameter_min" : 0.160160338,
          "estimated_diameter_max" : 0.358129403
        },
        "meters" : {
          "estimated_diameter_min" : 160.1603379786,
          "estimated_diameter_max" : 358.1294030194
        },
        "miles" : {
          "estimated_diameter_min" : 0.0995189894,
          "estimated_diameter_max" : 0.2225312253
        },
        "feet" : {
          "estimated_diameter_min" : 525.4604432536,
          "estimated_diameter_max" : 1174.9652706022
        }
      },
      "is_potentially_hazardous_asteroid" : false,
      "close_approach_data" : [ {
        "close_approach_date" : "2008-02-08",
        "epoch_date_close_approach" : 1202457600000,
        "relative_velocity" : {
          "kilometers_per_second" : "15.5157827526",
          "kilometers_per_hour" : "55856.8179094122",
          "miles_per_hour" : "34707.2544393234"
        },
        "miss_distance" : {
          "astronomical" : "0.1290276404",
          "lunar" : "50.1917495728",
          "kilometers" : "19302260",
          "miles" : "11993868"
        },
        "orbiting_body" : "Earth"
      } ],
      "orbital_data" : {
        "orbit_id" : "15",
        "orbit_determination_date" : "2017-04-06 09:04:22",
        "orbit_uncertainty" : "1",
        "minimum_orbit_intersection" : ".0653157",
        "jupiter_tisserand_invariant" : "4.140",
        "epoch_osculation" : "2458000.5",
        "eccentricity" : ".4413556135925083",
        "semi_major_axis" : "1.637553215309179",
        "inclination" : "17.0106724604341",
        "ascending_node_longitude" : "140.6333817510946",
        "orbital_period" : "765.4054671920974",
        "perihelion_distance" : ".9148099111760114",
        "perihelion_argument" : "300.3670635751485",
        "aphelion_distance" : "2.360296519442346",
        "perihelion_time" : "2458291.551100688395",
        "mean_anomaly" : "223.107332336933",
        "mean_motion" : ".4703389450831413",
        "equinox" : "J2000"
      }
    }, {
      "links" : {
        "self" : "https://api.nasa.gov/neo/rest/v1/neo/3402647?api_key=t0TVs3DtDT2H8Oy2Zy8m2eVrNsAVKAexjcZXUckd"
      },
      "neo_reference_id" : "3402647",
      "name" : "(2008 CJ119)",
      "nasa_jpl_url" : "http://ssd.jpl.nasa.gov/sbdb.cgi?sstr=3402647",
      "absolute_magnitude_h" : 21.8,
      "estimated_diameter" : {
        "kilometers" : {
          "estimated_diameter_min" : 0.1160259082,
          "estimated_diameter_max" : 0.2594418179
        },
        "meters" : {
          "estimated_diameter_min" : 116.0259082094,
          "estimated_diameter_max" : 259.4418179074
        },
        "miles" : {
          "estimated_diameter_min" : 0.0720951346,
          "estimated_diameter_max" : 0.1612096218
        },
        "feet" : {
          "estimated_diameter_min" : 380.6624406898,
          "estimated_diameter_max" : 851.1870938635
        }
      },
      "is_potentially_hazardous_asteroid" : false,
      "close_approach_data" : [ {
        "close_approach_date" : "2008-02-08",
        "epoch_date_close_approach" : 1202457600000,
        "relative_velocity" : {
          "kilometers_per_second" : "1.9569783318",
          "kilometers_per_hour" : "7045.1219943685",
          "miles_per_hour" : "4377.5648303342"
        },
        "miss_distance" : {
          "astronomical" : "0.2379394596",
          "lunar" : "92.5584487915",
          "kilometers" : "35595236",
          "miles" : "22117854"
        },
        "orbiting_body" : "Earth"
      } ],
      "orbital_data" : {
        "orbit_id" : "13",
        "orbit_determination_date" : "2017-04-06 09:04:19",
        "orbit_uncertainty" : "1",
        "minimum_orbit_intersection" : ".219831",
        "jupiter_tisserand_invariant" : "3.964",
        "epoch_osculation" : "2458000.5",
        "eccentricity" : ".3406819850276999",
        "semi_major_axis" : "1.823869946895678",
        "inclination" : "3.533539344476568",
        "ascending_node_longitude" : ".9075575863002237",
        "orbital_period" : "899.682406283594",
        "perihelion_distance" : "1.202510312954893",
        "perihelion_argument" : "142.8891387397098",
        "aphelion_distance" : "2.445229580836463",
        "perihelion_time" : "2458114.660814686930",
        "mean_anomaly" : "314.3195543224393",
        "mean_motion" : ".4001412025906866",
        "equinox" : "J2000"
      }
    }, {
      "links" : {
        "self" : "https://api.nasa.gov/neo/rest/v1/neo/3536565?api_key=t0TVs3DtDT2H8Oy2Zy8m2eVrNsAVKAexjcZXUckd"
      },
      "neo_reference_id" : "3536565",
      "name" : "(2010 NM)",
      "nasa_jpl_url" : "http://ssd.jpl.nasa.gov/sbdb.cgi?sstr=3536565",
      "absolute_magnitude_h" : 24.5,
      "estimated_diameter" : {
        "kilometers" : {
          "estimated_diameter_min" : 0.0334622374,
          "estimated_diameter_max" : 0.0748238376
        },
        "meters" : {
          "estimated_diameter_min" : 33.4622374455,
          "estimated_diameter_max" : 74.8238376074
        },
        "miles" : {
          "estimated_diameter_min" : 0.0207924639,
          "estimated_diameter_max" : 0.0464933628
        },
        "feet" : {
          "estimated_diameter_min" : 109.7842471007,
          "estimated_diameter_max" : 245.4850393757
        }
      },
      "is_potentially_hazardous_asteroid" : false,
      "close_approach_data" : [ {
        "close_approach_date" : "2008-02-08",
        "epoch_date_close_approach" : 1202457600000,
        "relative_velocity" : {
          "kilometers_per_second" : "11.8899676355",
          "kilometers_per_hour" : "42803.8834878954",
          "miles_per_hour" : "26596.6686039092"
        },
        "miss_distance" : {
          "astronomical" : "0.2125610166",
          "lunar" : "82.6862335205",
          "kilometers" : "31798674",
          "miles" : "19758780"
        },
        "orbiting_body" : "Earth"
      } ],
      "orbital_data" : {
        "orbit_id" : "8",
        "orbit_determination_date" : "2017-04-06 08:57:09",
        "orbit_uncertainty" : "7",
        "minimum_orbit_intersection" : ".0506822",
        "jupiter_tisserand_invariant" : "6.172",
        "epoch_osculation" : "2458000.5",
        "eccentricity" : ".1515093066333347",
        "semi_major_axis" : ".9723468310524899",
        "inclination" : "16.11294968443807",
        "ascending_node_longitude" : "105.091306901407",
        "orbital_period" : "350.2113617380462",
        "perihelion_distance" : ".8250272368726068",
        "perihelion_argument" : "318.5042435523145",
        "aphelion_distance" : "1.119666425232373",
        "perihelion_time" : "2457957.383638391615",
        "mean_anomaly" : "44.32149231819783",
        "mean_motion" : "1.027950658748974",
        "equinox" : "J2000"
      }
    }, {
      "links" : {
        "self" : "https://api.nasa.gov/neo/rest/v1/neo/3710019?api_key=t0TVs3DtDT2H8Oy2Zy8m2eVrNsAVKAexjcZXUckd"
      },
      "neo_reference_id" : "3710019",
      "name" : "(2015 CO3)",
      "nasa_jpl_url" : "http://ssd.jpl.nasa.gov/sbdb.cgi?sstr=3710019",
      "absolute_magnitude_h" : 21.3,
      "estimated_diameter" : {
        "kilometers" : {
          "estimated_diameter_min" : 0.1460679643,
          "estimated_diameter_max" : 0.3266178974
        },
        "meters" : {
          "estimated_diameter_min" : 146.0679642714,
          "estimated_diameter_max" : 326.6178974458
        },
        "miles" : {
          "estimated_diameter_min" : 0.090762397,
          "estimated_diameter_max" : 0.2029508896
        },
        "feet" : {
          "estimated_diameter_min" : 479.2256199,
          "estimated_diameter_max" : 1071.581062656
        }
      },
      "is_potentially_hazardous_asteroid" : false,
      "close_approach_data" : [ {
        "close_approach_date" : "2008-02-08",
        "epoch_date_close_approach" : 1202457600000,
        "relative_velocity" : {
          "kilometers_per_second" : "17.0883642315",
          "kilometers_per_hour" : "61518.1112332693",
          "miles_per_hour" : "38224.9619493612"
        },
        "miss_distance" : {
          "astronomical" : "0.2668544048",
          "lunar" : "103.8063659668",
          "kilometers" : "39920852",
          "miles" : "24805666"
        },
        "orbiting_body" : "Earth"
      } ],
      "orbital_data" : {
        "orbit_id" : "16",
        "orbit_determination_date" : "2017-04-06 08:35:45",
        "orbit_uncertainty" : "5",
        "minimum_orbit_intersection" : ".191656",
        "jupiter_tisserand_invariant" : "4.501",
        "epoch_osculation" : "2458000.5",
        "eccentricity" : ".287896402938304",
        "semi_major_axis" : "1.448157318271996",
        "inclination" : "26.0689931402394",
        "ascending_node_longitude" : "147.8287304739325",
        "orbital_period" : "636.5346386101847",
        "perihelion_distance" : "1.031238035452708",
        "perihelion_argument" : "290.5599399124144",
        "aphelion_distance" : "1.865076601091285",
        "perihelion_time" : "2458275.459199467669",
        "mean_anomaly" : "204.4934402556849",
        "mean_motion" : ".5655623090457844",
        "equinox" : "J2000"
      }
    } ]
  }
}