{
  "links" : {
    "next" : "https://api.nasa.gov/neo/rest/v1/feed?start_date=2000-08-16&end_date=2000-08-16&detailed=true&api_key=t0TVs3DtDT2H8Oy2Zy8m2eVrNsAVKAexjcZXUckd",
    "prev" : "https://api.nasa.gov/neo/rest/v1/feed?start_date=2000-08-14&end_date=2000-08-14&detailed=true&api_key=t0TVs3DtDT2H8Oy2Zy8m2eVrNsAVKAexjcZXUckd",
    "self" : "https://api.nasa.gov/neo/rest/v1/feed?start_date=2000-08-15&end_date=2000-08-15&detailed=true&api_key=t0TVs3DtDT2H8Oy2Zy8m2eVrNsAVKAexjcZXUckd"
  },
  "element_count" : 9,
  "near_earth_objects" : {
    "2000-08-15" : [ {
      "links" : {
        "self" : "https://api.nasa.gov/neo/rest/v1/neo/3249183?api_key=t0TVs3DtDT2H8Oy2Zy8m2eVrNsAVKAexjcZXUckd"
      },
      "neo_reference_id" : "3249183",
      "name" : "(2004 PF20)",
      "nasa_jpl_url" : "http://ssd.jpl.nasa.gov/sbdb.cgi?sstr=3249183",
      "absolute_magnitude_h" : 22.5,
      "estimated_diameter" : {
        "kilometers" : {
          "estimated_diameter_min" : 0.0840533402,
          "estimated_diameter_max" : 0.1879489824
        },
        "meters" : {
          "estimated_diameter_min" : 84.0533402073,
          "estimated_diameter_max" : 187.9489824394
        },
        "miles" : {
          "estimated_diameter_min" : 0.0522283081,
          "estimated_diameter_max" : 0.1167860472
        },
        "feet" : {
          "estimated_diameter_min" : 275.7655606856,
          "estimated_diameter_max" : 616.6305395464
        }
      },
      "is_potentially_hazardous_asteroid" : false,
      "close_approach_data" : [ {
        "close_approach_date" : "2000-08-15",
        "epoch_date_close_approach" : 966322800000,
        "relative_velocity" : {
          "kilometers_per_second" : "15.4910143881",
          "kilometers_per_hour" : "55767.6517970369",
          "miles_per_hour" : "34651.8500846644"
        },
        "miss_distance" : {
          "astronomical" : "0.3787936081",
          "lunar" : "147.3507080078",
          "kilometers" : "56666716",
          "miles" : "35211064"
        },
        "orbiting_body" : "Earth"
      } ],
      "orbital_data" : {
        "orbit_id" : "14",
        "orbit_determination_date" : "2017-04-06 09:12:31",
        "orbit_uncertainty" : "7",
        "minimum_orbit_intersection" : ".110573",
        "jupiter_tisserand_invariant" : "4.318",
        "epoch_osculation" : "2458000.5",
        "eccentricity" : ".2949061818491701",
        "semi_major_axis" : "1.568614114199958",
        "inclination" : "17.40594751089217",
        "ascending_node_longitude" : "318.0365622362368",
        "orbital_period" : "717.5837651078681",
        "perihelion_distance" : "1.10602011498653",
        "perihelion_argument" : "335.0211674986815",
        "aphelion_distance" : "2.031208113413385",
        "perihelion_time" : "2458221.738414924668",
        "mean_anomaly" : "249.0083175712485",
        "mean_motion" : ".5016835908291269",
        "equinox" : "J2000"
      }
    }, {
      "links" : {
        "self" : "https://api.nasa.gov/neo/rest/v1/neo/2004769?api_key=t0TVs3DtDT2H8Oy2Zy8m2eVrNsAVKAexjcZXUckd"
      },
      "neo_reference_id" : "2004769",
      "name" : "4769 Castalia (1989 PB)",
      "nasa_jpl_url" : "http://ssd.jpl.nasa.gov/sbdb.cgi?sstr=2004769",
      "absolute_magnitude_h" : 16.9,
      "estimated_diameter" : {
        "kilometers" : {
          "estimated_diameter_min" : 1.1080388213,
          "estimated_diameter_max" : 2.4776501261
        },
        "meters" : {
          "estimated_diameter_min" : 1108.0388212642,
          "estimated_diameter_max" : 2477.6501260554
        },
        "miles" : {
          "estimated_diameter_min" : 0.6885031904,
          "estimated_diameter_max" : 1.5395399365
        },
        "feet" : {
          "estimated_diameter_min" : 3635.2980863563,
          "estimated_diameter_max" : 8128.7736395675
        }
      },
      "is_potentially_hazardous_asteroid" : true,
      "close_approach_data" : [ {
        "close_approach_date" : "2000-08-15",
        "epoch_date_close_approach" : 966322800000,
        "relative_velocity" : {
          "kilometers_per_second" : "22.2507248412",
          "kilometers_per_hour" : "80102.6094281958",
          "miles_per_hour" : "49772.6463972031"
        },
        "miss_distance" : {
          "astronomical" : "0.245860076",
          "lunar" : "95.6395645142",
          "kilometers" : "36780144",
          "miles" : "22854122"
        },
        "orbiting_body" : "Earth"
      } ],
      "orbital_data" : {
        "orbit_id" : "89",
        "orbit_determination_date" : "2017-04-06 09:46:21",
        "orbit_uncertainty" : "0",
        "minimum_orbit_intersection" : ".0203525",
        "jupiter_tisserand_invariant" : "5.676",
        "epoch_osculation" : "2458000.5",
        "eccentricity" : ".4831693230163794",
        "semi_major_axis" : "1.063298253689737",
        "inclination" : "8.88515554138232",
        "ascending_node_longitude" : "325.5773202860467",
        "orbital_period" : "400.4802264087043",
        "perihelion_distance" : ".5495451562899683",
        "perihelion_argument" : "121.3674690848725",
        "aphelion_distance" : "1.577051351089505",
        "perihelion_time" : "2457837.453987110941",
        "mean_anomaly" : "146.5654501007978",
        "mean_motion" : ".8989207862477765",
        "equinox" : "J2000"
      }
    }, {
      "links" : {
        "self" : "https://api.nasa.gov/neo/rest/v1/neo/2017274?api_key=t0TVs3DtDT2H8Oy2Zy8m2eVrNsAVKAexjcZXUckd"
      },
      "neo_reference_id" : "2017274",
      "name" : "17274 (2000 LC16)",
      "nasa_jpl_url" : "http://ssd.jpl.nasa.gov/sbdb.cgi?sstr=2017274",
      "absolute_magnitude_h" : 16.6,
      "estimated_diameter" : {
        "kilometers" : {
          "estimated_diameter_min" : 1.2721987854,
          "estimated_diameter_max" : 2.844722965
        },
        "meters" : {
          "estimated_diameter_min" : 1272.1987853936,
          "estimated_diameter_max" : 2844.7229650327
        },
        "miles" : {
          "estimated_diameter_min" : 0.7905074315,
          "estimated_diameter_max" : 1.7676283535
        },
        "feet" : {
          "estimated_diameter_min" : 4173.8806630706,
          "estimated_diameter_max" : 9333.0808925979
        }
      },
      "is_potentially_hazardous_asteroid" : false,
      "close_approach_data" : [ {
        "close_approach_date" : "2000-08-15",
        "epoch_date_close_approach" : 966322800000,
        "relative_velocity" : {
          "kilometers_per_second" : "5.2872055012",
          "kilometers_per_hour" : "19033.9398044555",
          "miles_per_hour" : "11826.9499857185"
        },
        "miss_distance" : {
          "astronomical" : "0.2341868129",
          "lunar" : "91.0986709595",
          "kilometers" : "35033848",
          "miles" : "21769024"
        },
        "orbiting_body" : "Earth"
      } ],
      "orbital_data" : {
        "orbit_id" : "111",
        "orbit_determination_date" : "2017-04-06 09:29:43",
        "orbit_uncertainty" : "0",
        "minimum_orbit_intersection" : ".211813",
        "jupiter_tisserand_invariant" : "3.104",
        "epoch_osculation" : "2458000.5",
        "eccentricity" : ".5535448748501798",
        "semi_major_axis" : "2.734874746458827",
        "inclination" : "5.569994979205657",
        "ascending_node_longitude" : "305.8548842522667",
        "orbital_period" : "1651.979251646706",
        "perihelion_distance" : "1.220998847199358",
        "perihelion_argument" : "21.20307489295881",
        "aphelion_distance" : "4.248750645718296",
        "perihelion_time" : "2458355.479535031290",
        "mean_anomaly" : "282.6427132883904",
        "mean_motion" : ".2179204125240369",
        "equinox" : "J2000"
      }
    }, {
      "links" : {
        "self" : "https://api.nasa.gov/neo/rest/v1/neo/3046125?api_key=t0TVs3DtDT2H8Oy2Zy8m2eVrNsAVKAexjcZXUckd"
      },
      "neo_reference_id" : "3046125",
      "name" : "(2000 QV7)",
      "nasa_jpl_url" : "http://ssd.jpl.nasa.gov/sbdb.cgi?sstr=3046125",
      "absolute_magnitude_h" : 21.4,
      "estimated_diameter" : {
        "kilometers" : {
          "estimated_diameter_min" : 0.1394938229,
          "estimated_diameter_max" : 0.3119176705
        },
        "meters" : {
          "estimated_diameter_min" : 139.4938229344,
          "estimated_diameter_max" : 311.9176705226
        },
        "miles" : {
          "estimated_diameter_min" : 0.0866774163,
          "estimated_diameter_max" : 0.1938165949
        },
        "feet" : {
          "estimated_diameter_min" : 457.6569140361,
          "estimated_diameter_max" : 1023.3519701574
        }
      },
      "is_potentially_hazardous_asteroid" : true,
      "close_approach_data" : [ {
        "close_approach_date" : "2000-08-15",
        "epoch_date_close_approach" : 966322800000,
        "relative_velocity" : {
          "kilometers_per_second" : "15.7935865533",
          "kilometers_per_hour" : "56856.9115918091",
          "miles_per_hour" : "35328.6737610327"
        },
        "miss_distance" : {
          "astronomical" : "0.0383479144",
          "lunar" : "14.917339325",
          "kilometers" : "5736766.5",
          "miles" : "3564661.5"
        },
        "orbiting_body" : "Earth"
      } ],
      "orbital_data" : {
        "orbit_id" : "25",
        "orbit_determination_date" : "2017-04-06 09:16:53",
        "orbit_uncertainty" : "0",
        "minimum_orbit_intersection" : ".0166242",
        "jupiter_tisserand_invariant" : "4.569",
        "epoch_osculation" : "2458000.5",
        "eccentricity" : ".5230569625431785",
        "semi_major_axis" : "1.409088238844204",
        "inclination" : "9.124310242446818",
        "ascending_node_longitude" : "154.8052363787387",
        "orbital_period" : "610.9500601449524",
        "perihelion_distance" : ".6720548246790379",
        "perihelion_argument" : "79.49314380302799",
        "aphelion_distance" : "2.14612165300937",
        "perihelion_time" : "2457822.117137687719",
        "mean_anomaly" : "105.1114233742524",
        "mean_motion" : ".5892461978227603",
        "equinox" : "J2000"
      }
    }, {
      "links" : {
        "self" : "https://api.nasa.gov/neo/rest/v1/neo/3137736?api_key=t0TVs3DtDT2H8Oy2Zy8m2eVrNsAVKAexjcZXUckd"
      },
      "neo_reference_id" : "3137736",
      "name" : "(2002 TY59)",
      "nasa_jpl_url" : "http://ssd.jpl.nasa.gov/sbdb.cgi?sstr=3137736",
      "absolute_magnitude_h" : 25.5,
      "estimated_diameter" : {
        "kilometers" : {
          "estimated_diameter_min" : 0.0211132445,
          "estimated_diameter_max" : 0.0472106499
        },
        "meters" : {
          "estimated_diameter_min" : 21.113244479,
          "estimated_diameter_max" : 47.2106498806
        },
        "miles" : {
          "estimated_diameter_min" : 0.0131191578,
          "estimated_diameter_max" : 0.0293353287
        },
        "feet" : {
          "estimated_diameter_min" : 69.2691770164,
          "estimated_diameter_max" : 154.8905885541
        }
      },
      "is_potentially_hazardous_asteroid" : false,
      "close_approach_data" : [ {
        "close_approach_date" : "2000-08-15",
        "epoch_date_close_approach" : 966322800000,
        "relative_velocity" : {
          "kilometers_per_second" : "5.8523130892",
          "kilometers_per_hour" : "21068.3271210224",
          "miles_per_hour" : "13091.0391491709"
        },
        "miss_distance" : {
          "astronomical" : "0.2036184841",
          "lunar" : "79.2075881958",
          "kilometers" : "30460892",
          "miles" : "18927520"
        },
        "orbiting_body" : "Earth"
      } ],
      "orbital_data" : {
        "orbit_id" : "17",
        "orbit_determination_date" : "2017-04-06 09:14:47",
        "orbit_uncertainty" : "6",
        "minimum_orbit_intersection" : ".00277645",
        "jupiter_tisserand_invariant" : "5.963",
        "epoch_osculation" : "2458000.5",
        "eccentricity" : ".2334692518954883",
        "semi_major_axis" : "1.018567987164902",
        "inclination" : "6.610513706423017",
        "ascending_node_longitude" : "9.802023413328852",
        "orbital_period" : "375.4771049212962",
        "perihelion_distance" : ".7807636811968187",
        "perihelion_argument" : "259.1745027880588",
        "aphelion_distance" : "1.256372293132985",
        "perihelion_time" : "2458109.202686697564",
        "mean_anomaly" : "255.7780202888117",
        "mean_motion" : ".9587801633749669",
        "equinox" : "J2000"
      }
    }, {
      "links" : {
        "self" : "https://api.nasa.gov/neo/rest/v1/neo/3596030?api_key=t0TVs3DtDT2H8Oy2Zy8m2eVrNsAVKAexjcZXUckd"
      },
      "neo_reference_id" : "3596030",
      "name" : "(2012 BV13)",
      "nasa_jpl_url" : "http://ssd.jpl.nasa.gov/sbdb.cgi?sstr=3596030",
      "absolute_magnitude_h" : 22.2,
      "estimated_diameter" : {
        "kilometers" : {
          "estimated_diameter_min" : 0.096506147,
          "estimated_diameter_max" : 0.2157943048
        },
        "meters" : {
          "estimated_diameter_min" : 96.5061469579,
          "estimated_diameter_max" : 215.7943048444
        },
        "miles" : {
          "estimated_diameter_min" : 0.059966121,
          "estimated_diameter_max" : 0.134088323
        },
        "feet" : {
          "estimated_diameter_min" : 316.6212271853,
          "estimated_diameter_max" : 707.9865871058
        }
      },
      "is_potentially_hazardous_asteroid" : false,
      "close_approach_data" : [ {
        "close_approach_date" : "2000-08-15",
        "epoch_date_close_approach" : 966322800000,
        "relative_velocity" : {
          "kilometers_per_second" : "7.821798766",
          "kilometers_per_hour" : "28158.4755577625",
          "miles_per_hour" : "17496.5816597664"
        },
        "miss_distance" : {
          "astronomical" : "0.1395369293",
          "lunar" : "54.2798652649",
          "kilometers" : "20874428",
          "miles" : "12970768"
        },
        "orbiting_body" : "Earth"
      } ],
      "orbital_data" : {
        "orbit_id" : "10",
        "orbit_determination_date" : "2017-04-06 08:51:22",
        "orbit_uncertainty" : "5",
        "minimum_orbit_intersection" : ".00935383",
        "jupiter_tisserand_invariant" : "6.345",
        "epoch_osculation" : "2458000.5",
        "eccentricity" : ".1011988189121481",
        "semi_major_axis" : ".9430805333643814",
        "inclination" : "12.21539597506036",
        "ascending_node_longitude" : "295.5281875526888",
        "orbital_period" : "334.5196221219757",
        "perihelion_distance" : ".8476418972488673",
        "perihelion_argument" : "306.0132427688978",
        "aphelion_distance" : "1.038519169479895",
        "perihelion_time" : "2458063.483871417392",
        "mean_anomaly" : "292.2186436585367",
        "mean_motion" : "1.076170054588707",
        "equinox" : "J2000"
      }
    }, {
      "links" : {
        "self" : "https://api.nasa.gov/neo/rest/v1/neo/3748472?api_key=t0TVs3DtDT2H8Oy2Zy8m2eVrNsAVKAexjcZXUckd"
      },
      "neo_reference_id" : "3748472",
      "name" : "(2016 FU12)",
      "nasa_jpl_url" : "http://ssd.jpl.nasa.gov/sbdb.cgi?sstr=3748472",
      "absolute_magnitude_h" : 26.9,
      "estimated_diameter" : {
        "kilometers" : {
          "estimated_diameter_min" : 0.0110803882,
          "estimated_diameter_max" : 0.0247765013
        },
        "meters" : {
          "estimated_diameter_min" : 11.0803882126,
          "estimated_diameter_max" : 24.7765012606
        },
        "miles" : {
          "estimated_diameter_min" : 0.0068850319,
          "estimated_diameter_max" : 0.0153953994
        },
        "feet" : {
          "estimated_diameter_min" : 36.3529808636,
          "estimated_diameter_max" : 81.2877363957
        }
      },
      "is_potentially_hazardous_asteroid" : false,
      "close_approach_data" : [ {
        "close_approach_date" : "2000-08-15",
        "epoch_date_close_approach" : 966322800000,
        "relative_velocity" : {
          "kilometers_per_second" : "4.7400457426",
          "kilometers_per_hour" : "17064.1646735002",
          "miles_per_hour" : "10603.008321709"
        },
        "miss_distance" : {
          "astronomical" : "0.0364307918",
          "lunar" : "14.1715774536",
          "kilometers" : "5449969",
          "miles" : "3386453.5"
        },
        "orbiting_body" : "Earth"
      } ],
      "orbital_data" : {
        "orbit_id" : "4",
        "orbit_determination_date" : "2017-04-06 08:27:11",
        "orbit_uncertainty" : "7",
        "minimum_orbit_intersection" : ".0336951",
        "jupiter_tisserand_invariant" : "6.057",
        "epoch_osculation" : "2458000.5",
        "eccentricity" : ".1659032170444373",
        "semi_major_axis" : "1.002189261805455",
        "inclination" : "2.07974763007612",
        "ascending_node_longitude" : "227.003991790028",
        "orbital_period" : "366.4570190374504",
        "perihelion_distance" : ".8359228391845402",
        "perihelion_argument" : "194.9107288518438",
        "aphelion_distance" : "1.16845568442637",
        "perihelion_time" : "2458097.775755561877",
        "mean_anomaly" : "264.4382555578862",
        "mean_motion" : ".9823798734858167",
        "equinox" : "J2000"
      }
    }, {
      "links" : {
        "self" : "https://api.nasa.gov/neo/rest/v1/neo/3743902?api_key=t0TVs3DtDT2H8Oy2Zy8m2eVrNsAVKAexjcZXUckd"
      },
      "neo_reference_id" : "3743902",
      "name" : "(2016 CV246)",
      "nasa_jpl_url" : "http://ssd.jpl.nasa.gov/sbdb.cgi?sstr=3743902",
      "absolute_magnitude_h" : 25.4,
      "estimated_diameter" : {
        "kilometers" : {
          "estimated_diameter_min" : 0.022108281,
          "estimated_diameter_max" : 0.0494356193
        },
        "meters" : {
          "estimated_diameter_min" : 22.1082810359,
          "estimated_diameter_max" : 49.435619262
        },
        "miles" : {
          "estimated_diameter_min" : 0.0137374447,
          "estimated_diameter_max" : 0.0307178602
        },
        "feet" : {
          "estimated_diameter_min" : 72.5337327539,
          "estimated_diameter_max" : 162.1903570994
        }
      },
      "is_potentially_hazardous_asteroid" : false,
      "close_approach_data" : [ {
        "close_approach_date" : "2000-08-15",
        "epoch_date_close_approach" : 966322800000,
        "relative_velocity" : {
          "kilometers_per_second" : "10.6992174819",
          "kilometers_per_hour" : "38517.1829347752",
          "miles_per_hour" : "23933.0795852218"
        },
        "miss_distance" : {
          "astronomical" : "0.2050529964",
          "lunar" : "79.7656173706",
          "kilometers" : "30675492",
          "miles" : "19060868"
        },
        "orbiting_body" : "Earth"
      } ],
      "orbital_data" : {
        "orbit_id" : "18",
        "orbit_determination_date" : "2017-04-06 08:28:15",
        "orbit_uncertainty" : "4",
        "minimum_orbit_intersection" : ".00645835",
        "jupiter_tisserand_invariant" : "5.832",
        "epoch_osculation" : "2458000.5",
        "eccentricity" : ".1502076520442074",
        "semi_major_axis" : "1.051069856417495",
        "inclination" : "7.105161939551787",
        "ascending_node_longitude" : "337.6349471091136",
        "orbital_period" : "393.5915795381599",
        "perihelion_distance" : ".8931911211505811",
        "perihelion_argument" : "79.53045670368672",
        "aphelion_distance" : "1.20894859168441",
        "perihelion_time" : "2458142.800806439927",
        "mean_anomaly" : "229.844038893096",
        "mean_motion" : ".9146537139397742",
        "equinox" : "J2000"
      }
    }, {
      "links" : {
        "self" : "https://api.nasa.gov/neo/rest/v1/neo/3780733?api_key=t0TVs3DtDT2H8Oy2Zy8m2eVrNsAVKAexjcZXUckd"
      },
      "neo_reference_id" : "3780733",
      "name" : "(2017 QQ1)",
      "nasa_jpl_url" : "http://ssd.jpl.nasa.gov/sbdb.cgi?sstr=3780733",
      "absolute_magnitude_h" : 24.786,
      "estimated_diameter" : {
        "kilometers" : {
          "estimated_diameter_min" : 0.0293328983,
          "estimated_diameter_max" : 0.0655903546
        },
        "meters" : {
          "estimated_diameter_min" : 29.3328983072,
          "estimated_diameter_max" : 65.5903545921
        },
        "miles" : {
          "estimated_diameter_min" : 0.0182266124,
          "estimated_diameter_max" : 0.0407559442
        },
        "feet" : {
          "estimated_diameter_min" : 96.2365460823,
          "estimated_diameter_max" : 215.1914589599
        }
      },
      "is_potentially_hazardous_asteroid" : false,
      "close_approach_data" : [ {
        "close_approach_date" : "2000-08-15",
        "epoch_date_close_approach" : 966322800000,
        "relative_velocity" : {
          "kilometers_per_second" : "22.041172008",
          "kilometers_per_hour" : "79348.2192286769",
          "miles_per_hour" : "49303.8976646187"
        },
        "miss_distance" : {
          "astronomical" : "0.402278968",
          "lunar" : "156.4865112305",
          "kilometers" : "60180076",
          "miles" : "37394164"
        },
        "orbiting_body" : "Earth"
      } ],
      "orbital_data" : {
        "orbit_id" : "3",
        "orbit_determination_date" : "2017-08-30 06:19:00",
        "orbit_uncertainty" : "7",
        "minimum_orbit_intersection" : ".0066701",
        "jupiter_tisserand_invariant" : "6.182",
        "epoch_osculation" : "2458000.5",
        "eccentricity" : ".3323419702119453",
        "semi_major_axis" : ".9674444408643268",
        "inclination" : "9.048139990223012",
        "ascending_node_longitude" : "340.2301535137198",
        "orbital_period" : "347.5661530078933",
        "perihelion_distance" : ".6459220493168827",
        "perihelion_argument" : "113.6803302264164",
        "aphelion_distance" : "1.288966832411771",
        "perihelion_time" : "2458073.051458051803",
        "mean_anomaly" : "284.8530828660521",
        "mean_motion" : "1.035774044407092",
        "equinox" : "J2000"
      }
    } ]
  }
}