{
  "links" : {
    "next" : "https://api.nasa.gov/neo/rest/v1/feed?start_date=2008-08-16&end_date=2008-08-16&detailed=true&api_key=t0TVs3DtDT2H8Oy2Zy8m2eVrNsAVKAexjcZXUckd",
    "prev" : "https://api.nasa.gov/neo/rest/v1/feed?start_date=2008-08-14&end_date=2008-08-14&detailed=true&api_key=t0TVs3DtDT2H8Oy2Zy8m2eVrNsAVKAexjcZXUckd",
    "self" : "https://api.nasa.gov/neo/rest/v1/feed?start_date=2008-08-15&end_date=2008-08-15&detailed=true&api_key=t0TVs3DtDT2H8Oy2Zy8m2eVrNsAVKAexjcZXUckd"
  },
  "element_count" : 9,
  "near_earth_objects" : {
    "2008-08-15" : [ {
      "links" : {
        "self" : "https://api.nasa.gov/neo/rest/v1/neo/3423604?api_key=t0TVs3DtDT2H8Oy2Zy8m2eVrNsAVKAexjcZXUckd"
      },
      "neo_reference_id" : "3423604",
      "name" : "(2008 PG7)",
      "nasa_jpl_url" : "http://ssd.jpl.nasa.gov/sbdb.cgi?sstr=3423604",
      "absolute_magnitude_h" : 21.6,
      "estimated_diameter" : {
        "kilometers" : {
          "estimated_diameter_min" : 0.1272198785,
          "estimated_diameter_max" : 0.2844722965
        },
        "meters" : {
          "estimated_diameter_min" : 127.2198785394,
          "estimated_diameter_max" : 284.4722965033
        },
        "miles" : {
          "estimated_diameter_min" : 0.0790507431,
          "estimated_diameter_max" : 0.1767628354
        },
        "feet" : {
          "estimated_diameter_min" : 417.3880663071,
          "estimated_diameter_max" : 933.3080892598
        }
      },
      "is_potentially_hazardous_asteroid" : false,
      "close_approach_data" : [ {
        "close_approach_date" : "2008-08-15",
        "epoch_date_close_approach" : 1218783600000,
        "relative_velocity" : {
          "kilometers_per_second" : "21.247415061",
          "kilometers_per_hour" : "76490.6942195428",
          "miles_per_hour" : "47528.3427499153"
        },
        "miss_distance" : {
          "astronomical" : "0.1694045008",
          "lunar" : "65.8983535767",
          "kilometers" : "25342554",
          "miles" : "15747133"
        },
        "orbiting_body" : "Earth"
      } ],
      "orbital_data" : {
        "orbit_id" : "10",
        "orbit_determination_date" : "2017-04-06 09:03:07",
        "orbit_uncertainty" : "9",
        "minimum_orbit_intersection" : ".163593",
        "jupiter_tisserand_invariant" : "4.174",
        "epoch_osculation" : "2454686.5",
        "eccentricity" : ".3687044544835895",
        "semi_major_axis" : "1.531154459308081",
        "inclination" : "39.76206294206094",
        "ascending_node_longitude" : "137.900967742593",
        "orbital_period" : "692.03320336314",
        "perihelion_distance" : ".9666109896587793",
        "perihelion_argument" : "253.4980227332488",
        "aphelion_distance" : "2.095697928957382",
        "perihelion_time" : "2454759.502812994734",
        "mean_anomaly" : "322.0234801590677",
        "mean_motion" : ".5202062534723385",
        "equinox" : "J2000"
      }
    }, {
      "links" : {
        "self" : "https://api.nasa.gov/neo/rest/v1/neo/3425607?api_key=t0TVs3DtDT2H8Oy2Zy8m2eVrNsAVKAexjcZXUckd"
      },
      "neo_reference_id" : "3425607",
      "name" : "(2008 QC1)",
      "nasa_jpl_url" : "http://ssd.jpl.nasa.gov/sbdb.cgi?sstr=3425607",
      "absolute_magnitude_h" : 24.2,
      "estimated_diameter" : {
        "kilometers" : {
          "estimated_diameter_min" : 0.0384197891,
          "estimated_diameter_max" : 0.0859092601
        },
        "meters" : {
          "estimated_diameter_min" : 38.4197891064,
          "estimated_diameter_max" : 85.9092601232
        },
        "miles" : {
          "estimated_diameter_min" : 0.0238729428,
          "estimated_diameter_max" : 0.0533815229
        },
        "feet" : {
          "estimated_diameter_min" : 126.0491808919,
          "estimated_diameter_max" : 281.8545369825
        }
      },
      "is_potentially_hazardous_asteroid" : false,
      "close_approach_data" : [ {
        "close_approach_date" : "2008-08-15",
        "epoch_date_close_approach" : 1218783600000,
        "relative_velocity" : {
          "kilometers_per_second" : "8.3151037208",
          "kilometers_per_hour" : "29934.3733949953",
          "miles_per_hour" : "18600.0555131292"
        },
        "miss_distance" : {
          "astronomical" : "0.0261201027",
          "lunar" : "10.1607198715",
          "kilometers" : "3907511.75",
          "miles" : "2428015.25"
        },
        "orbiting_body" : "Earth"
      } ],
      "orbital_data" : {
        "orbit_id" : "13",
        "orbit_determination_date" : "2017-04-06 09:03:04",
        "orbit_uncertainty" : "7",
        "minimum_orbit_intersection" : ".0326047",
        "jupiter_tisserand_invariant" : "3.090",
        "epoch_osculation" : "2458000.5",
        "eccentricity" : ".6066929202852236",
        "semi_major_axis" : "2.660815018424456",
        "inclination" : "3.681516056450581",
        "ascending_node_longitude" : "136.6178179612041",
        "orbital_period" : "1585.332823726421",
        "perihelion_distance" : "1.046517384557742",
        "perihelion_argument" : "179.4356038062015",
        "aphelion_distance" : "4.27511265229117",
        "perihelion_time" : "2457864.961910302452",
        "mean_anomaly" : "30.77821360969791",
        "mean_motion" : ".2270816541562535",
        "equinox" : "J2000"
      }
    }, {
      "links" : {
        "self" : "https://api.nasa.gov/neo/rest/v1/neo/3426412?api_key=t0TVs3DtDT2H8Oy2Zy8m2eVrNsAVKAexjcZXUckd"
      },
      "neo_reference_id" : "3426412",
      "name" : "(2008 QT11)",
      "nasa_jpl_url" : "http://ssd.jpl.nasa.gov/sbdb.cgi?sstr=3426412",
      "absolute_magnitude_h" : 22.5,
      "estimated_diameter" : {
        "kilometers" : {
          "estimated_diameter_min" : 0.0840533402,
          "estimated_diameter_max" : 0.1879489824
        },
        "meters" : {
          "estimated_diameter_min" : 84.0533402073,
          "estimated_diameter_max" : 187.9489824394
        },
        "miles" : {
          "estimated_diameter_min" : 0.0522283081,
          "estimated_diameter_max" : 0.1167860472
        },
        "feet" : {
          "estimated_diameter_min" : 275.7655606856,
          "estimated_diameter_max" : 616.6305395464
        }
      },
      "is_potentially_hazardous_asteroid" : false,
      "close_approach_data" : [ {
        "close_approach_date" : "2008-08-15",
        "epoch_date_close_approach" : 1218783600000,
        "relative_velocity" : {
          "kilometers_per_second" : "10.2548752916",
          "kilometers_per_hour" : "36917.5510496088",
          "miles_per_hour" : "22939.1305396861"
        },
        "miss_distance" : {
          "astronomical" : "0.0366721274",
          "lunar" : "14.2654571533",
          "kilometers" : "5486072",
          "miles" : "3408887.25"
        },
        "orbiting_body" : "Earth"
      } ],
      "orbital_data" : {
        "orbit_id" : "10",
        "orbit_determination_date" : "2017-04-06 09:03:03",
        "orbit_uncertainty" : "8",
        "minimum_orbit_intersection" : ".0352612",
        "jupiter_tisserand_invariant" : "4.732",
        "epoch_osculation" : "2454710.5",
        "eccentricity" : ".3778402894555744",
        "semi_major_axis" : "1.373934537489678",
        "inclination" : "6.79769129296508",
        "ascending_node_longitude" : "128.5654608002042",
        "orbital_period" : "588.230430899971",
        "perihelion_distance" : ".8548067141515673",
        "perihelion_argument" : "134.1490567644893",
        "aphelion_distance" : "1.893062360827788",
        "perihelion_time" : "2454647.826026368614",
        "mean_anomaly" : "38.35678897601228",
        "mean_motion" : ".6120050597335014",
        "equinox" : "J2000"
      }
    }, {
      "links" : {
        "self" : "https://api.nasa.gov/neo/rest/v1/neo/2035107?api_key=t0TVs3DtDT2H8Oy2Zy8m2eVrNsAVKAexjcZXUckd"
      },
      "neo_reference_id" : "2035107",
      "name" : "35107 (1991 VH)",
      "nasa_jpl_url" : "http://ssd.jpl.nasa.gov/sbdb.cgi?sstr=2035107",
      "absolute_magnitude_h" : 16.7,
      "estimated_diameter" : {
        "kilometers" : {
          "estimated_diameter_min" : 1.214940408,
          "estimated_diameter_max" : 2.7166893409
        },
        "meters" : {
          "estimated_diameter_min" : 1214.9404079963,
          "estimated_diameter_max" : 2716.6893408911
        },
        "miles" : {
          "estimated_diameter_min" : 0.7549287363,
          "estimated_diameter_max" : 1.6880719724
        },
        "feet" : {
          "estimated_diameter_min" : 3986.0250881707,
          "estimated_diameter_max" : 8913.0230571693
        }
      },
      "is_potentially_hazardous_asteroid" : true,
      "close_approach_data" : [ {
        "close_approach_date" : "2008-08-15",
        "epoch_date_close_approach" : 1218783600000,
        "relative_velocity" : {
          "kilometers_per_second" : "7.8375023945",
          "kilometers_per_hour" : "28215.0086200767",
          "miles_per_hour" : "17531.7091061804"
        },
        "miss_distance" : {
          "astronomical" : "0.0457675287",
          "lunar" : "17.8035678864",
          "kilometers" : "6846724.5",
          "miles" : "4254357.5"
        },
        "orbiting_body" : "Earth"
      } ],
      "orbital_data" : {
        "orbit_id" : "337",
        "orbit_determination_date" : "2017-04-06 09:29:19",
        "orbit_uncertainty" : "0",
        "minimum_orbit_intersection" : ".0260101",
        "jupiter_tisserand_invariant" : "5.473",
        "epoch_osculation" : "2458000.5",
        "eccentricity" : ".1443055351799036",
        "semi_major_axis" : "1.137382468291201",
        "inclination" : "13.91091662440011",
        "ascending_node_longitude" : "139.3648563762292",
        "orbital_period" : "443.055591076174",
        "perihelion_distance" : ".9732518825001999",
        "perihelion_argument" : "206.944459911928",
        "aphelion_distance" : "1.301513054082203",
        "perihelion_time" : "2457818.534866860454",
        "mean_anomaly" : "147.8537891173436",
        "mean_motion" : ".8125391198101497",
        "equinox" : "J2000"
      }
    }, {
      "links" : {
        "self" : "https://api.nasa.gov/neo/rest/v1/neo/2428694?api_key=t0TVs3DtDT2H8Oy2Zy8m2eVrNsAVKAexjcZXUckd"
      },
      "neo_reference_id" : "2428694",
      "name" : "428694 Saule (2008 OS9)",
      "nasa_jpl_url" : "http://ssd.jpl.nasa.gov/sbdb.cgi?sstr=2428694",
      "absolute_magnitude_h" : 19.4,
      "estimated_diameter" : {
        "kilometers" : {
          "estimated_diameter_min" : 0.3503926411,
          "estimated_diameter_max" : 0.7835017643
        },
        "meters" : {
          "estimated_diameter_min" : 350.3926411083,
          "estimated_diameter_max" : 783.5017643338
        },
        "miles" : {
          "estimated_diameter_min" : 0.2177238258,
          "estimated_diameter_max" : 0.4868452748
        },
        "feet" : {
          "estimated_diameter_min" : 1149.5821926537,
          "estimated_diameter_max" : 2570.543928497
        }
      },
      "is_potentially_hazardous_asteroid" : false,
      "close_approach_data" : [ {
        "close_approach_date" : "2008-08-15",
        "epoch_date_close_approach" : 1218783600000,
        "relative_velocity" : {
          "kilometers_per_second" : "21.2035414508",
          "kilometers_per_hour" : "76332.7492230164",
          "miles_per_hour" : "47430.2018713793"
        },
        "miss_distance" : {
          "astronomical" : "0.0598671777",
          "lunar" : "23.2883319855",
          "kilometers" : "8956002",
          "miles" : "5565002"
        },
        "orbiting_body" : "Earth"
      } ],
      "orbital_data" : {
        "orbit_id" : "50",
        "orbit_determination_date" : "2017-04-11 18:55:49",
        "orbit_uncertainty" : "0",
        "minimum_orbit_intersection" : ".0575551",
        "jupiter_tisserand_invariant" : "4.047",
        "epoch_osculation" : "2458000.5",
        "eccentricity" : ".6481883436885546",
        "semi_major_axis" : "1.601752868526499",
        "inclination" : "19.12204554293608",
        "ascending_node_longitude" : "133.5176673858652",
        "orbital_period" : "740.443103603469",
        "perihelion_distance" : ".5635153296779165",
        "perihelion_argument" : "288.2158725297416",
        "aphelion_distance" : "2.639990407375082",
        "perihelion_time" : "2457708.260922764334",
        "mean_anomaly" : "142.0852828432597",
        "mean_motion" : ".4861953582226779",
        "equinox" : "J2000"
      }
    }, {
      "links" : {
        "self" : "https://api.nasa.gov/neo/rest/v1/neo/3314048?api_key=t0TVs3DtDT2H8Oy2Zy8m2eVrNsAVKAexjcZXUckd"
      },
      "neo_reference_id" : "3314048",
      "name" : "(2006 BJ55)",
      "nasa_jpl_url" : "http://ssd.jpl.nasa.gov/sbdb.cgi?sstr=3314048",
      "absolute_magnitude_h" : 24.2,
      "estimated_diameter" : {
        "kilometers" : {
          "estimated_diameter_min" : 0.0384197891,
          "estimated_diameter_max" : 0.0859092601
        },
        "meters" : {
          "estimated_diameter_min" : 38.4197891064,
          "estimated_diameter_max" : 85.9092601232
        },
        "miles" : {
          "estimated_diameter_min" : 0.0238729428,
          "estimated_diameter_max" : 0.0533815229
        },
        "feet" : {
          "estimated_diameter_min" : 126.0491808919,
          "estimated_diameter_max" : 281.8545369825
        }
      },
      "is_potentially_hazardous_asteroid" : false,
      "close_approach_data" : [ {
        "close_approach_date" : "2008-08-15",
        "epoch_date_close_approach" : 1218783600000,
        "relative_velocity" : {
          "kilometers_per_second" : "5.8678899274",
          "kilometers_per_hour" : "21124.4037386435",
          "miles_per_hour" : "13125.8829786032"
        },
        "miss_distance" : {
          "astronomical" : "0.0419076753",
          "lunar" : "16.3020858765",
          "kilometers" : "6269299",
          "miles" : "3895561.75"
        },
        "orbiting_body" : "Earth"
      } ],
      "orbital_data" : {
        "orbit_id" : "10",
        "orbit_determination_date" : "2017-04-06 09:09:14",
        "orbit_uncertainty" : "6",
        "minimum_orbit_intersection" : ".0274085",
        "jupiter_tisserand_invariant" : "5.937",
        "epoch_osculation" : "2458000.5",
        "eccentricity" : ".128312726834268",
        "semi_major_axis" : "1.028346942990704",
        "inclination" : "5.903973907216583",
        "ascending_node_longitude" : "307.4472584067585",
        "orbital_period" : "380.8973216999961",
        "perihelion_distance" : ".8963969426038833",
        "perihelion_argument" : "288.8073597080477",
        "aphelion_distance" : "1.160296943377525",
        "perihelion_time" : "2458047.711185224608",
        "mean_anomaly" : "315.3789808628657",
        "mean_motion" : ".9451366011009777",
        "equinox" : "J2000"
      }
    }, {
      "links" : {
        "self" : "https://api.nasa.gov/neo/rest/v1/neo/3409964?api_key=t0TVs3DtDT2H8Oy2Zy8m2eVrNsAVKAexjcZXUckd"
      },
      "neo_reference_id" : "3409964",
      "name" : "(2008 JG)",
      "nasa_jpl_url" : "http://ssd.jpl.nasa.gov/sbdb.cgi?sstr=3409964",
      "absolute_magnitude_h" : 20.8,
      "estimated_diameter" : {
        "kilometers" : {
          "estimated_diameter_min" : 0.1838886721,
          "estimated_diameter_max" : 0.411187571
        },
        "meters" : {
          "estimated_diameter_min" : 183.8886720703,
          "estimated_diameter_max" : 411.1875710413
        },
        "miles" : {
          "estimated_diameter_min" : 0.1142630881,
          "estimated_diameter_max" : 0.2555000322
        },
        "feet" : {
          "estimated_diameter_min" : 603.309310875,
          "estimated_diameter_max" : 1349.040630575
        }
      },
      "is_potentially_hazardous_asteroid" : true,
      "close_approach_data" : [ {
        "close_approach_date" : "2008-08-15",
        "epoch_date_close_approach" : 1218783600000,
        "relative_velocity" : {
          "kilometers_per_second" : "8.4843896778",
          "kilometers_per_hour" : "30543.8028399562",
          "miles_per_hour" : "18978.7312701939"
        },
        "miss_distance" : {
          "astronomical" : "0.2205855878",
          "lunar" : "85.8077926636",
          "kilometers" : "32999134",
          "miles" : "20504712"
        },
        "orbiting_body" : "Earth"
      } ],
      "orbital_data" : {
        "orbit_id" : "32",
        "orbit_determination_date" : "2017-04-06 09:03:32",
        "orbit_uncertainty" : "2",
        "minimum_orbit_intersection" : ".0497576",
        "jupiter_tisserand_invariant" : "5.797",
        "epoch_osculation" : "2458000.5",
        "eccentricity" : ".2962061287988718",
        "semi_major_axis" : "1.052079402640927",
        "inclination" : "7.906473496389842",
        "ascending_node_longitude" : "128.8405407963474",
        "orbital_period" : "394.1587791697582",
        "perihelion_distance" : ".7404470355956286",
        "perihelion_argument" : "242.293197578416",
        "aphelion_distance" : "1.363711769686226",
        "perihelion_time" : "2457881.085681769947",
        "mean_anomaly" : "109.0655767033018",
        "mean_motion" : ".9133375152985072",
        "equinox" : "J2000"
      }
    }, {
      "links" : {
        "self" : "https://api.nasa.gov/neo/rest/v1/neo/3423024?api_key=t0TVs3DtDT2H8Oy2Zy8m2eVrNsAVKAexjcZXUckd"
      },
      "neo_reference_id" : "3423024",
      "name" : "(2008 PF1)",
      "nasa_jpl_url" : "http://ssd.jpl.nasa.gov/sbdb.cgi?sstr=3423024",
      "absolute_magnitude_h" : 22.1,
      "estimated_diameter" : {
        "kilometers" : {
          "estimated_diameter_min" : 0.1010543415,
          "estimated_diameter_max" : 0.2259643771
        },
        "meters" : {
          "estimated_diameter_min" : 101.054341542,
          "estimated_diameter_max" : 225.9643771094
        },
        "miles" : {
          "estimated_diameter_min" : 0.0627922373,
          "estimated_diameter_max" : 0.140407711
        },
        "feet" : {
          "estimated_diameter_min" : 331.5431259047,
          "estimated_diameter_max" : 741.3529669956
        }
      },
      "is_potentially_hazardous_asteroid" : true,
      "close_approach_data" : [ {
        "close_approach_date" : "2008-08-15",
        "epoch_date_close_approach" : 1218783600000,
        "relative_velocity" : {
          "kilometers_per_second" : "15.5050590803",
          "kilometers_per_hour" : "55818.2126891812",
          "miles_per_hour" : "34683.2666567859"
        },
        "miss_distance" : {
          "astronomical" : "0.0445551072",
          "lunar" : "17.3319377899",
          "kilometers" : "6665349.5",
          "miles" : "4141656.25"
        },
        "orbiting_body" : "Earth"
      } ],
      "orbital_data" : {
        "orbit_id" : "26",
        "orbit_determination_date" : "2017-04-06 09:03:08",
        "orbit_uncertainty" : "1",
        "minimum_orbit_intersection" : ".00753605",
        "jupiter_tisserand_invariant" : "4.714",
        "epoch_osculation" : "2458000.5",
        "eccentricity" : ".4946765035286945",
        "semi_major_axis" : "1.359721356998399",
        "inclination" : "2.754270322813678",
        "ascending_node_longitude" : "129.6043210656755",
        "orbital_period" : "579.1263230694385",
        "perihelion_distance" : ".6870991503451389",
        "perihelion_argument" : "284.1664291025365",
        "aphelion_distance" : "2.032343563651658",
        "perihelion_time" : "2458226.235814263032",
        "mean_anomaly" : "219.6767408119563",
        "mean_motion" : ".621626035045268",
        "equinox" : "J2000"
      }
    }, {
      "links" : {
        "self" : "https://api.nasa.gov/neo/rest/v1/neo/3725154?api_key=t0TVs3DtDT2H8Oy2Zy8m2eVrNsAVKAexjcZXUckd"
      },
      "neo_reference_id" : "3725154",
      "name" : "(2015 OT78)",
      "nasa_jpl_url" : "http://ssd.jpl.nasa.gov/sbdb.cgi?sstr=3725154",
      "absolute_magnitude_h" : 22.4,
      "estimated_diameter" : {
        "kilometers" : {
          "estimated_diameter_min" : 0.0880146521,
          "estimated_diameter_max" : 0.1968067451
        },
        "meters" : {
          "estimated_diameter_min" : 88.0146520901,
          "estimated_diameter_max" : 196.8067450894
        },
        "miles" : {
          "estimated_diameter_min" : 0.0546897524,
          "estimated_diameter_max" : 0.122290004
        },
        "feet" : {
          "estimated_diameter_min" : 288.7619911632,
          "estimated_diameter_max" : 645.6914415591
        }
      },
      "is_potentially_hazardous_asteroid" : false,
      "close_approach_data" : [ {
        "close_approach_date" : "2008-08-15",
        "epoch_date_close_approach" : 1218783600000,
        "relative_velocity" : {
          "kilometers_per_second" : "6.939030077",
          "kilometers_per_hour" : "24980.5082770862",
          "miles_per_hour" : "15521.9163791706"
        },
        "miss_distance" : {
          "astronomical" : "0.207201769",
          "lunar" : "80.6014862061",
          "kilometers" : "30996942",
          "miles" : "19260608"
        },
        "orbiting_body" : "Earth"
      } ],
      "orbital_data" : {
        "orbit_id" : "24",
        "orbit_determination_date" : "2017-04-06 08:32:39",
        "orbit_uncertainty" : "5",
        "minimum_orbit_intersection" : ".176799",
        "jupiter_tisserand_invariant" : "3.406",
        "epoch_osculation" : "2458000.5",
        "eccentricity" : ".4840430016055265",
        "semi_major_axis" : "2.302213511457592",
        "inclination" : "10.23793726254991",
        "ascending_node_longitude" : "316.2736130450344",
        "orbital_period" : "1275.900549574725",
        "perihelion_distance" : "1.18784317303486",
        "perihelion_argument" : "9.359399737415286",
        "aphelion_distance" : "3.416583849880325",
        "perihelion_time" : "2458531.943150970473",
        "mean_anomaly" : "210.0513739780582",
        "mean_motion" : ".2821536522732849",
        "equinox" : "J2000"
      }
    } ]
  }
}