{
  "links" : {
    "next" : "https://api.nasa.gov/neo/rest/v1/feed?start_date=2007-12-23&end_date=2007-12-23&detailed=true&api_key=t0TVs3DtDT2H8Oy2Zy8m2eVrNsAVKAexjcZXUckd",
    "prev" : "https://api.nasa.gov/neo/rest/v1/feed?start_date=2007-12-21&end_date=2007-12-21&detailed=true&api_key=t0TVs3DtDT2H8Oy2Zy8m2eVrNsAVKAexjcZXUckd",
    "self" : "https://api.nasa.gov/neo/rest/v1/feed?start_date=2007-12-22&end_date=2007-12-22&detailed=true&api_key=t0TVs3DtDT2H8Oy2Zy8m2eVrNsAVKAexjcZXUckd"
  },
  "element_count" : 6,
  "near_earth_objects" : {
    "2007-12-22" : [ {
      "links" : {
        "self" : "https://api.nasa.gov/neo/rest/v1/neo/2382406?api_key=t0TVs3DtDT2H8Oy2Zy8m2eVrNsAVKAexjcZXUckd"
      },
      "neo_reference_id" : "2382406",
      "name" : "382406 (1996 AJ1)",
      "nasa_jpl_url" : "http://ssd.jpl.nasa.gov/sbdb.cgi?sstr=2382406",
      "absolute_magnitude_h" : 20.5,
      "estimated_diameter" : {
        "kilometers" : {
          "estimated_diameter_min" : 0.2111324448,
          "estimated_diameter_max" : 0.4721064988
        },
        "meters" : {
          "estimated_diameter_min" : 211.1324447897,
          "estimated_diameter_max" : 472.1064988055
        },
        "miles" : {
          "estimated_diameter_min" : 0.1311915784,
          "estimated_diameter_max" : 0.2933532873
        },
        "feet" : {
          "estimated_diameter_min" : 692.6917701639,
          "estimated_diameter_max" : 1548.9058855411
        }
      },
      "is_potentially_hazardous_asteroid" : true,
      "close_approach_data" : [ {
        "close_approach_date" : "2007-12-22",
        "epoch_date_close_approach" : 1198310400000,
        "relative_velocity" : {
          "kilometers_per_second" : "16.437520577",
          "kilometers_per_hour" : "59175.0740772734",
          "miles_per_hour" : "36769.0897787369"
        },
        "miss_distance" : {
          "astronomical" : "0.4566174304",
          "lunar" : "177.6241912842",
          "kilometers" : "68309000",
          "miles" : "42445244"
        },
        "orbiting_body" : "Earth"
      } ],
      "orbital_data" : {
        "orbit_id" : "28",
        "orbit_determination_date" : "2017-04-06 09:22:13",
        "orbit_uncertainty" : "0",
        "minimum_orbit_intersection" : ".00471821",
        "jupiter_tisserand_invariant" : "4.598",
        "epoch_osculation" : "2458000.5",
        "eccentricity" : ".7813932218280256",
        "semi_major_axis" : "1.309761965614802",
        "inclination" : "2.536137197765501",
        "ascending_node_longitude" : "90.98654568088678",
        "orbital_period" : "547.5036123881862",
        "perihelion_distance" : ".2863228434752441",
        "perihelion_argument" : "238.2662183897257",
        "aphelion_distance" : "2.33320108775436",
        "perihelion_time" : "2458225.411735141342",
        "mean_anomaly" : "212.1138074364418",
        "mean_motion" : ".6575299082132009",
        "equinox" : "J2000"
      }
    }, {
      "links" : {
        "self" : "https://api.nasa.gov/neo/rest/v1/neo/2387871?api_key=t0TVs3DtDT2H8Oy2Zy8m2eVrNsAVKAexjcZXUckd"
      },
      "neo_reference_id" : "2387871",
      "name" : "387871 (2004 RD252)",
      "nasa_jpl_url" : "http://ssd.jpl.nasa.gov/sbdb.cgi?sstr=2387871",
      "absolute_magnitude_h" : 19.1,
      "estimated_diameter" : {
        "kilometers" : {
          "estimated_diameter_min" : 0.4023045798,
          "estimated_diameter_max" : 0.8995803882
        },
        "meters" : {
          "estimated_diameter_min" : 402.3045798343,
          "estimated_diameter_max" : 899.5803881691
        },
        "miles" : {
          "estimated_diameter_min" : 0.2499803991,
          "estimated_diameter_max" : 0.5589731654
        },
        "feet" : {
          "estimated_diameter_min" : 1319.8969577037,
          "estimated_diameter_max" : 2951.3793207207
        }
      },
      "is_potentially_hazardous_asteroid" : false,
      "close_approach_data" : [ {
        "close_approach_date" : "2007-12-22",
        "epoch_date_close_approach" : 1198310400000,
        "relative_velocity" : {
          "kilometers_per_second" : "12.6067003865",
          "kilometers_per_hour" : "45384.121391405",
          "miles_per_hour" : "28199.928094565"
        },
        "miss_distance" : {
          "astronomical" : "0.1489409162",
          "lunar" : "57.9380187988",
          "kilometers" : "22281244",
          "miles" : "13844924"
        },
        "orbiting_body" : "Earth"
      } ],
      "orbital_data" : {
        "orbit_id" : "45",
        "orbit_determination_date" : "2017-04-06 09:22:04",
        "orbit_uncertainty" : "0",
        "minimum_orbit_intersection" : ".117222",
        "jupiter_tisserand_invariant" : "3.477",
        "epoch_osculation" : "2458000.5",
        "eccentricity" : ".600065088599369",
        "semi_major_axis" : "2.101036229747976",
        "inclination" : "10.39392567125809",
        "ascending_node_longitude" : "288.1311858904734",
        "orbital_period" : "1112.3686455861",
        "perihelion_distance" : ".8402777383937727",
        "perihelion_argument" : "174.70072987",
        "aphelion_distance" : "3.36179472110218",
        "perihelion_time" : "2457799.472023743733",
        "mean_anomaly" : "65.05943127705183",
        "mean_motion" : ".3236337174986789",
        "equinox" : "J2000"
      }
    }, {
      "links" : {
        "self" : "https://api.nasa.gov/neo/rest/v1/neo/3264323?api_key=t0TVs3DtDT2H8Oy2Zy8m2eVrNsAVKAexjcZXUckd"
      },
      "neo_reference_id" : "3264323",
      "name" : "(2004 YG1)",
      "nasa_jpl_url" : "http://ssd.jpl.nasa.gov/sbdb.cgi?sstr=3264323",
      "absolute_magnitude_h" : 21.4,
      "estimated_diameter" : {
        "kilometers" : {
          "estimated_diameter_min" : 0.1394938229,
          "estimated_diameter_max" : 0.3119176705
        },
        "meters" : {
          "estimated_diameter_min" : 139.4938229344,
          "estimated_diameter_max" : 311.9176705226
        },
        "miles" : {
          "estimated_diameter_min" : 0.0866774163,
          "estimated_diameter_max" : 0.1938165949
        },
        "feet" : {
          "estimated_diameter_min" : 457.6569140361,
          "estimated_diameter_max" : 1023.3519701574
        }
      },
      "is_potentially_hazardous_asteroid" : false,
      "close_approach_data" : [ {
        "close_approach_date" : "2007-12-22",
        "epoch_date_close_approach" : 1198310400000,
        "relative_velocity" : {
          "kilometers_per_second" : "10.2942040396",
          "kilometers_per_hour" : "37059.1345426475",
          "miles_per_hour" : "23027.1050162356"
        },
        "miss_distance" : {
          "astronomical" : "0.1673826343",
          "lunar" : "65.1118392944",
          "kilometers" : "25040084",
          "miles" : "15559187"
        },
        "orbiting_body" : "Earth"
      } ],
      "orbital_data" : {
        "orbit_id" : "22",
        "orbit_determination_date" : "2017-04-06 09:11:39",
        "orbit_uncertainty" : "1",
        "minimum_orbit_intersection" : ".0629519",
        "jupiter_tisserand_invariant" : "5.971",
        "epoch_osculation" : "2458000.5",
        "eccentricity" : ".1588244668008033",
        "semi_major_axis" : "1.009927264794176",
        "inclination" : "19.81747745183783",
        "ascending_node_longitude" : "271.7351130857661",
        "orbital_period" : "370.7093776019544",
        "perihelion_distance" : ".8495261054556476",
        "perihelion_argument" : "293.8462013893724",
        "aphelion_distance" : "1.170328424132705",
        "perihelion_time" : "2457901.372497319148",
        "mean_anomaly" : "96.26382045135145",
        "mean_motion" : ".9711111230278789",
        "equinox" : "J2000"
      }
    }, {
      "links" : {
        "self" : "https://api.nasa.gov/neo/rest/v1/neo/3370286?api_key=t0TVs3DtDT2H8Oy2Zy8m2eVrNsAVKAexjcZXUckd"
      },
      "neo_reference_id" : "3370286",
      "name" : "(2007 EV)",
      "nasa_jpl_url" : "http://ssd.jpl.nasa.gov/sbdb.cgi?sstr=3370286",
      "absolute_magnitude_h" : 25.0,
      "estimated_diameter" : {
        "kilometers" : {
          "estimated_diameter_min" : 0.02658,
          "estimated_diameter_max" : 0.0594346868
        },
        "meters" : {
          "estimated_diameter_min" : 26.58,
          "estimated_diameter_max" : 59.4346868419
        },
        "miles" : {
          "estimated_diameter_min" : 0.0165160412,
          "estimated_diameter_max" : 0.0369309908
        },
        "feet" : {
          "estimated_diameter_min" : 87.2047272,
          "estimated_diameter_max" : 194.9956979785
        }
      },
      "is_potentially_hazardous_asteroid" : false,
      "close_approach_data" : [ {
        "close_approach_date" : "2007-12-22",
        "epoch_date_close_approach" : 1198310400000,
        "relative_velocity" : {
          "kilometers_per_second" : "9.5003712442",
          "kilometers_per_hour" : "34201.3364790705",
          "miles_per_hour" : "21251.3804361202"
        },
        "miss_distance" : {
          "astronomical" : "0.4733773314",
          "lunar" : "184.1437835693",
          "kilometers" : "70816240",
          "miles" : "44003172"
        },
        "orbiting_body" : "Earth"
      } ],
      "orbital_data" : {
        "orbit_id" : "14",
        "orbit_determination_date" : "2017-04-06 09:06:50",
        "orbit_uncertainty" : "7",
        "minimum_orbit_intersection" : ".00360983",
        "jupiter_tisserand_invariant" : "5.632",
        "epoch_osculation" : "2458000.5",
        "eccentricity" : ".307849486935908",
        "semi_major_axis" : "1.090902968607357",
        "inclination" : "8.171848902396059",
        "ascending_node_longitude" : "357.3666204076808",
        "orbital_period" : "416.1765562712146",
        "perihelion_distance" : ".755069049424723",
        "perihelion_argument" : "268.5901918206919",
        "aphelion_distance" : "1.42673688778999",
        "perihelion_time" : "2457987.623495976552",
        "mean_anomaly" : "11.13840118716458",
        "mean_motion" : ".8650174897535425",
        "equinox" : "J2000"
      }
    }, {
      "links" : {
        "self" : "https://api.nasa.gov/neo/rest/v1/neo/3384070?api_key=t0TVs3DtDT2H8Oy2Zy8m2eVrNsAVKAexjcZXUckd"
      },
      "neo_reference_id" : "3384070",
      "name" : "(2007 RU10)",
      "nasa_jpl_url" : "http://ssd.jpl.nasa.gov/sbdb.cgi?sstr=3384070",
      "absolute_magnitude_h" : 19.1,
      "estimated_diameter" : {
        "kilometers" : {
          "estimated_diameter_min" : 0.4023045798,
          "estimated_diameter_max" : 0.8995803882
        },
        "meters" : {
          "estimated_diameter_min" : 402.3045798343,
          "estimated_diameter_max" : 899.5803881691
        },
        "miles" : {
          "estimated_diameter_min" : 0.2499803991,
          "estimated_diameter_max" : 0.5589731654
        },
        "feet" : {
          "estimated_diameter_min" : 1319.8969577037,
          "estimated_diameter_max" : 2951.3793207207
        }
      },
      "is_potentially_hazardous_asteroid" : false,
      "close_approach_data" : [ {
        "close_approach_date" : "2007-12-22",
        "epoch_date_close_approach" : 1198310400000,
        "relative_velocity" : {
          "kilometers_per_second" : "16.8970457243",
          "kilometers_per_hour" : "60829.3646074091",
          "miles_per_hour" : "37797.0015806426"
        },
        "miss_distance" : {
          "astronomical" : "0.3275791738",
          "lunar" : "127.4282989502",
          "kilometers" : "49005148",
          "miles" : "30450386"
        },
        "orbiting_body" : "Earth"
      } ],
      "orbital_data" : {
        "orbit_id" : "20",
        "orbit_determination_date" : "2017-08-18 06:21:27",
        "orbit_uncertainty" : "1",
        "minimum_orbit_intersection" : ".0957584",
        "jupiter_tisserand_invariant" : "3.216",
        "epoch_osculation" : "2458000.5",
        "eccentricity" : ".6865294416770739",
        "semi_major_axis" : "2.273613136257906",
        "inclination" : "15.18687917391079",
        "ascending_node_longitude" : "325.14239174",
        "orbital_period" : "1252.198795193434",
        "perihelion_distance" : ".7127107792331048",
        "perihelion_argument" : "132.7969321470589",
        "aphelion_distance" : "3.834515493282706",
        "perihelion_time" : "2458215.006218979983",
        "mean_anomaly" : "298.3306874841186",
        "mean_motion" : ".2874942871546118",
        "equinox" : "J2000"
      }
    }, {
      "links" : {
        "self" : "https://api.nasa.gov/neo/rest/v1/neo/3532366?api_key=t0TVs3DtDT2H8Oy2Zy8m2eVrNsAVKAexjcZXUckd"
      },
      "neo_reference_id" : "3532366",
      "name" : "(2010 MJ1)",
      "nasa_jpl_url" : "http://ssd.jpl.nasa.gov/sbdb.cgi?sstr=3532366",
      "absolute_magnitude_h" : 23.6,
      "estimated_diameter" : {
        "kilometers" : {
          "estimated_diameter_min" : 0.0506471459,
          "estimated_diameter_max" : 0.1132504611
        },
        "meters" : {
          "estimated_diameter_min" : 50.6471458835,
          "estimated_diameter_max" : 113.2504610618
        },
        "miles" : {
          "estimated_diameter_min" : 0.0314706677,
          "estimated_diameter_max" : 0.0703705522
        },
        "feet" : {
          "estimated_diameter_min" : 166.1651821003,
          "estimated_diameter_max" : 371.5566426699
        }
      },
      "is_potentially_hazardous_asteroid" : false,
      "close_approach_data" : [ {
        "close_approach_date" : "2007-12-22",
        "epoch_date_close_approach" : 1198310400000,
        "relative_velocity" : {
          "kilometers_per_second" : "10.815137735",
          "kilometers_per_hour" : "38934.4958458348",
          "miles_per_hour" : "24192.3815993188"
        },
        "miss_distance" : {
          "astronomical" : "0.1364096825",
          "lunar" : "53.0633659363",
          "kilometers" : "20406598",
          "miles" : "12680072"
        },
        "orbiting_body" : "Earth"
      } ],
      "orbital_data" : {
        "orbit_id" : "9",
        "orbit_determination_date" : "2017-04-06 08:57:13",
        "orbit_uncertainty" : "6",
        "minimum_orbit_intersection" : ".095708",
        "jupiter_tisserand_invariant" : "6.065",
        "epoch_osculation" : "2458000.5",
        "eccentricity" : ".1322913666879912",
        "semi_major_axis" : ".9925687472519312",
        "inclination" : "18.2613376050451",
        "ascending_node_longitude" : "98.25575784832722",
        "orbital_period" : "361.1929972657614",
        "perihelion_distance" : ".8612604711461859",
        "perihelion_argument" : "340.0903210050301",
        "aphelion_distance" : "1.123877023357676",
        "perihelion_time" : "2458060.329731117970",
        "mean_anomaly" : "300.3678826402574",
        "mean_motion" : ".9966970642432371",
        "equinox" : "J2000"
      }
    } ]
  }
}