{
  "links" : {
    "next" : "https://api.nasa.gov/neo/rest/v1/feed?start_date=1998-02-09&end_date=1998-02-09&detailed=true&api_key=t0TVs3DtDT2H8Oy2Zy8m2eVrNsAVKAexjcZXUckd",
    "prev" : "https://api.nasa.gov/neo/rest/v1/feed?start_date=1998-02-07&end_date=1998-02-07&detailed=true&api_key=t0TVs3DtDT2H8Oy2Zy8m2eVrNsAVKAexjcZXUckd",
    "self" : "https://api.nasa.gov/neo/rest/v1/feed?start_date=1998-02-08&end_date=1998-02-08&detailed=true&api_key=t0TVs3DtDT2H8Oy2Zy8m2eVrNsAVKAexjcZXUckd"
  },
  "element_count" : 6,
  "near_earth_objects" : {
    "1998-02-08" : [ {
      "links" : {
        "self" : "https://api.nasa.gov/neo/rest/v1/neo/3046648?api_key=t0TVs3DtDT2H8Oy2Zy8m2eVrNsAVKAexjcZXUckd"
      },
      "neo_reference_id" : "3046648",
      "name" : "(2000 OK8)",
      "nasa_jpl_url" : "http://ssd.jpl.nasa.gov/sbdb.cgi?sstr=3046648",
      "absolute_magnitude_h" : 20.2,
      "estimated_diameter" : {
        "kilometers" : {
          "estimated_diameter_min" : 0.2424124811,
          "estimated_diameter_max" : 0.5420507863
        },
        "meters" : {
          "estimated_diameter_min" : 242.4124811008,
          "estimated_diameter_max" : 542.0507863358
        },
        "miles" : {
          "estimated_diameter_min" : 0.1506280858,
          "estimated_diameter_max" : 0.3368146392
        },
        "feet" : {
          "estimated_diameter_min" : 795.3165644948,
          "estimated_diameter_max" : 1778.3819018419
        }
      },
      "is_potentially_hazardous_asteroid" : false,
      "close_approach_data" : [ {
        "close_approach_date" : "1998-02-08",
        "epoch_date_close_approach" : 886924800000,
        "relative_velocity" : {
          "kilometers_per_second" : "8.8936439452",
          "kilometers_per_hour" : "32017.1182027013",
          "miles_per_hour" : "19894.1921410062"
        },
        "miss_distance" : {
          "astronomical" : "0.2056290625",
          "lunar" : "79.9897079468",
          "kilometers" : "30761670",
          "miles" : "19114416"
        },
        "orbiting_body" : "Earth"
      } ],
      "orbital_data" : {
        "orbit_id" : "24",
        "orbit_determination_date" : "2017-04-06 09:16:57",
        "orbit_uncertainty" : "2",
        "minimum_orbit_intersection" : ".135583",
        "jupiter_tisserand_invariant" : "6.118",
        "epoch_osculation" : "2458000.5",
        "eccentricity" : ".2211326714004426",
        "semi_major_axis" : ".9850528594339865",
        "inclination" : "9.983173316614966",
        "ascending_node_longitude" : "304.6009303298728",
        "orbital_period" : "357.0982574152831",
        "perihelion_distance" : ".7672254891567043",
        "perihelion_argument" : "166.1685306653796",
        "aphelion_distance" : "1.202880229711269",
        "perihelion_time" : "2457974.886952697845",
        "mean_anomaly" : "25.82117620936105",
        "mean_motion" : "1.008125893992651",
        "equinox" : "J2000"
      }
    }, {
      "links" : {
        "self" : "https://api.nasa.gov/neo/rest/v1/neo/3553988?api_key=t0TVs3DtDT2H8Oy2Zy8m2eVrNsAVKAexjcZXUckd"
      },
      "neo_reference_id" : "3553988",
      "name" : "(2010 XR69)",
      "nasa_jpl_url" : "http://ssd.jpl.nasa.gov/sbdb.cgi?sstr=3553988",
      "absolute_magnitude_h" : 25.4,
      "estimated_diameter" : {
        "kilometers" : {
          "estimated_diameter_min" : 0.022108281,
          "estimated_diameter_max" : 0.0494356193
        },
        "meters" : {
          "estimated_diameter_min" : 22.1082810359,
          "estimated_diameter_max" : 49.435619262
        },
        "miles" : {
          "estimated_diameter_min" : 0.0137374447,
          "estimated_diameter_max" : 0.0307178602
        },
        "feet" : {
          "estimated_diameter_min" : 72.5337327539,
          "estimated_diameter_max" : 162.1903570994
        }
      },
      "is_potentially_hazardous_asteroid" : false,
      "close_approach_data" : [ {
        "close_approach_date" : "1998-02-08",
        "epoch_date_close_approach" : 886924800000,
        "relative_velocity" : {
          "kilometers_per_second" : "11.6561253821",
          "kilometers_per_hour" : "41962.0513756554",
          "miles_per_hour" : "26073.5868672788"
        },
        "miss_distance" : {
          "astronomical" : "0.2680270456",
          "lunar" : "104.2625198364",
          "kilometers" : "40096276",
          "miles" : "24914670"
        },
        "orbiting_body" : "Earth"
      } ],
      "orbital_data" : {
        "orbit_id" : "6",
        "orbit_determination_date" : "2017-04-06 08:55:10",
        "orbit_uncertainty" : "7",
        "minimum_orbit_intersection" : ".00299781",
        "jupiter_tisserand_invariant" : "6.873",
        "epoch_osculation" : "2458000.5",
        "eccentricity" : ".516631804637424",
        "semi_major_axis" : ".8413493863981537",
        "inclination" : ".9233829636853321",
        "ascending_node_longitude" : "69.05750790009196",
        "orbital_period" : "281.8791805992721",
        "perihelion_distance" : ".4066815345726862",
        "perihelion_argument" : "234.6896602118794",
        "aphelion_distance" : "1.276017238223621",
        "perihelion_time" : "2458014.262086226069",
        "mean_anomaly" : "342.4238490020733",
        "mean_motion" : "1.277142920717464",
        "equinox" : "J2000"
      }
    }, {
      "links" : {
        "self" : "https://api.nasa.gov/neo/rest/v1/neo/3558387?api_key=t0TVs3DtDT2H8Oy2Zy8m2eVrNsAVKAexjcZXUckd"
      },
      "neo_reference_id" : "3558387",
      "name" : "(2011 EG17)",
      "nasa_jpl_url" : "http://ssd.jpl.nasa.gov/sbdb.cgi?sstr=3558387",
      "absolute_magnitude_h" : 20.6,
      "estimated_diameter" : {
        "kilometers" : {
          "estimated_diameter_min" : 0.2016299194,
          "estimated_diameter_max" : 0.4508582062
        },
        "meters" : {
          "estimated_diameter_min" : 201.6299194428,
          "estimated_diameter_max" : 450.8582061718
        },
        "miles" : {
          "estimated_diameter_min" : 0.1252869847,
          "estimated_diameter_max" : 0.2801502144
        },
        "feet" : {
          "estimated_diameter_min" : 661.5155049046,
          "estimated_diameter_max" : 1479.1936371367
        }
      },
      "is_potentially_hazardous_asteroid" : true,
      "close_approach_data" : [ {
        "close_approach_date" : "1998-02-08",
        "epoch_date_close_approach" : 886924800000,
        "relative_velocity" : {
          "kilometers_per_second" : "12.6383966301",
          "kilometers_per_hour" : "45498.22786831",
          "miles_per_hour" : "28270.8294218396"
        },
        "miss_distance" : {
          "astronomical" : "0.2490392635",
          "lunar" : "96.8762741089",
          "kilometers" : "37255744",
          "miles" : "23149646"
        },
        "orbiting_body" : "Earth"
      } ],
      "orbital_data" : {
        "orbit_id" : "26",
        "orbit_determination_date" : "2017-04-06 08:54:13",
        "orbit_uncertainty" : "1",
        "minimum_orbit_intersection" : ".0439084",
        "jupiter_tisserand_invariant" : "4.649",
        "epoch_osculation" : "2458000.5",
        "eccentricity" : ".4187310676789489",
        "semi_major_axis" : "1.379914815489344",
        "inclination" : "20.11205823947074",
        "ascending_node_longitude" : "170.1616467522472",
        "orbital_period" : "592.0751628373572",
        "perihelion_distance" : ".8021016114934914",
        "perihelion_argument" : "241.4871577635625",
        "aphelion_distance" : "1.957728019485197",
        "perihelion_time" : "2457885.589286408348",
        "mean_anomaly" : "69.86926574448853",
        "mean_motion" : ".6080309099182596",
        "equinox" : "J2000"
      }
    }, {
      "links" : {
        "self" : "https://api.nasa.gov/neo/rest/v1/neo/3723766?api_key=t0TVs3DtDT2H8Oy2Zy8m2eVrNsAVKAexjcZXUckd"
      },
      "neo_reference_id" : "3723766",
      "name" : "(2015 ME116)",
      "nasa_jpl_url" : "http://ssd.jpl.nasa.gov/sbdb.cgi?sstr=3723766",
      "absolute_magnitude_h" : 22.3,
      "estimated_diameter" : {
        "kilometers" : {
          "estimated_diameter_min" : 0.0921626549,
          "estimated_diameter_max" : 0.2060819612
        },
        "meters" : {
          "estimated_diameter_min" : 92.1626548503,
          "estimated_diameter_max" : 206.0819612321
        },
        "miles" : {
          "estimated_diameter_min" : 0.057267201,
          "estimated_diameter_max" : 0.1280533543
        },
        "feet" : {
          "estimated_diameter_min" : 302.370924539,
          "estimated_diameter_max" : 676.1219416887
        }
      },
      "is_potentially_hazardous_asteroid" : false,
      "close_approach_data" : [ {
        "close_approach_date" : "1998-02-08",
        "epoch_date_close_approach" : 886924800000,
        "relative_velocity" : {
          "kilometers_per_second" : "17.642835779",
          "kilometers_per_hour" : "63514.2088044022",
          "miles_per_hour" : "39465.2593540464"
        },
        "miss_distance" : {
          "astronomical" : "0.2793573757",
          "lunar" : "108.6700210571",
          "kilometers" : "41791268",
          "miles" : "25967890"
        },
        "orbiting_body" : "Earth"
      } ],
      "orbital_data" : {
        "orbit_id" : "19",
        "orbit_determination_date" : "2017-04-06 08:32:56",
        "orbit_uncertainty" : "2",
        "minimum_orbit_intersection" : ".0528668",
        "jupiter_tisserand_invariant" : "5.826",
        "epoch_osculation" : "2458000.5",
        "eccentricity" : ".1490402380786177",
        "semi_major_axis" : "1.036095669772916",
        "inclination" : "24.32919470725158",
        "ascending_node_longitude" : "120.8695323296145",
        "orbital_period" : "385.2105871703527",
        "perihelion_distance" : ".8816757244777353",
        "perihelion_argument" : "307.8506526519806",
        "aphelion_distance" : "1.190515615068096",
        "perihelion_time" : "2458127.390926626058",
        "mean_anomaly" : "241.4136082786862",
        "mean_motion" : ".9345537531677349",
        "equinox" : "J2000"
      }
    }, {
      "links" : {
        "self" : "https://api.nasa.gov/neo/rest/v1/neo/3740342?api_key=t0TVs3DtDT2H8Oy2Zy8m2eVrNsAVKAexjcZXUckd"
      },
      "neo_reference_id" : "3740342",
      "name" : "(2016 AU192)",
      "nasa_jpl_url" : "http://ssd.jpl.nasa.gov/sbdb.cgi?sstr=3740342",
      "absolute_magnitude_h" : 21.9,
      "estimated_diameter" : {
        "kilometers" : {
          "estimated_diameter_min" : 0.1108038821,
          "estimated_diameter_max" : 0.2477650126
        },
        "meters" : {
          "estimated_diameter_min" : 110.8038821264,
          "estimated_diameter_max" : 247.7650126055
        },
        "miles" : {
          "estimated_diameter_min" : 0.068850319,
          "estimated_diameter_max" : 0.1539539936
        },
        "feet" : {
          "estimated_diameter_min" : 363.5298086356,
          "estimated_diameter_max" : 812.8773639568
        }
      },
      "is_potentially_hazardous_asteroid" : false,
      "close_approach_data" : [ {
        "close_approach_date" : "1998-02-08",
        "epoch_date_close_approach" : 886924800000,
        "relative_velocity" : {
          "kilometers_per_second" : "21.1995158033",
          "kilometers_per_hour" : "76318.2568917302",
          "miles_per_hour" : "47421.1969003087"
        },
        "miss_distance" : {
          "astronomical" : "0.4383349559",
          "lunar" : "170.512298584",
          "kilometers" : "65573976",
          "miles" : "40745780"
        },
        "orbiting_body" : "Earth"
      } ],
      "orbital_data" : {
        "orbit_id" : "4",
        "orbit_determination_date" : "2017-04-06 08:29:05",
        "orbit_uncertainty" : "6",
        "minimum_orbit_intersection" : ".290219",
        "jupiter_tisserand_invariant" : "5.370",
        "epoch_osculation" : "2458000.5",
        "eccentricity" : ".3847645399722131",
        "semi_major_axis" : "1.135590614734632",
        "inclination" : "24.04579563962595",
        "ascending_node_longitude" : "278.5474552589224",
        "orbital_period" : "442.0090064851923",
        "perihelion_distance" : ".6986556142594986",
        "perihelion_argument" : "337.8694298655538",
        "aphelion_distance" : "1.572525615209765",
        "perihelion_time" : "2457992.481142058765",
        "mean_anomaly" : "6.531063431942367",
        "mean_motion" : ".814463041969848",
        "equinox" : "J2000"
      }
    }, {
      "links" : {
        "self" : "https://api.nasa.gov/neo/rest/v1/neo/3711168?api_key=t0TVs3DtDT2H8Oy2Zy8m2eVrNsAVKAexjcZXUckd"
      },
      "neo_reference_id" : "3711168",
      "name" : "(2015 DA54)",
      "nasa_jpl_url" : "http://ssd.jpl.nasa.gov/sbdb.cgi?sstr=3711168",
      "absolute_magnitude_h" : 20.8,
      "estimated_diameter" : {
        "kilometers" : {
          "estimated_diameter_min" : 0.1838886721,
          "estimated_diameter_max" : 0.411187571
        },
        "meters" : {
          "estimated_diameter_min" : 183.8886720703,
          "estimated_diameter_max" : 411.1875710413
        },
        "miles" : {
          "estimated_diameter_min" : 0.1142630881,
          "estimated_diameter_max" : 0.2555000322
        },
        "feet" : {
          "estimated_diameter_min" : 603.309310875,
          "estimated_diameter_max" : 1349.040630575
        }
      },
      "is_potentially_hazardous_asteroid" : false,
      "close_approach_data" : [ {
        "close_approach_date" : "1998-02-08",
        "epoch_date_close_approach" : 886924800000,
        "relative_velocity" : {
          "kilometers_per_second" : "34.1146414152",
          "kilometers_per_hour" : "122812.7090946142",
          "miles_per_hour" : "76311.0413815951"
        },
        "miss_distance" : {
          "astronomical" : "0.3810259104",
          "lunar" : "148.2190856934",
          "kilometers" : "57000664",
          "miles" : "35418572"
        },
        "orbiting_body" : "Earth"
      } ],
      "orbital_data" : {
        "orbit_id" : "15",
        "orbit_determination_date" : "2017-08-10 06:18:52",
        "orbit_uncertainty" : "5",
        "minimum_orbit_intersection" : ".0587049",
        "jupiter_tisserand_invariant" : "2.867",
        "epoch_osculation" : "2458000.5",
        "eccentricity" : ".7815471906352108",
        "semi_major_axis" : "2.611562702209497",
        "inclination" : "8.246716128244564",
        "ascending_node_longitude" : "148.0126442507677",
        "orbital_period" : "1541.519820237548",
        "perihelion_distance" : ".570503209129965",
        "perihelion_argument" : "245.6685376248854",
        "aphelion_distance" : "4.65262219528903",
        "perihelion_time" : "2458545.534148505071",
        "mean_anomaly" : "232.7150368838014",
        "mean_motion" : ".233535758200322",
        "equinox" : "J2000"
      }
    } ]
  }
}