{
  "links" : {
    "next" : "https://api.nasa.gov/neo/rest/v1/feed?start_date=2003-01-23&end_date=2003-01-23&detailed=true&api_key=t0TVs3DtDT2H8Oy2Zy8m2eVrNsAVKAexjcZXUckd",
    "prev" : "https://api.nasa.gov/neo/rest/v1/feed?start_date=2003-01-21&end_date=2003-01-21&detailed=true&api_key=t0TVs3DtDT2H8Oy2Zy8m2eVrNsAVKAexjcZXUckd",
    "self" : "https://api.nasa.gov/neo/rest/v1/feed?start_date=2003-01-22&end_date=2003-01-22&detailed=true&api_key=t0TVs3DtDT2H8Oy2Zy8m2eVrNsAVKAexjcZXUckd"
  },
  "element_count" : 6,
  "near_earth_objects" : {
    "2003-01-22" : [ {
      "links" : {
        "self" : "https://api.nasa.gov/neo/rest/v1/neo/2250458?api_key=t0TVs3DtDT2H8Oy2Zy8m2eVrNsAVKAexjcZXUckd"
      },
      "neo_reference_id" : "2250458",
      "name" : "250458 (2004 BO41)",
      "nasa_jpl_url" : "http://ssd.jpl.nasa.gov/sbdb.cgi?sstr=2250458",
      "absolute_magnitude_h" : 18.0,
      "estimated_diameter" : {
        "kilometers" : {
          "estimated_diameter_min" : 0.6676594135,
          "estimated_diameter_max" : 1.4929318344
        },
        "meters" : {
          "estimated_diameter_min" : 667.6594134952,
          "estimated_diameter_max" : 1492.931834393
        },
        "miles" : {
          "estimated_diameter_min" : 0.4148641974,
          "estimated_diameter_max" : 0.9276645469
        },
        "feet" : {
          "estimated_diameter_min" : 2190.4837101717,
          "estimated_diameter_max" : 4898.07047955
        }
      },
      "is_potentially_hazardous_asteroid" : false,
      "close_approach_data" : [ {
        "close_approach_date" : "2003-01-22",
        "epoch_date_close_approach" : 1043222400000,
        "relative_velocity" : {
          "kilometers_per_second" : "31.8984817535",
          "kilometers_per_hour" : "114834.5343126569",
          "miles_per_hour" : "71353.7138344395"
        },
        "miss_distance" : {
          "astronomical" : "0.4005420137",
          "lunar" : "155.8108520508",
          "kilometers" : "59920232",
          "miles" : "37232708"
        },
        "orbiting_body" : "Earth"
      } ],
      "orbital_data" : {
        "orbit_id" : "102",
        "orbit_determination_date" : "2017-09-27 06:52:17",
        "orbit_uncertainty" : "0",
        "minimum_orbit_intersection" : ".0888206",
        "jupiter_tisserand_invariant" : "5.735",
        "epoch_osculation" : "2458000.5",
        "eccentricity" : ".4928912402118253",
        "semi_major_axis" : "1.018550412349483",
        "inclination" : "35.55663293109077",
        "ascending_node_longitude" : "337.7784743606296",
        "orbital_period" : "375.4673869951035",
        "perihelion_distance" : ".5165158363882801",
        "perihelion_argument" : "254.4065266425643",
        "aphelion_distance" : "1.520584988310685",
        "perihelion_time" : "2457959.291116769922",
        "mean_anomaly" : "39.51128240872099",
        "mean_motion" : ".9588049787256084",
        "equinox" : "J2000"
      }
    }, {
      "links" : {
        "self" : "https://api.nasa.gov/neo/rest/v1/neo/3423027?api_key=t0TVs3DtDT2H8Oy2Zy8m2eVrNsAVKAexjcZXUckd"
      },
      "neo_reference_id" : "3423027",
      "name" : "(2008 PG2)",
      "nasa_jpl_url" : "http://ssd.jpl.nasa.gov/sbdb.cgi?sstr=3423027",
      "absolute_magnitude_h" : 22.6,
      "estimated_diameter" : {
        "kilometers" : {
          "estimated_diameter_min" : 0.0802703167,
          "estimated_diameter_max" : 0.1794898848
        },
        "meters" : {
          "estimated_diameter_min" : 80.2703167283,
          "estimated_diameter_max" : 179.4898847799
        },
        "miles" : {
          "estimated_diameter_min" : 0.049877647,
          "estimated_diameter_max" : 0.1115298092
        },
        "feet" : {
          "estimated_diameter_min" : 263.3540659348,
          "estimated_diameter_max" : 588.8775935812
        }
      },
      "is_potentially_hazardous_asteroid" : false,
      "close_approach_data" : [ {
        "close_approach_date" : "2003-01-22",
        "epoch_date_close_approach" : 1043222400000,
        "relative_velocity" : {
          "kilometers_per_second" : "4.9623999607",
          "kilometers_per_hour" : "17864.639858559",
          "miles_per_hour" : "11100.3924721141"
        },
        "miss_distance" : {
          "astronomical" : "0.1656489024",
          "lunar" : "64.4374237061",
          "kilometers" : "24780724",
          "miles" : "15398028"
        },
        "orbiting_body" : "Earth"
      } ],
      "orbital_data" : {
        "orbit_id" : "17",
        "orbit_determination_date" : "2017-04-06 09:03:08",
        "orbit_uncertainty" : "2",
        "minimum_orbit_intersection" : ".104347",
        "jupiter_tisserand_invariant" : "5.493",
        "epoch_osculation" : "2458000.5",
        "eccentricity" : ".04236842096326811",
        "semi_major_axis" : "1.138612059521745",
        "inclination" : "8.954255456478924",
        "ascending_node_longitude" : "325.0808144296324",
        "orbital_period" : "443.7742470610794",
        "perihelion_distance" : "1.090370864470074",
        "perihelion_argument" : "67.2923621542384",
        "aphelion_distance" : "1.186853254573416",
        "perihelion_time" : "2457883.394936968986",
        "mean_anomaly" : "94.99835326262728",
        "mean_motion" : ".8112232793681039",
        "equinox" : "J2000"
      }
    }, {
      "links" : {
        "self" : "https://api.nasa.gov/neo/rest/v1/neo/3448069?api_key=t0TVs3DtDT2H8Oy2Zy8m2eVrNsAVKAexjcZXUckd"
      },
      "neo_reference_id" : "3448069",
      "name" : "(2009 DT10)",
      "nasa_jpl_url" : "http://ssd.jpl.nasa.gov/sbdb.cgi?sstr=3448069",
      "absolute_magnitude_h" : 22.8,
      "estimated_diameter" : {
        "kilometers" : {
          "estimated_diameter_min" : 0.0732073989,
          "estimated_diameter_max" : 0.1636967205
        },
        "meters" : {
          "estimated_diameter_min" : 73.2073989347,
          "estimated_diameter_max" : 163.696720474
        },
        "miles" : {
          "estimated_diameter_min" : 0.0454889547,
          "estimated_diameter_max" : 0.1017163949
        },
        "feet" : {
          "estimated_diameter_min" : 240.181762721,
          "estimated_diameter_max" : 537.0627483999
        }
      },
      "is_potentially_hazardous_asteroid" : false,
      "close_approach_data" : [ {
        "close_approach_date" : "2003-01-22",
        "epoch_date_close_approach" : 1043222400000,
        "relative_velocity" : {
          "kilometers_per_second" : "11.6676895301",
          "kilometers_per_hour" : "42003.6823083186",
          "miles_per_hour" : "26099.454709855"
        },
        "miss_distance" : {
          "astronomical" : "0.1294508683",
          "lunar" : "50.356388092",
          "kilometers" : "19365576",
          "miles" : "12033210"
        },
        "orbiting_body" : "Earth"
      } ],
      "orbital_data" : {
        "orbit_id" : "19",
        "orbit_determination_date" : "2017-04-06 09:01:16",
        "orbit_uncertainty" : "0",
        "minimum_orbit_intersection" : ".0164537",
        "jupiter_tisserand_invariant" : "3.494",
        "epoch_osculation" : "2458000.5",
        "eccentricity" : ".6204830044491826",
        "semi_major_axis" : "2.07644378378466",
        "inclination" : "3.951617569174442",
        "ascending_node_longitude" : "309.558795961548",
        "orbital_period" : "1092.895640506176",
        "perihelion_distance" : ".7880457062521251",
        "perihelion_argument" : "132.6787230526726",
        "aphelion_distance" : "3.364841861317194",
        "perihelion_time" : "2458115.679939652560",
        "mean_anomaly" : "322.0597093280406",
        "mean_motion" : ".3294001610558767",
        "equinox" : "J2000"
      }
    }, {
      "links" : {
        "self" : "https://api.nasa.gov/neo/rest/v1/neo/3552523?api_key=t0TVs3DtDT2H8Oy2Zy8m2eVrNsAVKAexjcZXUckd"
      },
      "neo_reference_id" : "3552523",
      "name" : "(2010 WS)",
      "nasa_jpl_url" : "http://ssd.jpl.nasa.gov/sbdb.cgi?sstr=3552523",
      "absolute_magnitude_h" : 24.9,
      "estimated_diameter" : {
        "kilometers" : {
          "estimated_diameter_min" : 0.0278326768,
          "estimated_diameter_max" : 0.0622357573
        },
        "meters" : {
          "estimated_diameter_min" : 27.8326768072,
          "estimated_diameter_max" : 62.2357573367
        },
        "miles" : {
          "estimated_diameter_min" : 0.0172944182,
          "estimated_diameter_max" : 0.0386714948
        },
        "feet" : {
          "estimated_diameter_min" : 91.3145593761,
          "estimated_diameter_max" : 204.1855621004
        }
      },
      "is_potentially_hazardous_asteroid" : false,
      "close_approach_data" : [ {
        "close_approach_date" : "2003-01-22",
        "epoch_date_close_approach" : 1043222400000,
        "relative_velocity" : {
          "kilometers_per_second" : "7.9627594244",
          "kilometers_per_hour" : "28665.9339278607",
          "miles_per_hour" : "17811.8965564532"
        },
        "miss_distance" : {
          "astronomical" : "0.2466587176",
          "lunar" : "95.9502410889",
          "kilometers" : "36899620",
          "miles" : "22928360"
        },
        "orbiting_body" : "Earth"
      } ],
      "orbital_data" : {
        "orbit_id" : "11",
        "orbit_determination_date" : "2017-04-06 08:55:37",
        "orbit_uncertainty" : "6",
        "minimum_orbit_intersection" : ".0111526",
        "jupiter_tisserand_invariant" : "6.398",
        "epoch_osculation" : "2458000.5",
        "eccentricity" : ".3134835458907075",
        "semi_major_axis" : ".9295269607892243",
        "inclination" : "4.560152092259355",
        "ascending_node_longitude" : "60.95250989389755",
        "orbital_period" : "327.3342228720157",
        "perihelion_distance" : ".6381355531200056",
        "perihelion_argument" : "232.6149310136973",
        "aphelion_distance" : "1.220918368458443",
        "perihelion_time" : "2458056.959742072419",
        "mean_anomaly" : "297.9059513920184",
        "mean_motion" : "1.099793345289033",
        "equinox" : "J2000"
      }
    }, {
      "links" : {
        "self" : "https://api.nasa.gov/neo/rest/v1/neo/3616699?api_key=t0TVs3DtDT2H8Oy2Zy8m2eVrNsAVKAexjcZXUckd"
      },
      "neo_reference_id" : "3616699",
      "name" : "(2012 VP6)",
      "nasa_jpl_url" : "http://ssd.jpl.nasa.gov/sbdb.cgi?sstr=3616699",
      "absolute_magnitude_h" : 24.2,
      "estimated_diameter" : {
        "kilometers" : {
          "estimated_diameter_min" : 0.0384197891,
          "estimated_diameter_max" : 0.0859092601
        },
        "meters" : {
          "estimated_diameter_min" : 38.4197891064,
          "estimated_diameter_max" : 85.9092601232
        },
        "miles" : {
          "estimated_diameter_min" : 0.0238729428,
          "estimated_diameter_max" : 0.0533815229
        },
        "feet" : {
          "estimated_diameter_min" : 126.0491808919,
          "estimated_diameter_max" : 281.8545369825
        }
      },
      "is_potentially_hazardous_asteroid" : false,
      "close_approach_data" : [ {
        "close_approach_date" : "2003-01-22",
        "epoch_date_close_approach" : 1043222400000,
        "relative_velocity" : {
          "kilometers_per_second" : "5.2395818336",
          "kilometers_per_hour" : "18862.4946011151",
          "miles_per_hour" : "11720.4206036762"
        },
        "miss_distance" : {
          "astronomical" : "0.3956710981",
          "lunar" : "153.9160614014",
          "kilometers" : "59191556",
          "miles" : "36779928"
        },
        "orbiting_body" : "Earth"
      } ],
      "orbital_data" : {
        "orbit_id" : "8",
        "orbit_determination_date" : "2017-04-06 08:48:11",
        "orbit_uncertainty" : "5",
        "minimum_orbit_intersection" : ".115322",
        "jupiter_tisserand_invariant" : "5.045",
        "epoch_osculation" : "2458000.5",
        "eccentricity" : ".1414917980391747",
        "semi_major_axis" : "1.277117037310137",
        "inclination" : "8.430289164510853",
        "ascending_node_longitude" : "224.3197886349648",
        "orbital_period" : "527.1624585991442",
        "perihelion_distance" : "1.096415451394662",
        "perihelion_argument" : "147.3225094602168",
        "aphelion_distance" : "1.457818623225612",
        "perihelion_time" : "2457787.423747615115",
        "mean_anomaly" : "145.5100787381508",
        "mean_motion" : ".6829014360329194",
        "equinox" : "J2000"
      }
    }, {
      "links" : {
        "self" : "https://api.nasa.gov/neo/rest/v1/neo/3463371?api_key=t0TVs3DtDT2H8Oy2Zy8m2eVrNsAVKAexjcZXUckd"
      },
      "neo_reference_id" : "3463371",
      "name" : "(2009 MW)",
      "nasa_jpl_url" : "http://ssd.jpl.nasa.gov/sbdb.cgi?sstr=3463371",
      "absolute_magnitude_h" : 20.8,
      "estimated_diameter" : {
        "kilometers" : {
          "estimated_diameter_min" : 0.1838886721,
          "estimated_diameter_max" : 0.411187571
        },
        "meters" : {
          "estimated_diameter_min" : 183.8886720703,
          "estimated_diameter_max" : 411.1875710413
        },
        "miles" : {
          "estimated_diameter_min" : 0.1142630881,
          "estimated_diameter_max" : 0.2555000322
        },
        "feet" : {
          "estimated_diameter_min" : 603.309310875,
          "estimated_diameter_max" : 1349.040630575
        }
      },
      "is_potentially_hazardous_asteroid" : false,
      "close_approach_data" : [ {
        "close_approach_date" : "2003-01-22",
        "epoch_date_close_approach" : 1043222400000,
        "relative_velocity" : {
          "kilometers_per_second" : "16.8228416929",
          "kilometers_per_hour" : "60562.2300942892",
          "miles_per_hour" : "37631.0145827543"
        },
        "miss_distance" : {
          "astronomical" : "0.3807688769",
          "lunar" : "148.1190948486",
          "kilometers" : "56962212",
          "miles" : "35394676"
        },
        "orbiting_body" : "Earth"
      } ],
      "orbital_data" : {
        "orbit_id" : "19",
        "orbit_determination_date" : "2017-04-06 09:00:25",
        "orbit_uncertainty" : "1",
        "minimum_orbit_intersection" : ".113249",
        "jupiter_tisserand_invariant" : "6.447",
        "epoch_osculation" : "2458000.5",
        "eccentricity" : ".2991539178730141",
        "semi_major_axis" : ".9127170167367619",
        "inclination" : "21.03334897898406",
        "ascending_node_longitude" : "87.57392832159935",
        "orbital_period" : "318.4950216186122",
        "perihelion_distance" : ".6396741452705902",
        "perihelion_argument" : "23.61692199702258",
        "aphelion_distance" : "1.185759888202933",
        "perihelion_time" : "2458072.706002076781",
        "mean_anomaly" : "278.3844048313936",
        "mean_motion" : "1.130315940796992",
        "equinox" : "J2000"
      }
    } ]
  }
}