{
  "links" : {
    "next" : "https://api.nasa.gov/neo/rest/v1/feed?start_date=1998-01-16&end_date=1998-01-16&detailed=true&api_key=t0TVs3DtDT2H8Oy2Zy8m2eVrNsAVKAexjcZXUckd",
    "prev" : "https://api.nasa.gov/neo/rest/v1/feed?start_date=1998-01-14&end_date=1998-01-14&detailed=true&api_key=t0TVs3DtDT2H8Oy2Zy8m2eVrNsAVKAexjcZXUckd",
    "self" : "https://api.nasa.gov/neo/rest/v1/feed?start_date=1998-01-15&end_date=1998-01-15&detailed=true&api_key=t0TVs3DtDT2H8Oy2Zy8m2eVrNsAVKAexjcZXUckd"
  },
  "element_count" : 5,
  "near_earth_objects" : {
    "1998-01-15" : [ {
      "links" : {
        "self" : "https://api.nasa.gov/neo/rest/v1/neo/3013651?api_key=t0TVs3DtDT2H8Oy2Zy8m2eVrNsAVKAexjcZXUckd"
      },
      "neo_reference_id" : "3013651",
      "name" : "(1998 MV5)",
      "nasa_jpl_url" : "http://ssd.jpl.nasa.gov/sbdb.cgi?sstr=3013651",
      "absolute_magnitude_h" : 24.0,
      "estimated_diameter" : {
        "kilometers" : {
          "estimated_diameter_min" : 0.0421264611,
          "estimated_diameter_max" : 0.0941976306
        },
        "meters" : {
          "estimated_diameter_min" : 42.1264610556,
          "estimated_diameter_max" : 94.1976305719
        },
        "miles" : {
          "estimated_diameter_min" : 0.0261761612,
          "estimated_diameter_max" : 0.0585316759
        },
        "feet" : {
          "estimated_diameter_min" : 138.2101784897,
          "estimated_diameter_max" : 309.0473542854
        }
      },
      "is_potentially_hazardous_asteroid" : false,
      "close_approach_data" : [ {
        "close_approach_date" : "1998-01-15",
        "epoch_date_close_approach" : 884851200000,
        "relative_velocity" : {
          "kilometers_per_second" : "11.4781750025",
          "kilometers_per_hour" : "41321.4300091048",
          "miles_per_hour" : "25675.5296631573"
        },
        "miss_distance" : {
          "astronomical" : "0.3036683774",
          "lunar" : "118.1269989014",
          "kilometers" : "45428144",
          "miles" : "28227740"
        },
        "orbiting_body" : "Earth"
      } ],
      "orbital_data" : {
        "orbit_id" : "11",
        "orbit_determination_date" : "2017-04-06 09:17:47",
        "orbit_uncertainty" : "8",
        "minimum_orbit_intersection" : ".015109",
        "jupiter_tisserand_invariant" : "5.201",
        "epoch_osculation" : "2450990.5",
        "eccentricity" : ".1850053451076242",
        "semi_major_axis" : "1.204752933196283",
        "inclination" : "21.17362819798664",
        "ascending_node_longitude" : "269.5625544280346",
        "orbital_period" : "482.9980922650655",
        "perihelion_distance" : ".9818672010208821",
        "perihelion_argument" : "313.4695274377087",
        "aphelion_distance" : "1.427638665371684",
        "perihelion_time" : "2450941.891876353272",
        "mean_anomaly" : "36.22980047552406",
        "mean_motion" : ".7453445588402757",
        "equinox" : "J2000"
      }
    }, {
      "links" : {
        "self" : "https://api.nasa.gov/neo/rest/v1/neo/2175706?api_key=t0TVs3DtDT2H8Oy2Zy8m2eVrNsAVKAexjcZXUckd"
      },
      "neo_reference_id" : "2175706",
      "name" : "175706 (1996 FG3)",
      "nasa_jpl_url" : "http://ssd.jpl.nasa.gov/sbdb.cgi?sstr=2175706",
      "absolute_magnitude_h" : 18.4,
      "estimated_diameter" : {
        "kilometers" : {
          "estimated_diameter_min" : 0.5553349116,
          "estimated_diameter_max" : 1.2417666126
        },
        "meters" : {
          "estimated_diameter_min" : 555.334911581,
          "estimated_diameter_max" : 1241.766612574
        },
        "miles" : {
          "estimated_diameter_min" : 0.3450690093,
          "estimated_diameter_max" : 0.7715977618
        },
        "feet" : {
          "estimated_diameter_min" : 1821.9649913114,
          "estimated_diameter_max" : 4074.0375731972
        }
      },
      "is_potentially_hazardous_asteroid" : true,
      "close_approach_data" : [ {
        "close_approach_date" : "1998-01-15",
        "epoch_date_close_approach" : 884851200000,
        "relative_velocity" : {
          "kilometers_per_second" : "9.2916768694",
          "kilometers_per_hour" : "33450.0367299259",
          "miles_per_hour" : "20784.5519892143"
        },
        "miss_distance" : {
          "astronomical" : "0.3854629981",
          "lunar" : "149.9451141357",
          "kilometers" : "57664444",
          "miles" : "35831024"
        },
        "orbiting_body" : "Earth"
      } ],
      "orbital_data" : {
        "orbit_id" : "143",
        "orbit_determination_date" : "2017-04-06 09:25:56",
        "orbit_uncertainty" : "0",
        "minimum_orbit_intersection" : ".028314",
        "jupiter_tisserand_invariant" : "5.779",
        "epoch_osculation" : "2458000.5",
        "eccentricity" : ".3498175834077441",
        "semi_major_axis" : "1.054028686106748",
        "inclination" : "1.991106291938947",
        "ascending_node_longitude" : "299.7065641824987",
        "orbital_period" : "395.2547272990419",
        "perihelion_distance" : ".6853109182904454",
        "perihelion_argument" : "24.02903301999085",
        "aphelion_distance" : "1.42274645392305",
        "perihelion_time" : "2458192.870282498097",
        "mean_anomaly" : "184.7881760388938",
        "mean_motion" : ".910805045799316",
        "equinox" : "J2000"
      }
    }, {
      "links" : {
        "self" : "https://api.nasa.gov/neo/rest/v1/neo/2455148?api_key=t0TVs3DtDT2H8Oy2Zy8m2eVrNsAVKAexjcZXUckd"
      },
      "neo_reference_id" : "2455148",
      "name" : "455148 (1994 UG)",
      "nasa_jpl_url" : "http://ssd.jpl.nasa.gov/sbdb.cgi?sstr=2455148",
      "absolute_magnitude_h" : 21.1,
      "estimated_diameter" : {
        "kilometers" : {
          "estimated_diameter_min" : 0.160160338,
          "estimated_diameter_max" : 0.358129403
        },
        "meters" : {
          "estimated_diameter_min" : 160.1603379786,
          "estimated_diameter_max" : 358.1294030194
        },
        "miles" : {
          "estimated_diameter_min" : 0.0995189894,
          "estimated_diameter_max" : 0.2225312253
        },
        "feet" : {
          "estimated_diameter_min" : 525.4604432536,
          "estimated_diameter_max" : 1174.9652706022
        }
      },
      "is_potentially_hazardous_asteroid" : true,
      "close_approach_data" : [ {
        "close_approach_date" : "1998-01-15",
        "epoch_date_close_approach" : 884851200000,
        "relative_velocity" : {
          "kilometers_per_second" : "7.7404812347",
          "kilometers_per_hour" : "27865.7324448839",
          "miles_per_hour" : "17314.682473878"
        },
        "miss_distance" : {
          "astronomical" : "0.4609424129",
          "lunar" : "179.3065948486",
          "kilometers" : "68956008",
          "miles" : "42847276"
        },
        "orbiting_body" : "Earth"
      } ],
      "orbital_data" : {
        "orbit_id" : "69",
        "orbit_determination_date" : "2017-04-06 09:20:01",
        "orbit_uncertainty" : "0",
        "minimum_orbit_intersection" : ".0233345",
        "jupiter_tisserand_invariant" : "5.128",
        "epoch_osculation" : "2458000.5",
        "eccentricity" : ".2927594971168475",
        "semi_major_axis" : "1.239181967616087",
        "inclination" : "5.214733497691834",
        "ascending_node_longitude" : "13.63548902358366",
        "orbital_period" : "503.8497580947811",
        "perihelion_distance" : ".8763996779405355",
        "perihelion_argument" : "225.4145855472266",
        "aphelion_distance" : "1.601964257291638",
        "perihelion_time" : "2458020.989438214433",
        "mean_anomaly" : "345.3603229163238",
        "mean_motion" : ".7144987056484386",
        "equinox" : "J2000"
      }
    }, {
      "links" : {
        "self" : "https://api.nasa.gov/neo/rest/v1/neo/3486442?api_key=t0TVs3DtDT2H8Oy2Zy8m2eVrNsAVKAexjcZXUckd"
      },
      "neo_reference_id" : "3486442",
      "name" : "(2010 BK2)",
      "nasa_jpl_url" : "http://ssd.jpl.nasa.gov/sbdb.cgi?sstr=3486442",
      "absolute_magnitude_h" : 22.0,
      "estimated_diameter" : {
        "kilometers" : {
          "estimated_diameter_min" : 0.1058168859,
          "estimated_diameter_max" : 0.2366137501
        },
        "meters" : {
          "estimated_diameter_min" : 105.8168859331,
          "estimated_diameter_max" : 236.6137501138
        },
        "miles" : {
          "estimated_diameter_min" : 0.0657515442,
          "estimated_diameter_max" : 0.1470249225
        },
        "feet" : {
          "estimated_diameter_min" : 347.1682720448,
          "estimated_diameter_max" : 776.2918559233
        }
      },
      "is_potentially_hazardous_asteroid" : true,
      "close_approach_data" : [ {
        "close_approach_date" : "1998-01-15",
        "epoch_date_close_approach" : 884851200000,
        "relative_velocity" : {
          "kilometers_per_second" : "12.3588228891",
          "kilometers_per_hour" : "44491.7624006498",
          "miles_per_hour" : "27645.4509205593"
        },
        "miss_distance" : {
          "astronomical" : "0.0556260573",
          "lunar" : "21.6385364532",
          "kilometers" : "8321540",
          "miles" : "5170765"
        },
        "orbiting_body" : "Earth"
      } ],
      "orbital_data" : {
        "orbit_id" : "20",
        "orbit_determination_date" : "2017-04-06 08:58:32",
        "orbit_uncertainty" : "0",
        "minimum_orbit_intersection" : ".0326204",
        "jupiter_tisserand_invariant" : "6.499",
        "epoch_osculation" : "2458000.5",
        "eccentricity" : ".447855138407079",
        "semi_major_axis" : ".9037128212690635",
        "inclination" : "6.045502360378742",
        "ascending_node_longitude" : "278.074228346833",
        "orbital_period" : "313.7936078873723",
        "perihelion_distance" : ".4989803906193552",
        "perihelion_argument" : "72.63232579457423",
        "aphelion_distance" : "1.308445251918772",
        "perihelion_time" : "2457972.766778626866",
        "mean_anomaly" : "31.81696326303706",
        "mean_motion" : "1.147250902985927",
        "equinox" : "J2000"
      }
    }, {
      "links" : {
        "self" : "https://api.nasa.gov/neo/rest/v1/neo/3602572?api_key=t0TVs3DtDT2H8Oy2Zy8m2eVrNsAVKAexjcZXUckd"
      },
      "neo_reference_id" : "3602572",
      "name" : "(2012 GV11)",
      "nasa_jpl_url" : "http://ssd.jpl.nasa.gov/sbdb.cgi?sstr=3602572",
      "absolute_magnitude_h" : 22.3,
      "estimated_diameter" : {
        "kilometers" : {
          "estimated_diameter_min" : 0.0921626549,
          "estimated_diameter_max" : 0.2060819612
        },
        "meters" : {
          "estimated_diameter_min" : 92.1626548503,
          "estimated_diameter_max" : 206.0819612321
        },
        "miles" : {
          "estimated_diameter_min" : 0.057267201,
          "estimated_diameter_max" : 0.1280533543
        },
        "feet" : {
          "estimated_diameter_min" : 302.370924539,
          "estimated_diameter_max" : 676.1219416887
        }
      },
      "is_potentially_hazardous_asteroid" : false,
      "close_approach_data" : [ {
        "close_approach_date" : "1998-01-15",
        "epoch_date_close_approach" : 884851200000,
        "relative_velocity" : {
          "kilometers_per_second" : "5.020727986",
          "kilometers_per_hour" : "18074.6207495958",
          "miles_per_hour" : "11230.8664318808"
        },
        "miss_distance" : {
          "astronomical" : "0.0960421468",
          "lunar" : "37.3603973389",
          "kilometers" : "14367701",
          "miles" : "8927676"
        },
        "orbiting_body" : "Earth"
      } ],
      "orbital_data" : {
        "orbit_id" : "26",
        "orbit_determination_date" : "2017-04-06 08:50:08",
        "orbit_uncertainty" : "3",
        "minimum_orbit_intersection" : ".0752498",
        "jupiter_tisserand_invariant" : "5.850",
        "epoch_osculation" : "2458000.5",
        "eccentricity" : ".2157184322093987",
        "semi_major_axis" : "1.045043524692945",
        "inclination" : "5.403695674733137",
        "ascending_node_longitude" : "164.6694220022337",
        "orbital_period" : "390.2114374413899",
        "perihelion_distance" : ".8196083739555992",
        "perihelion_argument" : "217.5177071850167",
        "aphelion_distance" : "1.270478675430291",
        "perihelion_time" : "2458164.262098979104",
        "mean_anomaly" : "208.9168948531081",
        "mean_motion" : ".9225767505958159",
        "equinox" : "J2000"
      }
    } ]
  }
}