{
  "links" : {
    "next" : "https://api.nasa.gov/neo/rest/v1/feed?start_date=2004-10-23&end_date=2004-10-23&detailed=true&api_key=t0TVs3DtDT2H8Oy2Zy8m2eVrNsAVKAexjcZXUckd",
    "prev" : "https://api.nasa.gov/neo/rest/v1/feed?start_date=2004-10-21&end_date=2004-10-21&detailed=true&api_key=t0TVs3DtDT2H8Oy2Zy8m2eVrNsAVKAexjcZXUckd",
    "self" : "https://api.nasa.gov/neo/rest/v1/feed?start_date=2004-10-22&end_date=2004-10-22&detailed=true&api_key=t0TVs3DtDT2H8Oy2Zy8m2eVrNsAVKAexjcZXUckd"
  },
  "element_count" : 6,
  "near_earth_objects" : {
    "2004-10-22" : [ {
      "links" : {
        "self" : "https://api.nasa.gov/neo/rest/v1/neo/2162015?api_key=t0TVs3DtDT2H8Oy2Zy8m2eVrNsAVKAexjcZXUckd"
      },
      "neo_reference_id" : "2162015",
      "name" : "162015 (1994 TF2)",
      "nasa_jpl_url" : "http://ssd.jpl.nasa.gov/sbdb.cgi?sstr=2162015",
      "absolute_magnitude_h" : 19.2,
      "estimated_diameter" : {
        "kilometers" : {
          "estimated_diameter_min" : 0.3841978911,
          "estimated_diameter_max" : 0.8590926012
        },
        "meters" : {
          "estimated_diameter_min" : 384.1978910643,
          "estimated_diameter_max" : 859.0926012318
        },
        "miles" : {
          "estimated_diameter_min" : 0.2387294278,
          "estimated_diameter_max" : 0.5338152287
        },
        "feet" : {
          "estimated_diameter_min" : 1260.4918089193,
          "estimated_diameter_max" : 2818.5453698252
        }
      },
      "is_potentially_hazardous_asteroid" : false,
      "close_approach_data" : [ {
        "close_approach_date" : "2004-10-22",
        "epoch_date_close_approach" : 1098428400000,
        "relative_velocity" : {
          "kilometers_per_second" : "18.8197743236",
          "kilometers_per_hour" : "67751.187565113",
          "miles_per_hour" : "42097.9531845559"
        },
        "miss_distance" : {
          "astronomical" : "0.4529726664",
          "lunar" : "176.2063751221",
          "kilometers" : "67763752",
          "miles" : "42106440"
        },
        "orbiting_body" : "Earth"
      } ],
      "orbital_data" : {
        "orbit_id" : "17",
        "orbit_determination_date" : "2017-04-06 09:26:40",
        "orbit_uncertainty" : "1",
        "minimum_orbit_intersection" : ".254796",
        "jupiter_tisserand_invariant" : "6.006",
        "epoch_osculation" : "2458000.5",
        "eccentricity" : ".2839999908687965",
        "semi_major_axis" : ".9931395616890283",
        "inclination" : "23.75271164772924",
        "ascending_node_longitude" : "175.2474080536218",
        "orbital_period" : "361.5046187285948",
        "perihelion_distance" : ".7110879352379037",
        "perihelion_argument" : "349.7534831072251",
        "aphelion_distance" : "1.275191188140153",
        "perihelion_time" : "2458084.182992026030",
        "mean_anomaly" : "276.6653050372549",
        "mean_motion" : ".9958378990180361",
        "equinox" : "J2000"
      }
    }, {
      "links" : {
        "self" : "https://api.nasa.gov/neo/rest/v1/neo/2189552?api_key=t0TVs3DtDT2H8Oy2Zy8m2eVrNsAVKAexjcZXUckd"
      },
      "neo_reference_id" : "2189552",
      "name" : "189552 (2000 RL77)",
      "nasa_jpl_url" : "http://ssd.jpl.nasa.gov/sbdb.cgi?sstr=2189552",
      "absolute_magnitude_h" : 16.8,
      "estimated_diameter" : {
        "kilometers" : {
          "estimated_diameter_min" : 1.1602590821,
          "estimated_diameter_max" : 2.5944181791
        },
        "meters" : {
          "estimated_diameter_min" : 1160.2590820944,
          "estimated_diameter_max" : 2594.4181790745
        },
        "miles" : {
          "estimated_diameter_min" : 0.7209513461,
          "estimated_diameter_max" : 1.6120962183
        },
        "feet" : {
          "estimated_diameter_min" : 3806.6244068985,
          "estimated_diameter_max" : 8511.8709386348
        }
      },
      "is_potentially_hazardous_asteroid" : false,
      "close_approach_data" : [ {
        "close_approach_date" : "2004-10-22",
        "epoch_date_close_approach" : 1098428400000,
        "relative_velocity" : {
          "kilometers_per_second" : "15.8112781089",
          "kilometers_per_hour" : "56920.601192071",
          "miles_per_hour" : "35368.2480018177"
        },
        "miss_distance" : {
          "astronomical" : "0.3835377648",
          "lunar" : "149.1961975098",
          "kilometers" : "57376436",
          "miles" : "35652064"
        },
        "orbiting_body" : "Earth"
      } ],
      "orbital_data" : {
        "orbit_id" : "104",
        "orbit_determination_date" : "2017-04-06 09:25:45",
        "orbit_uncertainty" : "0",
        "minimum_orbit_intersection" : ".330655",
        "jupiter_tisserand_invariant" : "3.058",
        "epoch_osculation" : "2458000.5",
        "eccentricity" : ".535090737095207",
        "semi_major_axis" : "2.556047337774199",
        "inclination" : "30.28596652706441",
        "ascending_node_longitude" : "194.893525160316",
        "orbital_period" : "1492.628624227286",
        "perihelion_distance" : "1.188330083754361",
        "perihelion_argument" : "234.4493274974534",
        "aphelion_distance" : "3.923764591794037",
        "perihelion_time" : "2457834.780004215848",
        "mean_anomaly" : "39.96921773705073",
        "mean_motion" : ".241185244713076",
        "equinox" : "J2000"
      }
    }, {
      "links" : {
        "self" : "https://api.nasa.gov/neo/rest/v1/neo/2333480?api_key=t0TVs3DtDT2H8Oy2Zy8m2eVrNsAVKAexjcZXUckd"
      },
      "neo_reference_id" : "2333480",
      "name" : "333480 (2004 TC10)",
      "nasa_jpl_url" : "http://ssd.jpl.nasa.gov/sbdb.cgi?sstr=2333480",
      "absolute_magnitude_h" : 20.2,
      "estimated_diameter" : {
        "kilometers" : {
          "estimated_diameter_min" : 0.2424124811,
          "estimated_diameter_max" : 0.5420507863
        },
        "meters" : {
          "estimated_diameter_min" : 242.4124811008,
          "estimated_diameter_max" : 542.0507863358
        },
        "miles" : {
          "estimated_diameter_min" : 0.1506280858,
          "estimated_diameter_max" : 0.3368146392
        },
        "feet" : {
          "estimated_diameter_min" : 795.3165644948,
          "estimated_diameter_max" : 1778.3819018419
        }
      },
      "is_potentially_hazardous_asteroid" : false,
      "close_approach_data" : [ {
        "close_approach_date" : "2004-10-22",
        "epoch_date_close_approach" : 1098428400000,
        "relative_velocity" : {
          "kilometers_per_second" : "10.3080474817",
          "kilometers_per_hour" : "37108.9709340516",
          "miles_per_hour" : "23058.0714117722"
        },
        "miss_distance" : {
          "astronomical" : "0.3351182477",
          "lunar" : "130.3609924316",
          "kilometers" : "50132976",
          "miles" : "31151186"
        },
        "orbiting_body" : "Earth"
      } ],
      "orbital_data" : {
        "orbit_id" : "29",
        "orbit_determination_date" : "2017-09-18 06:55:34",
        "orbit_uncertainty" : "0",
        "minimum_orbit_intersection" : ".139163",
        "jupiter_tisserand_invariant" : "5.466",
        "epoch_osculation" : "2458000.5",
        "eccentricity" : ".4072315514275167",
        "semi_major_axis" : "1.120538537282404",
        "inclination" : "14.10491473084526",
        "ascending_node_longitude" : "16.4603583636333",
        "orbital_period" : "433.2500512737769",
        "perihelion_distance" : ".6642198903105706",
        "perihelion_argument" : "135.9943885891668",
        "aphelion_distance" : "1.576857184254238",
        "perihelion_time" : "2458175.045563395433",
        "mean_anomaly" : "214.9650423869225",
        "mean_motion" : ".830928926474635",
        "equinox" : "J2000"
      }
    }, {
      "links" : {
        "self" : "https://api.nasa.gov/neo/rest/v1/neo/3256739?api_key=t0TVs3DtDT2H8Oy2Zy8m2eVrNsAVKAexjcZXUckd"
      },
      "neo_reference_id" : "3256739",
      "name" : "(2004 TK14)",
      "nasa_jpl_url" : "http://ssd.jpl.nasa.gov/sbdb.cgi?sstr=3256739",
      "absolute_magnitude_h" : 20.1,
      "estimated_diameter" : {
        "kilometers" : {
          "estimated_diameter_min" : 0.2538370294,
          "estimated_diameter_max" : 0.5675968529
        },
        "meters" : {
          "estimated_diameter_min" : 253.8370293645,
          "estimated_diameter_max" : 567.5968528656
        },
        "miles" : {
          "estimated_diameter_min" : 0.1577269688,
          "estimated_diameter_max" : 0.3526882241
        },
        "feet" : {
          "estimated_diameter_min" : 832.7986794202,
          "estimated_diameter_max" : 1862.1944587557
        }
      },
      "is_potentially_hazardous_asteroid" : false,
      "close_approach_data" : [ {
        "close_approach_date" : "2004-10-22",
        "epoch_date_close_approach" : 1098428400000,
        "relative_velocity" : {
          "kilometers_per_second" : "4.9114006993",
          "kilometers_per_hour" : "17681.0425173933",
          "miles_per_hour" : "10986.3122242103"
        },
        "miss_distance" : {
          "astronomical" : "0.335818086",
          "lunar" : "130.6332397461",
          "kilometers" : "50237672",
          "miles" : "31216242"
        },
        "orbiting_body" : "Earth"
      } ],
      "orbital_data" : {
        "orbit_id" : "19",
        "orbit_determination_date" : "2017-04-06 09:11:59",
        "orbit_uncertainty" : "1",
        "minimum_orbit_intersection" : ".307314",
        "jupiter_tisserand_invariant" : "4.279",
        "epoch_osculation" : "2458000.5",
        "eccentricity" : ".2349307073742521",
        "semi_major_axis" : "1.620393042576359",
        "inclination" : "10.21845850725357",
        "ascending_node_longitude" : "357.7300415025319",
        "orbital_period" : "753.4058387368392",
        "perihelion_distance" : "1.239712958859579",
        "perihelion_argument" : "71.93795221688076",
        "aphelion_distance" : "2.00107312629314",
        "perihelion_time" : "2457878.934890570701",
        "mean_anomaly" : "58.08747045008484",
        "mean_motion" : ".4778301169042919",
        "equinox" : "J2000"
      }
    }, {
      "links" : {
        "self" : "https://api.nasa.gov/neo/rest/v1/neo/3258075?api_key=t0TVs3DtDT2H8Oy2Zy8m2eVrNsAVKAexjcZXUckd"
      },
      "neo_reference_id" : "3258075",
      "name" : "(2004 US1)",
      "nasa_jpl_url" : "http://ssd.jpl.nasa.gov/sbdb.cgi?sstr=3258075",
      "absolute_magnitude_h" : 20.8,
      "estimated_diameter" : {
        "kilometers" : {
          "estimated_diameter_min" : 0.1838886721,
          "estimated_diameter_max" : 0.411187571
        },
        "meters" : {
          "estimated_diameter_min" : 183.8886720703,
          "estimated_diameter_max" : 411.1875710413
        },
        "miles" : {
          "estimated_diameter_min" : 0.1142630881,
          "estimated_diameter_max" : 0.2555000322
        },
        "feet" : {
          "estimated_diameter_min" : 603.309310875,
          "estimated_diameter_max" : 1349.040630575
        }
      },
      "is_potentially_hazardous_asteroid" : false,
      "close_approach_data" : [ {
        "close_approach_date" : "2004-10-22",
        "epoch_date_close_approach" : 1098428400000,
        "relative_velocity" : {
          "kilometers_per_second" : "15.5971131754",
          "kilometers_per_hour" : "56149.6074314551",
          "miles_per_hour" : "34889.1824620617"
        },
        "miss_distance" : {
          "astronomical" : "0.1285400007",
          "lunar" : "50.0020561218",
          "kilometers" : "19229310",
          "miles" : "11948539"
        },
        "orbiting_body" : "Earth"
      } ],
      "orbital_data" : {
        "orbit_id" : "16",
        "orbit_determination_date" : "2017-04-06 09:11:57",
        "orbit_uncertainty" : "7",
        "minimum_orbit_intersection" : ".0643608",
        "jupiter_tisserand_invariant" : "4.876",
        "epoch_osculation" : "2458000.5",
        "eccentricity" : ".4511349764591097",
        "semi_major_axis" : "1.284577141141169",
        "inclination" : "21.41079517844136",
        "ascending_node_longitude" : "223.362287664316",
        "orbital_period" : "531.7882180775958",
        "perihelion_distance" : ".7050594628125373",
        "perihelion_argument" : "74.27172242657477",
        "aphelion_distance" : "1.864094819469801",
        "perihelion_time" : "2458022.162601349127",
        "mean_anomaly" : "345.3352589986343",
        "mean_motion" : ".6769612183237024",
        "equinox" : "J2000"
      }
    }, {
      "links" : {
        "self" : "https://api.nasa.gov/neo/rest/v1/neo/3581556?api_key=t0TVs3DtDT2H8Oy2Zy8m2eVrNsAVKAexjcZXUckd"
      },
      "neo_reference_id" : "3581556",
      "name" : "(2011 TK5)",
      "nasa_jpl_url" : "http://ssd.jpl.nasa.gov/sbdb.cgi?sstr=3581556",
      "absolute_magnitude_h" : 22.8,
      "estimated_diameter" : {
        "kilometers" : {
          "estimated_diameter_min" : 0.0732073989,
          "estimated_diameter_max" : 0.1636967205
        },
        "meters" : {
          "estimated_diameter_min" : 73.2073989347,
          "estimated_diameter_max" : 163.696720474
        },
        "miles" : {
          "estimated_diameter_min" : 0.0454889547,
          "estimated_diameter_max" : 0.1017163949
        },
        "feet" : {
          "estimated_diameter_min" : 240.181762721,
          "estimated_diameter_max" : 537.0627483999
        }
      },
      "is_potentially_hazardous_asteroid" : false,
      "close_approach_data" : [ {
        "close_approach_date" : "2004-10-22",
        "epoch_date_close_approach" : 1098428400000,
        "relative_velocity" : {
          "kilometers_per_second" : "22.1773155473",
          "kilometers_per_hour" : "79838.3359704384",
          "miles_per_hour" : "49608.4371478538"
        },
        "miss_distance" : {
          "astronomical" : "0.342474882",
          "lunar" : "133.2227325439",
          "kilometers" : "51233512",
          "miles" : "31835028"
        },
        "orbiting_body" : "Earth"
      } ],
      "orbital_data" : {
        "orbit_id" : "10",
        "orbit_determination_date" : "2017-04-06 08:52:30",
        "orbit_uncertainty" : "7",
        "minimum_orbit_intersection" : ".116103",
        "jupiter_tisserand_invariant" : "6.809",
        "epoch_osculation" : "2458000.5",
        "eccentricity" : ".43393977553296",
        "semi_major_axis" : ".8534694172048414",
        "inclination" : "12.58906172493327",
        "ascending_node_longitude" : "186.0562184764647",
        "orbital_period" : "287.9919656315915",
        "perihelion_distance" : ".4831150898787264",
        "perihelion_argument" : "348.9406464125353",
        "aphelion_distance" : "1.223823744530956",
        "perihelion_time" : "2457971.948141271259",
        "mean_anomaly" : "35.69081908172267",
        "mean_motion" : "1.2500348723635",
        "equinox" : "J2000"
      }
    } ]
  }
}