{
  "links" : {
    "next" : "https://api.nasa.gov/neo/rest/v1/feed?start_date=1999-02-09&end_date=1999-02-09&detailed=true&api_key=t0TVs3DtDT2H8Oy2Zy8m2eVrNsAVKAexjcZXUckd",
    "prev" : "https://api.nasa.gov/neo/rest/v1/feed?start_date=1999-02-07&end_date=1999-02-07&detailed=true&api_key=t0TVs3DtDT2H8Oy2Zy8m2eVrNsAVKAexjcZXUckd",
    "self" : "https://api.nasa.gov/neo/rest/v1/feed?start_date=1999-02-08&end_date=1999-02-08&detailed=true&api_key=t0TVs3DtDT2H8Oy2Zy8m2eVrNsAVKAexjcZXUckd"
  },
  "element_count" : 7,
  "near_earth_objects" : {
    "1999-02-08" : [ {
      "links" : {
        "self" : "https://api.nasa.gov/neo/rest/v1/neo/3025767?api_key=t0TVs3DtDT2H8Oy2Zy8m2eVrNsAVKAexjcZXUckd"
      },
      "neo_reference_id" : "3025767",
      "name" : "(2000 AF205)",
      "nasa_jpl_url" : "http://ssd.jpl.nasa.gov/sbdb.cgi?sstr=3025767",
      "absolute_magnitude_h" : 21.7,
      "estimated_diameter" : {
        "kilometers" : {
          "estimated_diameter_min" : 0.1214940408,
          "estimated_diameter_max" : 0.2716689341
        },
        "meters" : {
          "estimated_diameter_min" : 121.4940407996,
          "estimated_diameter_max" : 271.6689340891
        },
        "miles" : {
          "estimated_diameter_min" : 0.0754928736,
          "estimated_diameter_max" : 0.1688071972
        },
        "feet" : {
          "estimated_diameter_min" : 398.6025088171,
          "estimated_diameter_max" : 891.3023057169
        }
      },
      "is_potentially_hazardous_asteroid" : true,
      "close_approach_data" : [ {
        "close_approach_date" : "1999-02-08",
        "epoch_date_close_approach" : 918460800000,
        "relative_velocity" : {
          "kilometers_per_second" : "7.4659964184",
          "kilometers_per_hour" : "26877.5871062798",
          "miles_per_hour" : "16700.6873883437"
        },
        "miss_distance" : {
          "astronomical" : "0.3010255641",
          "lunar" : "117.0989456177",
          "kilometers" : "45032784",
          "miles" : "27982076"
        },
        "orbiting_body" : "Earth"
      } ],
      "orbital_data" : {
        "orbit_id" : "32",
        "orbit_determination_date" : "2017-05-05 06:17:53",
        "orbit_uncertainty" : "1",
        "minimum_orbit_intersection" : ".0181098",
        "jupiter_tisserand_invariant" : "5.889",
        "epoch_osculation" : "2457800.5",
        "eccentricity" : ".2768393823938556",
        "semi_major_axis" : "1.033858498481567",
        "inclination" : "2.409314764131289",
        "ascending_node_longitude" : "220.0946417577138",
        "orbital_period" : "383.9636221543913",
        "perihelion_distance" : ".7476457502792913",
        "perihelion_argument" : "127.3831632099929",
        "aphelion_distance" : "1.320071246683843",
        "perihelion_time" : "2457982.817862024249",
        "mean_anomaly" : "189.0608106037239",
        "mean_motion" : ".9375888215140454",
        "equinox" : "J2000"
      }
    }, {
      "links" : {
        "self" : "https://api.nasa.gov/neo/rest/v1/neo/3102712?api_key=t0TVs3DtDT2H8Oy2Zy8m2eVrNsAVKAexjcZXUckd"
      },
      "neo_reference_id" : "3102712",
      "name" : "(2001 YO3)",
      "nasa_jpl_url" : "http://ssd.jpl.nasa.gov/sbdb.cgi?sstr=3102712",
      "absolute_magnitude_h" : 22.8,
      "estimated_diameter" : {
        "kilometers" : {
          "estimated_diameter_min" : 0.0732073989,
          "estimated_diameter_max" : 0.1636967205
        },
        "meters" : {
          "estimated_diameter_min" : 73.2073989347,
          "estimated_diameter_max" : 163.696720474
        },
        "miles" : {
          "estimated_diameter_min" : 0.0454889547,
          "estimated_diameter_max" : 0.1017163949
        },
        "feet" : {
          "estimated_diameter_min" : 240.181762721,
          "estimated_diameter_max" : 537.0627483999
        }
      },
      "is_potentially_hazardous_asteroid" : false,
      "close_approach_data" : [ {
        "close_approach_date" : "1999-02-08",
        "epoch_date_close_approach" : 918460800000,
        "relative_velocity" : {
          "kilometers_per_second" : "6.6071329751",
          "kilometers_per_hour" : "23785.6787105267",
          "miles_per_hour" : "14779.4957521048"
        },
        "miss_distance" : {
          "astronomical" : "0.4607108755",
          "lunar" : "179.2165374756",
          "kilometers" : "68921368",
          "miles" : "42825752"
        },
        "orbiting_body" : "Earth"
      } ],
      "orbital_data" : {
        "orbit_id" : "12",
        "orbit_determination_date" : "2017-04-06 09:15:40",
        "orbit_uncertainty" : "1",
        "minimum_orbit_intersection" : ".175154",
        "jupiter_tisserand_invariant" : "4.859",
        "epoch_osculation" : "2458000.5",
        "eccentricity" : ".1657298868682428",
        "semi_major_axis" : "1.33941619639153",
        "inclination" : "13.12466027918373",
        "ascending_node_longitude" : "272.7912039087441",
        "orbital_period" : "566.2024524465863",
        "perihelion_distance" : "1.11743490169407",
        "perihelion_argument" : "129.5533748308695",
        "aphelion_distance" : "1.561397491088991",
        "perihelion_time" : "2457877.492910593949",
        "mean_anomaly" : "78.2097498780367",
        "mean_motion" : ".635814978272213",
        "equinox" : "J2000"
      }
    }, {
      "links" : {
        "self" : "https://api.nasa.gov/neo/rest/v1/neo/3338369?api_key=t0TVs3DtDT2H8Oy2Zy8m2eVrNsAVKAexjcZXUckd"
      },
      "neo_reference_id" : "3338369",
      "name" : "(2006 QS23)",
      "nasa_jpl_url" : "http://ssd.jpl.nasa.gov/sbdb.cgi?sstr=3338369",
      "absolute_magnitude_h" : 20.1,
      "estimated_diameter" : {
        "kilometers" : {
          "estimated_diameter_min" : 0.2538370294,
          "estimated_diameter_max" : 0.5675968529
        },
        "meters" : {
          "estimated_diameter_min" : 253.8370293645,
          "estimated_diameter_max" : 567.5968528656
        },
        "miles" : {
          "estimated_diameter_min" : 0.1577269688,
          "estimated_diameter_max" : 0.3526882241
        },
        "feet" : {
          "estimated_diameter_min" : 832.7986794202,
          "estimated_diameter_max" : 1862.1944587557
        }
      },
      "is_potentially_hazardous_asteroid" : false,
      "close_approach_data" : [ {
        "close_approach_date" : "1999-02-08",
        "epoch_date_close_approach" : 918460800000,
        "relative_velocity" : {
          "kilometers_per_second" : "17.7023559556",
          "kilometers_per_hour" : "63728.481440165",
          "miles_per_hour" : "39598.4000370848"
        },
        "miss_distance" : {
          "astronomical" : "0.3515864458",
          "lunar" : "136.7671203613",
          "kilometers" : "52596580",
          "miles" : "32682000"
        },
        "orbiting_body" : "Earth"
      } ],
      "orbital_data" : {
        "orbit_id" : "22",
        "orbit_determination_date" : "2017-04-06 09:08:17",
        "orbit_uncertainty" : "0",
        "minimum_orbit_intersection" : ".107218",
        "jupiter_tisserand_invariant" : "5.140",
        "epoch_osculation" : "2458000.5",
        "eccentricity" : ".5025105055490965",
        "semi_major_axis" : "1.192925459485542",
        "inclination" : "19.98018581261217",
        "ascending_node_longitude" : "154.8500439897643",
        "orbital_period" : "475.9029402631607",
        "perihelion_distance" : ".593467883757074",
        "perihelion_argument" : "303.668607205239",
        "aphelion_distance" : "1.79238303521401",
        "perihelion_time" : "2457859.263467485906",
        "mean_anomaly" : "106.8393308874241",
        "mean_motion" : ".7564567678462552",
        "equinox" : "J2000"
      }
    }, {
      "links" : {
        "self" : "https://api.nasa.gov/neo/rest/v1/neo/3580964?api_key=t0TVs3DtDT2H8Oy2Zy8m2eVrNsAVKAexjcZXUckd"
      },
      "neo_reference_id" : "3580964",
      "name" : "(2011 TO)",
      "nasa_jpl_url" : "http://ssd.jpl.nasa.gov/sbdb.cgi?sstr=3580964",
      "absolute_magnitude_h" : 26.3,
      "estimated_diameter" : {
        "kilometers" : {
          "estimated_diameter_min" : 0.0146067964,
          "estimated_diameter_max" : 0.0326617897
        },
        "meters" : {
          "estimated_diameter_min" : 14.6067964271,
          "estimated_diameter_max" : 32.6617897446
        },
        "miles" : {
          "estimated_diameter_min" : 0.0090762397,
          "estimated_diameter_max" : 0.020295089
        },
        "feet" : {
          "estimated_diameter_min" : 47.92256199,
          "estimated_diameter_max" : 107.1581062656
        }
      },
      "is_potentially_hazardous_asteroid" : false,
      "close_approach_data" : [ {
        "close_approach_date" : "1999-02-08",
        "epoch_date_close_approach" : 918460800000,
        "relative_velocity" : {
          "kilometers_per_second" : "8.5374676863",
          "kilometers_per_hour" : "30734.8836707373",
          "miles_per_hour" : "19097.4614675201"
        },
        "miss_distance" : {
          "astronomical" : "0.018443998",
          "lunar" : "7.1747150421",
          "kilometers" : "2759182.75",
          "miles" : "1714476.75"
        },
        "orbiting_body" : "Earth"
      } ],
      "orbital_data" : {
        "orbit_id" : "7",
        "orbit_determination_date" : "2017-04-06 08:52:33",
        "orbit_uncertainty" : "4",
        "minimum_orbit_intersection" : ".00051595",
        "jupiter_tisserand_invariant" : "6.428",
        "epoch_osculation" : "2458000.5",
        "eccentricity" : ".2798584910176992",
        "semi_major_axis" : ".9260166554412511",
        "inclination" : "2.232243381821192",
        "ascending_node_longitude" : "185.4285171251722",
        "orbital_period" : "325.4817361546775",
        "perihelion_distance" : ".6668630315922059",
        "perihelion_argument" : "57.25515291033351",
        "aphelion_distance" : "1.185170279290296",
        "perihelion_time" : "2458028.076018621354",
        "mean_anomaly" : "329.4994661729049",
        "mean_motion" : "1.106052844172241",
        "equinox" : "J2000"
      }
    }, {
      "links" : {
        "self" : "https://api.nasa.gov/neo/rest/v1/neo/3653469?api_key=t0TVs3DtDT2H8Oy2Zy8m2eVrNsAVKAexjcZXUckd"
      },
      "neo_reference_id" : "3653469",
      "name" : "(2013 VM4)",
      "nasa_jpl_url" : "http://ssd.jpl.nasa.gov/sbdb.cgi?sstr=3653469",
      "absolute_magnitude_h" : 20.5,
      "estimated_diameter" : {
        "kilometers" : {
          "estimated_diameter_min" : 0.2111324448,
          "estimated_diameter_max" : 0.4721064988
        },
        "meters" : {
          "estimated_diameter_min" : 211.1324447897,
          "estimated_diameter_max" : 472.1064988055
        },
        "miles" : {
          "estimated_diameter_min" : 0.1311915784,
          "estimated_diameter_max" : 0.2933532873
        },
        "feet" : {
          "estimated_diameter_min" : 692.6917701639,
          "estimated_diameter_max" : 1548.9058855411
        }
      },
      "is_potentially_hazardous_asteroid" : false,
      "close_approach_data" : [ {
        "close_approach_date" : "1999-02-08",
        "epoch_date_close_approach" : 918460800000,
        "relative_velocity" : {
          "kilometers_per_second" : "6.7210645116",
          "kilometers_per_hour" : "24195.8322417927",
          "miles_per_hour" : "15034.3492060184"
        },
        "miss_distance" : {
          "astronomical" : "0.4907370865",
          "lunar" : "190.8967285156",
          "kilometers" : "73413224",
          "miles" : "45616860"
        },
        "orbiting_body" : "Earth"
      } ],
      "orbital_data" : {
        "orbit_id" : "26",
        "orbit_determination_date" : "2017-04-06 08:43:50",
        "orbit_uncertainty" : "2",
        "minimum_orbit_intersection" : ".364761",
        "jupiter_tisserand_invariant" : "4.153",
        "epoch_osculation" : "2458000.5",
        "eccentricity" : ".254564119693983",
        "semi_major_axis" : "1.670072586070782",
        "inclination" : "18.71618543780354",
        "ascending_node_longitude" : "195.4380717578054",
        "orbital_period" : "788.3180083441122",
        "perihelion_distance" : "1.24493202837262",
        "perihelion_argument" : "249.7645141939759",
        "aphelion_distance" : "2.095213143768945",
        "perihelion_time" : "2458239.407541658060",
        "mean_anomaly" : "250.8984520376979",
        "mean_motion" : ".4566684969637974",
        "equinox" : "J2000"
      }
    }, {
      "links" : {
        "self" : "https://api.nasa.gov/neo/rest/v1/neo/3342249?api_key=t0TVs3DtDT2H8Oy2Zy8m2eVrNsAVKAexjcZXUckd"
      },
      "neo_reference_id" : "3342249",
      "name" : "(2006 SC)",
      "nasa_jpl_url" : "http://ssd.jpl.nasa.gov/sbdb.cgi?sstr=3342249",
      "absolute_magnitude_h" : 25.1,
      "estimated_diameter" : {
        "kilometers" : {
          "estimated_diameter_min" : 0.0253837029,
          "estimated_diameter_max" : 0.0567596853
        },
        "meters" : {
          "estimated_diameter_min" : 25.3837029364,
          "estimated_diameter_max" : 56.7596852866
        },
        "miles" : {
          "estimated_diameter_min" : 0.0157726969,
          "estimated_diameter_max" : 0.0352688224
        },
        "feet" : {
          "estimated_diameter_min" : 83.279867942,
          "estimated_diameter_max" : 186.2194458756
        }
      },
      "is_potentially_hazardous_asteroid" : false,
      "close_approach_data" : [ {
        "close_approach_date" : "1999-02-08",
        "epoch_date_close_approach" : 918460800000,
        "relative_velocity" : {
          "kilometers_per_second" : "7.9800807077",
          "kilometers_per_hour" : "28728.2905477924",
          "miles_per_hour" : "17850.6425350991"
        },
        "miss_distance" : {
          "astronomical" : "0.3790463137",
          "lunar" : "147.4490203857",
          "kilometers" : "56704524",
          "miles" : "35234556"
        },
        "orbiting_body" : "Earth"
      } ],
      "orbital_data" : {
        "orbit_id" : "16",
        "orbit_determination_date" : "2017-04-06 09:08:09",
        "orbit_uncertainty" : "6",
        "minimum_orbit_intersection" : ".000115451",
        "jupiter_tisserand_invariant" : "5.527",
        "epoch_osculation" : "2458000.5",
        "eccentricity" : ".350002123407463",
        "semi_major_axis" : "1.113067101726069",
        "inclination" : "10.42772346774879",
        "ascending_node_longitude" : "350.8239921897073",
        "orbital_period" : "428.9240983484254",
        "perihelion_distance" : ".7234912526269541",
        "perihelion_argument" : "265.1946670008451",
        "aphelion_distance" : "1.502642950825184",
        "perihelion_time" : "2458214.907827060367",
        "mean_anomaly" : "180.0455091263456",
        "mean_motion" : ".839309335582174",
        "equinox" : "J2000"
      }
    }, {
      "links" : {
        "self" : "https://api.nasa.gov/neo/rest/v1/neo/2488490?api_key=t0TVs3DtDT2H8Oy2Zy8m2eVrNsAVKAexjcZXUckd"
      },
      "neo_reference_id" : "2488490",
      "name" : "488490 (2000 AF205)",
      "nasa_jpl_url" : "http://ssd.jpl.nasa.gov/sbdb.cgi?sstr=2488490",
      "absolute_magnitude_h" : 21.7,
      "estimated_diameter" : {
        "kilometers" : {
          "estimated_diameter_min" : 0.1214940408,
          "estimated_diameter_max" : 0.2716689341
        },
        "meters" : {
          "estimated_diameter_min" : 121.4940407996,
          "estimated_diameter_max" : 271.6689340891
        },
        "miles" : {
          "estimated_diameter_min" : 0.0754928736,
          "estimated_diameter_max" : 0.1688071972
        },
        "feet" : {
          "estimated_diameter_min" : 398.6025088171,
          "estimated_diameter_max" : 891.3023057169
        }
      },
      "is_potentially_hazardous_asteroid" : true,
      "close_approach_data" : [ {
        "close_approach_date" : "1999-02-08",
        "epoch_date_close_approach" : 918460800000,
        "relative_velocity" : {
          "kilometers_per_second" : "7.465985238",
          "kilometers_per_hour" : "26877.5468567873",
          "miles_per_hour" : "16700.6623788743"
        },
        "miss_distance" : {
          "astronomical" : "0.3010251819",
          "lunar" : "117.0987930298",
          "kilometers" : "45032728",
          "miles" : "27982040"
        },
        "orbiting_body" : "Earth"
      } ],
      "orbital_data" : {
        "orbit_id" : "34",
        "orbit_determination_date" : "2017-05-17 06:20:06",
        "orbit_uncertainty" : "1",
        "minimum_orbit_intersection" : ".0181806",
        "jupiter_tisserand_invariant" : "5.888",
        "epoch_osculation" : "2458000.5",
        "eccentricity" : ".276832342773757",
        "semi_major_axis" : "1.034084544486993",
        "inclination" : "2.408373826125851",
        "ascending_node_longitude" : "220.066541216687",
        "orbital_period" : "384.0895555202742",
        "perihelion_distance" : ".747816497410525",
        "perihelion_argument" : "127.3508145029687",
        "aphelion_distance" : "1.32035259156346",
        "perihelion_time" : "2457982.778879424392",
        "mean_anomaly" : "16.60967687230428",
        "mean_motion" : ".9372814095721939",
        "equinox" : "J2000"
      }
    } ]
  }
}