{
  "links" : {
    "next" : "https://api.nasa.gov/neo/rest/v1/feed?start_date=2004-02-09&end_date=2004-02-09&detailed=true&api_key=t0TVs3DtDT2H8Oy2Zy8m2eVrNsAVKAexjcZXUckd",
    "prev" : "https://api.nasa.gov/neo/rest/v1/feed?start_date=2004-02-07&end_date=2004-02-07&detailed=true&api_key=t0TVs3DtDT2H8Oy2Zy8m2eVrNsAVKAexjcZXUckd",
    "self" : "https://api.nasa.gov/neo/rest/v1/feed?start_date=2004-02-08&end_date=2004-02-08&detailed=true&api_key=t0TVs3DtDT2H8Oy2Zy8m2eVrNsAVKAexjcZXUckd"
  },
  "element_count" : 5,
  "near_earth_objects" : {
    "2004-02-08" : [ {
      "links" : {
        "self" : "https://api.nasa.gov/neo/rest/v1/neo/3174201?api_key=t0TVs3DtDT2H8Oy2Zy8m2eVrNsAVKAexjcZXUckd"
      },
      "neo_reference_id" : "3174201",
      "name" : "(2004 BF85)",
      "nasa_jpl_url" : "http://ssd.jpl.nasa.gov/sbdb.cgi?sstr=3174201",
      "absolute_magnitude_h" : 20.4,
      "estimated_diameter" : {
        "kilometers" : {
          "estimated_diameter_min" : 0.2210828104,
          "estimated_diameter_max" : 0.4943561926
        },
        "meters" : {
          "estimated_diameter_min" : 221.0828103591,
          "estimated_diameter_max" : 494.3561926196
        },
        "miles" : {
          "estimated_diameter_min" : 0.137374447,
          "estimated_diameter_max" : 0.3071786018
        },
        "feet" : {
          "estimated_diameter_min" : 725.3373275385,
          "estimated_diameter_max" : 1621.9035709942
        }
      },
      "is_potentially_hazardous_asteroid" : false,
      "close_approach_data" : [ {
        "close_approach_date" : "2004-02-08",
        "epoch_date_close_approach" : 1076227200000,
        "relative_velocity" : {
          "kilometers_per_second" : "19.1939681916",
          "kilometers_per_hour" : "69098.2854897564",
          "miles_per_hour" : "42934.9874477878"
        },
        "miss_distance" : {
          "astronomical" : "0.1466028221",
          "lunar" : "57.0284996033",
          "kilometers" : "21931470",
          "miles" : "13627584"
        },
        "orbiting_body" : "Earth"
      } ],
      "orbital_data" : {
        "orbit_id" : "13",
        "orbit_determination_date" : "2017-04-06 09:13:13",
        "orbit_uncertainty" : "9",
        "minimum_orbit_intersection" : ".0572492",
        "jupiter_tisserand_invariant" : "3.660",
        "epoch_osculation" : "2453035.5",
        "eccentricity" : ".7246404473525144",
        "semi_major_axis" : "1.829544877684889",
        "inclination" : "3.717594664574403",
        "ascending_node_longitude" : "212.8706381752467",
        "orbital_period" : "903.884683581841",
        "perihelion_distance" : ".5037826590678096",
        "perihelion_argument" : "17.9483097784037",
        "aphelion_distance" : "3.155307096301968",
        "perihelion_time" : "2453090.426642487710",
        "mean_anomaly" : "338.1237677164543",
        "mean_motion" : ".39828089416608",
        "equinox" : "J2000"
      }
    }, {
      "links" : {
        "self" : "https://api.nasa.gov/neo/rest/v1/neo/3402204?api_key=t0TVs3DtDT2H8Oy2Zy8m2eVrNsAVKAexjcZXUckd"
      },
      "neo_reference_id" : "3402204",
      "name" : "(2008 CE22)",
      "nasa_jpl_url" : "http://ssd.jpl.nasa.gov/sbdb.cgi?sstr=3402204",
      "absolute_magnitude_h" : 26.4,
      "estimated_diameter" : {
        "kilometers" : {
          "estimated_diameter_min" : 0.0139493823,
          "estimated_diameter_max" : 0.0311917671
        },
        "meters" : {
          "estimated_diameter_min" : 13.9493822934,
          "estimated_diameter_max" : 31.1917670523
        },
        "miles" : {
          "estimated_diameter_min" : 0.0086677416,
          "estimated_diameter_max" : 0.0193816595
        },
        "feet" : {
          "estimated_diameter_min" : 45.7656914036,
          "estimated_diameter_max" : 102.3351970157
        }
      },
      "is_potentially_hazardous_asteroid" : false,
      "close_approach_data" : [ {
        "close_approach_date" : "2004-02-08",
        "epoch_date_close_approach" : 1076227200000,
        "relative_velocity" : {
          "kilometers_per_second" : "8.9918116539",
          "kilometers_per_hour" : "32370.5219540009",
          "miles_per_hour" : "20113.7834885846"
        },
        "miss_distance" : {
          "astronomical" : "0.0173233072",
          "lunar" : "6.7387666702",
          "kilometers" : "2591530",
          "miles" : "1610302.125"
        },
        "orbiting_body" : "Earth"
      } ],
      "orbital_data" : {
        "orbit_id" : "11",
        "orbit_determination_date" : "2017-04-06 09:04:27",
        "orbit_uncertainty" : "6",
        "minimum_orbit_intersection" : ".00286896",
        "jupiter_tisserand_invariant" : "5.179",
        "epoch_osculation" : "2458000.5",
        "eccentricity" : ".3122809761179565",
        "semi_major_axis" : "1.220963140635955",
        "inclination" : "4.807384562324712",
        "ascending_node_longitude" : "318.8165168998152",
        "orbital_period" : "492.779073720244",
        "perihelion_distance" : ".8396795792741134",
        "perihelion_argument" : "110.3486575782715",
        "aphelion_distance" : "1.602246701997797",
        "perihelion_time" : "2457900.024047054798",
        "mean_anomaly" : "73.40275792800337",
        "mean_motion" : ".7305505026464982",
        "equinox" : "J2000"
      }
    }, {
      "links" : {
        "self" : "https://api.nasa.gov/neo/rest/v1/neo/3740342?api_key=t0TVs3DtDT2H8Oy2Zy8m2eVrNsAVKAexjcZXUckd"
      },
      "neo_reference_id" : "3740342",
      "name" : "(2016 AU192)",
      "nasa_jpl_url" : "http://ssd.jpl.nasa.gov/sbdb.cgi?sstr=3740342",
      "absolute_magnitude_h" : 21.9,
      "estimated_diameter" : {
        "kilometers" : {
          "estimated_diameter_min" : 0.1108038821,
          "estimated_diameter_max" : 0.2477650126
        },
        "meters" : {
          "estimated_diameter_min" : 110.8038821264,
          "estimated_diameter_max" : 247.7650126055
        },
        "miles" : {
          "estimated_diameter_min" : 0.068850319,
          "estimated_diameter_max" : 0.1539539936
        },
        "feet" : {
          "estimated_diameter_min" : 363.5298086356,
          "estimated_diameter_max" : 812.8773639568
        }
      },
      "is_potentially_hazardous_asteroid" : false,
      "close_approach_data" : [ {
        "close_approach_date" : "2004-02-08",
        "epoch_date_close_approach" : 1076227200000,
        "relative_velocity" : {
          "kilometers_per_second" : "14.6134588431",
          "kilometers_per_hour" : "52608.451835219",
          "miles_per_hour" : "32688.8460861671"
        },
        "miss_distance" : {
          "astronomical" : "0.3429835716",
          "lunar" : "133.4206085205",
          "kilometers" : "51309612",
          "miles" : "31882316"
        },
        "orbiting_body" : "Earth"
      } ],
      "orbital_data" : {
        "orbit_id" : "4",
        "orbit_determination_date" : "2017-04-06 08:29:05",
        "orbit_uncertainty" : "6",
        "minimum_orbit_intersection" : ".290219",
        "jupiter_tisserand_invariant" : "5.370",
        "epoch_osculation" : "2458000.5",
        "eccentricity" : ".3847645399722131",
        "semi_major_axis" : "1.135590614734632",
        "inclination" : "24.04579563962595",
        "ascending_node_longitude" : "278.5474552589224",
        "orbital_period" : "442.0090064851923",
        "perihelion_distance" : ".6986556142594986",
        "perihelion_argument" : "337.8694298655538",
        "aphelion_distance" : "1.572525615209765",
        "perihelion_time" : "2457992.481142058765",
        "mean_anomaly" : "6.531063431942367",
        "mean_motion" : ".814463041969848",
        "equinox" : "J2000"
      }
    }, {
      "links" : {
        "self" : "https://api.nasa.gov/neo/rest/v1/neo/2455176?api_key=t0TVs3DtDT2H8Oy2Zy8m2eVrNsAVKAexjcZXUckd"
      },
      "neo_reference_id" : "2455176",
      "name" : "455176 (1999 VF22)",
      "nasa_jpl_url" : "http://ssd.jpl.nasa.gov/sbdb.cgi?sstr=2455176",
      "absolute_magnitude_h" : 20.6,
      "estimated_diameter" : {
        "kilometers" : {
          "estimated_diameter_min" : 0.2016299194,
          "estimated_diameter_max" : 0.4508582062
        },
        "meters" : {
          "estimated_diameter_min" : 201.6299194428,
          "estimated_diameter_max" : 450.8582061718
        },
        "miles" : {
          "estimated_diameter_min" : 0.1252869847,
          "estimated_diameter_max" : 0.2801502144
        },
        "feet" : {
          "estimated_diameter_min" : 661.5155049046,
          "estimated_diameter_max" : 1479.1936371367
        }
      },
      "is_potentially_hazardous_asteroid" : true,
      "close_approach_data" : [ {
        "close_approach_date" : "2004-02-08",
        "epoch_date_close_approach" : 1076227200000,
        "relative_velocity" : {
          "kilometers_per_second" : "35.2310513076",
          "kilometers_per_hour" : "126831.7847072102",
          "miles_per_hour" : "78808.3386698774"
        },
        "miss_distance" : {
          "astronomical" : "0.3142697745",
          "lunar" : "122.2509460449",
          "kilometers" : "47014092",
          "miles" : "29213202"
        },
        "orbiting_body" : "Earth"
      } ],
      "orbital_data" : {
        "orbit_id" : "29",
        "orbit_determination_date" : "2017-04-06 09:19:59",
        "orbit_uncertainty" : "0",
        "minimum_orbit_intersection" : ".0346675",
        "jupiter_tisserand_invariant" : "4.638",
        "epoch_osculation" : "2454749.5",
        "eccentricity" : ".7386620563745934",
        "semi_major_axis" : "1.31318971233129",
        "inclination" : "3.908082421172836",
        "ascending_node_longitude" : "3.756316202594528",
        "orbital_period" : "549.6543059030953",
        "perihelion_distance" : ".3431862990106985",
        "perihelion_argument" : "271.3869049158356",
        "aphelion_distance" : "2.283193125651881",
        "perihelion_time" : "2454734.052270793490",
        "mean_anomaly" : "10.11760019819447",
        "mean_motion" : ".6549571178352025",
        "equinox" : "J2000"
      }
    }, {
      "links" : {
        "self" : "https://api.nasa.gov/neo/rest/v1/neo/3763621?api_key=t0TVs3DtDT2H8Oy2Zy8m2eVrNsAVKAexjcZXUckd"
      },
      "neo_reference_id" : "3763621",
      "name" : "(2016 VS5)",
      "nasa_jpl_url" : "http://ssd.jpl.nasa.gov/sbdb.cgi?sstr=3763621",
      "absolute_magnitude_h" : 19.7,
      "estimated_diameter" : {
        "kilometers" : {
          "estimated_diameter_min" : 0.3051792326,
          "estimated_diameter_max" : 0.6824015094
        },
        "meters" : {
          "estimated_diameter_min" : 305.1792325939,
          "estimated_diameter_max" : 682.4015094011
        },
        "miles" : {
          "estimated_diameter_min" : 0.1896295249,
          "estimated_diameter_max" : 0.4240245083
        },
        "feet" : {
          "estimated_diameter_min" : 1001.2442334633,
          "estimated_diameter_max" : 2238.8501681036
        }
      },
      "is_potentially_hazardous_asteroid" : false,
      "close_approach_data" : [ {
        "close_approach_date" : "2004-02-08",
        "epoch_date_close_approach" : 1076227200000,
        "relative_velocity" : {
          "kilometers_per_second" : "12.0347677163",
          "kilometers_per_hour" : "43325.163778504",
          "miles_per_hour" : "26920.5719044821"
        },
        "miss_distance" : {
          "astronomical" : "0.3192186979",
          "lunar" : "124.176071167",
          "kilometers" : "47754436",
          "miles" : "29673232"
        },
        "orbiting_body" : "Earth"
      } ],
      "orbital_data" : {
        "orbit_id" : "20",
        "orbit_determination_date" : "2017-07-27 06:21:24",
        "orbit_uncertainty" : "4",
        "minimum_orbit_intersection" : ".0505682",
        "jupiter_tisserand_invariant" : "4.113",
        "epoch_osculation" : "2458000.5",
        "eccentricity" : ".4065541171836934",
        "semi_major_axis" : "1.671912687733708",
        "inclination" : "14.89157831673725",
        "ascending_node_longitude" : "203.280550361847",
        "orbital_period" : "789.6212314350853",
        "perihelion_distance" : ".9921897009639142",
        "perihelion_argument" : "320.4974654014071",
        "aphelion_distance" : "2.351635674503502",
        "perihelion_time" : "2457792.724594141202",
        "mean_anomaly" : "94.72788107941894",
        "mean_motion" : ".4559147926477653",
        "equinox" : "J2000"
      }
    } ]
  }
}