{
  "links" : {
    "next" : "https://api.nasa.gov/neo/rest/v1/feed?start_date=1998-01-23&end_date=1998-01-23&detailed=true&api_key=t0TVs3DtDT2H8Oy2Zy8m2eVrNsAVKAexjcZXUckd",
    "prev" : "https://api.nasa.gov/neo/rest/v1/feed?start_date=1998-01-21&end_date=1998-01-21&detailed=true&api_key=t0TVs3DtDT2H8Oy2Zy8m2eVrNsAVKAexjcZXUckd",
    "self" : "https://api.nasa.gov/neo/rest/v1/feed?start_date=1998-01-22&end_date=1998-01-22&detailed=true&api_key=t0TVs3DtDT2H8Oy2Zy8m2eVrNsAVKAexjcZXUckd"
  },
  "element_count" : 6,
  "near_earth_objects" : {
    "1998-01-22" : [ {
      "links" : {
        "self" : "https://api.nasa.gov/neo/rest/v1/neo/3007925?api_key=t0TVs3DtDT2H8Oy2Zy8m2eVrNsAVKAexjcZXUckd"
      },
      "neo_reference_id" : "3007925",
      "name" : "(1998 BT13)",
      "nasa_jpl_url" : "http://ssd.jpl.nasa.gov/sbdb.cgi?sstr=3007925",
      "absolute_magnitude_h" : 26.5,
      "estimated_diameter" : {
        "kilometers" : {
          "estimated_diameter_min" : 0.0133215567,
          "estimated_diameter_max" : 0.0297879063
        },
        "meters" : {
          "estimated_diameter_min" : 13.3215566698,
          "estimated_diameter_max" : 29.7879062798
        },
        "miles" : {
          "estimated_diameter_min" : 0.008277629,
          "estimated_diameter_max" : 0.0185093411
        },
        "feet" : {
          "estimated_diameter_min" : 43.7058959846,
          "estimated_diameter_max" : 97.7293544391
        }
      },
      "is_potentially_hazardous_asteroid" : false,
      "close_approach_data" : [ {
        "close_approach_date" : "1998-01-22",
        "epoch_date_close_approach" : 885456000000,
        "relative_velocity" : {
          "kilometers_per_second" : "7.4542360107",
          "kilometers_per_hour" : "26835.2496386258",
          "miles_per_hour" : "16674.3805324006"
        },
        "miss_distance" : {
          "astronomical" : "0.0174689341",
          "lunar" : "6.7954158783",
          "kilometers" : "2613315.5",
          "miles" : "1623839"
        },
        "orbiting_body" : "Earth"
      } ],
      "orbital_data" : {
        "orbit_id" : "13",
        "orbit_determination_date" : "2017-04-06 09:17:54",
        "orbit_uncertainty" : "7",
        "minimum_orbit_intersection" : ".00740285",
        "jupiter_tisserand_invariant" : "3.219",
        "epoch_osculation" : "2458000.5",
        "eccentricity" : ".5974999452373421",
        "semi_major_axis" : "2.4581604653355",
        "inclination" : "1.416100101508182",
        "ascending_node_longitude" : "123.3481506499837",
        "orbital_period" : "1407.711865632511",
        "perihelion_distance" : ".9894097219129394",
        "perihelion_argument" : "353.3957819641766",
        "aphelion_distance" : "3.926911208758061",
        "perihelion_time" : "2457878.800930631387",
        "mean_anomaly" : "31.12260828533644",
        "mean_motion" : ".2557341518452324",
        "equinox" : "J2000"
      }
    }, {
      "links" : {
        "self" : "https://api.nasa.gov/neo/rest/v1/neo/2018882?api_key=t0TVs3DtDT2H8Oy2Zy8m2eVrNsAVKAexjcZXUckd"
      },
      "neo_reference_id" : "2018882",
      "name" : "18882 (1999 YN4)",
      "nasa_jpl_url" : "http://ssd.jpl.nasa.gov/sbdb.cgi?sstr=2018882",
      "absolute_magnitude_h" : 15.9,
      "estimated_diameter" : {
        "kilometers" : {
          "estimated_diameter_min" : 1.7561231848,
          "estimated_diameter_max" : 3.9268108181
        },
        "meters" : {
          "estimated_diameter_min" : 1756.1231848042,
          "estimated_diameter_max" : 3926.8108180856
        },
        "miles" : {
          "estimated_diameter_min" : 1.0912040195,
          "estimated_diameter_max" : 2.4400063648
        },
        "feet" : {
          "estimated_diameter_min" : 5761.559189633,
          "estimated_diameter_max" : 12883.2380044079
        }
      },
      "is_potentially_hazardous_asteroid" : false,
      "close_approach_data" : [ {
        "close_approach_date" : "1998-01-22",
        "epoch_date_close_approach" : 885456000000,
        "relative_velocity" : {
          "kilometers_per_second" : "18.919158547",
          "kilometers_per_hour" : "68108.9707692011",
          "miles_per_hour" : "42320.265753785"
        },
        "miss_distance" : {
          "astronomical" : "0.4383506225",
          "lunar" : "170.5183868408",
          "kilometers" : "65576320",
          "miles" : "40747236"
        },
        "orbiting_body" : "Earth"
      } ],
      "orbital_data" : {
        "orbit_id" : "128",
        "orbit_determination_date" : "2017-04-06 09:29:41",
        "orbit_uncertainty" : "0",
        "minimum_orbit_intersection" : ".43275",
        "jupiter_tisserand_invariant" : "3.974",
        "epoch_osculation" : "2458000.5",
        "eccentricity" : ".2318474379929134",
        "semi_major_axis" : "1.685112242252857",
        "inclination" : "36.81390231034592",
        "ascending_node_longitude" : "291.7072747293844",
        "orbital_period" : "798.9906138605706",
        "perihelion_distance" : "1.294423286156038",
        "perihelion_argument" : "242.6754823928928",
        "aphelion_distance" : "2.075801198349675",
        "perihelion_time" : "2458092.811352159352",
        "mean_anomaly" : "318.4074128020157",
        "mean_motion" : ".4505684969946624",
        "equinox" : "J2000"
      }
    }, {
      "links" : {
        "self" : "https://api.nasa.gov/neo/rest/v1/neo/2162854?api_key=t0TVs3DtDT2H8Oy2Zy8m2eVrNsAVKAexjcZXUckd"
      },
      "neo_reference_id" : "2162854",
      "name" : "162854 (2001 DE47)",
      "nasa_jpl_url" : "http://ssd.jpl.nasa.gov/sbdb.cgi?sstr=2162854",
      "absolute_magnitude_h" : 19.1,
      "estimated_diameter" : {
        "kilometers" : {
          "estimated_diameter_min" : 0.4023045798,
          "estimated_diameter_max" : 0.8995803882
        },
        "meters" : {
          "estimated_diameter_min" : 402.3045798343,
          "estimated_diameter_max" : 899.5803881691
        },
        "miles" : {
          "estimated_diameter_min" : 0.2499803991,
          "estimated_diameter_max" : 0.5589731654
        },
        "feet" : {
          "estimated_diameter_min" : 1319.8969577037,
          "estimated_diameter_max" : 2951.3793207207
        }
      },
      "is_potentially_hazardous_asteroid" : false,
      "close_approach_data" : [ {
        "close_approach_date" : "1998-01-22",
        "epoch_date_close_approach" : 885456000000,
        "relative_velocity" : {
          "kilometers_per_second" : "10.9855422655",
          "kilometers_per_hour" : "39547.9521557536",
          "miles_per_hour" : "24573.5594936681"
        },
        "miss_distance" : {
          "astronomical" : "0.2771402317",
          "lunar" : "107.8075485229",
          "kilometers" : "41459588",
          "miles" : "25761794"
        },
        "orbiting_body" : "Earth"
      } ],
      "orbital_data" : {
        "orbit_id" : "42",
        "orbit_determination_date" : "2017-04-06 09:26:24",
        "orbit_uncertainty" : "0",
        "minimum_orbit_intersection" : ".214004",
        "jupiter_tisserand_invariant" : "4.862",
        "epoch_osculation" : "2458000.5",
        "eccentricity" : ".1493579627014401",
        "semi_major_axis" : "1.32292378805863",
        "inclination" : "21.26523155355708",
        "ascending_node_longitude" : "122.4368331936925",
        "orbital_period" : "555.777121989752",
        "perihelion_distance" : "1.125334586264921",
        "perihelion_argument" : "297.7298536948962",
        "aphelion_distance" : "1.520512989852338",
        "perihelion_time" : "2457976.984646115842",
        "mean_anomaly" : "15.23187454710148",
        "mean_motion" : ".6477416679390378",
        "equinox" : "J2000"
      }
    }, {
      "links" : {
        "self" : "https://api.nasa.gov/neo/rest/v1/neo/2192559?api_key=t0TVs3DtDT2H8Oy2Zy8m2eVrNsAVKAexjcZXUckd"
      },
      "neo_reference_id" : "2192559",
      "name" : "192559 (1998 VO)",
      "nasa_jpl_url" : "http://ssd.jpl.nasa.gov/sbdb.cgi?sstr=2192559",
      "absolute_magnitude_h" : 20.1,
      "estimated_diameter" : {
        "kilometers" : {
          "estimated_diameter_min" : 0.2538370294,
          "estimated_diameter_max" : 0.5675968529
        },
        "meters" : {
          "estimated_diameter_min" : 253.8370293645,
          "estimated_diameter_max" : 567.5968528656
        },
        "miles" : {
          "estimated_diameter_min" : 0.1577269688,
          "estimated_diameter_max" : 0.3526882241
        },
        "feet" : {
          "estimated_diameter_min" : 832.7986794202,
          "estimated_diameter_max" : 1862.1944587557
        }
      },
      "is_potentially_hazardous_asteroid" : true,
      "close_approach_data" : [ {
        "close_approach_date" : "1998-01-22",
        "epoch_date_close_approach" : 885456000000,
        "relative_velocity" : {
          "kilometers_per_second" : "7.5533021758",
          "kilometers_per_hour" : "27191.8878329916",
          "miles_per_hour" : "16895.9816371164"
        },
        "miss_distance" : {
          "astronomical" : "0.3841629457",
          "lunar" : "149.4393768311",
          "kilometers" : "57469956",
          "miles" : "35710176"
        },
        "orbiting_body" : "Earth"
      } ],
      "orbital_data" : {
        "orbit_id" : "61",
        "orbit_determination_date" : "2017-04-21 06:21:52",
        "orbit_uncertainty" : "0",
        "minimum_orbit_intersection" : ".0260273",
        "jupiter_tisserand_invariant" : "5.714",
        "epoch_osculation" : "2457385.5",
        "eccentricity" : ".2265329221774752",
        "semi_major_axis" : "1.074628734983726",
        "inclination" : "10.06055962006335",
        "ascending_node_longitude" : "228.1823463610109",
        "orbital_period" : "406.8985110402536",
        "perihelion_distance" : ".8311899473919788",
        "perihelion_argument" : "75.93656897393657",
        "aphelion_distance" : "1.318067522575473",
        "perihelion_time" : "2457546.088092298630",
        "mean_anomaly" : "217.9210499450867",
        "mean_motion" : ".8847415024440479",
        "equinox" : "J2000"
      }
    }, {
      "links" : {
        "self" : "https://api.nasa.gov/neo/rest/v1/neo/2194268?api_key=t0TVs3DtDT2H8Oy2Zy8m2eVrNsAVKAexjcZXUckd"
      },
      "neo_reference_id" : "2194268",
      "name" : "194268 (2001 UY4)",
      "nasa_jpl_url" : "http://ssd.jpl.nasa.gov/sbdb.cgi?sstr=2194268",
      "absolute_magnitude_h" : 18.2,
      "estimated_diameter" : {
        "kilometers" : {
          "estimated_diameter_min" : 0.6089126221,
          "estimated_diameter_max" : 1.3615700154
        },
        "meters" : {
          "estimated_diameter_min" : 608.9126221057,
          "estimated_diameter_max" : 1361.5700153859
        },
        "miles" : {
          "estimated_diameter_min" : 0.3783606449,
          "estimated_diameter_max" : 0.846040122
        },
        "feet" : {
          "estimated_diameter_min" : 1997.7448871092,
          "estimated_diameter_max" : 4467.0933692788
        }
      },
      "is_potentially_hazardous_asteroid" : true,
      "close_approach_data" : [ {
        "close_approach_date" : "1998-01-22",
        "epoch_date_close_approach" : 885456000000,
        "relative_velocity" : {
          "kilometers_per_second" : "43.7899331054",
          "kilometers_per_hour" : "157643.7591793928",
          "miles_per_hour" : "97953.70136344"
        },
        "miss_distance" : {
          "astronomical" : "0.4978906553",
          "lunar" : "193.6794586182",
          "kilometers" : "74483384",
          "miles" : "46281828"
        },
        "orbiting_body" : "Earth"
      } ],
      "orbital_data" : {
        "orbit_id" : "67",
        "orbit_determination_date" : "2017-04-06 09:25:38",
        "orbit_uncertainty" : "0",
        "minimum_orbit_intersection" : ".0260591",
        "jupiter_tisserand_invariant" : "4.230",
        "epoch_osculation" : "2458000.5",
        "eccentricity" : ".787385250618907",
        "semi_major_axis" : "1.452969205978564",
        "inclination" : "5.43606601832941",
        "ascending_node_longitude" : "160.8008968085891",
        "orbital_period" : "639.709855945518",
        "perihelion_distance" : ".3089226835875781",
        "perihelion_argument" : "107.6929342689394",
        "aphelion_distance" : "2.597015728369549",
        "perihelion_time" : "2457909.671926624543",
        "mean_anomaly" : "51.11396379353155",
        "mean_motion" : ".5627551250838631",
        "equinox" : "J2000"
      }
    }, {
      "links" : {
        "self" : "https://api.nasa.gov/neo/rest/v1/neo/3766434?api_key=t0TVs3DtDT2H8Oy2Zy8m2eVrNsAVKAexjcZXUckd"
      },
      "neo_reference_id" : "3766434",
      "name" : "(2017 AH13)",
      "nasa_jpl_url" : "http://ssd.jpl.nasa.gov/sbdb.cgi?sstr=3766434",
      "absolute_magnitude_h" : 21.2,
      "estimated_diameter" : {
        "kilometers" : {
          "estimated_diameter_min" : 0.1529519353,
          "estimated_diameter_max" : 0.3420109247
        },
        "meters" : {
          "estimated_diameter_min" : 152.9519353442,
          "estimated_diameter_max" : 342.0109247198
        },
        "miles" : {
          "estimated_diameter_min" : 0.095039897,
          "estimated_diameter_max" : 0.2125156703
        },
        "feet" : {
          "estimated_diameter_min" : 501.8108275547,
          "estimated_diameter_max" : 1122.0831222578
        }
      },
      "is_potentially_hazardous_asteroid" : false,
      "close_approach_data" : [ {
        "close_approach_date" : "1998-01-22",
        "epoch_date_close_approach" : 885456000000,
        "relative_velocity" : {
          "kilometers_per_second" : "24.6253739918",
          "kilometers_per_hour" : "88651.3463705322",
          "miles_per_hour" : "55084.4990822899"
        },
        "miss_distance" : {
          "astronomical" : "0.207553719",
          "lunar" : "80.7383956909",
          "kilometers" : "31049594",
          "miles" : "19293324"
        },
        "orbiting_body" : "Earth"
      } ],
      "orbital_data" : {
        "orbit_id" : "11",
        "orbit_determination_date" : "2017-04-06 08:21:05",
        "orbit_uncertainty" : "5",
        "minimum_orbit_intersection" : ".12968",
        "jupiter_tisserand_invariant" : "5.184",
        "epoch_osculation" : "2458000.5",
        "eccentricity" : ".5550628217649302",
        "semi_major_axis" : "1.167285944898",
        "inclination" : "22.7301469612087",
        "ascending_node_longitude" : "313.4670189773678",
        "orbital_period" : "460.6428253633982",
        "perihelion_distance" : ".5193689145163735",
        "perihelion_argument" : "48.98966014104454",
        "aphelion_distance" : "1.815202975279627",
        "perihelion_time" : "2458150.642292501452",
        "mean_anomaly" : "242.6613108369114",
        "mean_motion" : ".7815165681045793",
        "equinox" : "J2000"
      }
    } ]
  }
}