{
  "links" : {
    "next" : "https://api.nasa.gov/neo/rest/v1/feed?start_date=1998-02-16&end_date=1998-02-16&detailed=true&api_key=t0TVs3DtDT2H8Oy2Zy8m2eVrNsAVKAexjcZXUckd",
    "prev" : "https://api.nasa.gov/neo/rest/v1/feed?start_date=1998-02-14&end_date=1998-02-14&detailed=true&api_key=t0TVs3DtDT2H8Oy2Zy8m2eVrNsAVKAexjcZXUckd",
    "self" : "https://api.nasa.gov/neo/rest/v1/feed?start_date=1998-02-15&end_date=1998-02-15&detailed=true&api_key=t0TVs3DtDT2H8Oy2Zy8m2eVrNsAVKAexjcZXUckd"
  },
  "element_count" : 7,
  "near_earth_objects" : {
    "1998-02-15" : [ {
      "links" : {
        "self" : "https://api.nasa.gov/neo/rest/v1/neo/3160853?api_key=t0TVs3DtDT2H8Oy2Zy8m2eVrNsAVKAexjcZXUckd"
      },
      "neo_reference_id" : "3160853",
      "name" : "(2003 TG2)",
      "nasa_jpl_url" : "http://ssd.jpl.nasa.gov/sbdb.cgi?sstr=3160853",
      "absolute_magnitude_h" : 21.3,
      "estimated_diameter" : {
        "kilometers" : {
          "estimated_diameter_min" : 0.1460679643,
          "estimated_diameter_max" : 0.3266178974
        },
        "meters" : {
          "estimated_diameter_min" : 146.0679642714,
          "estimated_diameter_max" : 326.6178974458
        },
        "miles" : {
          "estimated_diameter_min" : 0.090762397,
          "estimated_diameter_max" : 0.2029508896
        },
        "feet" : {
          "estimated_diameter_min" : 479.2256199,
          "estimated_diameter_max" : 1071.581062656
        }
      },
      "is_potentially_hazardous_asteroid" : false,
      "close_approach_data" : [ {
        "close_approach_date" : "1998-02-15",
        "epoch_date_close_approach" : 887529600000,
        "relative_velocity" : {
          "kilometers_per_second" : "17.0091579924",
          "kilometers_per_hour" : "61232.9687726407",
          "miles_per_hour" : "38047.7855132"
        },
        "miss_distance" : {
          "astronomical" : "0.4270826956",
          "lunar" : "166.1351623535",
          "kilometers" : "63890660",
          "miles" : "39699816"
        },
        "orbiting_body" : "Earth"
      } ],
      "orbital_data" : {
        "orbit_id" : "15",
        "orbit_determination_date" : "2017-04-06 09:13:42",
        "orbit_uncertainty" : "1",
        "minimum_orbit_intersection" : ".194743",
        "jupiter_tisserand_invariant" : "6.447",
        "epoch_osculation" : "2458000.5",
        "eccentricity" : ".3159909067244384",
        "semi_major_axis" : ".9078440731338071",
        "inclination" : "25.45520933631879",
        "ascending_node_longitude" : "200.6761345968185",
        "orbital_period" : "315.9477892091431",
        "perihelion_distance" : ".620973601299848",
        "perihelion_argument" : "355.1602365579089",
        "aphelion_distance" : "1.194714544967766",
        "perihelion_time" : "2458148.397337764099",
        "mean_anomaly" : "191.4815187396952",
        "mean_motion" : "1.139428767332492",
        "equinox" : "J2000"
      }
    }, {
      "links" : {
        "self" : "https://api.nasa.gov/neo/rest/v1/neo/3402134?api_key=t0TVs3DtDT2H8Oy2Zy8m2eVrNsAVKAexjcZXUckd"
      },
      "neo_reference_id" : "3402134",
      "name" : "(2008 CL20)",
      "nasa_jpl_url" : "http://ssd.jpl.nasa.gov/sbdb.cgi?sstr=3402134",
      "absolute_magnitude_h" : 25.3,
      "estimated_diameter" : {
        "kilometers" : {
          "estimated_diameter_min" : 0.0231502122,
          "estimated_diameter_max" : 0.0517654482
        },
        "meters" : {
          "estimated_diameter_min" : 23.150212221,
          "estimated_diameter_max" : 51.7654482198
        },
        "miles" : {
          "estimated_diameter_min" : 0.0143848705,
          "estimated_diameter_max" : 0.0321655483
        },
        "feet" : {
          "estimated_diameter_min" : 75.9521422633,
          "estimated_diameter_max" : 169.8341531374
        }
      },
      "is_potentially_hazardous_asteroid" : false,
      "close_approach_data" : [ {
        "close_approach_date" : "1998-02-15",
        "epoch_date_close_approach" : 887529600000,
        "relative_velocity" : {
          "kilometers_per_second" : "19.8225730514",
          "kilometers_per_hour" : "71361.2629849867",
          "miles_per_hour" : "44341.1136586436"
        },
        "miss_distance" : {
          "astronomical" : "0.374488146",
          "lunar" : "145.6758880615",
          "kilometers" : "56022628",
          "miles" : "34810848"
        },
        "orbiting_body" : "Earth"
      } ],
      "orbital_data" : {
        "orbit_id" : "11",
        "orbit_determination_date" : "2017-04-06 09:04:29",
        "orbit_uncertainty" : "7",
        "minimum_orbit_intersection" : ".0174886",
        "jupiter_tisserand_invariant" : "7.484",
        "epoch_osculation" : "2458000.5",
        "eccentricity" : ".3187798659007469",
        "semi_major_axis" : ".7669379674818089",
        "inclination" : "15.96749826892515",
        "ascending_node_longitude" : "321.2516247497641",
        "orbital_period" : "245.323292150214",
        "perihelion_distance" : ".5224535850537665",
        "perihelion_argument" : "349.6954035178186",
        "aphelion_distance" : "1.011422349909851",
        "perihelion_time" : "2458049.810063718708",
        "mean_anomaly" : "287.6398796741025",
        "mean_motion" : "1.467451365276674",
        "equinox" : "J2000"
      }
    }, {
      "links" : {
        "self" : "https://api.nasa.gov/neo/rest/v1/neo/3477703?api_key=t0TVs3DtDT2H8Oy2Zy8m2eVrNsAVKAexjcZXUckd"
      },
      "neo_reference_id" : "3477703",
      "name" : "(2009 WQ6)",
      "nasa_jpl_url" : "http://ssd.jpl.nasa.gov/sbdb.cgi?sstr=3477703",
      "absolute_magnitude_h" : 29.2,
      "estimated_diameter" : {
        "kilometers" : {
          "estimated_diameter_min" : 0.0038419789,
          "estimated_diameter_max" : 0.008590926
        },
        "meters" : {
          "estimated_diameter_min" : 3.8419789106,
          "estimated_diameter_max" : 8.5909260123
        },
        "miles" : {
          "estimated_diameter_min" : 0.0023872943,
          "estimated_diameter_max" : 0.0053381523
        },
        "feet" : {
          "estimated_diameter_min" : 12.6049180892,
          "estimated_diameter_max" : 28.1854536983
        }
      },
      "is_potentially_hazardous_asteroid" : false,
      "close_approach_data" : [ {
        "close_approach_date" : "1998-02-15",
        "epoch_date_close_approach" : 887529600000,
        "relative_velocity" : {
          "kilometers_per_second" : "9.0244911101",
          "kilometers_per_hour" : "32488.1679962678",
          "miles_per_hour" : "20186.8841641254"
        },
        "miss_distance" : {
          "astronomical" : "0.1560866013",
          "lunar" : "60.7176856995",
          "kilometers" : "23350222",
          "miles" : "14509155"
        },
        "orbiting_body" : "Earth"
      } ],
      "orbital_data" : {
        "orbit_id" : "6",
        "orbit_determination_date" : "2017-04-06 08:59:06",
        "orbit_uncertainty" : "5",
        "minimum_orbit_intersection" : ".00238665",
        "jupiter_tisserand_invariant" : "6.746",
        "epoch_osculation" : "2458000.5",
        "eccentricity" : ".4086228201648052",
        "semi_major_axis" : ".8665600916769487",
        "inclination" : "5.816976919203046",
        "ascending_node_longitude" : "55.601661511252",
        "orbital_period" : "294.6432208416104",
        "perihelion_distance" : ".5124638631736418",
        "perihelion_argument" : "227.3435173668688",
        "aphelion_distance" : "1.220656320180256",
        "perihelion_time" : "2458026.580884335746",
        "mean_anomaly" : "328.1339406552453",
        "mean_motion" : "1.22181667364247",
        "equinox" : "J2000"
      }
    }, {
      "links" : {
        "self" : "https://api.nasa.gov/neo/rest/v1/neo/3528338?api_key=t0TVs3DtDT2H8Oy2Zy8m2eVrNsAVKAexjcZXUckd"
      },
      "neo_reference_id" : "3528338",
      "name" : "(2010 LM14)",
      "nasa_jpl_url" : "http://ssd.jpl.nasa.gov/sbdb.cgi?sstr=3528338",
      "absolute_magnitude_h" : 21.5,
      "estimated_diameter" : {
        "kilometers" : {
          "estimated_diameter_min" : 0.1332155667,
          "estimated_diameter_max" : 0.2978790628
        },
        "meters" : {
          "estimated_diameter_min" : 133.2155666981,
          "estimated_diameter_max" : 297.8790627982
        },
        "miles" : {
          "estimated_diameter_min" : 0.0827762899,
          "estimated_diameter_max" : 0.1850934111
        },
        "feet" : {
          "estimated_diameter_min" : 437.0589598459,
          "estimated_diameter_max" : 977.2935443908
        }
      },
      "is_potentially_hazardous_asteroid" : false,
      "close_approach_data" : [ {
        "close_approach_date" : "1998-02-15",
        "epoch_date_close_approach" : 887529600000,
        "relative_velocity" : {
          "kilometers_per_second" : "14.151109013",
          "kilometers_per_hour" : "50943.992446634",
          "miles_per_hour" : "31654.6157510766"
        },
        "miss_distance" : {
          "astronomical" : "0.4508686575",
          "lunar" : "175.3879089355",
          "kilometers" : "67448992",
          "miles" : "41910860"
        },
        "orbiting_body" : "Earth"
      } ],
      "orbital_data" : {
        "orbit_id" : "13",
        "orbit_determination_date" : "2017-06-20 06:19:26",
        "orbit_uncertainty" : "1",
        "minimum_orbit_intersection" : ".313053",
        "jupiter_tisserand_invariant" : "5.455",
        "epoch_osculation" : "2458000.5",
        "eccentricity" : ".3793664784477458",
        "semi_major_axis" : "1.110312468405852",
        "inclination" : "25.92472031044273",
        "ascending_node_longitude" : "176.669182927554",
        "orbital_period" : "427.3328232665012",
        "perihelion_distance" : ".6890971372900999",
        "perihelion_argument" : "187.9275111629084",
        "aphelion_distance" : "1.531527799521604",
        "perihelion_time" : "2457997.710336822946",
        "mean_anomaly" : "2.350109069700449",
        "mean_motion" : ".8424347028814357",
        "equinox" : "J2000"
      }
    }, {
      "links" : {
        "self" : "https://api.nasa.gov/neo/rest/v1/neo/3553987?api_key=t0TVs3DtDT2H8Oy2Zy8m2eVrNsAVKAexjcZXUckd"
      },
      "neo_reference_id" : "3553987",
      "name" : "(2010 XQ69)",
      "nasa_jpl_url" : "http://ssd.jpl.nasa.gov/sbdb.cgi?sstr=3553987",
      "absolute_magnitude_h" : 23.2,
      "estimated_diameter" : {
        "kilometers" : {
          "estimated_diameter_min" : 0.0608912622,
          "estimated_diameter_max" : 0.1361570015
        },
        "meters" : {
          "estimated_diameter_min" : 60.8912622106,
          "estimated_diameter_max" : 136.1570015386
        },
        "miles" : {
          "estimated_diameter_min" : 0.0378360645,
          "estimated_diameter_max" : 0.0846040122
        },
        "feet" : {
          "estimated_diameter_min" : 199.7744887109,
          "estimated_diameter_max" : 446.7093369279
        }
      },
      "is_potentially_hazardous_asteroid" : false,
      "close_approach_data" : [ {
        "close_approach_date" : "1998-02-15",
        "epoch_date_close_approach" : 887529600000,
        "relative_velocity" : {
          "kilometers_per_second" : "9.9880812357",
          "kilometers_per_hour" : "35957.0924485264",
          "miles_per_hour" : "22342.3389161413"
        },
        "miss_distance" : {
          "astronomical" : "0.1450778634",
          "lunar" : "56.4352912903",
          "kilometers" : "21703340",
          "miles" : "13485831"
        },
        "orbiting_body" : "Earth"
      } ],
      "orbital_data" : {
        "orbit_id" : "11",
        "orbit_determination_date" : "2017-04-06 08:55:10",
        "orbit_uncertainty" : "4",
        "minimum_orbit_intersection" : ".00818455",
        "jupiter_tisserand_invariant" : "6.673",
        "epoch_osculation" : "2458000.5",
        "eccentricity" : ".4502709208610773",
        "semi_major_axis" : ".8759040751582515",
        "inclination" : "1.099098566008653",
        "ascending_node_longitude" : "177.5526659446396",
        "orbital_period" : "299.4216830716279",
        "perihelion_distance" : ".4815099406507753",
        "perihelion_argument" : "104.8950680296148",
        "aphelion_distance" : "1.270298209665728",
        "perihelion_time" : "2458130.242246658933",
        "mean_anomaly" : "204.0085957768048",
        "mean_motion" : "1.202317735666059",
        "equinox" : "J2000"
      }
    }, {
      "links" : {
        "self" : "https://api.nasa.gov/neo/rest/v1/neo/3639549?api_key=t0TVs3DtDT2H8Oy2Zy8m2eVrNsAVKAexjcZXUckd"
      },
      "neo_reference_id" : "3639549",
      "name" : "(2013 LE7)",
      "nasa_jpl_url" : "http://ssd.jpl.nasa.gov/sbdb.cgi?sstr=3639549",
      "absolute_magnitude_h" : 27.4,
      "estimated_diameter" : {
        "kilometers" : {
          "estimated_diameter_min" : 0.0088014652,
          "estimated_diameter_max" : 0.0196806745
        },
        "meters" : {
          "estimated_diameter_min" : 8.801465209,
          "estimated_diameter_max" : 19.6806745089
        },
        "miles" : {
          "estimated_diameter_min" : 0.0054689752,
          "estimated_diameter_max" : 0.0122290004
        },
        "feet" : {
          "estimated_diameter_min" : 28.8761991163,
          "estimated_diameter_max" : 64.5691441559
        }
      },
      "is_potentially_hazardous_asteroid" : false,
      "close_approach_data" : [ {
        "close_approach_date" : "1998-02-15",
        "epoch_date_close_approach" : 887529600000,
        "relative_velocity" : {
          "kilometers_per_second" : "2.7038574039",
          "kilometers_per_hour" : "9733.8866542082",
          "miles_per_hour" : "6048.2586268884"
        },
        "miss_distance" : {
          "astronomical" : "0.1859418587",
          "lunar" : "72.3313827515",
          "kilometers" : "27816506",
          "miles" : "17284376"
        },
        "orbiting_body" : "Earth"
      } ],
      "orbital_data" : {
        "orbit_id" : "20",
        "orbit_determination_date" : "2017-04-06 08:45:39",
        "orbit_uncertainty" : "4",
        "minimum_orbit_intersection" : ".0347097",
        "jupiter_tisserand_invariant" : "5.421",
        "epoch_osculation" : "2458000.5",
        "eccentricity" : ".1035108183333453",
        "semi_major_axis" : "1.161114069113486",
        "inclination" : "1.68710640666636",
        "ascending_node_longitude" : "203.2701568369671",
        "orbital_period" : "456.9942734128599",
        "perihelion_distance" : "1.040926201641189",
        "perihelion_argument" : "37.43828916265782",
        "aphelion_distance" : "1.281301936585784",
        "perihelion_time" : "2457805.479593865556",
        "mean_anomaly" : "153.62850322847",
        "mean_motion" : ".7877560419116393",
        "equinox" : "J2000"
      }
    }, {
      "links" : {
        "self" : "https://api.nasa.gov/neo/rest/v1/neo/3738913?api_key=t0TVs3DtDT2H8Oy2Zy8m2eVrNsAVKAexjcZXUckd"
      },
      "neo_reference_id" : "3738913",
      "name" : "(2015 YC1)",
      "nasa_jpl_url" : "http://ssd.jpl.nasa.gov/sbdb.cgi?sstr=3738913",
      "absolute_magnitude_h" : 26.1,
      "estimated_diameter" : {
        "kilometers" : {
          "estimated_diameter_min" : 0.0160160338,
          "estimated_diameter_max" : 0.0358129403
        },
        "meters" : {
          "estimated_diameter_min" : 16.0160337979,
          "estimated_diameter_max" : 35.8129403019
        },
        "miles" : {
          "estimated_diameter_min" : 0.0099518989,
          "estimated_diameter_max" : 0.0222531225
        },
        "feet" : {
          "estimated_diameter_min" : 52.5460443254,
          "estimated_diameter_max" : 117.4965270602
        }
      },
      "is_potentially_hazardous_asteroid" : false,
      "close_approach_data" : [ {
        "close_approach_date" : "1998-02-15",
        "epoch_date_close_approach" : 887529600000,
        "relative_velocity" : {
          "kilometers_per_second" : "6.5242072367",
          "kilometers_per_hour" : "23487.146052094",
          "miles_per_hour" : "14593.9991677581"
        },
        "miss_distance" : {
          "astronomical" : "0.1946869265",
          "lunar" : "75.733215332",
          "kilometers" : "29124748",
          "miles" : "18097280"
        },
        "orbiting_body" : "Earth"
      } ],
      "orbital_data" : {
        "orbit_id" : "9",
        "orbit_determination_date" : "2017-06-22 17:42:02",
        "orbit_uncertainty" : "1",
        "minimum_orbit_intersection" : ".00296693",
        "jupiter_tisserand_invariant" : "5.677",
        "epoch_osculation" : "2458000.5",
        "eccentricity" : ".2559717720559598",
        "semi_major_axis" : "1.084002754546022",
        "inclination" : "6.657235645335766",
        "ascending_node_longitude" : "266.1747789569795",
        "orbital_period" : "412.234187120254",
        "perihelion_distance" : ".8065286485513355",
        "perihelion_argument" : "267.8902240039794",
        "aphelion_distance" : "1.361476860540709",
        "perihelion_time" : "2457854.918490993088",
        "mean_anomaly" : "127.1348783772751",
        "mean_motion" : ".8732900163250735",
        "equinox" : "J2000"
      }
    } ]
  }
}