{
  "links" : {
    "next" : "https://api.nasa.gov/neo/rest/v1/feed?start_date=2001-03-23&end_date=2001-03-23&detailed=true&api_key=t0TVs3DtDT2H8Oy2Zy8m2eVrNsAVKAexjcZXUckd",
    "prev" : "https://api.nasa.gov/neo/rest/v1/feed?start_date=2001-03-21&end_date=2001-03-21&detailed=true&api_key=t0TVs3DtDT2H8Oy2Zy8m2eVrNsAVKAexjcZXUckd",
    "self" : "https://api.nasa.gov/neo/rest/v1/feed?start_date=2001-03-22&end_date=2001-03-22&detailed=true&api_key=t0TVs3DtDT2H8Oy2Zy8m2eVrNsAVKAexjcZXUckd"
  },
  "element_count" : 6,
  "near_earth_objects" : {
    "2001-03-22" : [ {
      "links" : {
        "self" : "https://api.nasa.gov/neo/rest/v1/neo/2417655?api_key=t0TVs3DtDT2H8Oy2Zy8m2eVrNsAVKAexjcZXUckd"
      },
      "neo_reference_id" : "2417655",
      "name" : "417655 (2006 YF13)",
      "nasa_jpl_url" : "http://ssd.jpl.nasa.gov/sbdb.cgi?sstr=2417655",
      "absolute_magnitude_h" : 19.9,
      "estimated_diameter" : {
        "kilometers" : {
          "estimated_diameter_min" : 0.2783267681,
          "estimated_diameter_max" : 0.6223575734
        },
        "meters" : {
          "estimated_diameter_min" : 278.3267680719,
          "estimated_diameter_max" : 622.3575733667
        },
        "miles" : {
          "estimated_diameter_min" : 0.1729441822,
          "estimated_diameter_max" : 0.3867149477
        },
        "feet" : {
          "estimated_diameter_min" : 913.1455937611,
          "estimated_diameter_max" : 2041.8556210042
        }
      },
      "is_potentially_hazardous_asteroid" : false,
      "close_approach_data" : [ {
        "close_approach_date" : "2001-03-22",
        "epoch_date_close_approach" : 985248000000,
        "relative_velocity" : {
          "kilometers_per_second" : "12.8081644496",
          "kilometers_per_hour" : "46109.3920187188",
          "miles_per_hour" : "28650.5830574089"
        },
        "miss_distance" : {
          "astronomical" : "0.085448153",
          "lunar" : "33.2393302917",
          "kilometers" : "12782862",
          "miles" : "7942902"
        },
        "orbiting_body" : "Earth"
      } ],
      "orbital_data" : {
        "orbit_id" : "31",
        "orbit_determination_date" : "2017-04-06 09:21:16",
        "orbit_uncertainty" : "0",
        "minimum_orbit_intersection" : ".0807597",
        "jupiter_tisserand_invariant" : "6.419",
        "epoch_osculation" : "2458000.5",
        "eccentricity" : ".4034355461548302",
        "semi_major_axis" : ".9188845107918439",
        "inclination" : "10.53351561859993",
        "ascending_node_longitude" : "205.297250983349",
        "orbital_period" : "321.7287141305948",
        "perihelion_distance" : ".5481738363273223",
        "perihelion_argument" : "95.41295794635703",
        "aphelion_distance" : "1.289595185256365",
        "perihelion_time" : "2457849.117317436306",
        "mean_anomaly" : "169.3904315323507",
        "mean_motion" : "1.118955145091185",
        "equinox" : "J2000"
      }
    }, {
      "links" : {
        "self" : "https://api.nasa.gov/neo/rest/v1/neo/3345307?api_key=t0TVs3DtDT2H8Oy2Zy8m2eVrNsAVKAexjcZXUckd"
      },
      "neo_reference_id" : "3345307",
      "name" : "(2006 SK134)",
      "nasa_jpl_url" : "http://ssd.jpl.nasa.gov/sbdb.cgi?sstr=3345307",
      "absolute_magnitude_h" : 18.4,
      "estimated_diameter" : {
        "kilometers" : {
          "estimated_diameter_min" : 0.5553349116,
          "estimated_diameter_max" : 1.2417666126
        },
        "meters" : {
          "estimated_diameter_min" : 555.334911581,
          "estimated_diameter_max" : 1241.766612574
        },
        "miles" : {
          "estimated_diameter_min" : 0.3450690093,
          "estimated_diameter_max" : 0.7715977618
        },
        "feet" : {
          "estimated_diameter_min" : 1821.9649913114,
          "estimated_diameter_max" : 4074.0375731972
        }
      },
      "is_potentially_hazardous_asteroid" : false,
      "close_approach_data" : [ {
        "close_approach_date" : "2001-03-22",
        "epoch_date_close_approach" : 985248000000,
        "relative_velocity" : {
          "kilometers_per_second" : "27.9214500682",
          "kilometers_per_hour" : "100517.2202454278",
          "miles_per_hour" : "62457.4916574993"
        },
        "miss_distance" : {
          "astronomical" : "0.3071634287",
          "lunar" : "119.4865722656",
          "kilometers" : "45950992",
          "miles" : "28552624"
        },
        "orbiting_body" : "Earth"
      } ],
      "orbital_data" : {
        "orbit_id" : "19",
        "orbit_determination_date" : "2017-04-06 09:08:02",
        "orbit_uncertainty" : "1",
        "minimum_orbit_intersection" : ".133383",
        "jupiter_tisserand_invariant" : "3.602",
        "epoch_osculation" : "2458000.5",
        "eccentricity" : ".5364170753378906",
        "semi_major_axis" : "1.879842381177984",
        "inclination" : "34.67006216019467",
        "ascending_node_longitude" : "185.18834699",
        "orbital_period" : "941.4138465574184",
        "perihelion_distance" : ".8714628289702736",
        "perihelion_argument" : "74.41689177256843",
        "aphelion_distance" : "2.888221933385694",
        "perihelion_time" : "2457684.427631374715",
        "mean_anomaly" : "120.8671968456781",
        "mean_motion" : ".3824035532475493",
        "equinox" : "J2000"
      }
    }, {
      "links" : {
        "self" : "https://api.nasa.gov/neo/rest/v1/neo/3513745?api_key=t0TVs3DtDT2H8Oy2Zy8m2eVrNsAVKAexjcZXUckd"
      },
      "neo_reference_id" : "3513745",
      "name" : "(2010 FL48)",
      "nasa_jpl_url" : "http://ssd.jpl.nasa.gov/sbdb.cgi?sstr=3513745",
      "absolute_magnitude_h" : 22.2,
      "estimated_diameter" : {
        "kilometers" : {
          "estimated_diameter_min" : 0.096506147,
          "estimated_diameter_max" : 0.2157943048
        },
        "meters" : {
          "estimated_diameter_min" : 96.5061469579,
          "estimated_diameter_max" : 215.7943048444
        },
        "miles" : {
          "estimated_diameter_min" : 0.059966121,
          "estimated_diameter_max" : 0.134088323
        },
        "feet" : {
          "estimated_diameter_min" : 316.6212271853,
          "estimated_diameter_max" : 707.9865871058
        }
      },
      "is_potentially_hazardous_asteroid" : false,
      "close_approach_data" : [ {
        "close_approach_date" : "2001-03-22",
        "epoch_date_close_approach" : 985248000000,
        "relative_velocity" : {
          "kilometers_per_second" : "17.0963199719",
          "kilometers_per_hour" : "61546.7518989977",
          "miles_per_hour" : "38242.7581452411"
        },
        "miss_distance" : {
          "astronomical" : "0.3708292715",
          "lunar" : "144.2525939941",
          "kilometers" : "55475272",
          "miles" : "34470736"
        },
        "orbiting_body" : "Earth"
      } ],
      "orbital_data" : {
        "orbit_id" : "15",
        "orbit_determination_date" : "2017-04-06 08:58:01",
        "orbit_uncertainty" : "2",
        "minimum_orbit_intersection" : ".14079",
        "jupiter_tisserand_invariant" : "5.228",
        "epoch_osculation" : "2458000.5",
        "eccentricity" : ".06891240143790239",
        "semi_major_axis" : "1.188441282134689",
        "inclination" : "26.99700878983454",
        "ascending_node_longitude" : "177.5456570351595",
        "orbital_period" : "473.2221024124543",
        "perihelion_distance" : "1.106542939414848",
        "perihelion_argument" : "53.56904877076067",
        "aphelion_distance" : "1.27033962485453",
        "perihelion_time" : "2458178.057807706904",
        "mean_anomaly" : "224.9242914719719",
        "mean_motion" : ".7607421508098298",
        "equinox" : "J2000"
      }
    }, {
      "links" : {
        "self" : "https://api.nasa.gov/neo/rest/v1/neo/3549696?api_key=t0TVs3DtDT2H8Oy2Zy8m2eVrNsAVKAexjcZXUckd"
      },
      "neo_reference_id" : "3549696",
      "name" : "(2010 UP)",
      "nasa_jpl_url" : "http://ssd.jpl.nasa.gov/sbdb.cgi?sstr=3549696",
      "absolute_magnitude_h" : 24.7,
      "estimated_diameter" : {
        "kilometers" : {
          "estimated_diameter_min" : 0.0305179233,
          "estimated_diameter_max" : 0.0682401509
        },
        "meters" : {
          "estimated_diameter_min" : 30.5179232594,
          "estimated_diameter_max" : 68.2401509401
        },
        "miles" : {
          "estimated_diameter_min" : 0.0189629525,
          "estimated_diameter_max" : 0.0424024508
        },
        "feet" : {
          "estimated_diameter_min" : 100.1244233463,
          "estimated_diameter_max" : 223.8850168104
        }
      },
      "is_potentially_hazardous_asteroid" : false,
      "close_approach_data" : [ {
        "close_approach_date" : "2001-03-22",
        "epoch_date_close_approach" : 985248000000,
        "relative_velocity" : {
          "kilometers_per_second" : "13.1885039824",
          "kilometers_per_hour" : "47478.6143367901",
          "miles_per_hour" : "29501.3645583238"
        },
        "miss_distance" : {
          "astronomical" : "0.3704315752",
          "lunar" : "144.0978851318",
          "kilometers" : "55415776",
          "miles" : "34433768"
        },
        "orbiting_body" : "Earth"
      } ],
      "orbital_data" : {
        "orbit_id" : "22",
        "orbit_determination_date" : "2017-04-06 08:56:10",
        "orbit_uncertainty" : "2",
        "minimum_orbit_intersection" : ".0160814",
        "jupiter_tisserand_invariant" : "5.774",
        "epoch_osculation" : "2458000.5",
        "eccentricity" : ".09956289109756301",
        "semi_major_axis" : "1.065047652357035",
        "inclination" : "9.315559877388296",
        "ascending_node_longitude" : "211.3527939346192",
        "orbital_period" : "401.4689720304168",
        "perihelion_distance" : ".9590084289316961",
        "perihelion_argument" : "244.7771026468117",
        "aphelion_distance" : "1.171086875782373",
        "perihelion_time" : "2457963.957674479115",
        "mean_anomaly" : "32.76775567732248",
        "mean_motion" : ".8967069065868559",
        "equinox" : "J2000"
      }
    }, {
      "links" : {
        "self" : "https://api.nasa.gov/neo/rest/v1/neo/3714553?api_key=t0TVs3DtDT2H8Oy2Zy8m2eVrNsAVKAexjcZXUckd"
      },
      "neo_reference_id" : "3714553",
      "name" : "(2015 FT118)",
      "nasa_jpl_url" : "http://ssd.jpl.nasa.gov/sbdb.cgi?sstr=3714553",
      "absolute_magnitude_h" : 20.4,
      "estimated_diameter" : {
        "kilometers" : {
          "estimated_diameter_min" : 0.2210828104,
          "estimated_diameter_max" : 0.4943561926
        },
        "meters" : {
          "estimated_diameter_min" : 221.0828103591,
          "estimated_diameter_max" : 494.3561926196
        },
        "miles" : {
          "estimated_diameter_min" : 0.137374447,
          "estimated_diameter_max" : 0.3071786018
        },
        "feet" : {
          "estimated_diameter_min" : 725.3373275385,
          "estimated_diameter_max" : 1621.9035709942
        }
      },
      "is_potentially_hazardous_asteroid" : true,
      "close_approach_data" : [ {
        "close_approach_date" : "2001-03-22",
        "epoch_date_close_approach" : 985248000000,
        "relative_velocity" : {
          "kilometers_per_second" : "11.6595295823",
          "kilometers_per_hour" : "41974.3064962015",
          "miles_per_hour" : "26081.2017225981"
        },
        "miss_distance" : {
          "astronomical" : "0.423954216",
          "lunar" : "164.9181976318",
          "kilometers" : "63422648",
          "miles" : "39409008"
        },
        "orbiting_body" : "Earth"
      } ],
      "orbital_data" : {
        "orbit_id" : "28",
        "orbit_determination_date" : "2017-04-06 08:34:44",
        "orbit_uncertainty" : "1",
        "minimum_orbit_intersection" : ".0379013",
        "jupiter_tisserand_invariant" : "5.327",
        "epoch_osculation" : "2458000.5",
        "eccentricity" : ".1905611641248768",
        "semi_major_axis" : "1.166841454413402",
        "inclination" : "21.09939805413952",
        "ascending_node_longitude" : "196.7630114318255",
        "orbital_period" : "460.3797383359293",
        "perihelion_distance" : ".9444867885112197",
        "perihelion_argument" : "154.5874134281157",
        "aphelion_distance" : "1.389196120315584",
        "perihelion_time" : "2458198.228673494053",
        "mean_anomaly" : "205.383459499864",
        "mean_motion" : ".7819631708841966",
        "equinox" : "J2000"
      }
    }, {
      "links" : {
        "self" : "https://api.nasa.gov/neo/rest/v1/neo/3549618?api_key=t0TVs3DtDT2H8Oy2Zy8m2eVrNsAVKAexjcZXUckd"
      },
      "neo_reference_id" : "3549618",
      "name" : "(2010 UD)",
      "nasa_jpl_url" : "http://ssd.jpl.nasa.gov/sbdb.cgi?sstr=3549618",
      "absolute_magnitude_h" : 21.0,
      "estimated_diameter" : {
        "kilometers" : {
          "estimated_diameter_min" : 0.1677084622,
          "estimated_diameter_max" : 0.3750075218
        },
        "meters" : {
          "estimated_diameter_min" : 167.7084621628,
          "estimated_diameter_max" : 375.0075217981
        },
        "miles" : {
          "estimated_diameter_min" : 0.1042091748,
          "estimated_diameter_max" : 0.2330187988
        },
        "feet" : {
          "estimated_diameter_min" : 550.2246310023,
          "estimated_diameter_max" : 1230.3396778159
        }
      },
      "is_potentially_hazardous_asteroid" : true,
      "close_approach_data" : [ {
        "close_approach_date" : "2001-03-22",
        "epoch_date_close_approach" : 985248000000,
        "relative_velocity" : {
          "kilometers_per_second" : "26.5100593454",
          "kilometers_per_hour" : "95436.2136433637",
          "miles_per_hour" : "59300.3517496778"
        },
        "miss_distance" : {
          "astronomical" : "0.477393414",
          "lunar" : "185.7060394287",
          "kilometers" : "71417040",
          "miles" : "44376492"
        },
        "orbiting_body" : "Earth"
      } ],
      "orbital_data" : {
        "orbit_id" : "31",
        "orbit_determination_date" : "2017-04-16 06:14:05",
        "orbit_uncertainty" : "0",
        "minimum_orbit_intersection" : ".0132848",
        "jupiter_tisserand_invariant" : "5.534",
        "epoch_osculation" : "2458000.5",
        "eccentricity" : ".2639759376057816",
        "semi_major_axis" : "1.09779816223086",
        "inclination" : "26.28911314058858",
        "ascending_node_longitude" : "23.76340270307534",
        "orbital_period" : "420.1285314271053",
        "perihelion_distance" : ".8080058630540645",
        "perihelion_argument" : "262.2292654422288",
        "aphelion_distance" : "1.387590461407655",
        "perihelion_time" : "2457927.852821790671",
        "mean_anomaly" : "62.24995971237964",
        "mean_motion" : ".8568806283570913",
        "equinox" : "J2000"
      }
    } ]
  }
}