{
  "links" : {
    "next" : "https://api.nasa.gov/neo/rest/v1/feed?start_date=2005-10-16&end_date=2005-10-16&detailed=true&api_key=t0TVs3DtDT2H8Oy2Zy8m2eVrNsAVKAexjcZXUckd",
    "prev" : "https://api.nasa.gov/neo/rest/v1/feed?start_date=2005-10-14&end_date=2005-10-14&detailed=true&api_key=t0TVs3DtDT2H8Oy2Zy8m2eVrNsAVKAexjcZXUckd",
    "self" : "https://api.nasa.gov/neo/rest/v1/feed?start_date=2005-10-15&end_date=2005-10-15&detailed=true&api_key=t0TVs3DtDT2H8Oy2Zy8m2eVrNsAVKAexjcZXUckd"
  },
  "element_count" : 10,
  "near_earth_objects" : {
    "2005-10-15" : [ {
      "links" : {
        "self" : "https://api.nasa.gov/neo/rest/v1/neo/3432639?api_key=t0TVs3DtDT2H8Oy2Zy8m2eVrNsAVKAexjcZXUckd"
      },
      "neo_reference_id" : "3432639",
      "name" : "(2008 UR)",
      "nasa_jpl_url" : "http://ssd.jpl.nasa.gov/sbdb.cgi?sstr=3432639",
      "absolute_magnitude_h" : 26.9,
      "estimated_diameter" : {
        "kilometers" : {
          "estimated_diameter_min" : 0.0110803882,
          "estimated_diameter_max" : 0.0247765013
        },
        "meters" : {
          "estimated_diameter_min" : 11.0803882126,
          "estimated_diameter_max" : 24.7765012606
        },
        "miles" : {
          "estimated_diameter_min" : 0.0068850319,
          "estimated_diameter_max" : 0.0153953994
        },
        "feet" : {
          "estimated_diameter_min" : 36.3529808636,
          "estimated_diameter_max" : 81.2877363957
        }
      },
      "is_potentially_hazardous_asteroid" : false,
      "close_approach_data" : [ {
        "close_approach_date" : "2005-10-15",
        "epoch_date_close_approach" : 1129359600000,
        "relative_velocity" : {
          "kilometers_per_second" : "9.5505837589",
          "kilometers_per_hour" : "34382.1015318821",
          "miles_per_hour" : "21363.7008101853"
        },
        "miss_distance" : {
          "astronomical" : "0.1420631005",
          "lunar" : "55.2625427246",
          "kilometers" : "21252336",
          "miles" : "13205590"
        },
        "orbiting_body" : "Earth"
      } ],
      "orbital_data" : {
        "orbit_id" : "9",
        "orbit_determination_date" : "2017-04-06 09:02:32",
        "orbit_uncertainty" : "7",
        "minimum_orbit_intersection" : ".0205245",
        "jupiter_tisserand_invariant" : "4.920",
        "epoch_osculation" : "2458000.5",
        "eccentricity" : ".2713229574163871",
        "semi_major_axis" : "1.31549175657626",
        "inclination" : "4.851779863419434",
        "ascending_node_longitude" : "205.8532471257844",
        "orbital_period" : "551.1002693768269",
        "perihelion_distance" : ".9585686427251108",
        "perihelion_argument" : "229.5547697753329",
        "aphelion_distance" : "1.672414870427408",
        "perihelion_time" : "2458105.357281189750",
        "mean_anomaly" : "291.5031704285037",
        "mean_motion" : ".6532386572902257",
        "equinox" : "J2000"
      }
    }, {
      "links" : {
        "self" : "https://api.nasa.gov/neo/rest/v1/neo/2155110?api_key=t0TVs3DtDT2H8Oy2Zy8m2eVrNsAVKAexjcZXUckd"
      },
      "neo_reference_id" : "2155110",
      "name" : "155110 (2005 TB)",
      "nasa_jpl_url" : "http://ssd.jpl.nasa.gov/sbdb.cgi?sstr=2155110",
      "absolute_magnitude_h" : 17.5,
      "estimated_diameter" : {
        "kilometers" : {
          "estimated_diameter_min" : 0.8405334021,
          "estimated_diameter_max" : 1.8794898244
        },
        "meters" : {
          "estimated_diameter_min" : 840.5334020728,
          "estimated_diameter_max" : 1879.4898243938
        },
        "miles" : {
          "estimated_diameter_min" : 0.5222830806,
          "estimated_diameter_max" : 1.1678604717
        },
        "feet" : {
          "estimated_diameter_min" : 2757.6556068564,
          "estimated_diameter_max" : 6166.3053954643
        }
      },
      "is_potentially_hazardous_asteroid" : false,
      "close_approach_data" : [ {
        "close_approach_date" : "2005-10-15",
        "epoch_date_close_approach" : 1129359600000,
        "relative_velocity" : {
          "kilometers_per_second" : "23.1869919814",
          "kilometers_per_hour" : "83473.1711330522",
          "miles_per_hour" : "51866.9823632013"
        },
        "miss_distance" : {
          "astronomical" : "0.4941222812",
          "lunar" : "192.2135620117",
          "kilometers" : "73919640",
          "miles" : "45931536"
        },
        "orbiting_body" : "Earth"
      } ],
      "orbital_data" : {
        "orbit_id" : "114",
        "orbit_determination_date" : "2017-04-06 09:26:52",
        "orbit_uncertainty" : "0",
        "minimum_orbit_intersection" : ".110469",
        "jupiter_tisserand_invariant" : "4.921",
        "epoch_osculation" : "2458000.5",
        "eccentricity" : ".3484160396786858",
        "semi_major_axis" : "1.261418807514132",
        "inclination" : "30.38451461410279",
        "ascending_node_longitude" : "226.1933721068898",
        "orbital_period" : "517.4726247946247",
        "perihelion_distance" : ".8219202622238476",
        "perihelion_argument" : "44.75261960110248",
        "aphelion_distance" : "1.700917352804416",
        "perihelion_time" : "2458242.702765123981",
        "mean_anomaly" : "191.5022065578088",
        "mean_motion" : ".6956889751276742",
        "equinox" : "J2000"
      }
    }, {
      "links" : {
        "self" : "https://api.nasa.gov/neo/rest/v1/neo/2339714?api_key=t0TVs3DtDT2H8Oy2Zy8m2eVrNsAVKAexjcZXUckd"
      },
      "neo_reference_id" : "2339714",
      "name" : "339714 (2005 ST1)",
      "nasa_jpl_url" : "http://ssd.jpl.nasa.gov/sbdb.cgi?sstr=2339714",
      "absolute_magnitude_h" : 20.4,
      "estimated_diameter" : {
        "kilometers" : {
          "estimated_diameter_min" : 0.2210828104,
          "estimated_diameter_max" : 0.4943561926
        },
        "meters" : {
          "estimated_diameter_min" : 221.0828103591,
          "estimated_diameter_max" : 494.3561926196
        },
        "miles" : {
          "estimated_diameter_min" : 0.137374447,
          "estimated_diameter_max" : 0.3071786018
        },
        "feet" : {
          "estimated_diameter_min" : 725.3373275385,
          "estimated_diameter_max" : 1621.9035709942
        }
      },
      "is_potentially_hazardous_asteroid" : false,
      "close_approach_data" : [ {
        "close_approach_date" : "2005-10-15",
        "epoch_date_close_approach" : 1129359600000,
        "relative_velocity" : {
          "kilometers_per_second" : "12.376514422",
          "kilometers_per_hour" : "44555.4519191438",
          "miles_per_hour" : "27685.0251105369"
        },
        "miss_distance" : {
          "astronomical" : "0.1428854028",
          "lunar" : "55.5824203491",
          "kilometers" : "21375352",
          "miles" : "13282028"
        },
        "orbiting_body" : "Earth"
      } ],
      "orbital_data" : {
        "orbit_id" : "49",
        "orbit_determination_date" : "2017-04-06 09:23:19",
        "orbit_uncertainty" : "0",
        "minimum_orbit_intersection" : ".128112",
        "jupiter_tisserand_invariant" : "4.505",
        "epoch_osculation" : "2458000.5",
        "eccentricity" : ".3709893787030948",
        "semi_major_axis" : "1.451385289657166",
        "inclination" : "20.23443921276045",
        "ascending_node_longitude" : "7.615882943344214",
        "orbital_period" : "638.6640966620855",
        "perihelion_distance" : ".9129367627884425",
        "perihelion_argument" : "80.59708003555934",
        "aphelion_distance" : "1.989833816525889",
        "perihelion_time" : "2458189.397930738898",
        "mean_anomaly" : "253.5226585909315",
        "mean_motion" : ".5636765897464789",
        "equinox" : "J2000"
      }
    }, {
      "links" : {
        "self" : "https://api.nasa.gov/neo/rest/v1/neo/3392366?api_key=t0TVs3DtDT2H8Oy2Zy8m2eVrNsAVKAexjcZXUckd"
      },
      "neo_reference_id" : "3392366",
      "name" : "(2007 VU6)",
      "nasa_jpl_url" : "http://ssd.jpl.nasa.gov/sbdb.cgi?sstr=3392366",
      "absolute_magnitude_h" : 26.5,
      "estimated_diameter" : {
        "kilometers" : {
          "estimated_diameter_min" : 0.0133215567,
          "estimated_diameter_max" : 0.0297879063
        },
        "meters" : {
          "estimated_diameter_min" : 13.3215566698,
          "estimated_diameter_max" : 29.7879062798
        },
        "miles" : {
          "estimated_diameter_min" : 0.008277629,
          "estimated_diameter_max" : 0.0185093411
        },
        "feet" : {
          "estimated_diameter_min" : 43.7058959846,
          "estimated_diameter_max" : 97.7293544391
        }
      },
      "is_potentially_hazardous_asteroid" : false,
      "close_approach_data" : [ {
        "close_approach_date" : "2005-10-15",
        "epoch_date_close_approach" : 1129359600000,
        "relative_velocity" : {
          "kilometers_per_second" : "14.9955132285",
          "kilometers_per_hour" : "53983.847622623",
          "miles_per_hour" : "33543.463540846"
        },
        "miss_distance" : {
          "astronomical" : "0.394208217",
          "lunar" : "153.3470001221",
          "kilometers" : "58972712",
          "miles" : "36643944"
        },
        "orbiting_body" : "Earth"
      } ],
      "orbital_data" : {
        "orbit_id" : "7",
        "orbit_determination_date" : "2017-04-06 09:05:23",
        "orbit_uncertainty" : "6",
        "minimum_orbit_intersection" : ".0116954",
        "jupiter_tisserand_invariant" : "6.193",
        "epoch_osculation" : "2458000.5",
        "eccentricity" : ".09050173943128019",
        "semi_major_axis" : ".9761682153135721",
        "inclination" : "1.223749792868511",
        "ascending_node_longitude" : "220.269189163248",
        "orbital_period" : "352.2779178929347",
        "perihelion_distance" : ".8878232938501655",
        "perihelion_argument" : "34.80053373793731",
        "aphelion_distance" : "1.064513136776979",
        "perihelion_time" : "2458145.552091289808",
        "mean_anomaly" : "211.7683050454458",
        "mean_motion" : "1.021920426217042",
        "equinox" : "J2000"
      }
    }, {
      "links" : {
        "self" : "https://api.nasa.gov/neo/rest/v1/neo/3581238?api_key=t0TVs3DtDT2H8Oy2Zy8m2eVrNsAVKAexjcZXUckd"
      },
      "neo_reference_id" : "3581238",
      "name" : "(2011 TG2)",
      "nasa_jpl_url" : "http://ssd.jpl.nasa.gov/sbdb.cgi?sstr=3581238",
      "absolute_magnitude_h" : 20.4,
      "estimated_diameter" : {
        "kilometers" : {
          "estimated_diameter_min" : 0.2210828104,
          "estimated_diameter_max" : 0.4943561926
        },
        "meters" : {
          "estimated_diameter_min" : 221.0828103591,
          "estimated_diameter_max" : 494.3561926196
        },
        "miles" : {
          "estimated_diameter_min" : 0.137374447,
          "estimated_diameter_max" : 0.3071786018
        },
        "feet" : {
          "estimated_diameter_min" : 725.3373275385,
          "estimated_diameter_max" : 1621.9035709942
        }
      },
      "is_potentially_hazardous_asteroid" : false,
      "close_approach_data" : [ {
        "close_approach_date" : "2005-10-15",
        "epoch_date_close_approach" : 1129359600000,
        "relative_velocity" : {
          "kilometers_per_second" : "32.249776538",
          "kilometers_per_hour" : "116099.1955367662",
          "miles_per_hour" : "72139.5251378312"
        },
        "miss_distance" : {
          "astronomical" : "0.4768246334",
          "lunar" : "185.4847869873",
          "kilometers" : "71331952",
          "miles" : "44323620"
        },
        "orbiting_body" : "Earth"
      } ],
      "orbital_data" : {
        "orbit_id" : "24",
        "orbit_determination_date" : "2017-04-06 08:52:33",
        "orbit_uncertainty" : "1",
        "minimum_orbit_intersection" : ".0511177",
        "jupiter_tisserand_invariant" : "6.484",
        "epoch_osculation" : "2458000.5",
        "eccentricity" : ".5147876322815463",
        "semi_major_axis" : ".8938575799171852",
        "inclination" : "21.09358036965412",
        "ascending_node_longitude" : "12.96137180959469",
        "orbital_period" : "308.6746169245088",
        "perihelion_distance" : ".4337107527547043",
        "perihelion_argument" : "218.6192689166658",
        "aphelion_distance" : "1.354004407079666",
        "perihelion_time" : "2457927.519776900601",
        "mean_anomaly" : "85.1151305460568",
        "mean_motion" : "1.166276655939104",
        "equinox" : "J2000"
      }
    }, {
      "links" : {
        "self" : "https://api.nasa.gov/neo/rest/v1/neo/3710217?api_key=t0TVs3DtDT2H8Oy2Zy8m2eVrNsAVKAexjcZXUckd"
      },
      "neo_reference_id" : "3710217",
      "name" : "(2015 CJ13)",
      "nasa_jpl_url" : "http://ssd.jpl.nasa.gov/sbdb.cgi?sstr=3710217",
      "absolute_magnitude_h" : 24.0,
      "estimated_diameter" : {
        "kilometers" : {
          "estimated_diameter_min" : 0.0421264611,
          "estimated_diameter_max" : 0.0941976306
        },
        "meters" : {
          "estimated_diameter_min" : 42.1264610556,
          "estimated_diameter_max" : 94.1976305719
        },
        "miles" : {
          "estimated_diameter_min" : 0.0261761612,
          "estimated_diameter_max" : 0.0585316759
        },
        "feet" : {
          "estimated_diameter_min" : 138.2101784897,
          "estimated_diameter_max" : 309.0473542854
        }
      },
      "is_potentially_hazardous_asteroid" : false,
      "close_approach_data" : [ {
        "close_approach_date" : "2005-10-15",
        "epoch_date_close_approach" : 1129359600000,
        "relative_velocity" : {
          "kilometers_per_second" : "25.0189313507",
          "kilometers_per_hour" : "90068.1528625841",
          "miles_per_hour" : "55964.8475384206"
        },
        "miss_distance" : {
          "astronomical" : "0.4293307104",
          "lunar" : "167.0096435547",
          "kilometers" : "64226960",
          "miles" : "39908784"
        },
        "orbiting_body" : "Earth"
      } ],
      "orbital_data" : {
        "orbit_id" : "6",
        "orbit_determination_date" : "2017-04-06 08:35:42",
        "orbit_uncertainty" : "7",
        "minimum_orbit_intersection" : ".0113128",
        "jupiter_tisserand_invariant" : "6.072",
        "epoch_osculation" : "2458000.5",
        "eccentricity" : ".3795707687475627",
        "semi_major_axis" : ".9793112486685707",
        "inclination" : "19.01029555917184",
        "ascending_node_longitude" : "324.8441669840906",
        "orbital_period" : "353.9806654308964",
        "perihelion_distance" : ".6075933251683058",
        "perihelion_argument" : "295.8555862499712",
        "aphelion_distance" : "1.351029172168835",
        "perihelion_time" : "2457847.510067844390",
        "mean_anomaly" : "155.5914798594317",
        "mean_motion" : "1.017004698722108",
        "equinox" : "J2000"
      }
    }, {
      "links" : {
        "self" : "https://api.nasa.gov/neo/rest/v1/neo/3734471?api_key=t0TVs3DtDT2H8Oy2Zy8m2eVrNsAVKAexjcZXUckd"
      },
      "neo_reference_id" : "3734471",
      "name" : "(2015 VG105)",
      "nasa_jpl_url" : "http://ssd.jpl.nasa.gov/sbdb.cgi?sstr=3734471",
      "absolute_magnitude_h" : 24.0,
      "estimated_diameter" : {
        "kilometers" : {
          "estimated_diameter_min" : 0.0421264611,
          "estimated_diameter_max" : 0.0941976306
        },
        "meters" : {
          "estimated_diameter_min" : 42.1264610556,
          "estimated_diameter_max" : 94.1976305719
        },
        "miles" : {
          "estimated_diameter_min" : 0.0261761612,
          "estimated_diameter_max" : 0.0585316759
        },
        "feet" : {
          "estimated_diameter_min" : 138.2101784897,
          "estimated_diameter_max" : 309.0473542854
        }
      },
      "is_potentially_hazardous_asteroid" : false,
      "close_approach_data" : [ {
        "close_approach_date" : "2005-10-15",
        "epoch_date_close_approach" : 1129359600000,
        "relative_velocity" : {
          "kilometers_per_second" : "15.7307967641",
          "kilometers_per_hour" : "56630.8683507031",
          "miles_per_hour" : "35188.2192815799"
        },
        "miss_distance" : {
          "astronomical" : "0.4758271362",
          "lunar" : "185.0967559814",
          "kilometers" : "71182728",
          "miles" : "44230896"
        },
        "orbiting_body" : "Earth"
      } ],
      "orbital_data" : {
        "orbit_id" : "21",
        "orbit_determination_date" : "2017-04-06 08:30:42",
        "orbit_uncertainty" : "7",
        "minimum_orbit_intersection" : ".0436897",
        "jupiter_tisserand_invariant" : "5.031",
        "epoch_osculation" : "2458000.5",
        "eccentricity" : ".1902737435587748",
        "semi_major_axis" : "1.274958480369188",
        "inclination" : "12.24208817084726",
        "ascending_node_longitude" : "50.85095475993387",
        "orbital_period" : "525.8265247765248",
        "perihelion_distance" : "1.032367357427336",
        "perihelion_argument" : "3.005292686690929",
        "aphelion_distance" : "1.51754960331104",
        "perihelion_time" : "2457869.247300925946",
        "mean_anomaly" : "89.86038063930138",
        "mean_motion" : ".6846364400369481",
        "equinox" : "J2000"
      }
    }, {
      "links" : {
        "self" : "https://api.nasa.gov/neo/rest/v1/neo/3742056?api_key=t0TVs3DtDT2H8Oy2Zy8m2eVrNsAVKAexjcZXUckd"
      },
      "neo_reference_id" : "3742056",
      "name" : "(2016 CD31)",
      "nasa_jpl_url" : "http://ssd.jpl.nasa.gov/sbdb.cgi?sstr=3742056",
      "absolute_magnitude_h" : 26.9,
      "estimated_diameter" : {
        "kilometers" : {
          "estimated_diameter_min" : 0.0110803882,
          "estimated_diameter_max" : 0.0247765013
        },
        "meters" : {
          "estimated_diameter_min" : 11.0803882126,
          "estimated_diameter_max" : 24.7765012606
        },
        "miles" : {
          "estimated_diameter_min" : 0.0068850319,
          "estimated_diameter_max" : 0.0153953994
        },
        "feet" : {
          "estimated_diameter_min" : 36.3529808636,
          "estimated_diameter_max" : 81.2877363957
        }
      },
      "is_potentially_hazardous_asteroid" : false,
      "close_approach_data" : [ {
        "close_approach_date" : "2005-10-15",
        "epoch_date_close_approach" : 1129359600000,
        "relative_velocity" : {
          "kilometers_per_second" : "26.6607296803",
          "kilometers_per_hour" : "95978.6268491041",
          "miles_per_hour" : "59637.3862218781"
        },
        "miss_distance" : {
          "astronomical" : "0.3949966807",
          "lunar" : "153.6537017822",
          "kilometers" : "59090660",
          "miles" : "36717236"
        },
        "orbiting_body" : "Earth"
      } ],
      "orbital_data" : {
        "orbit_id" : "8",
        "orbit_determination_date" : "2017-04-06 08:28:36",
        "orbit_uncertainty" : "7",
        "minimum_orbit_intersection" : ".00651007",
        "jupiter_tisserand_invariant" : "5.780",
        "epoch_osculation" : "2458000.5",
        "eccentricity" : ".4542915430425694",
        "semi_major_axis" : "1.044521498428156",
        "inclination" : ".451647491729868",
        "ascending_node_longitude" : "241.176781289648",
        "orbital_period" : "389.9190929019479",
        "perihelion_distance" : ".5700042151660926",
        "perihelion_argument" : "12.07109586095474",
        "aphelion_distance" : "1.51903878169022",
        "perihelion_time" : "2457882.733026734972",
        "mean_anomaly" : "108.7305319159411",
        "mean_motion" : ".9232684589018789",
        "equinox" : "J2000"
      }
    }, {
      "links" : {
        "self" : "https://api.nasa.gov/neo/rest/v1/neo/3767010?api_key=t0TVs3DtDT2H8Oy2Zy8m2eVrNsAVKAexjcZXUckd"
      },
      "neo_reference_id" : "3767010",
      "name" : "(2017 BO6)",
      "nasa_jpl_url" : "http://ssd.jpl.nasa.gov/sbdb.cgi?sstr=3767010",
      "absolute_magnitude_h" : 26.1,
      "estimated_diameter" : {
        "kilometers" : {
          "estimated_diameter_min" : 0.0160160338,
          "estimated_diameter_max" : 0.0358129403
        },
        "meters" : {
          "estimated_diameter_min" : 16.0160337979,
          "estimated_diameter_max" : 35.8129403019
        },
        "miles" : {
          "estimated_diameter_min" : 0.0099518989,
          "estimated_diameter_max" : 0.0222531225
        },
        "feet" : {
          "estimated_diameter_min" : 52.5460443254,
          "estimated_diameter_max" : 117.4965270602
        }
      },
      "is_potentially_hazardous_asteroid" : false,
      "close_approach_data" : [ {
        "close_approach_date" : "2005-10-15",
        "epoch_date_close_approach" : 1129359600000,
        "relative_velocity" : {
          "kilometers_per_second" : "11.5088372069",
          "kilometers_per_hour" : "41431.8139449296",
          "miles_per_hour" : "25744.1179481703"
        },
        "miss_distance" : {
          "astronomical" : "0.1037727718",
          "lunar" : "40.3676109314",
          "kilometers" : "15524186",
          "miles" : "9646282"
        },
        "orbiting_body" : "Earth"
      } ],
      "orbital_data" : {
        "orbit_id" : "7",
        "orbit_determination_date" : "2017-04-06 08:20:50",
        "orbit_uncertainty" : "5",
        "minimum_orbit_intersection" : ".0140297",
        "jupiter_tisserand_invariant" : "6.375",
        "epoch_osculation" : "2458000.5",
        "eccentricity" : ".2754065543803019",
        "semi_major_axis" : ".9357896326756303",
        "inclination" : "1.858840859410166",
        "ascending_node_longitude" : "118.3549715119107",
        "orbital_period" : "330.6479017514127",
        "perihelion_distance" : ".6780670343156265",
        "perihelion_argument" : "142.5988573339084",
        "aphelion_distance" : "1.193512231035634",
        "perihelion_time" : "2457879.184823663203",
        "mean_anomaly" : "132.0845021242001",
        "mean_motion" : "1.088771463823335",
        "equinox" : "J2000"
      }
    }, {
      "links" : {
        "self" : "https://api.nasa.gov/neo/rest/v1/neo/3290880?api_key=t0TVs3DtDT2H8Oy2Zy8m2eVrNsAVKAexjcZXUckd"
      },
      "neo_reference_id" : "3290880",
      "name" : "(2005 SL)",
      "nasa_jpl_url" : "http://ssd.jpl.nasa.gov/sbdb.cgi?sstr=3290880",
      "absolute_magnitude_h" : 22.9,
      "estimated_diameter" : {
        "kilometers" : {
          "estimated_diameter_min" : 0.0699125232,
          "estimated_diameter_max" : 0.1563291544
        },
        "meters" : {
          "estimated_diameter_min" : 69.9125232246,
          "estimated_diameter_max" : 156.3291544087
        },
        "miles" : {
          "estimated_diameter_min" : 0.0434416145,
          "estimated_diameter_max" : 0.097138403
        },
        "feet" : {
          "estimated_diameter_min" : 229.3718026961,
          "estimated_diameter_max" : 512.8909429502
        }
      },
      "is_potentially_hazardous_asteroid" : false,
      "close_approach_data" : [ {
        "close_approach_date" : "2005-10-15",
        "epoch_date_close_approach" : 1129359600000,
        "relative_velocity" : {
          "kilometers_per_second" : "6.7115945557",
          "kilometers_per_hour" : "24161.7404003784",
          "miles_per_hour" : "15013.1658615573"
        },
        "miss_distance" : {
          "astronomical" : "0.0864961014",
          "lunar" : "33.6469841003",
          "kilometers" : "12939632",
          "miles" : "8040315"
        },
        "orbiting_body" : "Earth"
      } ],
      "orbital_data" : {
        "orbit_id" : "10",
        "orbit_determination_date" : "2017-04-06 09:10:30",
        "orbit_uncertainty" : "8",
        "minimum_orbit_intersection" : ".0249195",
        "jupiter_tisserand_invariant" : "5.503",
        "epoch_osculation" : "2453637.5",
        "eccentricity" : ".2986068076780473",
        "semi_major_axis" : "1.126346462296618",
        "inclination" : "6.174119734199969",
        "ascending_node_longitude" : "176.2842222087279",
        "orbital_period" : "436.6228155573725",
        "perihelion_distance" : ".7900117408507632",
        "perihelion_argument" : "289.7466238570377",
        "aphelion_distance" : "1.462681183742474",
        "perihelion_time" : "2453725.194696981890",
        "mean_anomaly" : "287.6948208187896",
        "mean_motion" : ".8245102802070493",
        "equinox" : "J2000"
      }
    } ]
  }
}