{
  "links" : {
    "next" : "https://api.nasa.gov/neo/rest/v1/feed?start_date=2005-09-23&end_date=2005-09-23&detailed=true&api_key=t0TVs3DtDT2H8Oy2Zy8m2eVrNsAVKAexjcZXUckd",
    "prev" : "https://api.nasa.gov/neo/rest/v1/feed?start_date=2005-09-21&end_date=2005-09-21&detailed=true&api_key=t0TVs3DtDT2H8Oy2Zy8m2eVrNsAVKAexjcZXUckd",
    "self" : "https://api.nasa.gov/neo/rest/v1/feed?start_date=2005-09-22&end_date=2005-09-22&detailed=true&api_key=t0TVs3DtDT2H8Oy2Zy8m2eVrNsAVKAexjcZXUckd"
  },
  "element_count" : 7,
  "near_earth_objects" : {
    "2005-09-22" : [ {
      "links" : {
        "self" : "https://api.nasa.gov/neo/rest/v1/neo/2099935?api_key=t0TVs3DtDT2H8Oy2Zy8m2eVrNsAVKAexjcZXUckd"
      },
      "neo_reference_id" : "2099935",
      "name" : "99935 (2002 AV4)",
      "nasa_jpl_url" : "http://ssd.jpl.nasa.gov/sbdb.cgi?sstr=2099935",
      "absolute_magnitude_h" : 16.0,
      "estimated_diameter" : {
        "kilometers" : {
          "estimated_diameter_min" : 1.6770846216,
          "estimated_diameter_max" : 3.750075218
        },
        "meters" : {
          "estimated_diameter_min" : 1677.0846216284,
          "estimated_diameter_max" : 3750.0752179805
        },
        "miles" : {
          "estimated_diameter_min" : 1.0420917484,
          "estimated_diameter_max" : 2.3301879883
        },
        "feet" : {
          "estimated_diameter_min" : 5502.2463100232,
          "estimated_diameter_max" : 12303.3967781592
        }
      },
      "is_potentially_hazardous_asteroid" : false,
      "close_approach_data" : [ {
        "close_approach_date" : "2005-09-22",
        "epoch_date_close_approach" : 1127372400000,
        "relative_velocity" : {
          "kilometers_per_second" : "20.5002045564",
          "kilometers_per_hour" : "73800.736403188",
          "miles_per_hour" : "45856.9075723031"
        },
        "miss_distance" : {
          "astronomical" : "0.4032740325",
          "lunar" : "156.8735961914",
          "kilometers" : "60328936",
          "miles" : "37486664"
        },
        "orbiting_body" : "Earth"
      } ],
      "orbital_data" : {
        "orbit_id" : "212",
        "orbit_determination_date" : "2017-04-06 09:28:12",
        "orbit_uncertainty" : "0",
        "minimum_orbit_intersection" : ".167756",
        "jupiter_tisserand_invariant" : "3.986",
        "epoch_osculation" : "2458000.5",
        "eccentricity" : ".6449498583803954",
        "semi_major_axis" : "1.654296222042958",
        "inclination" : "12.77196041347827",
        "ascending_node_longitude" : "16.37189055485594",
        "orbital_period" : "777.1741444631883",
        "perihelion_distance" : ".5873581079171291",
        "perihelion_argument" : "322.9712554544551",
        "aphelion_distance" : "2.721234336168787",
        "perihelion_time" : "2458288.453218179761",
        "mean_anomaly" : "226.6152762759287",
        "mean_motion" : ".4632166452843849",
        "equinox" : "J2000"
      }
    }, {
      "links" : {
        "self" : "https://api.nasa.gov/neo/rest/v1/neo/2153271?api_key=t0TVs3DtDT2H8Oy2Zy8m2eVrNsAVKAexjcZXUckd"
      },
      "neo_reference_id" : "2153271",
      "name" : "153271 (2001 CL42)",
      "nasa_jpl_url" : "http://ssd.jpl.nasa.gov/sbdb.cgi?sstr=2153271",
      "absolute_magnitude_h" : 17.2,
      "estimated_diameter" : {
        "kilometers" : {
          "estimated_diameter_min" : 0.9650614696,
          "estimated_diameter_max" : 2.1579430484
        },
        "meters" : {
          "estimated_diameter_min" : 965.0614695789,
          "estimated_diameter_max" : 2157.9430484443
        },
        "miles" : {
          "estimated_diameter_min" : 0.5996612104,
          "estimated_diameter_max" : 1.34088323
        },
        "feet" : {
          "estimated_diameter_min" : 3166.2122718533,
          "estimated_diameter_max" : 7079.8658710581
        }
      },
      "is_potentially_hazardous_asteroid" : false,
      "close_approach_data" : [ {
        "close_approach_date" : "2005-09-22",
        "epoch_date_close_approach" : 1127372400000,
        "relative_velocity" : {
          "kilometers_per_second" : "11.2056278046",
          "kilometers_per_hour" : "40340.2600965607",
          "miles_per_hour" : "25065.8688361102"
        },
        "miss_distance" : {
          "astronomical" : "0.4369061143",
          "lunar" : "169.9564819336",
          "kilometers" : "65360228",
          "miles" : "40612964"
        },
        "orbiting_body" : "Earth"
      } ],
      "orbital_data" : {
        "orbit_id" : "175",
        "orbit_determination_date" : "2017-04-06 09:27:07",
        "orbit_uncertainty" : "0",
        "minimum_orbit_intersection" : ".192174",
        "jupiter_tisserand_invariant" : "4.272",
        "epoch_osculation" : "2458000.5",
        "eccentricity" : ".4023364576940164",
        "semi_major_axis" : "1.557179466248208",
        "inclination" : "21.65458955007368",
        "ascending_node_longitude" : "12.07415521830127",
        "orbital_period" : "709.7516801183687",
        "perihelion_distance" : ".9306693958040446",
        "perihelion_argument" : "270.803606312047",
        "aphelion_distance" : "2.183689536692371",
        "perihelion_time" : "2457802.412936624139",
        "mean_anomaly" : "100.4736512964889",
        "mean_motion" : ".5072196517237706",
        "equinox" : "J2000"
      }
    }, {
      "links" : {
        "self" : "https://api.nasa.gov/neo/rest/v1/neo/3288440?api_key=t0TVs3DtDT2H8Oy2Zy8m2eVrNsAVKAexjcZXUckd"
      },
      "neo_reference_id" : "3288440",
      "name" : "(2005 PH2)",
      "nasa_jpl_url" : "http://ssd.jpl.nasa.gov/sbdb.cgi?sstr=3288440",
      "absolute_magnitude_h" : 20.4,
      "estimated_diameter" : {
        "kilometers" : {
          "estimated_diameter_min" : 0.2210828104,
          "estimated_diameter_max" : 0.4943561926
        },
        "meters" : {
          "estimated_diameter_min" : 221.0828103591,
          "estimated_diameter_max" : 494.3561926196
        },
        "miles" : {
          "estimated_diameter_min" : 0.137374447,
          "estimated_diameter_max" : 0.3071786018
        },
        "feet" : {
          "estimated_diameter_min" : 725.3373275385,
          "estimated_diameter_max" : 1621.9035709942
        }
      },
      "is_potentially_hazardous_asteroid" : false,
      "close_approach_data" : [ {
        "close_approach_date" : "2005-09-22",
        "epoch_date_close_approach" : 1127372400000,
        "relative_velocity" : {
          "kilometers_per_second" : "11.3508847507",
          "kilometers_per_hour" : "40863.1851024246",
          "miles_per_hour" : "25390.7940987816"
        },
        "miss_distance" : {
          "astronomical" : "0.260587409",
          "lunar" : "101.3684997559",
          "kilometers" : "38983320",
          "miles" : "24223112"
        },
        "orbiting_body" : "Earth"
      } ],
      "orbital_data" : {
        "orbit_id" : "25",
        "orbit_determination_date" : "2017-04-06 09:10:41",
        "orbit_uncertainty" : "1",
        "minimum_orbit_intersection" : ".0906871",
        "jupiter_tisserand_invariant" : "4.485",
        "epoch_osculation" : "2458000.5",
        "eccentricity" : ".6042344362209264",
        "semi_major_axis" : "1.42318441825118",
        "inclination" : "5.757032313972039",
        "ascending_node_longitude" : "96.44624130787687",
        "orbital_period" : "620.1406458262044",
        "perihelion_distance" : ".5632473836507712",
        "perihelion_argument" : "343.4988284792796",
        "aphelion_distance" : "2.28312145285159",
        "perihelion_time" : "2458023.829487054704",
        "mean_anomaly" : "346.4569184487106",
        "mean_motion" : ".5805134729080323",
        "equinox" : "J2000"
      }
    }, {
      "links" : {
        "self" : "https://api.nasa.gov/neo/rest/v1/neo/3288866?api_key=t0TVs3DtDT2H8Oy2Zy8m2eVrNsAVKAexjcZXUckd"
      },
      "neo_reference_id" : "3288866",
      "name" : "(2005 QS10)",
      "nasa_jpl_url" : "http://ssd.jpl.nasa.gov/sbdb.cgi?sstr=3288866",
      "absolute_magnitude_h" : 18.8,
      "estimated_diameter" : {
        "kilometers" : {
          "estimated_diameter_min" : 0.4619074603,
          "estimated_diameter_max" : 1.0328564805
        },
        "meters" : {
          "estimated_diameter_min" : 461.9074602816,
          "estimated_diameter_max" : 1032.8564805039
        },
        "miles" : {
          "estimated_diameter_min" : 0.2870159005,
          "estimated_diameter_max" : 0.6417870641
        },
        "feet" : {
          "estimated_diameter_min" : 1515.4444719902,
          "estimated_diameter_max" : 3388.6368554964
        }
      },
      "is_potentially_hazardous_asteroid" : false,
      "close_approach_data" : [ {
        "close_approach_date" : "2005-09-22",
        "epoch_date_close_approach" : 1127372400000,
        "relative_velocity" : {
          "kilometers_per_second" : "8.7974022568",
          "kilometers_per_hour" : "31670.6481244385",
          "miles_per_hour" : "19678.9091082101"
        },
        "miss_distance" : {
          "astronomical" : "0.3276245629",
          "lunar" : "127.4459533691",
          "kilometers" : "49011936",
          "miles" : "30454606"
        },
        "orbiting_body" : "Earth"
      } ],
      "orbital_data" : {
        "orbit_id" : "22",
        "orbit_determination_date" : "2017-04-06 09:10:38",
        "orbit_uncertainty" : "1",
        "minimum_orbit_intersection" : ".318011",
        "jupiter_tisserand_invariant" : "3.302",
        "epoch_osculation" : "2458000.5",
        "eccentricity" : ".48038737010923",
        "semi_major_axis" : "2.418403912420212",
        "inclination" : "15.80583514084789",
        "ascending_node_longitude" : "150.794914153282",
        "orbital_period" : "1373.699316021786",
        "perihelion_distance" : "1.256633217070794",
        "perihelion_argument" : "229.8817764955708",
        "aphelion_distance" : "3.58017460776963",
        "perihelion_time" : "2457777.791403867829",
        "mean_anomaly" : "58.3643696058374",
        "mean_motion" : ".2620660837500852",
        "equinox" : "J2000"
      }
    }, {
      "links" : {
        "self" : "https://api.nasa.gov/neo/rest/v1/neo/3608620?api_key=t0TVs3DtDT2H8Oy2Zy8m2eVrNsAVKAexjcZXUckd"
      },
      "neo_reference_id" : "3608620",
      "name" : "(2012 RJ15)",
      "nasa_jpl_url" : "http://ssd.jpl.nasa.gov/sbdb.cgi?sstr=3608620",
      "absolute_magnitude_h" : 23.6,
      "estimated_diameter" : {
        "kilometers" : {
          "estimated_diameter_min" : 0.0506471459,
          "estimated_diameter_max" : 0.1132504611
        },
        "meters" : {
          "estimated_diameter_min" : 50.6471458835,
          "estimated_diameter_max" : 113.2504610618
        },
        "miles" : {
          "estimated_diameter_min" : 0.0314706677,
          "estimated_diameter_max" : 0.0703705522
        },
        "feet" : {
          "estimated_diameter_min" : 166.1651821003,
          "estimated_diameter_max" : 371.5566426699
        }
      },
      "is_potentially_hazardous_asteroid" : false,
      "close_approach_data" : [ {
        "close_approach_date" : "2005-09-22",
        "epoch_date_close_approach" : 1127372400000,
        "relative_velocity" : {
          "kilometers_per_second" : "18.254309191",
          "kilometers_per_hour" : "65715.5130874607",
          "miles_per_hour" : "40833.0642292613"
        },
        "miss_distance" : {
          "astronomical" : "0.4068538497",
          "lunar" : "158.2661437988",
          "kilometers" : "60864472",
          "miles" : "37819428"
        },
        "orbiting_body" : "Earth"
      } ],
      "orbital_data" : {
        "orbit_id" : "8",
        "orbit_determination_date" : "2017-04-06 08:49:02",
        "orbit_uncertainty" : "7",
        "minimum_orbit_intersection" : ".0861491",
        "jupiter_tisserand_invariant" : "5.954",
        "epoch_osculation" : "2458000.5",
        "eccentricity" : ".1239925543832356",
        "semi_major_axis" : "1.008238435439085",
        "inclination" : "24.77533426614956",
        "ascending_node_longitude" : "175.8704579198972",
        "orbital_period" : "369.7799001578682",
        "perihelion_distance" : ".8832243764016361",
        "perihelion_argument" : "320.1370432840499",
        "aphelion_distance" : "1.133252494476534",
        "perihelion_time" : "2458175.427502636841",
        "mean_anomaly" : "189.6989616732073",
        "mean_motion" : ".9735521044986682",
        "equinox" : "J2000"
      }
    }, {
      "links" : {
        "self" : "https://api.nasa.gov/neo/rest/v1/neo/3690061?api_key=t0TVs3DtDT2H8Oy2Zy8m2eVrNsAVKAexjcZXUckd"
      },
      "neo_reference_id" : "3690061",
      "name" : "(2014 SH144)",
      "nasa_jpl_url" : "http://ssd.jpl.nasa.gov/sbdb.cgi?sstr=3690061",
      "absolute_magnitude_h" : 25.0,
      "estimated_diameter" : {
        "kilometers" : {
          "estimated_diameter_min" : 0.02658,
          "estimated_diameter_max" : 0.0594346868
        },
        "meters" : {
          "estimated_diameter_min" : 26.58,
          "estimated_diameter_max" : 59.4346868419
        },
        "miles" : {
          "estimated_diameter_min" : 0.0165160412,
          "estimated_diameter_max" : 0.0369309908
        },
        "feet" : {
          "estimated_diameter_min" : 87.2047272,
          "estimated_diameter_max" : 194.9956979785
        }
      },
      "is_potentially_hazardous_asteroid" : false,
      "close_approach_data" : [ {
        "close_approach_date" : "2005-09-22",
        "epoch_date_close_approach" : 1127372400000,
        "relative_velocity" : {
          "kilometers_per_second" : "11.1801705109",
          "kilometers_per_hour" : "40248.613839222",
          "miles_per_hour" : "25008.923415821"
        },
        "miss_distance" : {
          "astronomical" : "0.1245872812",
          "lunar" : "48.4644546509",
          "kilometers" : "18637992",
          "miles" : "11581112"
        },
        "orbiting_body" : "Earth"
      } ],
      "orbital_data" : {
        "orbit_id" : "10",
        "orbit_determination_date" : "2017-04-06 08:38:31",
        "orbit_uncertainty" : "7",
        "minimum_orbit_intersection" : ".0607399",
        "jupiter_tisserand_invariant" : "6.357",
        "epoch_osculation" : "2458000.5",
        "eccentricity" : ".2023680576037819",
        "semi_major_axis" : ".9311372966414956",
        "inclination" : "21.93629045073118",
        "ascending_node_longitude" : ".9395301433872258",
        "orbital_period" : "328.1852142191202",
        "perihelion_distance" : ".7427048505577197",
        "perihelion_argument" : "143.9691206911181",
        "aphelion_distance" : "1.119569742725272",
        "perihelion_time" : "2458026.151085679076",
        "mean_anomaly" : "331.8622581262852",
        "mean_motion" : "1.096941557396422",
        "equinox" : "J2000"
      }
    }, {
      "links" : {
        "self" : "https://api.nasa.gov/neo/rest/v1/neo/3599302?api_key=t0TVs3DtDT2H8Oy2Zy8m2eVrNsAVKAexjcZXUckd"
      },
      "neo_reference_id" : "3599302",
      "name" : "(2012 CQ36)",
      "nasa_jpl_url" : "http://ssd.jpl.nasa.gov/sbdb.cgi?sstr=3599302",
      "absolute_magnitude_h" : 21.9,
      "estimated_diameter" : {
        "kilometers" : {
          "estimated_diameter_min" : 0.1108038821,
          "estimated_diameter_max" : 0.2477650126
        },
        "meters" : {
          "estimated_diameter_min" : 110.8038821264,
          "estimated_diameter_max" : 247.7650126055
        },
        "miles" : {
          "estimated_diameter_min" : 0.068850319,
          "estimated_diameter_max" : 0.1539539936
        },
        "feet" : {
          "estimated_diameter_min" : 363.5298086356,
          "estimated_diameter_max" : 812.8773639568
        }
      },
      "is_potentially_hazardous_asteroid" : false,
      "close_approach_data" : [ {
        "close_approach_date" : "2005-09-22",
        "epoch_date_close_approach" : 1127372400000,
        "relative_velocity" : {
          "kilometers_per_second" : "29.1874184333",
          "kilometers_per_hour" : "105074.7063598541",
          "miles_per_hour" : "65289.3362934327"
        },
        "miss_distance" : {
          "astronomical" : "0.4878012932",
          "lunar" : "189.754699707",
          "kilometers" : "72974032",
          "miles" : "45343964"
        },
        "orbiting_body" : "Earth"
      } ],
      "orbital_data" : {
        "orbit_id" : "13",
        "orbit_determination_date" : "2017-09-22 06:49:27",
        "orbit_uncertainty" : "0",
        "minimum_orbit_intersection" : ".0603535",
        "jupiter_tisserand_invariant" : "4.563",
        "epoch_osculation" : "2458000.5",
        "eccentricity" : ".5001155695352196",
        "semi_major_axis" : "1.421901717772321",
        "inclination" : "3.801662655952979",
        "ascending_node_longitude" : "90.62121259241472",
        "orbital_period" : "619.3024458368876",
        "perihelion_distance" : ".7107865303655095",
        "perihelion_argument" : "161.1092440727751",
        "aphelion_distance" : "2.133016905179132",
        "perihelion_time" : "2457921.682995845459",
        "mean_anomaly" : "45.81625938404274",
        "mean_motion" : ".5812991736428845",
        "equinox" : "J2000"
      }
    } ]
  }
}