{
  "links" : {
    "next" : "https://api.nasa.gov/neo/rest/v1/feed?start_date=2003-01-09&end_date=2003-01-09&detailed=true&api_key=t0TVs3DtDT2H8Oy2Zy8m2eVrNsAVKAexjcZXUckd",
    "prev" : "https://api.nasa.gov/neo/rest/v1/feed?start_date=2003-01-07&end_date=2003-01-07&detailed=true&api_key=t0TVs3DtDT2H8Oy2Zy8m2eVrNsAVKAexjcZXUckd",
    "self" : "https://api.nasa.gov/neo/rest/v1/feed?start_date=2003-01-08&end_date=2003-01-08&detailed=true&api_key=t0TVs3DtDT2H8Oy2Zy8m2eVrNsAVKAexjcZXUckd"
  },
  "element_count" : 6,
  "near_earth_objects" : {
    "2003-01-08" : [ {
      "links" : {
        "self" : "https://api.nasa.gov/neo/rest/v1/neo/3147550?api_key=t0TVs3DtDT2H8Oy2Zy8m2eVrNsAVKAexjcZXUckd"
      },
      "neo_reference_id" : "3147550",
      "name" : "(2003 BC44)",
      "nasa_jpl_url" : "http://ssd.jpl.nasa.gov/sbdb.cgi?sstr=3147550",
      "absolute_magnitude_h" : 25.5,
      "estimated_diameter" : {
        "kilometers" : {
          "estimated_diameter_min" : 0.0211132445,
          "estimated_diameter_max" : 0.0472106499
        },
        "meters" : {
          "estimated_diameter_min" : 21.113244479,
          "estimated_diameter_max" : 47.2106498806
        },
        "miles" : {
          "estimated_diameter_min" : 0.0131191578,
          "estimated_diameter_max" : 0.0293353287
        },
        "feet" : {
          "estimated_diameter_min" : 69.2691770164,
          "estimated_diameter_max" : 154.8905885541
        }
      },
      "is_potentially_hazardous_asteroid" : false,
      "close_approach_data" : [ {
        "close_approach_date" : "2003-01-08",
        "epoch_date_close_approach" : 1042012800000,
        "relative_velocity" : {
          "kilometers_per_second" : "10.940344087",
          "kilometers_per_hour" : "39385.2387132137",
          "miles_per_hour" : "24472.4556882188"
        },
        "miss_distance" : {
          "astronomical" : "0.0538087601",
          "lunar" : "20.9316082001",
          "kilometers" : "8049676",
          "miles" : "5001837"
        },
        "orbiting_body" : "Earth"
      } ],
      "orbital_data" : {
        "orbit_id" : "6",
        "orbit_determination_date" : "2017-04-06 09:14:23",
        "orbit_uncertainty" : "9",
        "minimum_orbit_intersection" : ".0521375",
        "jupiter_tisserand_invariant" : "3.522",
        "epoch_osculation" : "2452669.5",
        "eccentricity" : ".5563644944238231",
        "semi_major_axis" : "2.103675084741224",
        "inclination" : "7.069443565157683",
        "ascending_node_longitude" : "308.4611196792474",
        "orbital_period" : "1114.464969066807",
        "perihelion_distance" : ".9332649597871796",
        "perihelion_argument" : "120.375801464392",
        "aphelion_distance" : "3.274085209695268",
        "perihelion_time" : "2452618.553093917845",
        "mean_anomaly" : "16.4571222054054",
        "mean_motion" : ".3230249581567777",
        "equinox" : "J2000"
      }
    }, {
      "links" : {
        "self" : "https://api.nasa.gov/neo/rest/v1/neo/2052381?api_key=t0TVs3DtDT2H8Oy2Zy8m2eVrNsAVKAexjcZXUckd"
      },
      "neo_reference_id" : "2052381",
      "name" : "52381 (1993 HA)",
      "nasa_jpl_url" : "http://ssd.jpl.nasa.gov/sbdb.cgi?sstr=2052381",
      "absolute_magnitude_h" : 20.0,
      "estimated_diameter" : {
        "kilometers" : {
          "estimated_diameter_min" : 0.2658,
          "estimated_diameter_max" : 0.5943468684
        },
        "meters" : {
          "estimated_diameter_min" : 265.8,
          "estimated_diameter_max" : 594.3468684194
        },
        "miles" : {
          "estimated_diameter_min" : 0.1651604118,
          "estimated_diameter_max" : 0.369309908
        },
        "feet" : {
          "estimated_diameter_min" : 872.047272,
          "estimated_diameter_max" : 1949.9569797852
        }
      },
      "is_potentially_hazardous_asteroid" : false,
      "close_approach_data" : [ {
        "close_approach_date" : "2003-01-08",
        "epoch_date_close_approach" : 1042012800000,
        "relative_velocity" : {
          "kilometers_per_second" : "1.3966743579",
          "kilometers_per_hour" : "5028.0276882903",
          "miles_per_hour" : "3124.2208710935"
        },
        "miss_distance" : {
          "astronomical" : "0.1814834245",
          "lunar" : "70.5970458984",
          "kilometers" : "27149534",
          "miles" : "16869938"
        },
        "orbiting_body" : "Earth"
      } ],
      "orbital_data" : {
        "orbit_id" : "83",
        "orbit_determination_date" : "2017-04-06 09:29:07",
        "orbit_uncertainty" : "0",
        "minimum_orbit_intersection" : ".168807",
        "jupiter_tisserand_invariant" : "5.043",
        "epoch_osculation" : "2458000.5",
        "eccentricity" : ".1440957653828074",
        "semi_major_axis" : "1.278285379913563",
        "inclination" : "7.725425258340326",
        "ascending_node_longitude" : "183.2874517224604",
        "orbital_period" : "527.8860185963384",
        "perihelion_distance" : "1.094089869717265",
        "perihelion_argument" : "263.8291491175739",
        "aphelion_distance" : "1.46248089010986",
        "perihelion_time" : "2457903.635738659172",
        "mean_anomaly" : "66.05807476284618",
        "mean_motion" : ".6819654003287464",
        "equinox" : "J2000"
      }
    }, {
      "links" : {
        "self" : "https://api.nasa.gov/neo/rest/v1/neo/2267221?api_key=t0TVs3DtDT2H8Oy2Zy8m2eVrNsAVKAexjcZXUckd"
      },
      "neo_reference_id" : "2267221",
      "name" : "267221 (2001 AD2)",
      "nasa_jpl_url" : "http://ssd.jpl.nasa.gov/sbdb.cgi?sstr=2267221",
      "absolute_magnitude_h" : 19.8,
      "estimated_diameter" : {
        "kilometers" : {
          "estimated_diameter_min" : 0.2914439045,
          "estimated_diameter_max" : 0.6516883822
        },
        "meters" : {
          "estimated_diameter_min" : 291.4439045349,
          "estimated_diameter_max" : 651.6883821679
        },
        "miles" : {
          "estimated_diameter_min" : 0.1810947904,
          "estimated_diameter_max" : 0.4049402617
        },
        "feet" : {
          "estimated_diameter_min" : 956.1808197541,
          "estimated_diameter_max" : 2138.0853117517
        }
      },
      "is_potentially_hazardous_asteroid" : true,
      "close_approach_data" : [ {
        "close_approach_date" : "2003-01-08",
        "epoch_date_close_approach" : 1042012800000,
        "relative_velocity" : {
          "kilometers_per_second" : "35.1300407011",
          "kilometers_per_hour" : "126468.1465238275",
          "miles_per_hour" : "78582.3880442083"
        },
        "miss_distance" : {
          "astronomical" : "0.418947736",
          "lunar" : "162.9706726074",
          "kilometers" : "62673688",
          "miles" : "38943624"
        },
        "orbiting_body" : "Earth"
      } ],
      "orbital_data" : {
        "orbit_id" : "80",
        "orbit_determination_date" : "2017-08-05 06:18:39",
        "orbit_uncertainty" : "0",
        "minimum_orbit_intersection" : ".00864628",
        "jupiter_tisserand_invariant" : "5.679",
        "epoch_osculation" : "2458000.5",
        "eccentricity" : ".6596701710312648",
        "semi_major_axis" : "1.039069958449247",
        "inclination" : "1.660280612530236",
        "ascending_node_longitude" : "211.1661458545495",
        "orbital_period" : "386.8704956796536",
        "perihelion_distance" : ".3536265012455829",
        "perihelion_argument" : "111.2704877710451",
        "aphelion_distance" : "1.72451341565291",
        "perihelion_time" : "2458022.991311085227",
        "mean_anomaly" : "339.0708464948791",
        "mean_motion" : ".9305439520983694",
        "equinox" : "J2000"
      }
    }, {
      "links" : {
        "self" : "https://api.nasa.gov/neo/rest/v1/neo/3102762?api_key=t0TVs3DtDT2H8Oy2Zy8m2eVrNsAVKAexjcZXUckd"
      },
      "neo_reference_id" : "3102762",
      "name" : "(2002 AA29)",
      "nasa_jpl_url" : "http://ssd.jpl.nasa.gov/sbdb.cgi?sstr=3102762",
      "absolute_magnitude_h" : 24.1,
      "estimated_diameter" : {
        "kilometers" : {
          "estimated_diameter_min" : 0.040230458,
          "estimated_diameter_max" : 0.0899580388
        },
        "meters" : {
          "estimated_diameter_min" : 40.2304579834,
          "estimated_diameter_max" : 89.9580388169
        },
        "miles" : {
          "estimated_diameter_min" : 0.0249980399,
          "estimated_diameter_max" : 0.0558973165
        },
        "feet" : {
          "estimated_diameter_min" : 131.9896957704,
          "estimated_diameter_max" : 295.1379320721
        }
      },
      "is_potentially_hazardous_asteroid" : false,
      "close_approach_data" : [ {
        "close_approach_date" : "2003-01-08",
        "epoch_date_close_approach" : 1042012800000,
        "relative_velocity" : {
          "kilometers_per_second" : "5.8346965609",
          "kilometers_per_hour" : "21004.9076191971",
          "miles_per_hour" : "13051.6327370505"
        },
        "miss_distance" : {
          "astronomical" : "0.0391095714",
          "lunar" : "15.2136240005",
          "kilometers" : "5850709",
          "miles" : "3635462"
        },
        "orbiting_body" : "Earth"
      } ],
      "orbital_data" : {
        "orbit_id" : "21",
        "orbit_determination_date" : "2017-04-06 09:15:33",
        "orbit_uncertainty" : "0",
        "minimum_orbit_intersection" : ".012946",
        "jupiter_tisserand_invariant" : "6.101",
        "epoch_osculation" : "2458000.5",
        "eccentricity" : ".01296125557883429",
        "semi_major_axis" : ".9925462692961411",
        "inclination" : "10.74760091756775",
        "ascending_node_longitude" : "106.3717237836368",
        "orbital_period" : "361.1807278371487",
        "perihelion_distance" : ".9796816234259753",
        "perihelion_argument" : "101.6388260670472",
        "aphelion_distance" : "1.005410915166307",
        "perihelion_time" : "2458172.580482216544",
        "mean_anomaly" : "188.4820622381388",
        "mean_motion" : ".9967309223716914",
        "equinox" : "J2000"
      }
    }, {
      "links" : {
        "self" : "https://api.nasa.gov/neo/rest/v1/neo/3449126?api_key=t0TVs3DtDT2H8Oy2Zy8m2eVrNsAVKAexjcZXUckd"
      },
      "neo_reference_id" : "3449126",
      "name" : "(2009 EB1)",
      "nasa_jpl_url" : "http://ssd.jpl.nasa.gov/sbdb.cgi?sstr=3449126",
      "absolute_magnitude_h" : 20.7,
      "estimated_diameter" : {
        "kilometers" : {
          "estimated_diameter_min" : 0.1925550782,
          "estimated_diameter_max" : 0.4305662442
        },
        "meters" : {
          "estimated_diameter_min" : 192.5550781879,
          "estimated_diameter_max" : 430.566244241
        },
        "miles" : {
          "estimated_diameter_min" : 0.1196481415,
          "estimated_diameter_max" : 0.2675413778
        },
        "feet" : {
          "estimated_diameter_min" : 631.7424027221,
          "estimated_diameter_max" : 1412.6189567557
        }
      },
      "is_potentially_hazardous_asteroid" : false,
      "close_approach_data" : [ {
        "close_approach_date" : "2003-01-08",
        "epoch_date_close_approach" : 1042012800000,
        "relative_velocity" : {
          "kilometers_per_second" : "10.8168101657",
          "kilometers_per_hour" : "38940.5165964854",
          "miles_per_hour" : "24196.1226596329"
        },
        "miss_distance" : {
          "astronomical" : "0.4030585739",
          "lunar" : "156.7897949219",
          "kilometers" : "60296708",
          "miles" : "37466636"
        },
        "orbiting_body" : "Earth"
      } ],
      "orbital_data" : {
        "orbit_id" : "22",
        "orbit_determination_date" : "2017-01-05 08:17:55",
        "orbit_uncertainty" : "0",
        "minimum_orbit_intersection" : ".19921",
        "jupiter_tisserand_invariant" : "5.505",
        "epoch_osculation" : "2457800.5",
        "eccentricity" : ".4542990145694096",
        "semi_major_axis" : "1.10645686831139",
        "inclination" : "12.5071449323948",
        "ascending_node_longitude" : "151.3520242591488",
        "orbital_period" : "425.1088637963063",
        "perihelion_distance" : ".6037946033739703",
        "perihelion_argument" : "187.5287761591349",
        "aphelion_distance" : "1.609119133248809",
        "perihelion_time" : "2457642.479411602828",
        "mean_anomaly" : "133.8184560890267",
        "mean_motion" : ".8468419048832075",
        "equinox" : "J2000"
      }
    }, {
      "links" : {
        "self" : "https://api.nasa.gov/neo/rest/v1/neo/2481965?api_key=t0TVs3DtDT2H8Oy2Zy8m2eVrNsAVKAexjcZXUckd"
      },
      "neo_reference_id" : "2481965",
      "name" : "481965 (2009 EB1)",
      "nasa_jpl_url" : "http://ssd.jpl.nasa.gov/sbdb.cgi?sstr=2481965",
      "absolute_magnitude_h" : 20.7,
      "estimated_diameter" : {
        "kilometers" : {
          "estimated_diameter_min" : 0.1925550782,
          "estimated_diameter_max" : 0.4305662442
        },
        "meters" : {
          "estimated_diameter_min" : 192.5550781879,
          "estimated_diameter_max" : 430.566244241
        },
        "miles" : {
          "estimated_diameter_min" : 0.1196481415,
          "estimated_diameter_max" : 0.2675413778
        },
        "feet" : {
          "estimated_diameter_min" : 631.7424027221,
          "estimated_diameter_max" : 1412.6189567557
        }
      },
      "is_potentially_hazardous_asteroid" : false,
      "close_approach_data" : [ {
        "close_approach_date" : "2003-01-08",
        "epoch_date_close_approach" : 1042012800000,
        "relative_velocity" : {
          "kilometers_per_second" : "10.8168084704",
          "kilometers_per_hour" : "38940.5104935008",
          "miles_per_hour" : "24196.1188674756"
        },
        "miss_distance" : {
          "astronomical" : "0.4030584618",
          "lunar" : "156.7897491455",
          "kilometers" : "60296688",
          "miles" : "37466624"
        },
        "orbiting_body" : "Earth"
      } ],
      "orbital_data" : {
        "orbit_id" : "27",
        "orbit_determination_date" : "2017-04-06 09:18:46",
        "orbit_uncertainty" : "0",
        "minimum_orbit_intersection" : ".199193",
        "jupiter_tisserand_invariant" : "5.505",
        "epoch_osculation" : "2458000.5",
        "eccentricity" : ".4542151196479987",
        "semi_major_axis" : "1.106468414205424",
        "inclination" : "12.50599868027013",
        "ascending_node_longitude" : "151.3489757483543",
        "orbital_period" : "425.1155178397299",
        "perihelion_distance" : ".6038937310603758",
        "perihelion_argument" : "187.5342905867442",
        "aphelion_distance" : "1.609043097350472",
        "perihelion_time" : "2458067.603442279827",
        "mean_anomaly" : "303.1748825742813",
        "mean_motion" : ".8468286498441144",
        "equinox" : "J2000"
      }
    } ]
  }
}