{
  "links" : {
    "next" : "https://api.nasa.gov/neo/rest/v1/feed?start_date=2005-09-16&end_date=2005-09-16&detailed=true&api_key=t0TVs3DtDT2H8Oy2Zy8m2eVrNsAVKAexjcZXUckd",
    "prev" : "https://api.nasa.gov/neo/rest/v1/feed?start_date=2005-09-14&end_date=2005-09-14&detailed=true&api_key=t0TVs3DtDT2H8Oy2Zy8m2eVrNsAVKAexjcZXUckd",
    "self" : "https://api.nasa.gov/neo/rest/v1/feed?start_date=2005-09-15&end_date=2005-09-15&detailed=true&api_key=t0TVs3DtDT2H8Oy2Zy8m2eVrNsAVKAexjcZXUckd"
  },
  "element_count" : 6,
  "near_earth_objects" : {
    "2005-09-15" : [ {
      "links" : {
        "self" : "https://api.nasa.gov/neo/rest/v1/neo/3291100?api_key=t0TVs3DtDT2H8Oy2Zy8m2eVrNsAVKAexjcZXUckd"
      },
      "neo_reference_id" : "3291100",
      "name" : "(2005 SP1)",
      "nasa_jpl_url" : "http://ssd.jpl.nasa.gov/sbdb.cgi?sstr=3291100",
      "absolute_magnitude_h" : 23.3,
      "estimated_diameter" : {
        "kilometers" : {
          "estimated_diameter_min" : 0.058150704,
          "estimated_diameter_max" : 0.130028927
        },
        "meters" : {
          "estimated_diameter_min" : 58.1507039646,
          "estimated_diameter_max" : 130.0289270043
        },
        "miles" : {
          "estimated_diameter_min" : 0.0361331611,
          "estimated_diameter_max" : 0.0807962044
        },
        "feet" : {
          "estimated_diameter_min" : 190.7831555951,
          "estimated_diameter_max" : 426.6041048727
        }
      },
      "is_potentially_hazardous_asteroid" : false,
      "close_approach_data" : [ {
        "close_approach_date" : "2005-09-15",
        "epoch_date_close_approach" : 1126767600000,
        "relative_velocity" : {
          "kilometers_per_second" : "16.8973687006",
          "kilometers_per_hour" : "60830.5273222198",
          "miles_per_hour" : "37797.7240464093"
        },
        "miss_distance" : {
          "astronomical" : "0.0145385343",
          "lunar" : "5.6554899216",
          "kilometers" : "2174933.75",
          "miles" : "1351441.125"
        },
        "orbiting_body" : "Earth"
      } ],
      "orbital_data" : {
        "orbit_id" : "18",
        "orbit_determination_date" : "2017-04-06 09:10:28",
        "orbit_uncertainty" : "8",
        "minimum_orbit_intersection" : ".0141354",
        "jupiter_tisserand_invariant" : "3.189",
        "epoch_osculation" : "2453642.5",
        "eccentricity" : ".668062867259075",
        "semi_major_axis" : "2.377534709474642",
        "inclination" : "5.981392980695345",
        "ascending_node_longitude" : "180.1862272482878",
        "orbital_period" : "1339.025123983604",
        "perihelion_distance" : ".7891920544550408",
        "perihelion_argument" : "109.6363889693866",
        "aphelion_distance" : "3.965877364494244",
        "perihelion_time" : "2453588.069854534201",
        "mean_anomaly" : "14.63367043434771",
        "mean_motion" : ".2688523116944952",
        "equinox" : "J2000"
      }
    }, {
      "links" : {
        "self" : "https://api.nasa.gov/neo/rest/v1/neo/2434632?api_key=t0TVs3DtDT2H8Oy2Zy8m2eVrNsAVKAexjcZXUckd"
      },
      "neo_reference_id" : "2434632",
      "name" : "434632 (2005 WE)",
      "nasa_jpl_url" : "http://ssd.jpl.nasa.gov/sbdb.cgi?sstr=2434632",
      "absolute_magnitude_h" : 19.8,
      "estimated_diameter" : {
        "kilometers" : {
          "estimated_diameter_min" : 0.2914439045,
          "estimated_diameter_max" : 0.6516883822
        },
        "meters" : {
          "estimated_diameter_min" : 291.4439045349,
          "estimated_diameter_max" : 651.6883821679
        },
        "miles" : {
          "estimated_diameter_min" : 0.1810947904,
          "estimated_diameter_max" : 0.4049402617
        },
        "feet" : {
          "estimated_diameter_min" : 956.1808197541,
          "estimated_diameter_max" : 2138.0853117517
        }
      },
      "is_potentially_hazardous_asteroid" : false,
      "close_approach_data" : [ {
        "close_approach_date" : "2005-09-15",
        "epoch_date_close_approach" : 1126767600000,
        "relative_velocity" : {
          "kilometers_per_second" : "8.084588828",
          "kilometers_per_hour" : "29104.5197808881",
          "miles_per_hour" : "18084.416749408"
        },
        "miss_distance" : {
          "astronomical" : "0.2094577976",
          "lunar" : "81.4790878296",
          "kilometers" : "31334442",
          "miles" : "19470320"
        },
        "orbiting_body" : "Earth"
      } ],
      "orbital_data" : {
        "orbit_id" : "44",
        "orbit_determination_date" : "2017-04-06 09:20:48",
        "orbit_uncertainty" : "0",
        "minimum_orbit_intersection" : ".127077",
        "jupiter_tisserand_invariant" : "5.409",
        "epoch_osculation" : "2458000.5",
        "eccentricity" : ".2513969702048102",
        "semi_major_axis" : "1.151234841946835",
        "inclination" : "12.36463348869641",
        "ascending_node_longitude" : "289.9485691790042",
        "orbital_period" : "451.1742596395365",
        "perihelion_distance" : ".8618178906871873",
        "perihelion_argument" : "22.62495531962762",
        "aphelion_distance" : "1.440651793206483",
        "perihelion_time" : "2458112.348931959110",
        "mean_anomaly" : "270.7537395031142",
        "mean_motion" : ".7979178605792366",
        "equinox" : "J2000"
      }
    }, {
      "links" : {
        "self" : "https://api.nasa.gov/neo/rest/v1/neo/3321534?api_key=t0TVs3DtDT2H8Oy2Zy8m2eVrNsAVKAexjcZXUckd"
      },
      "neo_reference_id" : "3321534",
      "name" : "(2006 CW9)",
      "nasa_jpl_url" : "http://ssd.jpl.nasa.gov/sbdb.cgi?sstr=3321534",
      "absolute_magnitude_h" : 24.4,
      "estimated_diameter" : {
        "kilometers" : {
          "estimated_diameter_min" : 0.0350392641,
          "estimated_diameter_max" : 0.0783501764
        },
        "meters" : {
          "estimated_diameter_min" : 35.0392641108,
          "estimated_diameter_max" : 78.3501764334
        },
        "miles" : {
          "estimated_diameter_min" : 0.0217723826,
          "estimated_diameter_max" : 0.0486845275
        },
        "feet" : {
          "estimated_diameter_min" : 114.9582192654,
          "estimated_diameter_max" : 257.0543928497
        }
      },
      "is_potentially_hazardous_asteroid" : false,
      "close_approach_data" : [ {
        "close_approach_date" : "2005-09-15",
        "epoch_date_close_approach" : 1126767600000,
        "relative_velocity" : {
          "kilometers_per_second" : "10.4796213462",
          "kilometers_per_hour" : "37726.6368464539",
          "miles_per_hour" : "23441.864989398"
        },
        "miss_distance" : {
          "astronomical" : "0.3668099386",
          "lunar" : "142.6890716553",
          "kilometers" : "54873984",
          "miles" : "34097112"
        },
        "orbiting_body" : "Earth"
      } ],
      "orbital_data" : {
        "orbit_id" : "8",
        "orbit_determination_date" : "2017-04-06 09:09:09",
        "orbit_uncertainty" : "8",
        "minimum_orbit_intersection" : ".0186789",
        "jupiter_tisserand_invariant" : "4.889",
        "epoch_osculation" : "2453773.5",
        "eccentricity" : ".2702994793345346",
        "semi_major_axis" : "1.304691695945509",
        "inclination" : "20.88037835352494",
        "ascending_node_longitude" : "135.3731566945233",
        "orbital_period" : "544.3274978702949",
        "perihelion_distance" : ".9520342098393468",
        "perihelion_argument" : "318.4323736563906",
        "aphelion_distance" : "1.657349182051671",
        "perihelion_time" : "2453734.580233458580",
        "mean_anomaly" : "25.74023177173724",
        "mean_motion" : ".6613665512187344",
        "equinox" : "J2000"
      }
    }, {
      "links" : {
        "self" : "https://api.nasa.gov/neo/rest/v1/neo/3555410?api_key=t0TVs3DtDT2H8Oy2Zy8m2eVrNsAVKAexjcZXUckd"
      },
      "neo_reference_id" : "3555410",
      "name" : "(2011 AW55)",
      "nasa_jpl_url" : "http://ssd.jpl.nasa.gov/sbdb.cgi?sstr=3555410",
      "absolute_magnitude_h" : 20.7,
      "estimated_diameter" : {
        "kilometers" : {
          "estimated_diameter_min" : 0.1925550782,
          "estimated_diameter_max" : 0.4305662442
        },
        "meters" : {
          "estimated_diameter_min" : 192.5550781879,
          "estimated_diameter_max" : 430.566244241
        },
        "miles" : {
          "estimated_diameter_min" : 0.1196481415,
          "estimated_diameter_max" : 0.2675413778
        },
        "feet" : {
          "estimated_diameter_min" : 631.7424027221,
          "estimated_diameter_max" : 1412.6189567557
        }
      },
      "is_potentially_hazardous_asteroid" : false,
      "close_approach_data" : [ {
        "close_approach_date" : "2005-09-15",
        "epoch_date_close_approach" : 1126767600000,
        "relative_velocity" : {
          "kilometers_per_second" : "18.6613721944",
          "kilometers_per_hour" : "67180.9398997774",
          "miles_per_hour" : "41743.6234616144"
        },
        "miss_distance" : {
          "astronomical" : "0.3324370639",
          "lunar" : "129.3180236816",
          "kilometers" : "49731876",
          "miles" : "30901956"
        },
        "orbiting_body" : "Earth"
      } ],
      "orbital_data" : {
        "orbit_id" : "12",
        "orbit_determination_date" : "2017-04-06 08:54:56",
        "orbit_uncertainty" : "1",
        "minimum_orbit_intersection" : ".176403",
        "jupiter_tisserand_invariant" : "5.440",
        "epoch_osculation" : "2458000.5",
        "eccentricity" : ".5170626669234848",
        "semi_major_axis" : "1.10534583524958",
        "inclination" : "21.90469663361229",
        "ascending_node_longitude" : "304.2226333948637",
        "orbital_period" : "424.4687239539472",
        "perihelion_distance" : ".5338127698026653",
        "perihelion_argument" : "321.9297945544304",
        "aphelion_distance" : "1.676878900696495",
        "perihelion_time" : "2457833.891884808457",
        "mean_anomaly" : "141.3035120944806",
        "mean_motion" : ".8481190242866004",
        "equinox" : "J2000"
      }
    }, {
      "links" : {
        "self" : "https://api.nasa.gov/neo/rest/v1/neo/3558378?api_key=t0TVs3DtDT2H8Oy2Zy8m2eVrNsAVKAexjcZXUckd"
      },
      "neo_reference_id" : "3558378",
      "name" : "(2011 EO11)",
      "nasa_jpl_url" : "http://ssd.jpl.nasa.gov/sbdb.cgi?sstr=3558378",
      "absolute_magnitude_h" : 27.4,
      "estimated_diameter" : {
        "kilometers" : {
          "estimated_diameter_min" : 0.0088014652,
          "estimated_diameter_max" : 0.0196806745
        },
        "meters" : {
          "estimated_diameter_min" : 8.801465209,
          "estimated_diameter_max" : 19.6806745089
        },
        "miles" : {
          "estimated_diameter_min" : 0.0054689752,
          "estimated_diameter_max" : 0.0122290004
        },
        "feet" : {
          "estimated_diameter_min" : 28.8761991163,
          "estimated_diameter_max" : 64.5691441559
        }
      },
      "is_potentially_hazardous_asteroid" : false,
      "close_approach_data" : [ {
        "close_approach_date" : "2005-09-15",
        "epoch_date_close_approach" : 1126767600000,
        "relative_velocity" : {
          "kilometers_per_second" : "14.1643330541",
          "kilometers_per_hour" : "50991.5989946038",
          "miles_per_hour" : "31684.1966086192"
        },
        "miss_distance" : {
          "astronomical" : "0.1030833827",
          "lunar" : "40.0994338989",
          "kilometers" : "15421054",
          "miles" : "9582199"
        },
        "orbiting_body" : "Earth"
      } ],
      "orbital_data" : {
        "orbit_id" : "6",
        "orbit_determination_date" : "2017-04-06 08:54:16",
        "orbit_uncertainty" : "7",
        "minimum_orbit_intersection" : ".00211613",
        "jupiter_tisserand_invariant" : "5.596",
        "epoch_osculation" : "2458000.5",
        "eccentricity" : ".322815177208284",
        "semi_major_axis" : "1.097785414441877",
        "inclination" : "10.03139623088983",
        "ascending_node_longitude" : "345.0591433638676",
        "orbital_period" : "420.1212135596222",
        "perihelion_distance" : ".7434036213421532",
        "perihelion_argument" : "272.0942478291385",
        "aphelion_distance" : "1.452167207541601",
        "perihelion_time" : "2457792.148549809528",
        "mean_anomaly" : "178.5354313176695",
        "mean_motion" : ".8568955539040163",
        "equinox" : "J2000"
      }
    }, {
      "links" : {
        "self" : "https://api.nasa.gov/neo/rest/v1/neo/3726714?api_key=t0TVs3DtDT2H8Oy2Zy8m2eVrNsAVKAexjcZXUckd"
      },
      "neo_reference_id" : "3726714",
      "name" : "(2015 RV1)",
      "nasa_jpl_url" : "http://ssd.jpl.nasa.gov/sbdb.cgi?sstr=3726714",
      "absolute_magnitude_h" : 19.8,
      "estimated_diameter" : {
        "kilometers" : {
          "estimated_diameter_min" : 0.2914439045,
          "estimated_diameter_max" : 0.6516883822
        },
        "meters" : {
          "estimated_diameter_min" : 291.4439045349,
          "estimated_diameter_max" : 651.6883821679
        },
        "miles" : {
          "estimated_diameter_min" : 0.1810947904,
          "estimated_diameter_max" : 0.4049402617
        },
        "feet" : {
          "estimated_diameter_min" : 956.1808197541,
          "estimated_diameter_max" : 2138.0853117517
        }
      },
      "is_potentially_hazardous_asteroid" : false,
      "close_approach_data" : [ {
        "close_approach_date" : "2005-09-15",
        "epoch_date_close_approach" : 1126767600000,
        "relative_velocity" : {
          "kilometers_per_second" : "17.1972981299",
          "kilometers_per_hour" : "61910.2732678157",
          "miles_per_hour" : "38468.6361868825"
        },
        "miss_distance" : {
          "astronomical" : "0.4964822736",
          "lunar" : "193.1316070557",
          "kilometers" : "74272696",
          "miles" : "46150912"
        },
        "orbiting_body" : "Earth"
      } ],
      "orbital_data" : {
        "orbit_id" : "27",
        "orbit_determination_date" : "2017-04-06 08:32:13",
        "orbit_uncertainty" : "4",
        "minimum_orbit_intersection" : ".356522",
        "jupiter_tisserand_invariant" : "3.383",
        "epoch_osculation" : "2458000.5",
        "eccentricity" : ".4724262090862492",
        "semi_major_axis" : "2.247725848913845",
        "inclination" : "22.75932447101335",
        "ascending_node_longitude" : "326.9337622883539",
        "orbital_period" : "1230.873543099362",
        "perihelion_distance" : "1.185841247046306",
        "perihelion_argument" : "70.53592374773444",
        "aphelion_distance" : "3.309610450781385",
        "perihelion_time" : "2458578.150636691753",
        "mean_anomaly" : "191.0515077890142",
        "mean_motion" : ".2924752116237004",
        "equinox" : "J2000"
      }
    } ]
  }
}