{
  "links" : {
    "next" : "https://api.nasa.gov/neo/rest/v1/feed?start_date=2007-11-09&end_date=2007-11-09&detailed=true&api_key=t0TVs3DtDT2H8Oy2Zy8m2eVrNsAVKAexjcZXUckd",
    "prev" : "https://api.nasa.gov/neo/rest/v1/feed?start_date=2007-11-07&end_date=2007-11-07&detailed=true&api_key=t0TVs3DtDT2H8Oy2Zy8m2eVrNsAVKAexjcZXUckd",
    "self" : "https://api.nasa.gov/neo/rest/v1/feed?start_date=2007-11-08&end_date=2007-11-08&detailed=true&api_key=t0TVs3DtDT2H8Oy2Zy8m2eVrNsAVKAexjcZXUckd"
  },
  "element_count" : 15,
  "near_earth_objects" : {
    "2007-11-08" : [ {
      "links" : {
        "self" : "https://api.nasa.gov/neo/rest/v1/neo/3392376?api_key=t0TVs3DtDT2H8Oy2Zy8m2eVrNsAVKAexjcZXUckd"
      },
      "neo_reference_id" : "3392376",
      "name" : "(2007 VF8)",
      "nasa_jpl_url" : "http://ssd.jpl.nasa.gov/sbdb.cgi?sstr=3392376",
      "absolute_magnitude_h" : 22.5,
      "estimated_diameter" : {
        "kilometers" : {
          "estimated_diameter_min" : 0.0840533402,
          "estimated_diameter_max" : 0.1879489824
        },
        "meters" : {
          "estimated_diameter_min" : 84.0533402073,
          "estimated_diameter_max" : 187.9489824394
        },
        "miles" : {
          "estimated_diameter_min" : 0.0522283081,
          "estimated_diameter_max" : 0.1167860472
        },
        "feet" : {
          "estimated_diameter_min" : 275.7655606856,
          "estimated_diameter_max" : 616.6305395464
        }
      },
      "is_potentially_hazardous_asteroid" : false,
      "close_approach_data" : [ {
        "close_approach_date" : "2007-11-08",
        "epoch_date_close_approach" : 1194508800000,
        "relative_velocity" : {
          "kilometers_per_second" : "18.1284607402",
          "kilometers_per_hour" : "65262.4586647103",
          "miles_per_hour" : "40551.5538297473"
        },
        "miss_distance" : {
          "astronomical" : "0.0655122255",
          "lunar" : "25.484254837",
          "kilometers" : "9800489",
          "miles" : "6089742"
        },
        "orbiting_body" : "Earth"
      } ],
      "orbital_data" : {
        "orbit_id" : "10",
        "orbit_determination_date" : "2017-04-06 09:05:20",
        "orbit_uncertainty" : "8",
        "minimum_orbit_intersection" : ".041107",
        "jupiter_tisserand_invariant" : "3.797",
        "epoch_osculation" : "2454413.5",
        "eccentricity" : ".4590268987116017",
        "semi_major_axis" : "1.794908697239743",
        "inclination" : "30.62360020360375",
        "ascending_node_longitude" : "41.92757222265845",
        "orbital_period" : "878.3386017083066",
        "perihelion_distance" : ".9709973244753022",
        "perihelion_argument" : "36.68918860603615",
        "aphelion_distance" : "2.618820070004183",
        "perihelion_time" : "2454442.936267948617",
        "mean_anomaly" : "347.935112448785",
        "mean_motion" : ".4098647142455374",
        "equinox" : "J2000"
      }
    }, {
      "links" : {
        "self" : "https://api.nasa.gov/neo/rest/v1/neo/2262623?api_key=t0TVs3DtDT2H8Oy2Zy8m2eVrNsAVKAexjcZXUckd"
      },
      "neo_reference_id" : "2262623",
      "name" : "262623 (2006 WY2)",
      "nasa_jpl_url" : "http://ssd.jpl.nasa.gov/sbdb.cgi?sstr=2262623",
      "absolute_magnitude_h" : 18.6,
      "estimated_diameter" : {
        "kilometers" : {
          "estimated_diameter_min" : 0.5064714588,
          "estimated_diameter_max" : 1.1325046106
        },
        "meters" : {
          "estimated_diameter_min" : 506.4714588346,
          "estimated_diameter_max" : 1132.5046106177
        },
        "miles" : {
          "estimated_diameter_min" : 0.3147066768,
          "estimated_diameter_max" : 0.7037055224
        },
        "feet" : {
          "estimated_diameter_min" : 1661.651821003,
          "estimated_diameter_max" : 3715.566426699
        }
      },
      "is_potentially_hazardous_asteroid" : false,
      "close_approach_data" : [ {
        "close_approach_date" : "2007-11-08",
        "epoch_date_close_approach" : 1194508800000,
        "relative_velocity" : {
          "kilometers_per_second" : "13.0449326037",
          "kilometers_per_hour" : "46961.7573732689",
          "miles_per_hour" : "29180.2097411848"
        },
        "miss_distance" : {
          "astronomical" : "0.4813451995",
          "lunar" : "187.2432861328",
          "kilometers" : "72008216",
          "miles" : "44743832"
        },
        "orbiting_body" : "Earth"
      } ],
      "orbital_data" : {
        "orbit_id" : "185",
        "orbit_determination_date" : "2017-04-06 09:24:42",
        "orbit_uncertainty" : "0",
        "minimum_orbit_intersection" : ".254724",
        "jupiter_tisserand_invariant" : "6.019",
        "epoch_osculation" : "2458000.5",
        "eccentricity" : ".332838176743004",
        "semi_major_axis" : ".9832492898739239",
        "inclination" : "27.5521793707943",
        "ascending_node_longitude" : "99.84970603345906",
        "orbital_period" : "356.1179699417544",
        "perihelion_distance" : ".6559863889484336",
        "perihelion_argument" : "159.9468997302542",
        "aphelion_distance" : "1.310512190799414",
        "perihelion_time" : "2457866.415717216107",
        "mean_anomaly" : "135.5459310578918",
        "mean_motion" : "1.010900966493998",
        "equinox" : "J2000"
      }
    }, {
      "links" : {
        "self" : "https://api.nasa.gov/neo/rest/v1/neo/2412977?api_key=t0TVs3DtDT2H8Oy2Zy8m2eVrNsAVKAexjcZXUckd"
      },
      "neo_reference_id" : "2412977",
      "name" : "412977 (1990 UO)",
      "nasa_jpl_url" : "http://ssd.jpl.nasa.gov/sbdb.cgi?sstr=2412977",
      "absolute_magnitude_h" : 19.5,
      "estimated_diameter" : {
        "kilometers" : {
          "estimated_diameter_min" : 0.3346223745,
          "estimated_diameter_max" : 0.7482383761
        },
        "meters" : {
          "estimated_diameter_min" : 334.6223744549,
          "estimated_diameter_max" : 748.2383760735
        },
        "miles" : {
          "estimated_diameter_min" : 0.2079246394,
          "estimated_diameter_max" : 0.464933628
        },
        "feet" : {
          "estimated_diameter_min" : 1097.8424710066,
          "estimated_diameter_max" : 2454.8503937571
        }
      },
      "is_potentially_hazardous_asteroid" : false,
      "close_approach_data" : [ {
        "close_approach_date" : "2007-11-08",
        "epoch_date_close_approach" : 1194508800000,
        "relative_velocity" : {
          "kilometers_per_second" : "26.7534217015",
          "kilometers_per_hour" : "96312.3181255667",
          "miles_per_hour" : "59844.7290041889"
        },
        "miss_distance" : {
          "astronomical" : "0.2142882433",
          "lunar" : "83.3581314087",
          "kilometers" : "32057066",
          "miles" : "19919338"
        },
        "orbiting_body" : "Earth"
      } ],
      "orbital_data" : {
        "orbit_id" : "34",
        "orbit_determination_date" : "2017-04-06 09:21:36",
        "orbit_uncertainty" : "0",
        "minimum_orbit_intersection" : ".204383",
        "jupiter_tisserand_invariant" : "4.671",
        "epoch_osculation" : "2458000.5",
        "eccentricity" : ".7730378342319553",
        "semi_major_axis" : "1.257071685143024",
        "inclination" : "31.56069564174616",
        "ascending_node_longitude" : "205.6186483191979",
        "orbital_period" : "514.7999466779477",
        "perihelion_distance" : ".2853077121857463",
        "perihelion_argument" : "333.4834147341933",
        "aphelion_distance" : "2.228835658100301",
        "perihelion_time" : "2458068.604418572081",
        "mean_anomaly" : "312.3745275341163",
        "mean_motion" : ".6993007717330076",
        "equinox" : "J2000"
      }
    }, {
      "links" : {
        "self" : "https://api.nasa.gov/neo/rest/v1/neo/2450649?api_key=t0TVs3DtDT2H8Oy2Zy8m2eVrNsAVKAexjcZXUckd"
      },
      "neo_reference_id" : "2450649",
      "name" : "450649 (2006 UY64)",
      "nasa_jpl_url" : "http://ssd.jpl.nasa.gov/sbdb.cgi?sstr=2450649",
      "absolute_magnitude_h" : 19.5,
      "estimated_diameter" : {
        "kilometers" : {
          "estimated_diameter_min" : 0.3346223745,
          "estimated_diameter_max" : 0.7482383761
        },
        "meters" : {
          "estimated_diameter_min" : 334.6223744549,
          "estimated_diameter_max" : 748.2383760735
        },
        "miles" : {
          "estimated_diameter_min" : 0.2079246394,
          "estimated_diameter_max" : 0.464933628
        },
        "feet" : {
          "estimated_diameter_min" : 1097.8424710066,
          "estimated_diameter_max" : 2454.8503937571
        }
      },
      "is_potentially_hazardous_asteroid" : false,
      "close_approach_data" : [ {
        "close_approach_date" : "2007-11-08",
        "epoch_date_close_approach" : 1194508800000,
        "relative_velocity" : {
          "kilometers_per_second" : "16.2248833689",
          "kilometers_per_hour" : "58409.580128161",
          "miles_per_hour" : "36293.4416079676"
        },
        "miss_distance" : {
          "astronomical" : "0.4551818811",
          "lunar" : "177.0657501221",
          "kilometers" : "68094240",
          "miles" : "42311800"
        },
        "orbiting_body" : "Earth"
      } ],
      "orbital_data" : {
        "orbit_id" : "68",
        "orbit_determination_date" : "2017-04-06 09:20:11",
        "orbit_uncertainty" : "0",
        "minimum_orbit_intersection" : ".0543609",
        "jupiter_tisserand_invariant" : "6.335",
        "epoch_osculation" : "2458000.5",
        "eccentricity" : ".1572953217107533",
        "semi_major_axis" : ".9315949656446578",
        "inclination" : "26.21613896203354",
        "ascending_node_longitude" : "30.79596170964842",
        "orbital_period" : "328.4272064398105",
        "perihelion_distance" : ".7850594358194631",
        "perihelion_argument" : "210.8981090369046",
        "aphelion_distance" : "1.078130495469853",
        "perihelion_time" : "2457852.812599097322",
        "mean_anomaly" : "161.8850791970179",
        "mean_motion" : "1.096133307293395",
        "equinox" : "J2000"
      }
    }, {
      "links" : {
        "self" : "https://api.nasa.gov/neo/rest/v1/neo/3275510?api_key=t0TVs3DtDT2H8Oy2Zy8m2eVrNsAVKAexjcZXUckd"
      },
      "neo_reference_id" : "3275510",
      "name" : "(2005 GL)",
      "nasa_jpl_url" : "http://ssd.jpl.nasa.gov/sbdb.cgi?sstr=3275510",
      "absolute_magnitude_h" : 21.2,
      "estimated_diameter" : {
        "kilometers" : {
          "estimated_diameter_min" : 0.1529519353,
          "estimated_diameter_max" : 0.3420109247
        },
        "meters" : {
          "estimated_diameter_min" : 152.9519353442,
          "estimated_diameter_max" : 342.0109247198
        },
        "miles" : {
          "estimated_diameter_min" : 0.095039897,
          "estimated_diameter_max" : 0.2125156703
        },
        "feet" : {
          "estimated_diameter_min" : 501.8108275547,
          "estimated_diameter_max" : 1122.0831222578
        }
      },
      "is_potentially_hazardous_asteroid" : true,
      "close_approach_data" : [ {
        "close_approach_date" : "2007-11-08",
        "epoch_date_close_approach" : 1194508800000,
        "relative_velocity" : {
          "kilometers_per_second" : "13.4251825737",
          "kilometers_per_hour" : "48330.6572652606",
          "miles_per_hour" : "30030.7908990726"
        },
        "miss_distance" : {
          "astronomical" : "0.0294553253",
          "lunar" : "11.4581212997",
          "kilometers" : "4406454",
          "miles" : "2738043.5"
        },
        "orbiting_body" : "Earth"
      } ],
      "orbital_data" : {
        "orbit_id" : "13",
        "orbit_determination_date" : "2017-04-06 09:11:11",
        "orbit_uncertainty" : "2",
        "minimum_orbit_intersection" : ".00600421",
        "jupiter_tisserand_invariant" : "5.752",
        "epoch_osculation" : "2458000.5",
        "eccentricity" : ".3061406081206968",
        "semi_major_axis" : "1.055976654688112",
        "inclination" : "15.89806929092856",
        "ascending_node_longitude" : "43.64071598530212",
        "orbital_period" : "396.3509490067624",
        "perihelion_distance" : ".7326993194606343",
        "perihelion_argument" : "265.3538903718975",
        "aphelion_distance" : "1.379253989915589",
        "perihelion_time" : "2457914.968671870113",
        "mean_anomaly" : "77.68690400242687",
        "mean_motion" : ".9082859544102108",
        "equinox" : "J2000"
      }
    }, {
      "links" : {
        "self" : "https://api.nasa.gov/neo/rest/v1/neo/3392302?api_key=t0TVs3DtDT2H8Oy2Zy8m2eVrNsAVKAexjcZXUckd"
      },
      "neo_reference_id" : "3392302",
      "name" : "(2007 VD3)",
      "nasa_jpl_url" : "http://ssd.jpl.nasa.gov/sbdb.cgi?sstr=3392302",
      "absolute_magnitude_h" : 22.2,
      "estimated_diameter" : {
        "kilometers" : {
          "estimated_diameter_min" : 0.096506147,
          "estimated_diameter_max" : 0.2157943048
        },
        "meters" : {
          "estimated_diameter_min" : 96.5061469579,
          "estimated_diameter_max" : 215.7943048444
        },
        "miles" : {
          "estimated_diameter_min" : 0.059966121,
          "estimated_diameter_max" : 0.134088323
        },
        "feet" : {
          "estimated_diameter_min" : 316.6212271853,
          "estimated_diameter_max" : 707.9865871058
        }
      },
      "is_potentially_hazardous_asteroid" : false,
      "close_approach_data" : [ {
        "close_approach_date" : "2007-11-08",
        "epoch_date_close_approach" : 1194508800000,
        "relative_velocity" : {
          "kilometers_per_second" : "7.6385071002",
          "kilometers_per_hour" : "27498.6255608418",
          "miles_per_hour" : "17086.5765325131"
        },
        "miss_distance" : {
          "astronomical" : "0.1305535863",
          "lunar" : "50.7853469849",
          "kilometers" : "19530538",
          "miles" : "12135714"
        },
        "orbiting_body" : "Earth"
      } ],
      "orbital_data" : {
        "orbit_id" : "18",
        "orbit_determination_date" : "2017-04-06 09:05:26",
        "orbit_uncertainty" : "2",
        "minimum_orbit_intersection" : ".12965",
        "jupiter_tisserand_invariant" : "6.185",
        "epoch_osculation" : "2458000.5",
        "eccentricity" : ".1502642347922242",
        "semi_major_axis" : ".9721264420237856",
        "inclination" : "13.11923057470065",
        "ascending_node_longitude" : "53.78181622027498",
        "orbital_period" : "350.0923018012116",
        "perihelion_distance" : ".8260506060917939",
        "perihelion_argument" : "179.9071651747883",
        "aphelion_distance" : "1.118202277955777",
        "perihelion_time" : "2458100.287127510258",
        "mean_anomaly" : "257.3888722520649",
        "mean_motion" : "1.028300245814643",
        "equinox" : "J2000"
      }
    }, {
      "links" : {
        "self" : "https://api.nasa.gov/neo/rest/v1/neo/3392371?api_key=t0TVs3DtDT2H8Oy2Zy8m2eVrNsAVKAexjcZXUckd"
      },
      "neo_reference_id" : "3392371",
      "name" : "(2007 VW7)",
      "nasa_jpl_url" : "http://ssd.jpl.nasa.gov/sbdb.cgi?sstr=3392371",
      "absolute_magnitude_h" : 25.1,
      "estimated_diameter" : {
        "kilometers" : {
          "estimated_diameter_min" : 0.0253837029,
          "estimated_diameter_max" : 0.0567596853
        },
        "meters" : {
          "estimated_diameter_min" : 25.3837029364,
          "estimated_diameter_max" : 56.7596852866
        },
        "miles" : {
          "estimated_diameter_min" : 0.0157726969,
          "estimated_diameter_max" : 0.0352688224
        },
        "feet" : {
          "estimated_diameter_min" : 83.279867942,
          "estimated_diameter_max" : 186.2194458756
        }
      },
      "is_potentially_hazardous_asteroid" : false,
      "close_approach_data" : [ {
        "close_approach_date" : "2007-11-08",
        "epoch_date_close_approach" : 1194508800000,
        "relative_velocity" : {
          "kilometers_per_second" : "7.2493934764",
          "kilometers_per_hour" : "26097.8165152013",
          "miles_per_hour" : "16216.1682674594"
        },
        "miss_distance" : {
          "astronomical" : "0.0576026712",
          "lunar" : "22.4074382782",
          "kilometers" : "8617237",
          "miles" : "5354502.5"
        },
        "orbiting_body" : "Earth"
      } ],
      "orbital_data" : {
        "orbit_id" : "9",
        "orbit_determination_date" : "2017-04-06 09:05:22",
        "orbit_uncertainty" : "8",
        "minimum_orbit_intersection" : ".0570557",
        "jupiter_tisserand_invariant" : "4.874",
        "epoch_osculation" : "2454410.5",
        "eccentricity" : ".2277857630938647",
        "semi_major_axis" : "1.329787700534059",
        "inclination" : "12.48128618551631",
        "ascending_node_longitude" : "220.8720184952273",
        "orbital_period" : "560.1081531973418",
        "perihelion_distance" : "1.026880994415073",
        "perihelion_argument" : "209.6634359665624",
        "aphelion_distance" : "1.632694406653046",
        "perihelion_time" : "2454437.345570009865",
        "mean_anomaly" : "342.7454659454915",
        "mean_motion" : ".6427330113746119",
        "equinox" : "J2000"
      }
    }, {
      "links" : {
        "self" : "https://api.nasa.gov/neo/rest/v1/neo/3393819?api_key=t0TVs3DtDT2H8Oy2Zy8m2eVrNsAVKAexjcZXUckd"
      },
      "neo_reference_id" : "3393819",
      "name" : "(2007 VW83)",
      "nasa_jpl_url" : "http://ssd.jpl.nasa.gov/sbdb.cgi?sstr=3393819",
      "absolute_magnitude_h" : 24.1,
      "estimated_diameter" : {
        "kilometers" : {
          "estimated_diameter_min" : 0.040230458,
          "estimated_diameter_max" : 0.0899580388
        },
        "meters" : {
          "estimated_diameter_min" : 40.2304579834,
          "estimated_diameter_max" : 89.9580388169
        },
        "miles" : {
          "estimated_diameter_min" : 0.0249980399,
          "estimated_diameter_max" : 0.0558973165
        },
        "feet" : {
          "estimated_diameter_min" : 131.9896957704,
          "estimated_diameter_max" : 295.1379320721
        }
      },
      "is_potentially_hazardous_asteroid" : false,
      "close_approach_data" : [ {
        "close_approach_date" : "2007-11-08",
        "epoch_date_close_approach" : 1194508800000,
        "relative_velocity" : {
          "kilometers_per_second" : "5.7989846383",
          "kilometers_per_hour" : "20876.344697988",
          "miles_per_hour" : "12971.7487374804"
        },
        "miss_distance" : {
          "astronomical" : "0.0888234847",
          "lunar" : "34.5523338318",
          "kilometers" : "13287804",
          "miles" : "8256658.5"
        },
        "orbiting_body" : "Earth"
      } ],
      "orbital_data" : {
        "orbit_id" : "10",
        "orbit_determination_date" : "2017-04-06 09:05:19",
        "orbit_uncertainty" : "7",
        "minimum_orbit_intersection" : ".0661108",
        "jupiter_tisserand_invariant" : "6.576",
        "epoch_osculation" : "2458000.5",
        "eccentricity" : ".2192850183279404",
        "semi_major_axis" : ".9018567012420879",
        "inclination" : "7.069793849682513",
        "ascending_node_longitude" : "39.07072064508974",
        "orbital_period" : "312.8273616109144",
        "perihelion_distance" : ".7040930379810408",
        "perihelion_argument" : "163.4580810195893",
        "aphelion_distance" : "1.099620364503135",
        "perihelion_time" : "2457978.687639441734",
        "mean_anomaly" : "25.10154406104126",
        "mean_motion" : "1.150794477011757",
        "equinox" : "J2000"
      }
    }, {
      "links" : {
        "self" : "https://api.nasa.gov/neo/rest/v1/neo/3394708?api_key=t0TVs3DtDT2H8Oy2Zy8m2eVrNsAVKAexjcZXUckd"
      },
      "neo_reference_id" : "3394708",
      "name" : "(2007 VA188)",
      "nasa_jpl_url" : "http://ssd.jpl.nasa.gov/sbdb.cgi?sstr=3394708",
      "absolute_magnitude_h" : 19.4,
      "estimated_diameter" : {
        "kilometers" : {
          "estimated_diameter_min" : 0.3503926411,
          "estimated_diameter_max" : 0.7835017643
        },
        "meters" : {
          "estimated_diameter_min" : 350.3926411083,
          "estimated_diameter_max" : 783.5017643338
        },
        "miles" : {
          "estimated_diameter_min" : 0.2177238258,
          "estimated_diameter_max" : 0.4868452748
        },
        "feet" : {
          "estimated_diameter_min" : 1149.5821926537,
          "estimated_diameter_max" : 2570.543928497
        }
      },
      "is_potentially_hazardous_asteroid" : false,
      "close_approach_data" : [ {
        "close_approach_date" : "2007-11-08",
        "epoch_date_close_approach" : 1194508800000,
        "relative_velocity" : {
          "kilometers_per_second" : "18.7302589982",
          "kilometers_per_hour" : "67428.9323935103",
          "miles_per_hour" : "41897.7163530675"
        },
        "miss_distance" : {
          "astronomical" : "0.328077243",
          "lunar" : "127.6220550537",
          "kilometers" : "49079660",
          "miles" : "30496686"
        },
        "orbiting_body" : "Earth"
      } ],
      "orbital_data" : {
        "orbit_id" : "15",
        "orbit_determination_date" : "2017-04-06 09:05:11",
        "orbit_uncertainty" : "6",
        "minimum_orbit_intersection" : ".124811",
        "jupiter_tisserand_invariant" : "2.850",
        "epoch_osculation" : "2458000.5",
        "eccentricity" : ".6339326869698689",
        "semi_major_axis" : "2.965013560904576",
        "inclination" : "20.32584538054927",
        "ascending_node_longitude" : "38.42502044759507",
        "orbital_period" : "1864.82658938307",
        "perihelion_distance" : "1.085394547338239",
        "perihelion_argument" : "333.2534967443476",
        "aphelion_distance" : "4.844632574470912",
        "perihelion_time" : "2458137.473170349122",
        "mean_anomaly" : "333.5576800510996",
        "mean_motion" : ".1930474404695703",
        "equinox" : "J2000"
      }
    }, {
      "links" : {
        "self" : "https://api.nasa.gov/neo/rest/v1/neo/3395986?api_key=t0TVs3DtDT2H8Oy2Zy8m2eVrNsAVKAexjcZXUckd"
      },
      "neo_reference_id" : "3395986",
      "name" : "(2007 WW4)",
      "nasa_jpl_url" : "http://ssd.jpl.nasa.gov/sbdb.cgi?sstr=3395986",
      "absolute_magnitude_h" : 19.4,
      "estimated_diameter" : {
        "kilometers" : {
          "estimated_diameter_min" : 0.3503926411,
          "estimated_diameter_max" : 0.7835017643
        },
        "meters" : {
          "estimated_diameter_min" : 350.3926411083,
          "estimated_diameter_max" : 783.5017643338
        },
        "miles" : {
          "estimated_diameter_min" : 0.2177238258,
          "estimated_diameter_max" : 0.4868452748
        },
        "feet" : {
          "estimated_diameter_min" : 1149.5821926537,
          "estimated_diameter_max" : 2570.543928497
        }
      },
      "is_potentially_hazardous_asteroid" : false,
      "close_approach_data" : [ {
        "close_approach_date" : "2007-11-08",
        "epoch_date_close_approach" : 1194508800000,
        "relative_velocity" : {
          "kilometers_per_second" : "22.0584319386",
          "kilometers_per_hour" : "79410.3549789406",
          "miles_per_hour" : "49342.5064034423"
        },
        "miss_distance" : {
          "astronomical" : "0.1179283358",
          "lunar" : "45.8741226196",
          "kilometers" : "17641828",
          "miles" : "10962124"
        },
        "orbiting_body" : "Earth"
      } ],
      "orbital_data" : {
        "orbit_id" : "19",
        "orbit_determination_date" : "2017-04-06 09:05:02",
        "orbit_uncertainty" : "0",
        "minimum_orbit_intersection" : ".12015",
        "jupiter_tisserand_invariant" : "3.354",
        "epoch_osculation" : "2458000.5",
        "eccentricity" : ".7153657595083855",
        "semi_major_axis" : "2.096774746601048",
        "inclination" : "10.56600020770015",
        "ascending_node_longitude" : "184.6678279242616",
        "orbital_period" : "1108.986074874927",
        "perihelion_distance" : ".5968138874807866",
        "perihelion_argument" : "135.7872216864034",
        "aphelion_distance" : "3.596735605721308",
        "perihelion_time" : "2457698.678559552261",
        "mean_anomaly" : "97.97753193018247",
        "mean_motion" : ".3246208479584391",
        "equinox" : "J2000"
      }
    }, {
      "links" : {
        "self" : "https://api.nasa.gov/neo/rest/v1/neo/3423827?api_key=t0TVs3DtDT2H8Oy2Zy8m2eVrNsAVKAexjcZXUckd"
      },
      "neo_reference_id" : "3423827",
      "name" : "(2008 PR9)",
      "nasa_jpl_url" : "http://ssd.jpl.nasa.gov/sbdb.cgi?sstr=3423827",
      "absolute_magnitude_h" : 22.5,
      "estimated_diameter" : {
        "kilometers" : {
          "estimated_diameter_min" : 0.0840533402,
          "estimated_diameter_max" : 0.1879489824
        },
        "meters" : {
          "estimated_diameter_min" : 84.0533402073,
          "estimated_diameter_max" : 187.9489824394
        },
        "miles" : {
          "estimated_diameter_min" : 0.0522283081,
          "estimated_diameter_max" : 0.1167860472
        },
        "feet" : {
          "estimated_diameter_min" : 275.7655606856,
          "estimated_diameter_max" : 616.6305395464
        }
      },
      "is_potentially_hazardous_asteroid" : false,
      "close_approach_data" : [ {
        "close_approach_date" : "2007-11-08",
        "epoch_date_close_approach" : 1194508800000,
        "relative_velocity" : {
          "kilometers_per_second" : "17.333716318",
          "kilometers_per_hour" : "62401.378744742",
          "miles_per_hour" : "38773.7900316982"
        },
        "miss_distance" : {
          "astronomical" : "0.461921923",
          "lunar" : "179.6876373291",
          "kilometers" : "69102536",
          "miles" : "42938328"
        },
        "orbiting_body" : "Earth"
      } ],
      "orbital_data" : {
        "orbit_id" : "11",
        "orbit_determination_date" : "2017-04-06 09:03:05",
        "orbit_uncertainty" : "3",
        "minimum_orbit_intersection" : ".0220646",
        "jupiter_tisserand_invariant" : "6.247",
        "epoch_osculation" : "2458000.5",
        "eccentricity" : ".5117600827034207",
        "semi_major_axis" : ".9431810343654431",
        "inclination" : "3.304283490519959",
        "ascending_node_longitude" : "18.97758693305753",
        "orbital_period" : "334.5730965359427",
        "perihelion_distance" : ".4604986302142861",
        "perihelion_argument" : "75.41030964902562",
        "aphelion_distance" : "1.4258634385166",
        "perihelion_time" : "2458113.650042404269",
        "mean_anomaly" : "238.2507748313202",
        "mean_motion" : "1.075998051628535",
        "equinox" : "J2000"
      }
    }, {
      "links" : {
        "self" : "https://api.nasa.gov/neo/rest/v1/neo/3602839?api_key=t0TVs3DtDT2H8Oy2Zy8m2eVrNsAVKAexjcZXUckd"
      },
      "neo_reference_id" : "3602839",
      "name" : "(2012 HP13)",
      "nasa_jpl_url" : "http://ssd.jpl.nasa.gov/sbdb.cgi?sstr=3602839",
      "absolute_magnitude_h" : 24.2,
      "estimated_diameter" : {
        "kilometers" : {
          "estimated_diameter_min" : 0.0384197891,
          "estimated_diameter_max" : 0.0859092601
        },
        "meters" : {
          "estimated_diameter_min" : 38.4197891064,
          "estimated_diameter_max" : 85.9092601232
        },
        "miles" : {
          "estimated_diameter_min" : 0.0238729428,
          "estimated_diameter_max" : 0.0533815229
        },
        "feet" : {
          "estimated_diameter_min" : 126.0491808919,
          "estimated_diameter_max" : 281.8545369825
        }
      },
      "is_potentially_hazardous_asteroid" : false,
      "close_approach_data" : [ {
        "close_approach_date" : "2007-11-08",
        "epoch_date_close_approach" : 1194508800000,
        "relative_velocity" : {
          "kilometers_per_second" : "14.3891004775",
          "kilometers_per_hour" : "51800.7617188949",
          "miles_per_hour" : "32186.9788580544"
        },
        "miss_distance" : {
          "astronomical" : "0.1010454835",
          "lunar" : "39.3066940308",
          "kilometers" : "15116189",
          "miles" : "9392764"
        },
        "orbiting_body" : "Earth"
      } ],
      "orbital_data" : {
        "orbit_id" : "18",
        "orbit_determination_date" : "2017-04-06 08:49:59",
        "orbit_uncertainty" : "1",
        "minimum_orbit_intersection" : ".000598705",
        "jupiter_tisserand_invariant" : "6.064",
        "epoch_osculation" : "2458000.5",
        "eccentricity" : ".1761363543547804",
        "semi_major_axis" : ".9863184916697846",
        "inclination" : "23.01931845137059",
        "ascending_node_longitude" : "37.08913446319676",
        "orbital_period" : "357.7866979431142",
        "perihelion_distance" : ".8125919483143629",
        "perihelion_argument" : "286.5373774214684",
        "aphelion_distance" : "1.160045035025206",
        "perihelion_time" : "2457920.341094649508",
        "mean_anomaly" : "80.65477585409083",
        "mean_motion" : "1.006186093752534",
        "equinox" : "J2000"
      }
    }, {
      "links" : {
        "self" : "https://api.nasa.gov/neo/rest/v1/neo/3720898?api_key=t0TVs3DtDT2H8Oy2Zy8m2eVrNsAVKAexjcZXUckd"
      },
      "neo_reference_id" : "3720898",
      "name" : "(2015 KG158)",
      "nasa_jpl_url" : "http://ssd.jpl.nasa.gov/sbdb.cgi?sstr=3720898",
      "absolute_magnitude_h" : 28.3,
      "estimated_diameter" : {
        "kilometers" : {
          "estimated_diameter_min" : 0.0058150704,
          "estimated_diameter_max" : 0.0130028927
        },
        "meters" : {
          "estimated_diameter_min" : 5.8150703965,
          "estimated_diameter_max" : 13.0028927004
        },
        "miles" : {
          "estimated_diameter_min" : 0.0036133161,
          "estimated_diameter_max" : 0.0080796204
        },
        "feet" : {
          "estimated_diameter_min" : 19.0783155595,
          "estimated_diameter_max" : 42.6604104873
        }
      },
      "is_potentially_hazardous_asteroid" : false,
      "close_approach_data" : [ {
        "close_approach_date" : "2007-11-08",
        "epoch_date_close_approach" : 1194508800000,
        "relative_velocity" : {
          "kilometers_per_second" : "22.7204684667",
          "kilometers_per_hour" : "81793.6864802464",
          "miles_per_hour" : "50823.4159132397"
        },
        "miss_distance" : {
          "astronomical" : "0.4989218964",
          "lunar" : "194.0806121826",
          "kilometers" : "74637656",
          "miles" : "46377688"
        },
        "orbiting_body" : "Earth"
      } ],
      "orbital_data" : {
        "orbit_id" : "6",
        "orbit_determination_date" : "2017-04-06 08:33:14",
        "orbit_uncertainty" : "6",
        "minimum_orbit_intersection" : ".000726728",
        "jupiter_tisserand_invariant" : "5.469",
        "epoch_osculation" : "2458000.5",
        "eccentricity" : ".2768179656884798",
        "semi_major_axis" : "1.138353516197415",
        "inclination" : "2.232081968519954",
        "ascending_node_longitude" : "54.1192972154016",
        "orbital_period" : "443.6231046837844",
        "perihelion_distance" : ".8232368116093187",
        "perihelion_argument" : "97.45169680225565",
        "aphelion_distance" : "1.453470220785511",
        "perihelion_time" : "2457981.105574586411",
        "mean_anomaly" : "15.73856968939628",
        "mean_motion" : ".811499663112923",
        "equinox" : "J2000"
      }
    }, {
      "links" : {
        "self" : "https://api.nasa.gov/neo/rest/v1/neo/3640744?api_key=t0TVs3DtDT2H8Oy2Zy8m2eVrNsAVKAexjcZXUckd"
      },
      "neo_reference_id" : "3640744",
      "name" : "(2013 LF16)",
      "nasa_jpl_url" : "http://ssd.jpl.nasa.gov/sbdb.cgi?sstr=3640744",
      "absolute_magnitude_h" : 21.899,
      "estimated_diameter" : {
        "kilometers" : {
          "estimated_diameter_min" : 0.110854921,
          "estimated_diameter_max" : 0.2478791389
        },
        "meters" : {
          "estimated_diameter_min" : 110.8549209511,
          "estimated_diameter_max" : 247.879138887
        },
        "miles" : {
          "estimated_diameter_min" : 0.0688820331,
          "estimated_diameter_max" : 0.1540249084
        },
        "feet" : {
          "estimated_diameter_min" : 363.6972588532,
          "estimated_diameter_max" : 813.251794026
        }
      },
      "is_potentially_hazardous_asteroid" : false,
      "close_approach_data" : [ {
        "close_approach_date" : "2007-11-08",
        "epoch_date_close_approach" : 1194508800000,
        "relative_velocity" : {
          "kilometers_per_second" : "17.0942857137",
          "kilometers_per_hour" : "61539.4285691756",
          "miles_per_hour" : "38238.2077128858"
        },
        "miss_distance" : {
          "astronomical" : "0.1625687406",
          "lunar" : "63.2392425537",
          "kilometers" : "24319938",
          "miles" : "15111709"
        },
        "orbiting_body" : "Earth"
      } ],
      "orbital_data" : {
        "orbit_id" : "18",
        "orbit_determination_date" : "2017-04-06 08:45:38",
        "orbit_uncertainty" : "7",
        "minimum_orbit_intersection" : ".11536",
        "jupiter_tisserand_invariant" : "3.533",
        "epoch_osculation" : "2458000.5",
        "eccentricity" : ".5940678166824062",
        "semi_major_axis" : "2.052442752228052",
        "inclination" : "9.103607056586222",
        "ascending_node_longitude" : "169.3668770777767",
        "orbital_period" : "1074.001790695491",
        "perihelion_distance" : ".8331525675463046",
        "perihelion_argument" : "175.9940426668411",
        "aphelion_distance" : "3.2717329369098",
        "perihelion_time" : "2457602.220863677632",
        "mean_anomaly" : "133.5011638883801",
        "mean_motion" : ".3351949718509081",
        "equinox" : "J2000"
      }
    }, {
      "links" : {
        "self" : "https://api.nasa.gov/neo/rest/v1/neo/3770988?api_key=t0TVs3DtDT2H8Oy2Zy8m2eVrNsAVKAexjcZXUckd"
      },
      "neo_reference_id" : "3770988",
      "name" : "(2017 EH1)",
      "nasa_jpl_url" : "http://ssd.jpl.nasa.gov/sbdb.cgi?sstr=3770988",
      "absolute_magnitude_h" : 23.3,
      "estimated_diameter" : {
        "kilometers" : {
          "estimated_diameter_min" : 0.058150704,
          "estimated_diameter_max" : 0.130028927
        },
        "meters" : {
          "estimated_diameter_min" : 58.1507039646,
          "estimated_diameter_max" : 130.0289270043
        },
        "miles" : {
          "estimated_diameter_min" : 0.0361331611,
          "estimated_diameter_max" : 0.0807962044
        },
        "feet" : {
          "estimated_diameter_min" : 190.7831555951,
          "estimated_diameter_max" : 426.6041048727
        }
      },
      "is_potentially_hazardous_asteroid" : false,
      "close_approach_data" : [ {
        "close_approach_date" : "2007-11-08",
        "epoch_date_close_approach" : 1194508800000,
        "relative_velocity" : {
          "kilometers_per_second" : "19.7549658732",
          "kilometers_per_hour" : "71117.8771434379",
          "miles_per_hour" : "44189.8831617101"
        },
        "miss_distance" : {
          "astronomical" : "0.4877217781",
          "lunar" : "189.7237701416",
          "kilometers" : "72962136",
          "miles" : "45336572"
        },
        "orbiting_body" : "Earth"
      } ],
      "orbital_data" : {
        "orbit_id" : "11",
        "orbit_determination_date" : "2017-04-06 08:19:41",
        "orbit_uncertainty" : "4",
        "minimum_orbit_intersection" : ".0301707",
        "jupiter_tisserand_invariant" : "6.634",
        "epoch_osculation" : "2458000.5",
        "eccentricity" : ".4341872361325464",
        "semi_major_axis" : ".8827707373749474",
        "inclination" : "4.320042882172798",
        "ascending_node_longitude" : "134.7222683648135",
        "orbital_period" : "302.9495554683795",
        "perihelion_distance" : ".499482950775429",
        "perihelion_argument" : "254.8374502566169",
        "aphelion_distance" : "1.266058523974466",
        "perihelion_time" : "2458043.003990665603",
        "mean_anomaly" : "309.4918003231265",
        "mean_motion" : "1.188316647117758",
        "equinox" : "J2000"
      }
    } ]
  }
}