{
  "links" : {
    "next" : "https://api.nasa.gov/neo/rest/v1/feed?start_date=1995-01-23&end_date=1995-01-23&detailed=true&api_key=t0TVs3DtDT2H8Oy2Zy8m2eVrNsAVKAexjcZXUckd",
    "prev" : "https://api.nasa.gov/neo/rest/v1/feed?start_date=1995-01-21&end_date=1995-01-21&detailed=true&api_key=t0TVs3DtDT2H8Oy2Zy8m2eVrNsAVKAexjcZXUckd",
    "self" : "https://api.nasa.gov/neo/rest/v1/feed?start_date=1995-01-22&end_date=1995-01-22&detailed=true&api_key=t0TVs3DtDT2H8Oy2Zy8m2eVrNsAVKAexjcZXUckd"
  },
  "element_count" : 6,
  "near_earth_objects" : {
    "1995-01-22" : [ {
      "links" : {
        "self" : "https://api.nasa.gov/neo/rest/v1/neo/2153315?api_key=t0TVs3DtDT2H8Oy2Zy8m2eVrNsAVKAexjcZXUckd"
      },
      "neo_reference_id" : "2153315",
      "name" : "153315 (2001 NH6)",
      "nasa_jpl_url" : "http://ssd.jpl.nasa.gov/sbdb.cgi?sstr=2153315",
      "absolute_magnitude_h" : 19.2,
      "estimated_diameter" : {
        "kilometers" : {
          "estimated_diameter_min" : 0.3841978911,
          "estimated_diameter_max" : 0.8590926012
        },
        "meters" : {
          "estimated_diameter_min" : 384.1978910643,
          "estimated_diameter_max" : 859.0926012318
        },
        "miles" : {
          "estimated_diameter_min" : 0.2387294278,
          "estimated_diameter_max" : 0.5338152287
        },
        "feet" : {
          "estimated_diameter_min" : 1260.4918089193,
          "estimated_diameter_max" : 2818.5453698252
        }
      },
      "is_potentially_hazardous_asteroid" : false,
      "close_approach_data" : [ {
        "close_approach_date" : "1995-01-22",
        "epoch_date_close_approach" : 790761600000,
        "relative_velocity" : {
          "kilometers_per_second" : "24.4218839949",
          "kilometers_per_hour" : "87918.7823817199",
          "miles_per_hour" : "54629.3123082415"
        },
        "miss_distance" : {
          "astronomical" : "0.1291791611",
          "lunar" : "50.2506942749",
          "kilometers" : "19324928",
          "miles" : "12007954"
        },
        "orbiting_body" : "Earth"
      } ],
      "orbital_data" : {
        "orbit_id" : "22",
        "orbit_determination_date" : "2017-04-06 09:27:05",
        "orbit_uncertainty" : "0",
        "minimum_orbit_intersection" : ".0987582",
        "jupiter_tisserand_invariant" : "4.921",
        "epoch_osculation" : "2458000.5",
        "eccentricity" : ".4497627959965093",
        "semi_major_axis" : "1.237474536298783",
        "inclination" : "34.69512745281478",
        "ascending_node_longitude" : "112.5629844130883",
        "orbital_period" : "502.8087578997973",
        "perihelion_distance" : ".6809045288785588",
        "perihelion_argument" : "288.3746511156045",
        "aphelion_distance" : "1.794044543719008",
        "perihelion_time" : "2458242.439098669562",
        "mean_anomaly" : "186.7769322776995",
        "mean_motion" : ".7159779823718642",
        "equinox" : "J2000"
      }
    }, {
      "links" : {
        "self" : "https://api.nasa.gov/neo/rest/v1/neo/2162463?api_key=t0TVs3DtDT2H8Oy2Zy8m2eVrNsAVKAexjcZXUckd"
      },
      "neo_reference_id" : "2162463",
      "name" : "162463 (2000 JH5)",
      "nasa_jpl_url" : "http://ssd.jpl.nasa.gov/sbdb.cgi?sstr=2162463",
      "absolute_magnitude_h" : 17.8,
      "estimated_diameter" : {
        "kilometers" : {
          "estimated_diameter_min" : 0.7320739893,
          "estimated_diameter_max" : 1.6369672047
        },
        "meters" : {
          "estimated_diameter_min" : 732.0739893473,
          "estimated_diameter_max" : 1636.96720474
        },
        "miles" : {
          "estimated_diameter_min" : 0.4548895468,
          "estimated_diameter_max" : 1.017163949
        },
        "feet" : {
          "estimated_diameter_min" : 2401.8176272101,
          "estimated_diameter_max" : 5370.6274839991
        }
      },
      "is_potentially_hazardous_asteroid" : false,
      "close_approach_data" : [ {
        "close_approach_date" : "1995-01-22",
        "epoch_date_close_approach" : 790761600000,
        "relative_velocity" : {
          "kilometers_per_second" : "17.373783837",
          "kilometers_per_hour" : "62545.6218132504",
          "miles_per_hour" : "38863.4170650166"
        },
        "miss_distance" : {
          "astronomical" : "0.3582829267",
          "lunar" : "139.3720550537",
          "kilometers" : "53598364",
          "miles" : "33304478"
        },
        "orbiting_body" : "Earth"
      } ],
      "orbital_data" : {
        "orbit_id" : "100",
        "orbit_determination_date" : "2017-05-15 06:18:21",
        "orbit_uncertainty" : "0",
        "minimum_orbit_intersection" : ".109354",
        "jupiter_tisserand_invariant" : "5.386",
        "epoch_osculation" : "2458000.5",
        "eccentricity" : ".2381790104348694",
        "semi_major_axis" : "1.145550849266033",
        "inclination" : "22.21521029077527",
        "ascending_node_longitude" : "80.21113209162255",
        "orbital_period" : "447.8370128477652",
        "perihelion_distance" : ".8727046815850249",
        "perihelion_argument" : "353.4223941040977",
        "aphelion_distance" : "1.418397016947041",
        "perihelion_time" : "2458221.636404156485",
        "mean_anomaly" : "182.2364315309588",
        "mean_motion" : ".803863882779104",
        "equinox" : "J2000"
      }
    }, {
      "links" : {
        "self" : "https://api.nasa.gov/neo/rest/v1/neo/2306383?api_key=t0TVs3DtDT2H8Oy2Zy8m2eVrNsAVKAexjcZXUckd"
      },
      "neo_reference_id" : "2306383",
      "name" : "306383 (1993 VD)",
      "nasa_jpl_url" : "http://ssd.jpl.nasa.gov/sbdb.cgi?sstr=2306383",
      "absolute_magnitude_h" : 21.5,
      "estimated_diameter" : {
        "kilometers" : {
          "estimated_diameter_min" : 0.1332155667,
          "estimated_diameter_max" : 0.2978790628
        },
        "meters" : {
          "estimated_diameter_min" : 133.2155666981,
          "estimated_diameter_max" : 297.8790627982
        },
        "miles" : {
          "estimated_diameter_min" : 0.0827762899,
          "estimated_diameter_max" : 0.1850934111
        },
        "feet" : {
          "estimated_diameter_min" : 437.0589598459,
          "estimated_diameter_max" : 977.2935443908
        }
      },
      "is_potentially_hazardous_asteroid" : true,
      "close_approach_data" : [ {
        "close_approach_date" : "1995-01-22",
        "epoch_date_close_approach" : 790761600000,
        "relative_velocity" : {
          "kilometers_per_second" : "12.8996097219",
          "kilometers_per_hour" : "46438.5949989635",
          "miles_per_hour" : "28855.1369869948"
        },
        "miss_distance" : {
          "astronomical" : "0.1518057418",
          "lunar" : "59.0524330139",
          "kilometers" : "22709816",
          "miles" : "14111226"
        },
        "orbiting_body" : "Earth"
      } ],
      "orbital_data" : {
        "orbit_id" : "30",
        "orbit_determination_date" : "2017-04-06 09:24:01",
        "orbit_uncertainty" : "0",
        "minimum_orbit_intersection" : ".0169065",
        "jupiter_tisserand_invariant" : "6.623",
        "epoch_osculation" : "2458000.5",
        "eccentricity" : ".551388806833007",
        "semi_major_axis" : ".8761253667964827",
        "inclination" : "2.059576978010798",
        "ascending_node_longitude" : "2.613682368506762",
        "orbital_period" : "299.5351607368495",
        "perihelion_distance" : ".3930396461624395",
        "perihelion_argument" : "253.7659371965322",
        "aphelion_distance" : "1.359211087430526",
        "perihelion_time" : "2457900.770282182252",
        "mean_anomaly" : "119.8613823033982",
        "mean_motion" : "1.201862242530755",
        "equinox" : "J2000"
      }
    }, {
      "links" : {
        "self" : "https://api.nasa.gov/neo/rest/v1/neo/3444370?api_key=t0TVs3DtDT2H8Oy2Zy8m2eVrNsAVKAexjcZXUckd"
      },
      "neo_reference_id" : "3444370",
      "name" : "(2009 BH2)",
      "nasa_jpl_url" : "http://ssd.jpl.nasa.gov/sbdb.cgi?sstr=3444370",
      "absolute_magnitude_h" : 22.4,
      "estimated_diameter" : {
        "kilometers" : {
          "estimated_diameter_min" : 0.0880146521,
          "estimated_diameter_max" : 0.1968067451
        },
        "meters" : {
          "estimated_diameter_min" : 88.0146520901,
          "estimated_diameter_max" : 196.8067450894
        },
        "miles" : {
          "estimated_diameter_min" : 0.0546897524,
          "estimated_diameter_max" : 0.122290004
        },
        "feet" : {
          "estimated_diameter_min" : 288.7619911632,
          "estimated_diameter_max" : 645.6914415591
        }
      },
      "is_potentially_hazardous_asteroid" : false,
      "close_approach_data" : [ {
        "close_approach_date" : "1995-01-22",
        "epoch_date_close_approach" : 790761600000,
        "relative_velocity" : {
          "kilometers_per_second" : "22.4213663146",
          "kilometers_per_hour" : "80716.918732587",
          "miles_per_hour" : "50154.3543091455"
        },
        "miss_distance" : {
          "astronomical" : "0.2010399884",
          "lunar" : "78.2045516968",
          "kilometers" : "30075154",
          "miles" : "18687834"
        },
        "orbiting_body" : "Earth"
      } ],
      "orbital_data" : {
        "orbit_id" : "12",
        "orbit_determination_date" : "2017-04-06 09:01:38",
        "orbit_uncertainty" : "6",
        "minimum_orbit_intersection" : ".000317965",
        "jupiter_tisserand_invariant" : "7.033",
        "epoch_osculation" : "2458000.5",
        "eccentricity" : ".4758194774081156",
        "semi_major_axis" : ".8138767249034949",
        "inclination" : "23.18568668072357",
        "ascending_node_longitude" : "117.1112240445536",
        "orbital_period" : "268.18616502096",
        "perihelion_distance" : ".4266183269852852",
        "perihelion_argument" : "220.9403707579688",
        "aphelion_distance" : "1.201135122821705",
        "perihelion_time" : "2457996.360392773260",
        "mean_anomaly" : "5.556806412851552",
        "mean_motion" : "1.342351123786957",
        "equinox" : "J2000"
      }
    }, {
      "links" : {
        "self" : "https://api.nasa.gov/neo/rest/v1/neo/3448992?api_key=t0TVs3DtDT2H8Oy2Zy8m2eVrNsAVKAexjcZXUckd"
      },
      "neo_reference_id" : "3448992",
      "name" : "(2009 DD45)",
      "nasa_jpl_url" : "http://ssd.jpl.nasa.gov/sbdb.cgi?sstr=3448992",
      "absolute_magnitude_h" : 25.8,
      "estimated_diameter" : {
        "kilometers" : {
          "estimated_diameter_min" : 0.0183888672,
          "estimated_diameter_max" : 0.0411187571
        },
        "meters" : {
          "estimated_diameter_min" : 18.388867207,
          "estimated_diameter_max" : 41.1187571041
        },
        "miles" : {
          "estimated_diameter_min" : 0.0114263088,
          "estimated_diameter_max" : 0.0255500032
        },
        "feet" : {
          "estimated_diameter_min" : 60.3309310875,
          "estimated_diameter_max" : 134.9040630575
        }
      },
      "is_potentially_hazardous_asteroid" : false,
      "close_approach_data" : [ {
        "close_approach_date" : "1995-01-22",
        "epoch_date_close_approach" : 790761600000,
        "relative_velocity" : {
          "kilometers_per_second" : "17.2746114639",
          "kilometers_per_hour" : "62188.6012700346",
          "miles_per_hour" : "38641.5783835946"
        },
        "miss_distance" : {
          "astronomical" : "0.4310155871",
          "lunar" : "167.6650543213",
          "kilometers" : "64479012",
          "miles" : "40065400"
        },
        "orbiting_body" : "Earth"
      } ],
      "orbital_data" : {
        "orbit_id" : "23",
        "orbit_determination_date" : "2017-04-06 09:01:10",
        "orbit_uncertainty" : "4",
        "minimum_orbit_intersection" : ".00186378",
        "jupiter_tisserand_invariant" : "5.122",
        "epoch_osculation" : "2458000.5",
        "eccentricity" : ".2048406780030454",
        "semi_major_axis" : "1.240789317594743",
        "inclination" : "13.7442332087249",
        "ascending_node_longitude" : "161.933518574421",
        "orbital_period" : "504.8303955012963",
        "perihelion_distance" : ".9866251925196996",
        "perihelion_argument" : "13.92021256207252",
        "aphelion_distance" : "1.494953442669786",
        "perihelion_time" : "2457935.033370717737",
        "mean_anomaly" : "46.68495944704712",
        "mean_motion" : ".7131107857372974",
        "equinox" : "J2000"
      }
    }, {
      "links" : {
        "self" : "https://api.nasa.gov/neo/rest/v1/neo/3611400?api_key=t0TVs3DtDT2H8Oy2Zy8m2eVrNsAVKAexjcZXUckd"
      },
      "neo_reference_id" : "3611400",
      "name" : "(2012 UC)",
      "nasa_jpl_url" : "http://ssd.jpl.nasa.gov/sbdb.cgi?sstr=3611400",
      "absolute_magnitude_h" : 25.0,
      "estimated_diameter" : {
        "kilometers" : {
          "estimated_diameter_min" : 0.02658,
          "estimated_diameter_max" : 0.0594346868
        },
        "meters" : {
          "estimated_diameter_min" : 26.58,
          "estimated_diameter_max" : 59.4346868419
        },
        "miles" : {
          "estimated_diameter_min" : 0.0165160412,
          "estimated_diameter_max" : 0.0369309908
        },
        "feet" : {
          "estimated_diameter_min" : 87.2047272,
          "estimated_diameter_max" : 194.9956979785
        }
      },
      "is_potentially_hazardous_asteroid" : false,
      "close_approach_data" : [ {
        "close_approach_date" : "1995-01-22",
        "epoch_date_close_approach" : 790761600000,
        "relative_velocity" : {
          "kilometers_per_second" : "12.1185099534",
          "kilometers_per_hour" : "43626.6358322947",
          "miles_per_hour" : "27107.8949147945"
        },
        "miss_distance" : {
          "astronomical" : "0.3598014121",
          "lunar" : "139.9627532959",
          "kilometers" : "53825524",
          "miles" : "33445630"
        },
        "orbiting_body" : "Earth"
      } ],
      "orbital_data" : {
        "orbit_id" : "5",
        "orbit_determination_date" : "2017-04-06 08:48:30",
        "orbit_uncertainty" : "6",
        "minimum_orbit_intersection" : ".0187898",
        "jupiter_tisserand_invariant" : "6.384",
        "epoch_osculation" : "2458000.5",
        "eccentricity" : ".326860711970322",
        "semi_major_axis" : ".9302337444493961",
        "inclination" : "8.333753551706272",
        "ascending_node_longitude" : "20.49127086505545",
        "orbital_period" : "327.7076361182716",
        "perihelion_distance" : ".626176880439848",
        "perihelion_argument" : "128.46312989278",
        "aphelion_distance" : "1.234290608458944",
        "perihelion_time" : "2457939.712985574642",
        "mean_anomaly" : "66.77697673554127",
        "mean_motion" : "1.098540163006986",
        "equinox" : "J2000"
      }
    } ]
  }
}