{
  "links" : {
    "next" : "https://api.nasa.gov/neo/rest/v1/feed?start_date=2003-09-16&end_date=2003-09-16&detailed=true&api_key=t0TVs3DtDT2H8Oy2Zy8m2eVrNsAVKAexjcZXUckd",
    "prev" : "https://api.nasa.gov/neo/rest/v1/feed?start_date=2003-09-14&end_date=2003-09-14&detailed=true&api_key=t0TVs3DtDT2H8Oy2Zy8m2eVrNsAVKAexjcZXUckd",
    "self" : "https://api.nasa.gov/neo/rest/v1/feed?start_date=2003-09-15&end_date=2003-09-15&detailed=true&api_key=t0TVs3DtDT2H8Oy2Zy8m2eVrNsAVKAexjcZXUckd"
  },
  "element_count" : 6,
  "near_earth_objects" : {
    "2003-09-15" : [ {
      "links" : {
        "self" : "https://api.nasa.gov/neo/rest/v1/neo/2357439?api_key=t0TVs3DtDT2H8Oy2Zy8m2eVrNsAVKAexjcZXUckd"
      },
      "neo_reference_id" : "2357439",
      "name" : "357439 (2004 BL86)",
      "nasa_jpl_url" : "http://ssd.jpl.nasa.gov/sbdb.cgi?sstr=2357439",
      "absolute_magnitude_h" : 19.3,
      "estimated_diameter" : {
        "kilometers" : {
          "estimated_diameter_min" : 0.3669061375,
          "estimated_diameter_max" : 0.8204270649
        },
        "meters" : {
          "estimated_diameter_min" : 366.9061375314,
          "estimated_diameter_max" : 820.4270648822
        },
        "miles" : {
          "estimated_diameter_min" : 0.2279848336,
          "estimated_diameter_max" : 0.5097895857
        },
        "feet" : {
          "estimated_diameter_min" : 1203.7603322587,
          "estimated_diameter_max" : 2691.6899315481
        }
      },
      "is_potentially_hazardous_asteroid" : true,
      "close_approach_data" : [ {
        "close_approach_date" : "2003-09-15",
        "epoch_date_close_approach" : 1063609200000,
        "relative_velocity" : {
          "kilometers_per_second" : "12.1681480221",
          "kilometers_per_hour" : "43805.3328795902",
          "miles_per_hour" : "27218.9303106543"
        },
        "miss_distance" : {
          "astronomical" : "0.3912827554",
          "lunar" : "152.2089996338",
          "kilometers" : "58535068",
          "miles" : "36372004"
        },
        "orbiting_body" : "Earth"
      } ],
      "orbital_data" : {
        "orbit_id" : "94",
        "orbit_determination_date" : "2017-05-25 06:21:18",
        "orbit_uncertainty" : "0",
        "minimum_orbit_intersection" : ".00924442",
        "jupiter_tisserand_invariant" : "4.364",
        "epoch_osculation" : "2458000.5",
        "eccentricity" : ".4025970899105609",
        "semi_major_axis" : "1.502224043660855",
        "inclination" : "23.77503147536866",
        "ascending_node_longitude" : "126.6941423516237",
        "orbital_period" : "672.5126997616453",
        "perihelion_distance" : ".8974330152893197",
        "perihelion_argument" : "311.4483472840123",
        "aphelion_distance" : "2.107015072032391",
        "perihelion_time" : "2457684.281479104214",
        "mean_anomaly" : "169.2736323980652",
        "mean_motion" : ".5353058761977174",
        "equinox" : "J2000"
      }
    }, {
      "links" : {
        "self" : "https://api.nasa.gov/neo/rest/v1/neo/3160726?api_key=t0TVs3DtDT2H8Oy2Zy8m2eVrNsAVKAexjcZXUckd"
      },
      "neo_reference_id" : "3160726",
      "name" : "(2003 SY4)",
      "nasa_jpl_url" : "http://ssd.jpl.nasa.gov/sbdb.cgi?sstr=3160726",
      "absolute_magnitude_h" : 26.5,
      "estimated_diameter" : {
        "kilometers" : {
          "estimated_diameter_min" : 0.0133215567,
          "estimated_diameter_max" : 0.0297879063
        },
        "meters" : {
          "estimated_diameter_min" : 13.3215566698,
          "estimated_diameter_max" : 29.7879062798
        },
        "miles" : {
          "estimated_diameter_min" : 0.008277629,
          "estimated_diameter_max" : 0.0185093411
        },
        "feet" : {
          "estimated_diameter_min" : 43.7058959846,
          "estimated_diameter_max" : 97.7293544391
        }
      },
      "is_potentially_hazardous_asteroid" : false,
      "close_approach_data" : [ {
        "close_approach_date" : "2003-09-15",
        "epoch_date_close_approach" : 1063609200000,
        "relative_velocity" : {
          "kilometers_per_second" : "10.9071943204",
          "kilometers_per_hour" : "39265.8995534796",
          "miles_per_hour" : "24398.3029753274"
        },
        "miss_distance" : {
          "astronomical" : "0.0102175977",
          "lunar" : "3.9746456146",
          "kilometers" : "1528530.875",
          "miles" : "949785.0625"
        },
        "orbiting_body" : "Earth"
      } ],
      "orbital_data" : {
        "orbit_id" : "12",
        "orbit_determination_date" : "2017-04-06 09:13:51",
        "orbit_uncertainty" : "7",
        "minimum_orbit_intersection" : ".00456067",
        "jupiter_tisserand_invariant" : "3.192",
        "epoch_osculation" : "2458000.5",
        "eccentricity" : ".6117858797577146",
        "semi_major_axis" : "2.473878138842187",
        "inclination" : "3.922617389675752",
        "ascending_node_longitude" : "353.7617411600928",
        "orbital_period" : "1421.234957586477",
        "perihelion_distance" : ".9603944252572421",
        "perihelion_argument" : "327.639682478907",
        "aphelion_distance" : "3.987361852427132",
        "perihelion_time" : "2458561.223240504675",
        "mean_anomaly" : "217.9683355632627",
        "mean_motion" : ".2533008339531329",
        "equinox" : "J2000"
      }
    }, {
      "links" : {
        "self" : "https://api.nasa.gov/neo/rest/v1/neo/3347493?api_key=t0TVs3DtDT2H8Oy2Zy8m2eVrNsAVKAexjcZXUckd"
      },
      "neo_reference_id" : "3347493",
      "name" : "(2006 SU217)",
      "nasa_jpl_url" : "http://ssd.jpl.nasa.gov/sbdb.cgi?sstr=3347493",
      "absolute_magnitude_h" : 25.3,
      "estimated_diameter" : {
        "kilometers" : {
          "estimated_diameter_min" : 0.0231502122,
          "estimated_diameter_max" : 0.0517654482
        },
        "meters" : {
          "estimated_diameter_min" : 23.150212221,
          "estimated_diameter_max" : 51.7654482198
        },
        "miles" : {
          "estimated_diameter_min" : 0.0143848705,
          "estimated_diameter_max" : 0.0321655483
        },
        "feet" : {
          "estimated_diameter_min" : 75.9521422633,
          "estimated_diameter_max" : 169.8341531374
        }
      },
      "is_potentially_hazardous_asteroid" : false,
      "close_approach_data" : [ {
        "close_approach_date" : "2003-09-15",
        "epoch_date_close_approach" : 1063609200000,
        "relative_velocity" : {
          "kilometers_per_second" : "15.5588978643",
          "kilometers_per_hour" : "56012.032311467",
          "miles_per_hour" : "34803.6986326446"
        },
        "miss_distance" : {
          "astronomical" : "0.3358295102",
          "lunar" : "130.6376800537",
          "kilometers" : "50239380",
          "miles" : "31217302"
        },
        "orbiting_body" : "Earth"
      } ],
      "orbital_data" : {
        "orbit_id" : "10",
        "orbit_determination_date" : "2017-04-06 09:07:59",
        "orbit_uncertainty" : "5",
        "minimum_orbit_intersection" : ".0253681",
        "jupiter_tisserand_invariant" : "6.137",
        "epoch_osculation" : "2458000.5",
        "eccentricity" : ".173857865733201",
        "semi_major_axis" : ".9852787809445105",
        "inclination" : "2.636233376223132",
        "ascending_node_longitude" : "193.7175231129747",
        "orbital_period" : "357.2211149896775",
        "perihelion_distance" : ".8139803149372877",
        "perihelion_argument" : "38.43986871183503",
        "aphelion_distance" : "1.156577246951733",
        "perihelion_time" : "2458178.545209870274",
        "mean_anomaly" : "180.5697455617913",
        "mean_motion" : "1.007779173441085",
        "equinox" : "J2000"
      }
    }, {
      "links" : {
        "self" : "https://api.nasa.gov/neo/rest/v1/neo/3428255?api_key=t0TVs3DtDT2H8Oy2Zy8m2eVrNsAVKAexjcZXUckd"
      },
      "neo_reference_id" : "3428255",
      "name" : "(2008 SD85)",
      "nasa_jpl_url" : "http://ssd.jpl.nasa.gov/sbdb.cgi?sstr=3428255",
      "absolute_magnitude_h" : 22.9,
      "estimated_diameter" : {
        "kilometers" : {
          "estimated_diameter_min" : 0.0699125232,
          "estimated_diameter_max" : 0.1563291544
        },
        "meters" : {
          "estimated_diameter_min" : 69.9125232246,
          "estimated_diameter_max" : 156.3291544087
        },
        "miles" : {
          "estimated_diameter_min" : 0.0434416145,
          "estimated_diameter_max" : 0.097138403
        },
        "feet" : {
          "estimated_diameter_min" : 229.3718026961,
          "estimated_diameter_max" : 512.8909429502
        }
      },
      "is_potentially_hazardous_asteroid" : false,
      "close_approach_data" : [ {
        "close_approach_date" : "2003-09-15",
        "epoch_date_close_approach" : 1063609200000,
        "relative_velocity" : {
          "kilometers_per_second" : "16.2441545893",
          "kilometers_per_hour" : "58478.9565214508",
          "miles_per_hour" : "36336.5494007871"
        },
        "miss_distance" : {
          "astronomical" : "0.1107548803",
          "lunar" : "43.0836486816",
          "kilometers" : "16568694",
          "miles" : "10295309"
        },
        "orbiting_body" : "Earth"
      } ],
      "orbital_data" : {
        "orbit_id" : "12",
        "orbit_determination_date" : "2017-04-06 09:02:50",
        "orbit_uncertainty" : "2",
        "minimum_orbit_intersection" : ".101081",
        "jupiter_tisserand_invariant" : "6.584",
        "epoch_osculation" : "2458000.5",
        "eccentricity" : ".4072621268640769",
        "semi_major_axis" : ".882915744821432",
        "inclination" : "23.3729394111023",
        "ascending_node_longitude" : "2.529549790700335",
        "orbital_period" : "303.0242040893118",
        "perihelion_distance" : ".5233376007436751",
        "perihelion_argument" : "209.1332436541853",
        "aphelion_distance" : "1.242493888899189",
        "perihelion_time" : "2457967.434974269861",
        "mean_anomaly" : "39.28204117761429",
        "mean_motion" : "1.188023910769502",
        "equinox" : "J2000"
      }
    }, {
      "links" : {
        "self" : "https://api.nasa.gov/neo/rest/v1/neo/3608618?api_key=t0TVs3DtDT2H8Oy2Zy8m2eVrNsAVKAexjcZXUckd"
      },
      "neo_reference_id" : "3608618",
      "name" : "(2012 RG15)",
      "nasa_jpl_url" : "http://ssd.jpl.nasa.gov/sbdb.cgi?sstr=3608618",
      "absolute_magnitude_h" : 19.8,
      "estimated_diameter" : {
        "kilometers" : {
          "estimated_diameter_min" : 0.2914439045,
          "estimated_diameter_max" : 0.6516883822
        },
        "meters" : {
          "estimated_diameter_min" : 291.4439045349,
          "estimated_diameter_max" : 651.6883821679
        },
        "miles" : {
          "estimated_diameter_min" : 0.1810947904,
          "estimated_diameter_max" : 0.4049402617
        },
        "feet" : {
          "estimated_diameter_min" : 956.1808197541,
          "estimated_diameter_max" : 2138.0853117517
        }
      },
      "is_potentially_hazardous_asteroid" : true,
      "close_approach_data" : [ {
        "close_approach_date" : "2003-09-15",
        "epoch_date_close_approach" : 1063609200000,
        "relative_velocity" : {
          "kilometers_per_second" : "36.2387829237",
          "kilometers_per_hour" : "130459.6185252109",
          "miles_per_hour" : "81062.5335219568"
        },
        "miss_distance" : {
          "astronomical" : "0.4205354822",
          "lunar" : "163.5883026123",
          "kilometers" : "62911212",
          "miles" : "39091216"
        },
        "orbiting_body" : "Earth"
      } ],
      "orbital_data" : {
        "orbit_id" : "10",
        "orbit_determination_date" : "2017-04-06 08:49:03",
        "orbit_uncertainty" : "7",
        "minimum_orbit_intersection" : ".0230206",
        "jupiter_tisserand_invariant" : "5.365",
        "epoch_osculation" : "2458000.5",
        "eccentricity" : ".453429413465585",
        "semi_major_axis" : "1.076795264791003",
        "inclination" : "48.9267932840214",
        "ascending_node_longitude" : "336.6392031674106",
        "orbital_period" : "408.1296365852469",
        "perihelion_distance" : ".588544619454299",
        "perihelion_argument" : "247.2078997558544",
        "aphelion_distance" : "1.565045910127706",
        "perihelion_time" : "2458147.813918907257",
        "mean_anomaly" : "230.0584175892471",
        "mean_motion" : ".8820726742906012",
        "equinox" : "J2000"
      }
    }, {
      "links" : {
        "self" : "https://api.nasa.gov/neo/rest/v1/neo/3757424?api_key=t0TVs3DtDT2H8Oy2Zy8m2eVrNsAVKAexjcZXUckd"
      },
      "neo_reference_id" : "3757424",
      "name" : "(2016 PJ66)",
      "nasa_jpl_url" : "http://ssd.jpl.nasa.gov/sbdb.cgi?sstr=3757424",
      "absolute_magnitude_h" : 22.1,
      "estimated_diameter" : {
        "kilometers" : {
          "estimated_diameter_min" : 0.1010543415,
          "estimated_diameter_max" : 0.2259643771
        },
        "meters" : {
          "estimated_diameter_min" : 101.054341542,
          "estimated_diameter_max" : 225.9643771094
        },
        "miles" : {
          "estimated_diameter_min" : 0.0627922373,
          "estimated_diameter_max" : 0.140407711
        },
        "feet" : {
          "estimated_diameter_min" : 331.5431259047,
          "estimated_diameter_max" : 741.3529669956
        }
      },
      "is_potentially_hazardous_asteroid" : false,
      "close_approach_data" : [ {
        "close_approach_date" : "2003-09-15",
        "epoch_date_close_approach" : 1063609200000,
        "relative_velocity" : {
          "kilometers_per_second" : "10.0854109742",
          "kilometers_per_hour" : "36307.4795070793",
          "miles_per_hour" : "22560.0558081627"
        },
        "miss_distance" : {
          "astronomical" : "0.3293957582",
          "lunar" : "128.1349487305",
          "kilometers" : "49276908",
          "miles" : "30619250"
        },
        "orbiting_body" : "Earth"
      } ],
      "orbital_data" : {
        "orbit_id" : "22",
        "orbit_determination_date" : "2017-04-06 08:24:31",
        "orbit_uncertainty" : "5",
        "minimum_orbit_intersection" : ".180521",
        "jupiter_tisserand_invariant" : "3.833",
        "epoch_osculation" : "2458000.5",
        "eccentricity" : ".3816659563176292",
        "semi_major_axis" : "1.895682940133302",
        "inclination" : "12.70955274042715",
        "ascending_node_longitude" : "342.4819276345121",
        "orbital_period" : "953.3381649974428",
        "perihelion_distance" : "1.17216529791231",
        "perihelion_argument" : "23.56597183461353",
        "aphelion_distance" : "2.619200582354294",
        "perihelion_time" : "2457664.699358045382",
        "mean_anomaly" : "126.8051941505843",
        "mean_motion" : ".3776204637742219",
        "equinox" : "J2000"
      }
    } ]
  }
}