{
  "links" : {
    "next" : "https://api.nasa.gov/neo/rest/v1/feed?start_date=2006-10-23&end_date=2006-10-23&detailed=true&api_key=t0TVs3DtDT2H8Oy2Zy8m2eVrNsAVKAexjcZXUckd",
    "prev" : "https://api.nasa.gov/neo/rest/v1/feed?start_date=2006-10-21&end_date=2006-10-21&detailed=true&api_key=t0TVs3DtDT2H8Oy2Zy8m2eVrNsAVKAexjcZXUckd",
    "self" : "https://api.nasa.gov/neo/rest/v1/feed?start_date=2006-10-22&end_date=2006-10-22&detailed=true&api_key=t0TVs3DtDT2H8Oy2Zy8m2eVrNsAVKAexjcZXUckd"
  },
  "element_count" : 11,
  "near_earth_objects" : {
    "2006-10-22" : [ {
      "links" : {
        "self" : "https://api.nasa.gov/neo/rest/v1/neo/3355869?api_key=t0TVs3DtDT2H8Oy2Zy8m2eVrNsAVKAexjcZXUckd"
      },
      "neo_reference_id" : "3355869",
      "name" : "(2006 UP217)",
      "nasa_jpl_url" : "http://ssd.jpl.nasa.gov/sbdb.cgi?sstr=3355869",
      "absolute_magnitude_h" : 24.9,
      "estimated_diameter" : {
        "kilometers" : {
          "estimated_diameter_min" : 0.0278326768,
          "estimated_diameter_max" : 0.0622357573
        },
        "meters" : {
          "estimated_diameter_min" : 27.8326768072,
          "estimated_diameter_max" : 62.2357573367
        },
        "miles" : {
          "estimated_diameter_min" : 0.0172944182,
          "estimated_diameter_max" : 0.0386714948
        },
        "feet" : {
          "estimated_diameter_min" : 91.3145593761,
          "estimated_diameter_max" : 204.1855621004
        }
      },
      "is_potentially_hazardous_asteroid" : false,
      "close_approach_data" : [ {
        "close_approach_date" : "2006-10-22",
        "epoch_date_close_approach" : 1161500400000,
        "relative_velocity" : {
          "kilometers_per_second" : "15.2374431796",
          "kilometers_per_hour" : "54854.7954464398",
          "miles_per_hour" : "34084.6366483725"
        },
        "miss_distance" : {
          "astronomical" : "0.0165377733",
          "lunar" : "6.4331936836",
          "kilometers" : "2474015.5",
          "miles" : "1537282"
        },
        "orbiting_body" : "Earth"
      } ],
      "orbital_data" : {
        "orbit_id" : "6",
        "orbit_determination_date" : "2017-04-06 09:07:43",
        "orbit_uncertainty" : "9",
        "minimum_orbit_intersection" : ".0010863",
        "jupiter_tisserand_invariant" : "5.142",
        "epoch_osculation" : "2454040.5",
        "eccentricity" : ".4937118842802246",
        "semi_major_axis" : "1.208945827252423",
        "inclination" : "1.535722552153813",
        "ascending_node_longitude" : "206.9584712845233",
        "orbital_period" : "485.5217476860482",
        "perihelion_distance" : ".6120749048869145",
        "perihelion_argument" : "82.87282546066261",
        "aphelion_distance" : "1.805816749617932",
        "perihelion_time" : "2453973.042092280661",
        "mean_anomaly" : "50.01804119939298",
        "mean_motion" : ".7414703908027327",
        "equinox" : "J2000"
      }
    }, {
      "links" : {
        "self" : "https://api.nasa.gov/neo/rest/v1/neo/3355873?api_key=t0TVs3DtDT2H8Oy2Zy8m2eVrNsAVKAexjcZXUckd"
      },
      "neo_reference_id" : "3355873",
      "name" : "(2006 VB)",
      "nasa_jpl_url" : "http://ssd.jpl.nasa.gov/sbdb.cgi?sstr=3355873",
      "absolute_magnitude_h" : 25.1,
      "estimated_diameter" : {
        "kilometers" : {
          "estimated_diameter_min" : 0.0253837029,
          "estimated_diameter_max" : 0.0567596853
        },
        "meters" : {
          "estimated_diameter_min" : 25.3837029364,
          "estimated_diameter_max" : 56.7596852866
        },
        "miles" : {
          "estimated_diameter_min" : 0.0157726969,
          "estimated_diameter_max" : 0.0352688224
        },
        "feet" : {
          "estimated_diameter_min" : 83.279867942,
          "estimated_diameter_max" : 186.2194458756
        }
      },
      "is_potentially_hazardous_asteroid" : false,
      "close_approach_data" : [ {
        "close_approach_date" : "2006-10-22",
        "epoch_date_close_approach" : 1161500400000,
        "relative_velocity" : {
          "kilometers_per_second" : "8.5990114572",
          "kilometers_per_hour" : "30956.4412460672",
          "miles_per_hour" : "19235.1287287021"
        },
        "miss_distance" : {
          "astronomical" : "0.0395126213",
          "lunar" : "15.3704099655",
          "kilometers" : "5911004.5",
          "miles" : "3672927.75"
        },
        "orbiting_body" : "Earth"
      } ],
      "orbital_data" : {
        "orbit_id" : "8",
        "orbit_determination_date" : "2017-04-06 09:07:42",
        "orbit_uncertainty" : "8",
        "minimum_orbit_intersection" : ".0381959",
        "jupiter_tisserand_invariant" : "4.041",
        "epoch_osculation" : "2454041.5",
        "eccentricity" : ".4247920675726925",
        "semi_major_axis" : "1.729390900403134",
        "inclination" : "8.694600362571494",
        "ascending_node_longitude" : "37.00774454835889",
        "orbital_period" : "830.688467413763",
        "perihelion_distance" : ".9947593641794864",
        "perihelion_argument" : "325.0601178158359",
        "aphelion_distance" : "2.464022436626781",
        "perihelion_time" : "2454008.415918328193",
        "mean_anomaly" : "14.33782924533856",
        "mean_motion" : ".4333754639941153",
        "equinox" : "J2000"
      }
    }, {
      "links" : {
        "self" : "https://api.nasa.gov/neo/rest/v1/neo/3358226?api_key=t0TVs3DtDT2H8Oy2Zy8m2eVrNsAVKAexjcZXUckd"
      },
      "neo_reference_id" : "3358226",
      "name" : "(2006 VB3)",
      "nasa_jpl_url" : "http://ssd.jpl.nasa.gov/sbdb.cgi?sstr=3358226",
      "absolute_magnitude_h" : 21.2,
      "estimated_diameter" : {
        "kilometers" : {
          "estimated_diameter_min" : 0.1529519353,
          "estimated_diameter_max" : 0.3420109247
        },
        "meters" : {
          "estimated_diameter_min" : 152.9519353442,
          "estimated_diameter_max" : 342.0109247198
        },
        "miles" : {
          "estimated_diameter_min" : 0.095039897,
          "estimated_diameter_max" : 0.2125156703
        },
        "feet" : {
          "estimated_diameter_min" : 501.8108275547,
          "estimated_diameter_max" : 1122.0831222578
        }
      },
      "is_potentially_hazardous_asteroid" : false,
      "close_approach_data" : [ {
        "close_approach_date" : "2006-10-22",
        "epoch_date_close_approach" : 1161500400000,
        "relative_velocity" : {
          "kilometers_per_second" : "6.3415247058",
          "kilometers_per_hour" : "22829.4889407957",
          "miles_per_hour" : "14185.3566143517"
        },
        "miss_distance" : {
          "astronomical" : "0.3056419138",
          "lunar" : "118.8947067261",
          "kilometers" : "45723380",
          "miles" : "28411192"
        },
        "orbiting_body" : "Earth"
      } ],
      "orbital_data" : {
        "orbit_id" : "11",
        "orbit_determination_date" : "2017-04-06 09:07:40",
        "orbit_uncertainty" : "6",
        "minimum_orbit_intersection" : ".301639",
        "jupiter_tisserand_invariant" : "3.048",
        "epoch_osculation" : "2458000.5",
        "eccentricity" : ".5463755470551944",
        "semi_major_axis" : "2.837262890938804",
        "inclination" : "11.02015107446526",
        "ascending_node_longitude" : "46.46611819602533",
        "orbital_period" : "1745.612301179473",
        "perihelion_distance" : "1.287051826762712",
        "perihelion_argument" : "336.6136253530119",
        "aphelion_distance" : "4.387473955114896",
        "perihelion_time" : "2457507.490808015504",
        "mean_anomaly" : "101.6739564647298",
        "mean_motion" : ".2062313606273029",
        "equinox" : "J2000"
      }
    }, {
      "links" : {
        "self" : "https://api.nasa.gov/neo/rest/v1/neo/3359271?api_key=t0TVs3DtDT2H8Oy2Zy8m2eVrNsAVKAexjcZXUckd"
      },
      "neo_reference_id" : "3359271",
      "name" : "(2006 WU1)",
      "nasa_jpl_url" : "http://ssd.jpl.nasa.gov/sbdb.cgi?sstr=3359271",
      "absolute_magnitude_h" : 22.8,
      "estimated_diameter" : {
        "kilometers" : {
          "estimated_diameter_min" : 0.0732073989,
          "estimated_diameter_max" : 0.1636967205
        },
        "meters" : {
          "estimated_diameter_min" : 73.2073989347,
          "estimated_diameter_max" : 163.696720474
        },
        "miles" : {
          "estimated_diameter_min" : 0.0454889547,
          "estimated_diameter_max" : 0.1017163949
        },
        "feet" : {
          "estimated_diameter_min" : 240.181762721,
          "estimated_diameter_max" : 537.0627483999
        }
      },
      "is_potentially_hazardous_asteroid" : false,
      "close_approach_data" : [ {
        "close_approach_date" : "2006-10-22",
        "epoch_date_close_approach" : 1161500400000,
        "relative_velocity" : {
          "kilometers_per_second" : "8.1156205835",
          "kilometers_per_hour" : "29216.2341004786",
          "miles_per_hour" : "18153.8316831557"
        },
        "miss_distance" : {
          "astronomical" : "0.1706803996",
          "lunar" : "66.3946762085",
          "kilometers" : "25533426",
          "miles" : "15865735"
        },
        "orbiting_body" : "Earth"
      } ],
      "orbital_data" : {
        "orbit_id" : "7",
        "orbit_determination_date" : "2017-04-06 09:07:36",
        "orbit_uncertainty" : "9",
        "minimum_orbit_intersection" : ".14292",
        "jupiter_tisserand_invariant" : "3.433",
        "epoch_osculation" : "2454060.5",
        "eccentricity" : ".5091656694807595",
        "semi_major_axis" : "2.253016021338226",
        "inclination" : "7.475310212045758",
        "ascending_node_longitude" : "60.13100269416675",
        "orbital_period" : "1235.221513143591",
        "perihelion_distance" : "1.105857610482671",
        "perihelion_argument" : "311.0788644199577",
        "aphelion_distance" : "3.400174432193781",
        "perihelion_time" : "2454018.957697812910",
        "mean_anomaly" : "12.1073253891862",
        "mean_motion" : ".2914457011712934",
        "equinox" : "J2000"
      }
    }, {
      "links" : {
        "self" : "https://api.nasa.gov/neo/rest/v1/neo/2136897?api_key=t0TVs3DtDT2H8Oy2Zy8m2eVrNsAVKAexjcZXUckd"
      },
      "neo_reference_id" : "2136897",
      "name" : "136897 (1998 HJ41)",
      "nasa_jpl_url" : "http://ssd.jpl.nasa.gov/sbdb.cgi?sstr=2136897",
      "absolute_magnitude_h" : 18.5,
      "estimated_diameter" : {
        "kilometers" : {
          "estimated_diameter_min" : 0.5303407233,
          "estimated_diameter_max" : 1.1858779086
        },
        "meters" : {
          "estimated_diameter_min" : 530.3407233187,
          "estimated_diameter_max" : 1185.8779085771
        },
        "miles" : {
          "estimated_diameter_min" : 0.3295383456,
          "estimated_diameter_max" : 0.7368701419
        },
        "feet" : {
          "estimated_diameter_min" : 1739.963058693,
          "estimated_diameter_max" : 3890.675677576
        }
      },
      "is_potentially_hazardous_asteroid" : false,
      "close_approach_data" : [ {
        "close_approach_date" : "2006-10-22",
        "epoch_date_close_approach" : 1161500400000,
        "relative_velocity" : {
          "kilometers_per_second" : "22.6536550563",
          "kilometers_per_hour" : "81553.158202572",
          "miles_per_hour" : "50673.9609953704"
        },
        "miss_distance" : {
          "astronomical" : "0.4879613126",
          "lunar" : "189.8169555664",
          "kilometers" : "72997976",
          "miles" : "45358840"
        },
        "orbiting_body" : "Earth"
      } ],
      "orbital_data" : {
        "orbit_id" : "71",
        "orbit_determination_date" : "2017-05-18 06:21:13",
        "orbit_uncertainty" : "0",
        "minimum_orbit_intersection" : ".264165",
        "jupiter_tisserand_invariant" : "4.607",
        "epoch_osculation" : "2458000.5",
        "eccentricity" : ".124713567067601",
        "semi_major_axis" : "1.363377021989517",
        "inclination" : "38.87906633696712",
        "ascending_node_longitude" : "211.8724097760373",
        "orbital_period" : "581.4633983991109",
        "perihelion_distance" : "1.193345410319202",
        "perihelion_argument" : "120.1228433492383",
        "aphelion_distance" : "1.533408633659833",
        "perihelion_time" : "2458057.139032376115",
        "mean_anomaly" : "324.933215553138",
        "mean_motion" : ".6191275340651785",
        "equinox" : "J2000"
      }
    }, {
      "links" : {
        "self" : "https://api.nasa.gov/neo/rest/v1/neo/2450649?api_key=t0TVs3DtDT2H8Oy2Zy8m2eVrNsAVKAexjcZXUckd"
      },
      "neo_reference_id" : "2450649",
      "name" : "450649 (2006 UY64)",
      "nasa_jpl_url" : "http://ssd.jpl.nasa.gov/sbdb.cgi?sstr=2450649",
      "absolute_magnitude_h" : 19.5,
      "estimated_diameter" : {
        "kilometers" : {
          "estimated_diameter_min" : 0.3346223745,
          "estimated_diameter_max" : 0.7482383761
        },
        "meters" : {
          "estimated_diameter_min" : 334.6223744549,
          "estimated_diameter_max" : 748.2383760735
        },
        "miles" : {
          "estimated_diameter_min" : 0.2079246394,
          "estimated_diameter_max" : 0.464933628
        },
        "feet" : {
          "estimated_diameter_min" : 1097.8424710066,
          "estimated_diameter_max" : 2454.8503937571
        }
      },
      "is_potentially_hazardous_asteroid" : false,
      "close_approach_data" : [ {
        "close_approach_date" : "2006-10-22",
        "epoch_date_close_approach" : 1161500400000,
        "relative_velocity" : {
          "kilometers_per_second" : "14.3869750928",
          "kilometers_per_hour" : "51793.1103340163",
          "miles_per_hour" : "32182.2245850447"
        },
        "miss_distance" : {
          "astronomical" : "0.0997969829",
          "lunar" : "38.8210258484",
          "kilometers" : "14929416",
          "miles" : "9276709"
        },
        "orbiting_body" : "Earth"
      } ],
      "orbital_data" : {
        "orbit_id" : "68",
        "orbit_determination_date" : "2017-04-06 09:20:11",
        "orbit_uncertainty" : "0",
        "minimum_orbit_intersection" : ".0543609",
        "jupiter_tisserand_invariant" : "6.335",
        "epoch_osculation" : "2458000.5",
        "eccentricity" : ".1572953217107533",
        "semi_major_axis" : ".9315949656446578",
        "inclination" : "26.21613896203354",
        "ascending_node_longitude" : "30.79596170964842",
        "orbital_period" : "328.4272064398105",
        "perihelion_distance" : ".7850594358194631",
        "perihelion_argument" : "210.8981090369046",
        "aphelion_distance" : "1.078130495469853",
        "perihelion_time" : "2457852.812599097322",
        "mean_anomaly" : "161.8850791970179",
        "mean_motion" : "1.096133307293395",
        "equinox" : "J2000"
      }
    }, {
      "links" : {
        "self" : "https://api.nasa.gov/neo/rest/v1/neo/2455415?api_key=t0TVs3DtDT2H8Oy2Zy8m2eVrNsAVKAexjcZXUckd"
      },
      "neo_reference_id" : "2455415",
      "name" : "455415 (2003 GA)",
      "nasa_jpl_url" : "http://ssd.jpl.nasa.gov/sbdb.cgi?sstr=2455415",
      "absolute_magnitude_h" : 21.2,
      "estimated_diameter" : {
        "kilometers" : {
          "estimated_diameter_min" : 0.1529519353,
          "estimated_diameter_max" : 0.3420109247
        },
        "meters" : {
          "estimated_diameter_min" : 152.9519353442,
          "estimated_diameter_max" : 342.0109247198
        },
        "miles" : {
          "estimated_diameter_min" : 0.095039897,
          "estimated_diameter_max" : 0.2125156703
        },
        "feet" : {
          "estimated_diameter_min" : 501.8108275547,
          "estimated_diameter_max" : 1122.0831222578
        }
      },
      "is_potentially_hazardous_asteroid" : false,
      "close_approach_data" : [ {
        "close_approach_date" : "2006-10-22",
        "epoch_date_close_approach" : 1161500400000,
        "relative_velocity" : {
          "kilometers_per_second" : "7.0117373045",
          "kilometers_per_hour" : "25242.2542961271",
          "miles_per_hour" : "15684.5551763908"
        },
        "miss_distance" : {
          "astronomical" : "0.4473546238",
          "lunar" : "174.0209503174",
          "kilometers" : "66923300",
          "miles" : "41584208"
        },
        "orbiting_body" : "Earth"
      } ],
      "orbital_data" : {
        "orbit_id" : "74",
        "orbit_determination_date" : "2017-04-06 09:19:58",
        "orbit_uncertainty" : "0",
        "minimum_orbit_intersection" : ".06141",
        "jupiter_tisserand_invariant" : "5.031",
        "epoch_osculation" : "2458000.5",
        "eccentricity" : ".1914490911322442",
        "semi_major_axis" : "1.281816370294313",
        "inclination" : "3.842261865269067",
        "ascending_node_longitude" : "192.9162213350079",
        "orbital_period" : "530.0747869527149",
        "perihelion_distance" : "1.036413791203034",
        "perihelion_argument" : "66.77977451468207",
        "aphelion_distance" : "1.527218949385591",
        "perihelion_time" : "2458097.317858247507",
        "mean_anomaly" : "294.2462048242795",
        "mean_motion" : ".6791494499664131",
        "equinox" : "J2000"
      }
    }, {
      "links" : {
        "self" : "https://api.nasa.gov/neo/rest/v1/neo/3092390?api_key=t0TVs3DtDT2H8Oy2Zy8m2eVrNsAVKAexjcZXUckd"
      },
      "neo_reference_id" : "3092390",
      "name" : "(2001 UP)",
      "nasa_jpl_url" : "http://ssd.jpl.nasa.gov/sbdb.cgi?sstr=3092390",
      "absolute_magnitude_h" : 25.7,
      "estimated_diameter" : {
        "kilometers" : {
          "estimated_diameter_min" : 0.0192555078,
          "estimated_diameter_max" : 0.0430566244
        },
        "meters" : {
          "estimated_diameter_min" : 19.2555078188,
          "estimated_diameter_max" : 43.0566244241
        },
        "miles" : {
          "estimated_diameter_min" : 0.0119648141,
          "estimated_diameter_max" : 0.0267541378
        },
        "feet" : {
          "estimated_diameter_min" : 63.1742402722,
          "estimated_diameter_max" : 141.2618956756
        }
      },
      "is_potentially_hazardous_asteroid" : false,
      "close_approach_data" : [ {
        "close_approach_date" : "2006-10-22",
        "epoch_date_close_approach" : 1161500400000,
        "relative_velocity" : {
          "kilometers_per_second" : "9.1361794643",
          "kilometers_per_hour" : "32890.246071377",
          "miles_per_hour" : "20436.7198436287"
        },
        "miss_distance" : {
          "astronomical" : "0.0314674584",
          "lunar" : "12.2408418655",
          "kilometers" : "4707465",
          "miles" : "2925083.25"
        },
        "orbiting_body" : "Earth"
      } ],
      "orbital_data" : {
        "orbit_id" : "18",
        "orbit_determination_date" : "2017-04-06 09:15:59",
        "orbit_uncertainty" : "3",
        "minimum_orbit_intersection" : ".00650921",
        "jupiter_tisserand_invariant" : "6.673",
        "epoch_osculation" : "2458000.5",
        "eccentricity" : ".2871313370063317",
        "semi_major_axis" : ".883302607323854",
        "inclination" : "7.695931344138224",
        "ascending_node_longitude" : "25.46851988641133",
        "orbital_period" : "303.2233876631826",
        "perihelion_distance" : ".629678748701777",
        "perihelion_argument" : "133.3619882539188",
        "aphelion_distance" : "1.136926465945931",
        "perihelion_time" : "2458058.315226487622",
        "mean_anomaly" : "291.3592473986104",
        "mean_motion" : "1.187243513023093",
        "equinox" : "J2000"
      }
    }, {
      "links" : {
        "self" : "https://api.nasa.gov/neo/rest/v1/neo/3337145?api_key=t0TVs3DtDT2H8Oy2Zy8m2eVrNsAVKAexjcZXUckd"
      },
      "neo_reference_id" : "3337145",
      "name" : "(2006 MH10)",
      "nasa_jpl_url" : "http://ssd.jpl.nasa.gov/sbdb.cgi?sstr=3337145",
      "absolute_magnitude_h" : 22.3,
      "estimated_diameter" : {
        "kilometers" : {
          "estimated_diameter_min" : 0.0921626549,
          "estimated_diameter_max" : 0.2060819612
        },
        "meters" : {
          "estimated_diameter_min" : 92.1626548503,
          "estimated_diameter_max" : 206.0819612321
        },
        "miles" : {
          "estimated_diameter_min" : 0.057267201,
          "estimated_diameter_max" : 0.1280533543
        },
        "feet" : {
          "estimated_diameter_min" : 302.370924539,
          "estimated_diameter_max" : 676.1219416887
        }
      },
      "is_potentially_hazardous_asteroid" : false,
      "close_approach_data" : [ {
        "close_approach_date" : "2006-10-22",
        "epoch_date_close_approach" : 1161500400000,
        "relative_velocity" : {
          "kilometers_per_second" : "7.9832955071",
          "kilometers_per_hour" : "28739.8638254782",
          "miles_per_hour" : "17857.8337197811"
        },
        "miss_distance" : {
          "astronomical" : "0.2758879229",
          "lunar" : "107.3204040527",
          "kilometers" : "41272248",
          "miles" : "25645386"
        },
        "orbiting_body" : "Earth"
      } ],
      "orbital_data" : {
        "orbit_id" : "8",
        "orbit_determination_date" : "2017-04-06 09:08:25",
        "orbit_uncertainty" : "7",
        "minimum_orbit_intersection" : ".125857",
        "jupiter_tisserand_invariant" : "5.117",
        "epoch_osculation" : "2458000.5",
        "eccentricity" : ".1556773512037594",
        "semi_major_axis" : "1.245834811432788",
        "inclination" : "13.34906239394204",
        "ascending_node_longitude" : "87.89755736867173",
        "orbital_period" : "507.9127555388957",
        "perihelion_distance" : "1.051886547951496",
        "perihelion_argument" : "253.7648203595063",
        "aphelion_distance" : "1.439783074914079",
        "perihelion_time" : "2458054.611822486690",
        "mean_anomaly" : "321.646452303526",
        "mean_motion" : ".7087831444950419",
        "equinox" : "J2000"
      }
    }, {
      "links" : {
        "self" : "https://api.nasa.gov/neo/rest/v1/neo/3351221?api_key=t0TVs3DtDT2H8Oy2Zy8m2eVrNsAVKAexjcZXUckd"
      },
      "neo_reference_id" : "3351221",
      "name" : "(2006 UN)",
      "nasa_jpl_url" : "http://ssd.jpl.nasa.gov/sbdb.cgi?sstr=3351221",
      "absolute_magnitude_h" : 25.5,
      "estimated_diameter" : {
        "kilometers" : {
          "estimated_diameter_min" : 0.0211132445,
          "estimated_diameter_max" : 0.0472106499
        },
        "meters" : {
          "estimated_diameter_min" : 21.113244479,
          "estimated_diameter_max" : 47.2106498806
        },
        "miles" : {
          "estimated_diameter_min" : 0.0131191578,
          "estimated_diameter_max" : 0.0293353287
        },
        "feet" : {
          "estimated_diameter_min" : 69.2691770164,
          "estimated_diameter_max" : 154.8905885541
        }
      },
      "is_potentially_hazardous_asteroid" : false,
      "close_approach_data" : [ {
        "close_approach_date" : "2006-10-22",
        "epoch_date_close_approach" : 1161500400000,
        "relative_velocity" : {
          "kilometers_per_second" : "3.8214783789",
          "kilometers_per_hour" : "13757.3221640829",
          "miles_per_hour" : "8548.2649857881"
        },
        "miss_distance" : {
          "astronomical" : "0.0436811336",
          "lunar" : "16.9919605255",
          "kilometers" : "6534604.5",
          "miles" : "4060415"
        },
        "orbiting_body" : "Earth"
      } ],
      "orbital_data" : {
        "orbit_id" : "18",
        "orbit_determination_date" : "2017-04-06 09:07:51",
        "orbit_uncertainty" : "6",
        "minimum_orbit_intersection" : ".0438304",
        "jupiter_tisserand_invariant" : "4.389",
        "epoch_osculation" : "2458000.5",
        "eccentricity" : ".3307902892678949",
        "semi_major_axis" : "1.548790802656951",
        "inclination" : ".4931803394351641",
        "ascending_node_longitude" : "323.2588566838609",
        "orbital_period" : "704.0241684642746",
        "perihelion_distance" : "1.036465845030603",
        "perihelion_argument" : "72.19451779736559",
        "aphelion_distance" : "2.061115760283299",
        "perihelion_time" : "2458260.897661314293",
        "mean_anomaly" : "226.8466761906309",
        "mean_motion" : ".511346081747857",
        "equinox" : "J2000"
      }
    }, {
      "links" : {
        "self" : "https://api.nasa.gov/neo/rest/v1/neo/3733134?api_key=t0TVs3DtDT2H8Oy2Zy8m2eVrNsAVKAexjcZXUckd"
      },
      "neo_reference_id" : "3733134",
      "name" : "(2015 VY)",
      "nasa_jpl_url" : "http://ssd.jpl.nasa.gov/sbdb.cgi?sstr=3733134",
      "absolute_magnitude_h" : 26.2,
      "estimated_diameter" : {
        "kilometers" : {
          "estimated_diameter_min" : 0.0152951935,
          "estimated_diameter_max" : 0.0342010925
        },
        "meters" : {
          "estimated_diameter_min" : 15.2951935344,
          "estimated_diameter_max" : 34.201092472
        },
        "miles" : {
          "estimated_diameter_min" : 0.0095039897,
          "estimated_diameter_max" : 0.021251567
        },
        "feet" : {
          "estimated_diameter_min" : 50.1810827555,
          "estimated_diameter_max" : 112.2083122258
        }
      },
      "is_potentially_hazardous_asteroid" : false,
      "close_approach_data" : [ {
        "close_approach_date" : "2006-10-22",
        "epoch_date_close_approach" : 1161500400000,
        "relative_velocity" : {
          "kilometers_per_second" : "13.1058237007",
          "kilometers_per_hour" : "47180.9653223414",
          "miles_per_hour" : "29316.4170359849"
        },
        "miss_distance" : {
          "astronomical" : "0.1354268947",
          "lunar" : "52.681060791",
          "kilometers" : "20259576",
          "miles" : "12588716"
        },
        "orbiting_body" : "Earth"
      } ],
      "orbital_data" : {
        "orbit_id" : "8",
        "orbit_determination_date" : "2017-07-04 06:19:06",
        "orbit_uncertainty" : "6",
        "minimum_orbit_intersection" : ".00490827",
        "jupiter_tisserand_invariant" : "4.053",
        "epoch_osculation" : "2458000.5",
        "eccentricity" : ".4498421621419517",
        "semi_major_axis" : "1.708874705552513",
        "inclination" : "10.10874488776714",
        "ascending_node_longitude" : "42.98969204593432",
        "orbital_period" : "815.9503989273402",
        "perihelion_distance" : ".9401508131770793",
        "perihelion_argument" : "35.52433515750443",
        "aphelion_distance" : "2.477598597927946",
        "perihelion_time" : "2458176.671662397393",
        "mean_anomaly" : "282.2724830499053",
        "mean_motion" : ".4412032894073721",
        "equinox" : "J2000"
      }
    } ]
  }
}