{
  "links" : {
    "next" : "https://api.nasa.gov/neo/rest/v1/feed?start_date=2006-08-09&end_date=2006-08-09&detailed=true&api_key=t0TVs3DtDT2H8Oy2Zy8m2eVrNsAVKAexjcZXUckd",
    "prev" : "https://api.nasa.gov/neo/rest/v1/feed?start_date=2006-08-07&end_date=2006-08-07&detailed=true&api_key=t0TVs3DtDT2H8Oy2Zy8m2eVrNsAVKAexjcZXUckd",
    "self" : "https://api.nasa.gov/neo/rest/v1/feed?start_date=2006-08-08&end_date=2006-08-08&detailed=true&api_key=t0TVs3DtDT2H8Oy2Zy8m2eVrNsAVKAexjcZXUckd"
  },
  "element_count" : 10,
  "near_earth_objects" : {
    "2006-08-08" : [ {
      "links" : {
        "self" : "https://api.nasa.gov/neo/rest/v1/neo/2002100?api_key=t0TVs3DtDT2H8Oy2Zy8m2eVrNsAVKAexjcZXUckd"
      },
      "neo_reference_id" : "2002100",
      "name" : "2100 Ra-Shalom (1978 RA)",
      "nasa_jpl_url" : "http://ssd.jpl.nasa.gov/sbdb.cgi?sstr=2002100",
      "absolute_magnitude_h" : 16.05,
      "estimated_diameter" : {
        "kilometers" : {
          "estimated_diameter_min" : 1.6389095149,
          "estimated_diameter_max" : 3.6647130844
        },
        "meters" : {
          "estimated_diameter_min" : 1638.9095149478,
          "estimated_diameter_max" : 3664.7130843945
        },
        "miles" : {
          "estimated_diameter_min" : 1.0183708442,
          "estimated_diameter_max" : 2.277146434
        },
        "feet" : {
          "estimated_diameter_min" : 5376.9998930214,
          "estimated_diameter_max" : 12023.337275805
        }
      },
      "is_potentially_hazardous_asteroid" : false,
      "close_approach_data" : [ {
        "close_approach_date" : "2006-08-08",
        "epoch_date_close_approach" : 1155020400000,
        "relative_velocity" : {
          "kilometers_per_second" : "15.2848401112",
          "kilometers_per_hour" : "55025.4244001522",
          "miles_per_hour" : "34190.658844639"
        },
        "miss_distance" : {
          "astronomical" : "0.2140419944",
          "lunar" : "83.262336731",
          "kilometers" : "32020226",
          "miles" : "19896446"
        },
        "orbiting_body" : "Earth"
      } ],
      "orbital_data" : {
        "orbit_id" : "182",
        "orbit_determination_date" : "2017-04-06 09:30:50",
        "orbit_uncertainty" : "0",
        "minimum_orbit_intersection" : ".149558",
        "jupiter_tisserand_invariant" : "6.946",
        "epoch_osculation" : "2453681.5",
        "eccentricity" : ".4365122239502867",
        "semi_major_axis" : ".832041312581066",
        "inclination" : "15.7559714300814",
        "ascending_node_longitude" : "170.8848664870347",
        "orbital_period" : "277.2143849607028",
        "perihelion_distance" : ".4688451088077891",
        "perihelion_argument" : "355.9827741469682",
        "aphelion_distance" : "1.195237516354343",
        "perihelion_time" : "2453600.981067548835",
        "mean_anomaly" : "104.564615889354",
        "mean_motion" : "1.2986339076561",
        "equinox" : "J2000"
      }
    }, {
      "links" : {
        "self" : "https://api.nasa.gov/neo/rest/v1/neo/2398188?api_key=t0TVs3DtDT2H8Oy2Zy8m2eVrNsAVKAexjcZXUckd"
      },
      "neo_reference_id" : "2398188",
      "name" : "398188 Agni (2010 LE15)",
      "nasa_jpl_url" : "http://ssd.jpl.nasa.gov/sbdb.cgi?sstr=2398188",
      "absolute_magnitude_h" : 19.5,
      "estimated_diameter" : {
        "kilometers" : {
          "estimated_diameter_min" : 0.3346223745,
          "estimated_diameter_max" : 0.7482383761
        },
        "meters" : {
          "estimated_diameter_min" : 334.6223744549,
          "estimated_diameter_max" : 748.2383760735
        },
        "miles" : {
          "estimated_diameter_min" : 0.2079246394,
          "estimated_diameter_max" : 0.464933628
        },
        "feet" : {
          "estimated_diameter_min" : 1097.8424710066,
          "estimated_diameter_max" : 2454.8503937571
        }
      },
      "is_potentially_hazardous_asteroid" : true,
      "close_approach_data" : [ {
        "close_approach_date" : "2006-08-08",
        "epoch_date_close_approach" : 1155020400000,
        "relative_velocity" : {
          "kilometers_per_second" : "16.1894015851",
          "kilometers_per_hour" : "58281.845706292",
          "miles_per_hour" : "36214.0724056679"
        },
        "miss_distance" : {
          "astronomical" : "0.2879564777",
          "lunar" : "112.0150680542",
          "kilometers" : "43077676",
          "miles" : "26767226"
        },
        "orbiting_body" : "Earth"
      } ],
      "orbital_data" : {
        "orbit_id" : "62",
        "orbit_determination_date" : "2017-04-06 09:21:54",
        "orbit_uncertainty" : "0",
        "minimum_orbit_intersection" : ".0225498",
        "jupiter_tisserand_invariant" : "6.785",
        "epoch_osculation" : "2458000.5",
        "eccentricity" : ".2736569612088209",
        "semi_major_axis" : ".8641258205484663",
        "inclination" : "13.24668293227481",
        "ascending_node_longitude" : "134.2602538845283",
        "orbital_period" : "293.4025609863035",
        "perihelion_distance" : ".6276517743950941",
        "perihelion_argument" : "328.6753581761694",
        "aphelion_distance" : "1.100599866701838",
        "perihelion_time" : "2457859.148690989125",
        "mean_anomaly" : "173.4356751108606",
        "mean_motion" : "1.226983155122513",
        "equinox" : "J2000"
      }
    }, {
      "links" : {
        "self" : "https://api.nasa.gov/neo/rest/v1/neo/2428694?api_key=t0TVs3DtDT2H8Oy2Zy8m2eVrNsAVKAexjcZXUckd"
      },
      "neo_reference_id" : "2428694",
      "name" : "428694 Saule (2008 OS9)",
      "nasa_jpl_url" : "http://ssd.jpl.nasa.gov/sbdb.cgi?sstr=2428694",
      "absolute_magnitude_h" : 19.4,
      "estimated_diameter" : {
        "kilometers" : {
          "estimated_diameter_min" : 0.3503926411,
          "estimated_diameter_max" : 0.7835017643
        },
        "meters" : {
          "estimated_diameter_min" : 350.3926411083,
          "estimated_diameter_max" : 783.5017643338
        },
        "miles" : {
          "estimated_diameter_min" : 0.2177238258,
          "estimated_diameter_max" : 0.4868452748
        },
        "feet" : {
          "estimated_diameter_min" : 1149.5821926537,
          "estimated_diameter_max" : 2570.543928497
        }
      },
      "is_potentially_hazardous_asteroid" : false,
      "close_approach_data" : [ {
        "close_approach_date" : "2006-08-08",
        "epoch_date_close_approach" : 1155020400000,
        "relative_velocity" : {
          "kilometers_per_second" : "25.598226791",
          "kilometers_per_hour" : "92153.6164477145",
          "miles_per_hour" : "57260.673508859"
        },
        "miss_distance" : {
          "astronomical" : "0.1544677394",
          "lunar" : "60.0879516602",
          "kilometers" : "23108046",
          "miles" : "14358674"
        },
        "orbiting_body" : "Earth"
      } ],
      "orbital_data" : {
        "orbit_id" : "50",
        "orbit_determination_date" : "2017-04-11 18:55:49",
        "orbit_uncertainty" : "0",
        "minimum_orbit_intersection" : ".0575551",
        "jupiter_tisserand_invariant" : "4.047",
        "epoch_osculation" : "2458000.5",
        "eccentricity" : ".6481883436885546",
        "semi_major_axis" : "1.601752868526499",
        "inclination" : "19.12204554293608",
        "ascending_node_longitude" : "133.5176673858652",
        "orbital_period" : "740.443103603469",
        "perihelion_distance" : ".5635153296779165",
        "perihelion_argument" : "288.2158725297416",
        "aphelion_distance" : "2.639990407375082",
        "perihelion_time" : "2457708.260922764334",
        "mean_anomaly" : "142.0852828432597",
        "mean_motion" : ".4861953582226779",
        "equinox" : "J2000"
      }
    }, {
      "links" : {
        "self" : "https://api.nasa.gov/neo/rest/v1/neo/3146503?api_key=t0TVs3DtDT2H8Oy2Zy8m2eVrNsAVKAexjcZXUckd"
      },
      "neo_reference_id" : "3146503",
      "name" : "(2003 AK73)",
      "nasa_jpl_url" : "http://ssd.jpl.nasa.gov/sbdb.cgi?sstr=3146503",
      "absolute_magnitude_h" : 19.5,
      "estimated_diameter" : {
        "kilometers" : {
          "estimated_diameter_min" : 0.3346223745,
          "estimated_diameter_max" : 0.7482383761
        },
        "meters" : {
          "estimated_diameter_min" : 334.6223744549,
          "estimated_diameter_max" : 748.2383760735
        },
        "miles" : {
          "estimated_diameter_min" : 0.2079246394,
          "estimated_diameter_max" : 0.464933628
        },
        "feet" : {
          "estimated_diameter_min" : 1097.8424710066,
          "estimated_diameter_max" : 2454.8503937571
        }
      },
      "is_potentially_hazardous_asteroid" : false,
      "close_approach_data" : [ {
        "close_approach_date" : "2006-08-08",
        "epoch_date_close_approach" : 1155020400000,
        "relative_velocity" : {
          "kilometers_per_second" : "14.3848730362",
          "kilometers_per_hour" : "51785.5429304849",
          "miles_per_hour" : "32177.5224947782"
        },
        "miss_distance" : {
          "astronomical" : "0.1222744014",
          "lunar" : "47.564743042",
          "kilometers" : "18291990",
          "miles" : "11366116"
        },
        "orbiting_body" : "Earth"
      } ],
      "orbital_data" : {
        "orbit_id" : "16",
        "orbit_determination_date" : "2017-04-06 09:14:25",
        "orbit_uncertainty" : "2",
        "minimum_orbit_intersection" : ".0580337",
        "jupiter_tisserand_invariant" : "3.107",
        "epoch_osculation" : "2458000.5",
        "eccentricity" : ".6981415913627841",
        "semi_major_axis" : "2.445350789651623",
        "inclination" : "4.038150175600392",
        "ascending_node_longitude" : "175.4605559659948",
        "orbital_period" : "1396.722660325133",
        "perihelion_distance" : ".7381496979239983",
        "perihelion_argument" : "195.7463618231543",
        "aphelion_distance" : "4.152551881379249",
        "perihelion_time" : "2458199.869934593569",
        "mean_anomaly" : "308.6131509909224",
        "mean_motion" : ".2577462299610706",
        "equinox" : "J2000"
      }
    }, {
      "links" : {
        "self" : "https://api.nasa.gov/neo/rest/v1/neo/3275510?api_key=t0TVs3DtDT2H8Oy2Zy8m2eVrNsAVKAexjcZXUckd"
      },
      "neo_reference_id" : "3275510",
      "name" : "(2005 GL)",
      "nasa_jpl_url" : "http://ssd.jpl.nasa.gov/sbdb.cgi?sstr=3275510",
      "absolute_magnitude_h" : 21.2,
      "estimated_diameter" : {
        "kilometers" : {
          "estimated_diameter_min" : 0.1529519353,
          "estimated_diameter_max" : 0.3420109247
        },
        "meters" : {
          "estimated_diameter_min" : 152.9519353442,
          "estimated_diameter_max" : 342.0109247198
        },
        "miles" : {
          "estimated_diameter_min" : 0.095039897,
          "estimated_diameter_max" : 0.2125156703
        },
        "feet" : {
          "estimated_diameter_min" : 501.8108275547,
          "estimated_diameter_max" : 1122.0831222578
        }
      },
      "is_potentially_hazardous_asteroid" : true,
      "close_approach_data" : [ {
        "close_approach_date" : "2006-08-08",
        "epoch_date_close_approach" : 1155020400000,
        "relative_velocity" : {
          "kilometers_per_second" : "10.3650951669",
          "kilometers_per_hour" : "37314.3426006902",
          "miles_per_hour" : "23185.6813787456"
        },
        "miss_distance" : {
          "astronomical" : "0.3686115787",
          "lunar" : "143.3899078369",
          "kilometers" : "55143508",
          "miles" : "34264588"
        },
        "orbiting_body" : "Earth"
      } ],
      "orbital_data" : {
        "orbit_id" : "13",
        "orbit_determination_date" : "2017-04-06 09:11:11",
        "orbit_uncertainty" : "2",
        "minimum_orbit_intersection" : ".00600421",
        "jupiter_tisserand_invariant" : "5.752",
        "epoch_osculation" : "2458000.5",
        "eccentricity" : ".3061406081206968",
        "semi_major_axis" : "1.055976654688112",
        "inclination" : "15.89806929092856",
        "ascending_node_longitude" : "43.64071598530212",
        "orbital_period" : "396.3509490067624",
        "perihelion_distance" : ".7326993194606343",
        "perihelion_argument" : "265.3538903718975",
        "aphelion_distance" : "1.379253989915589",
        "perihelion_time" : "2457914.968671870113",
        "mean_anomaly" : "77.68690400242687",
        "mean_motion" : ".9082859544102108",
        "equinox" : "J2000"
      }
    }, {
      "links" : {
        "self" : "https://api.nasa.gov/neo/rest/v1/neo/3404525?api_key=t0TVs3DtDT2H8Oy2Zy8m2eVrNsAVKAexjcZXUckd"
      },
      "neo_reference_id" : "3404525",
      "name" : "(2008 EJ)",
      "nasa_jpl_url" : "http://ssd.jpl.nasa.gov/sbdb.cgi?sstr=3404525",
      "absolute_magnitude_h" : 19.8,
      "estimated_diameter" : {
        "kilometers" : {
          "estimated_diameter_min" : 0.2914439045,
          "estimated_diameter_max" : 0.6516883822
        },
        "meters" : {
          "estimated_diameter_min" : 291.4439045349,
          "estimated_diameter_max" : 651.6883821679
        },
        "miles" : {
          "estimated_diameter_min" : 0.1810947904,
          "estimated_diameter_max" : 0.4049402617
        },
        "feet" : {
          "estimated_diameter_min" : 956.1808197541,
          "estimated_diameter_max" : 2138.0853117517
        }
      },
      "is_potentially_hazardous_asteroid" : false,
      "close_approach_data" : [ {
        "close_approach_date" : "2006-08-08",
        "epoch_date_close_approach" : 1155020400000,
        "relative_velocity" : {
          "kilometers_per_second" : "30.390150773",
          "kilometers_per_hour" : "109404.542782755",
          "miles_per_hour" : "67979.7282640957"
        },
        "miss_distance" : {
          "astronomical" : "0.4497166094",
          "lunar" : "174.9397583008",
          "kilometers" : "67276648",
          "miles" : "41803768"
        },
        "orbiting_body" : "Earth"
      } ],
      "orbital_data" : {
        "orbit_id" : "27",
        "orbit_determination_date" : "2017-04-06 09:04:11",
        "orbit_uncertainty" : "1",
        "minimum_orbit_intersection" : ".359849",
        "jupiter_tisserand_invariant" : "5.301",
        "epoch_osculation" : "2458000.5",
        "eccentricity" : ".4827102578385575",
        "semi_major_axis" : "1.110622796789464",
        "inclination" : "40.40324091043465",
        "ascending_node_longitude" : "166.7384080643853",
        "orbital_period" : "427.5119927893626",
        "perihelion_distance" : ".5745137801898418",
        "perihelion_argument" : "208.7895425025945",
        "aphelion_distance" : "1.646731813389086",
        "perihelion_time" : "2457824.782013014943",
        "mean_anomaly" : "147.9688906546967",
        "mean_motion" : ".8420816399819078",
        "equinox" : "J2000"
      }
    }, {
      "links" : {
        "self" : "https://api.nasa.gov/neo/rest/v1/neo/3776647?api_key=t0TVs3DtDT2H8Oy2Zy8m2eVrNsAVKAexjcZXUckd"
      },
      "neo_reference_id" : "3776647",
      "name" : "(2017 NV5)",
      "nasa_jpl_url" : "http://ssd.jpl.nasa.gov/sbdb.cgi?sstr=3776647",
      "absolute_magnitude_h" : 20.097,
      "estimated_diameter" : {
        "kilometers" : {
          "estimated_diameter_min" : 0.2541879605,
          "estimated_diameter_max" : 0.5683815588
        },
        "meters" : {
          "estimated_diameter_min" : 254.1879605393,
          "estimated_diameter_max" : 568.3815588278
        },
        "miles" : {
          "estimated_diameter_min" : 0.1579450272,
          "estimated_diameter_max" : 0.3531758176
        },
        "feet" : {
          "estimated_diameter_min" : 833.9500284556,
          "estimated_diameter_max" : 1864.7689534647
        }
      },
      "is_potentially_hazardous_asteroid" : false,
      "close_approach_data" : [ {
        "close_approach_date" : "2006-08-08",
        "epoch_date_close_approach" : 1155020400000,
        "relative_velocity" : {
          "kilometers_per_second" : "26.7223595254",
          "kilometers_per_hour" : "96200.494291346",
          "miles_per_hour" : "59775.2460223089"
        },
        "miss_distance" : {
          "astronomical" : "0.4382530824",
          "lunar" : "170.4804534912",
          "kilometers" : "65561728",
          "miles" : "40738168"
        },
        "orbiting_body" : "Earth"
      } ],
      "orbital_data" : {
        "orbit_id" : "11",
        "orbit_determination_date" : "2017-09-21 06:20:33",
        "orbit_uncertainty" : "6",
        "minimum_orbit_intersection" : ".136369",
        "jupiter_tisserand_invariant" : "3.176",
        "epoch_osculation" : "2458000.5",
        "eccentricity" : ".6711349870995102",
        "semi_major_axis" : "2.359979428357678",
        "inclination" : "13.46687520062198",
        "ascending_node_longitude" : "210.3331251550538",
        "orbital_period" : "1324.221859879082",
        "perihelion_distance" : ".7761146651517382",
        "perihelion_argument" : "21.53007876939645",
        "aphelion_distance" : "3.943844191563617",
        "perihelion_time" : "2457908.267325152835",
        "mean_anomaly" : "25.07416917888008",
        "mean_motion" : ".2718577686316646",
        "equinox" : "J2000"
      }
    }, {
      "links" : {
        "self" : "https://api.nasa.gov/neo/rest/v1/neo/3723815?api_key=t0TVs3DtDT2H8Oy2Zy8m2eVrNsAVKAexjcZXUckd"
      },
      "neo_reference_id" : "3723815",
      "name" : "(2015 MM116)",
      "nasa_jpl_url" : "http://ssd.jpl.nasa.gov/sbdb.cgi?sstr=3723815",
      "absolute_magnitude_h" : 22.2,
      "estimated_diameter" : {
        "kilometers" : {
          "estimated_diameter_min" : 0.096506147,
          "estimated_diameter_max" : 0.2157943048
        },
        "meters" : {
          "estimated_diameter_min" : 96.5061469579,
          "estimated_diameter_max" : 215.7943048444
        },
        "miles" : {
          "estimated_diameter_min" : 0.059966121,
          "estimated_diameter_max" : 0.134088323
        },
        "feet" : {
          "estimated_diameter_min" : 316.6212271853,
          "estimated_diameter_max" : 707.9865871058
        }
      },
      "is_potentially_hazardous_asteroid" : false,
      "close_approach_data" : [ {
        "close_approach_date" : "2006-08-08",
        "epoch_date_close_approach" : 1155020400000,
        "relative_velocity" : {
          "kilometers_per_second" : "5.7937108089",
          "kilometers_per_hour" : "20857.3589119475",
          "miles_per_hour" : "12959.9517083709"
        },
        "miss_distance" : {
          "astronomical" : "0.1824758349",
          "lunar" : "70.9831008911",
          "kilometers" : "27297996",
          "miles" : "16962188"
        },
        "orbiting_body" : "Earth"
      } ],
      "orbital_data" : {
        "orbit_id" : "12",
        "orbit_determination_date" : "2017-04-06 08:32:56",
        "orbit_uncertainty" : "5",
        "minimum_orbit_intersection" : ".176152",
        "jupiter_tisserand_invariant" : "4.527",
        "epoch_osculation" : "2458000.5",
        "eccentricity" : ".2680349762562177",
        "semi_major_axis" : "1.48095706430112",
        "inclination" : "9.463717947320049",
        "ascending_node_longitude" : "264.3393379291721",
        "orbital_period" : "658.2822250450137",
        "perihelion_distance" : "1.084008772734691",
        "perihelion_argument" : "85.18190686108308",
        "aphelion_distance" : "1.877905355867549",
        "perihelion_time" : "2457937.369179277820",
        "mean_anomaly" : "34.52485058126967",
        "mean_motion" : ".5468778987240359",
        "equinox" : "J2000"
      }
    }, {
      "links" : {
        "self" : "https://api.nasa.gov/neo/rest/v1/neo/3763286?api_key=t0TVs3DtDT2H8Oy2Zy8m2eVrNsAVKAexjcZXUckd"
      },
      "neo_reference_id" : "3763286",
      "name" : "(2016 VS1)",
      "nasa_jpl_url" : "http://ssd.jpl.nasa.gov/sbdb.cgi?sstr=3763286",
      "absolute_magnitude_h" : 25.7,
      "estimated_diameter" : {
        "kilometers" : {
          "estimated_diameter_min" : 0.0192555078,
          "estimated_diameter_max" : 0.0430566244
        },
        "meters" : {
          "estimated_diameter_min" : 19.2555078188,
          "estimated_diameter_max" : 43.0566244241
        },
        "miles" : {
          "estimated_diameter_min" : 0.0119648141,
          "estimated_diameter_max" : 0.0267541378
        },
        "feet" : {
          "estimated_diameter_min" : 63.1742402722,
          "estimated_diameter_max" : 141.2618956756
        }
      },
      "is_potentially_hazardous_asteroid" : false,
      "close_approach_data" : [ {
        "close_approach_date" : "2006-08-08",
        "epoch_date_close_approach" : 1155020400000,
        "relative_velocity" : {
          "kilometers_per_second" : "13.3531700005",
          "kilometers_per_hour" : "48071.4120016916",
          "miles_per_hour" : "29869.7059740511"
        },
        "miss_distance" : {
          "astronomical" : "0.257058695",
          "lunar" : "99.9958343506",
          "kilometers" : "38455436",
          "miles" : "23895100"
        },
        "orbiting_body" : "Earth"
      } ],
      "orbital_data" : {
        "orbit_id" : "7",
        "orbit_determination_date" : "2017-04-06 08:22:26",
        "orbit_uncertainty" : "6",
        "minimum_orbit_intersection" : ".0208915",
        "jupiter_tisserand_invariant" : "6.406",
        "epoch_osculation" : "2458000.5",
        "eccentricity" : ".2111628362730545",
        "semi_major_axis" : ".9322792017965656",
        "inclination" : "4.416967810606875",
        "ascending_node_longitude" : "230.5373919585746",
        "orbital_period" : "328.789106784589",
        "perihelion_distance" : ".7354164813468235",
        "perihelion_argument" : "314.1114934218853",
        "aphelion_distance" : "1.129141922246308",
        "perihelion_time" : "2458139.691419271854",
        "mean_anomaly" : "207.5955866424222",
        "mean_motion" : "1.094926786111132",
        "equinox" : "J2000"
      }
    }, {
      "links" : {
        "self" : "https://api.nasa.gov/neo/rest/v1/neo/3767167?api_key=t0TVs3DtDT2H8Oy2Zy8m2eVrNsAVKAexjcZXUckd"
      },
      "neo_reference_id" : "3767167",
      "name" : "(2017 BW30)",
      "nasa_jpl_url" : "http://ssd.jpl.nasa.gov/sbdb.cgi?sstr=3767167",
      "absolute_magnitude_h" : 23.9,
      "estimated_diameter" : {
        "kilometers" : {
          "estimated_diameter_min" : 0.04411182,
          "estimated_diameter_max" : 0.0986370281
        },
        "meters" : {
          "estimated_diameter_min" : 44.1118199997,
          "estimated_diameter_max" : 98.6370281305
        },
        "miles" : {
          "estimated_diameter_min" : 0.0274098057,
          "estimated_diameter_max" : 0.0612901888
        },
        "feet" : {
          "estimated_diameter_min" : 144.7238235278,
          "estimated_diameter_max" : 323.6123073718
        }
      },
      "is_potentially_hazardous_asteroid" : false,
      "close_approach_data" : [ {
        "close_approach_date" : "2006-08-08",
        "epoch_date_close_approach" : 1155020400000,
        "relative_velocity" : {
          "kilometers_per_second" : "12.5706704186",
          "kilometers_per_hour" : "45254.4135069359",
          "miles_per_hour" : "28119.3326593514"
        },
        "miss_distance" : {
          "astronomical" : "0.098699043",
          "lunar" : "38.3939285278",
          "kilometers" : "14765166",
          "miles" : "9174649"
        },
        "orbiting_body" : "Earth"
      } ],
      "orbital_data" : {
        "orbit_id" : "12",
        "orbit_determination_date" : "2017-08-26 06:16:49",
        "orbit_uncertainty" : "6",
        "minimum_orbit_intersection" : ".00203226",
        "jupiter_tisserand_invariant" : "5.646",
        "epoch_osculation" : "2458000.5",
        "eccentricity" : ".2116654927436459",
        "semi_major_axis" : "1.076766915934849",
        "inclination" : "23.80081799704096",
        "ascending_node_longitude" : "311.9522406723861",
        "orbital_period" : "408.1135194096984",
        "perihelion_distance" : ".8488525161034431",
        "perihelion_argument" : "85.6343917213093",
        "aphelion_distance" : "1.304681315766254",
        "perihelion_time" : "2458110.718214462166",
        "mean_anomaly" : "262.7756853931933",
        "mean_motion" : ".8821075090105063",
        "equinox" : "J2000"
      }
    } ]
  }
}