{
  "links" : {
    "next" : "https://api.nasa.gov/neo/rest/v1/feed?start_date=2007-07-09&end_date=2007-07-09&detailed=true&api_key=t0TVs3DtDT2H8Oy2Zy8m2eVrNsAVKAexjcZXUckd",
    "prev" : "https://api.nasa.gov/neo/rest/v1/feed?start_date=2007-07-07&end_date=2007-07-07&detailed=true&api_key=t0TVs3DtDT2H8Oy2Zy8m2eVrNsAVKAexjcZXUckd",
    "self" : "https://api.nasa.gov/neo/rest/v1/feed?start_date=2007-07-08&end_date=2007-07-08&detailed=true&api_key=t0TVs3DtDT2H8Oy2Zy8m2eVrNsAVKAexjcZXUckd"
  },
  "element_count" : 6,
  "near_earth_objects" : {
    "2007-07-08" : [ {
      "links" : {
        "self" : "https://api.nasa.gov/neo/rest/v1/neo/2311555?api_key=t0TVs3DtDT2H8Oy2Zy8m2eVrNsAVKAexjcZXUckd"
      },
      "neo_reference_id" : "2311555",
      "name" : "311555 (2006 BA148)",
      "nasa_jpl_url" : "http://ssd.jpl.nasa.gov/sbdb.cgi?sstr=2311555",
      "absolute_magnitude_h" : 18.4,
      "estimated_diameter" : {
        "kilometers" : {
          "estimated_diameter_min" : 0.5553349116,
          "estimated_diameter_max" : 1.2417666126
        },
        "meters" : {
          "estimated_diameter_min" : 555.334911581,
          "estimated_diameter_max" : 1241.766612574
        },
        "miles" : {
          "estimated_diameter_min" : 0.3450690093,
          "estimated_diameter_max" : 0.7715977618
        },
        "feet" : {
          "estimated_diameter_min" : 1821.9649913114,
          "estimated_diameter_max" : 4074.0375731972
        }
      },
      "is_potentially_hazardous_asteroid" : false,
      "close_approach_data" : [ {
        "close_approach_date" : "2007-07-08",
        "epoch_date_close_approach" : 1183878000000,
        "relative_velocity" : {
          "kilometers_per_second" : "17.1499368703",
          "kilometers_per_hour" : "61739.772733085",
          "miles_per_hour" : "38362.6937851772"
        },
        "miss_distance" : {
          "astronomical" : "0.2546990817",
          "lunar" : "99.0779418945",
          "kilometers" : "38102440",
          "miles" : "23675758"
        },
        "orbiting_body" : "Earth"
      } ],
      "orbital_data" : {
        "orbit_id" : "35",
        "orbit_determination_date" : "2017-04-06 09:23:52",
        "orbit_uncertainty" : "1",
        "minimum_orbit_intersection" : ".234728",
        "jupiter_tisserand_invariant" : "4.041",
        "epoch_osculation" : "2458000.5",
        "eccentricity" : ".6140792696036494",
        "semi_major_axis" : "1.630870634590392",
        "inclination" : "15.76173374176233",
        "ascending_node_longitude" : "327.6065704727773",
        "orbital_period" : "760.7250128699328",
        "perihelion_distance" : ".629386786483084",
        "perihelion_argument" : "26.08019800730389",
        "aphelion_distance" : "2.632354482697701",
        "perihelion_time" : "2458130.355092283645",
        "mean_anomaly" : "298.5483158418177",
        "mean_motion" : ".4732327633632734",
        "equinox" : "J2000"
      }
    }, {
      "links" : {
        "self" : "https://api.nasa.gov/neo/rest/v1/neo/3347493?api_key=t0TVs3DtDT2H8Oy2Zy8m2eVrNsAVKAexjcZXUckd"
      },
      "neo_reference_id" : "3347493",
      "name" : "(2006 SU217)",
      "nasa_jpl_url" : "http://ssd.jpl.nasa.gov/sbdb.cgi?sstr=3347493",
      "absolute_magnitude_h" : 25.3,
      "estimated_diameter" : {
        "kilometers" : {
          "estimated_diameter_min" : 0.0231502122,
          "estimated_diameter_max" : 0.0517654482
        },
        "meters" : {
          "estimated_diameter_min" : 23.150212221,
          "estimated_diameter_max" : 51.7654482198
        },
        "miles" : {
          "estimated_diameter_min" : 0.0143848705,
          "estimated_diameter_max" : 0.0321655483
        },
        "feet" : {
          "estimated_diameter_min" : 75.9521422633,
          "estimated_diameter_max" : 169.8341531374
        }
      },
      "is_potentially_hazardous_asteroid" : false,
      "close_approach_data" : [ {
        "close_approach_date" : "2007-07-08",
        "epoch_date_close_approach" : 1183878000000,
        "relative_velocity" : {
          "kilometers_per_second" : "4.6857068656",
          "kilometers_per_hour" : "16868.5447162605",
          "miles_per_hour" : "10481.4576877231"
        },
        "miss_distance" : {
          "astronomical" : "0.1650031582",
          "lunar" : "64.1862335205",
          "kilometers" : "24684122",
          "miles" : "15338003"
        },
        "orbiting_body" : "Earth"
      } ],
      "orbital_data" : {
        "orbit_id" : "10",
        "orbit_determination_date" : "2017-04-06 09:07:59",
        "orbit_uncertainty" : "5",
        "minimum_orbit_intersection" : ".0253681",
        "jupiter_tisserand_invariant" : "6.137",
        "epoch_osculation" : "2458000.5",
        "eccentricity" : ".173857865733201",
        "semi_major_axis" : ".9852787809445105",
        "inclination" : "2.636233376223132",
        "ascending_node_longitude" : "193.7175231129747",
        "orbital_period" : "357.2211149896775",
        "perihelion_distance" : ".8139803149372877",
        "perihelion_argument" : "38.43986871183503",
        "aphelion_distance" : "1.156577246951733",
        "perihelion_time" : "2458178.545209870274",
        "mean_anomaly" : "180.5697455617913",
        "mean_motion" : "1.007779173441085",
        "equinox" : "J2000"
      }
    }, {
      "links" : {
        "self" : "https://api.nasa.gov/neo/rest/v1/neo/3371668?api_key=t0TVs3DtDT2H8Oy2Zy8m2eVrNsAVKAexjcZXUckd"
      },
      "neo_reference_id" : "3371668",
      "name" : "(2007 FE1)",
      "nasa_jpl_url" : "http://ssd.jpl.nasa.gov/sbdb.cgi?sstr=3371668",
      "absolute_magnitude_h" : 18.7,
      "estimated_diameter" : {
        "kilometers" : {
          "estimated_diameter_min" : 0.4836764882,
          "estimated_diameter_max" : 1.0815335068
        },
        "meters" : {
          "estimated_diameter_min" : 483.6764882185,
          "estimated_diameter_max" : 1081.533506775
        },
        "miles" : {
          "estimated_diameter_min" : 0.3005425432,
          "estimated_diameter_max" : 0.6720335566
        },
        "feet" : {
          "estimated_diameter_min" : 1586.8651696069,
          "estimated_diameter_max" : 3548.3383903678
        }
      },
      "is_potentially_hazardous_asteroid" : false,
      "close_approach_data" : [ {
        "close_approach_date" : "2007-07-08",
        "epoch_date_close_approach" : 1183878000000,
        "relative_velocity" : {
          "kilometers_per_second" : "13.5985504252",
          "kilometers_per_hour" : "48954.7815306516",
          "miles_per_hour" : "30418.5974460874"
        },
        "miss_distance" : {
          "astronomical" : "0.1715628554",
          "lunar" : "66.7379455566",
          "kilometers" : "25665438",
          "miles" : "15947763"
        },
        "orbiting_body" : "Earth"
      } ],
      "orbital_data" : {
        "orbit_id" : "32",
        "orbit_determination_date" : "2016-10-09 07:23:33",
        "orbit_uncertainty" : "0",
        "minimum_orbit_intersection" : ".066691",
        "jupiter_tisserand_invariant" : "3.604",
        "epoch_osculation" : "2457600.5",
        "eccentricity" : ".5475849193051526",
        "semi_major_axis" : "2.018929522965114",
        "inclination" : "9.846668068525423",
        "ascending_node_longitude" : "44.76280511943067",
        "orbital_period" : "1047.804272723209",
        "perihelion_distance" : ".9133941630494716",
        "perihelion_argument" : "193.18605241",
        "aphelion_distance" : "3.124464882880756",
        "perihelion_time" : "2457402.605280788177",
        "mean_anomaly" : "67.99180034941104",
        "mean_motion" : ".3435756174808983",
        "equinox" : "J2000"
      }
    }, {
      "links" : {
        "self" : "https://api.nasa.gov/neo/rest/v1/neo/3444371?api_key=t0TVs3DtDT2H8Oy2Zy8m2eVrNsAVKAexjcZXUckd"
      },
      "neo_reference_id" : "3444371",
      "name" : "(2009 BJ2)",
      "nasa_jpl_url" : "http://ssd.jpl.nasa.gov/sbdb.cgi?sstr=3444371",
      "absolute_magnitude_h" : 27.1,
      "estimated_diameter" : {
        "kilometers" : {
          "estimated_diameter_min" : 0.0101054342,
          "estimated_diameter_max" : 0.0225964377
        },
        "meters" : {
          "estimated_diameter_min" : 10.1054341542,
          "estimated_diameter_max" : 22.5964377109
        },
        "miles" : {
          "estimated_diameter_min" : 0.0062792237,
          "estimated_diameter_max" : 0.0140407711
        },
        "feet" : {
          "estimated_diameter_min" : 33.1543125905,
          "estimated_diameter_max" : 74.1352966996
        }
      },
      "is_potentially_hazardous_asteroid" : false,
      "close_approach_data" : [ {
        "close_approach_date" : "2007-07-08",
        "epoch_date_close_approach" : 1183878000000,
        "relative_velocity" : {
          "kilometers_per_second" : "9.335961184",
          "kilometers_per_hour" : "33609.4602623465",
          "miles_per_hour" : "20883.6115724563"
        },
        "miss_distance" : {
          "astronomical" : "0.2830047945",
          "lunar" : "110.0888671875",
          "kilometers" : "42336916",
          "miles" : "26306938"
        },
        "orbiting_body" : "Earth"
      } ],
      "orbital_data" : {
        "orbit_id" : "7",
        "orbit_determination_date" : "2017-04-06 09:01:37",
        "orbit_uncertainty" : "6",
        "minimum_orbit_intersection" : ".0115762",
        "jupiter_tisserand_invariant" : "6.313",
        "epoch_osculation" : "2458000.5",
        "eccentricity" : ".2789381251155816",
        "semi_major_axis" : ".9462583597208309",
        "inclination" : "6.504062867052895",
        "ascending_node_longitude" : "296.1455870151312",
        "orbital_period" : "336.2118534547016",
        "perihelion_distance" : ".6823108269853568",
        "perihelion_argument" : "300.081148657659",
        "aphelion_distance" : "1.210205892456305",
        "perihelion_time" : "2457957.826110318905",
        "mean_anomaly" : "45.69321434487789",
        "mean_motion" : "1.070753443999271",
        "equinox" : "J2000"
      }
    }, {
      "links" : {
        "self" : "https://api.nasa.gov/neo/rest/v1/neo/3755187?api_key=t0TVs3DtDT2H8Oy2Zy8m2eVrNsAVKAexjcZXUckd"
      },
      "neo_reference_id" : "3755187",
      "name" : "(2016 NJ22)",
      "nasa_jpl_url" : "http://ssd.jpl.nasa.gov/sbdb.cgi?sstr=3755187",
      "absolute_magnitude_h" : 28.4,
      "estimated_diameter" : {
        "kilometers" : {
          "estimated_diameter_min" : 0.0055533491,
          "estimated_diameter_max" : 0.0124176661
        },
        "meters" : {
          "estimated_diameter_min" : 5.5533491158,
          "estimated_diameter_max" : 12.4176661257
        },
        "miles" : {
          "estimated_diameter_min" : 0.0034506901,
          "estimated_diameter_max" : 0.0077159776
        },
        "feet" : {
          "estimated_diameter_min" : 18.2196499131,
          "estimated_diameter_max" : 40.740375732
        }
      },
      "is_potentially_hazardous_asteroid" : false,
      "close_approach_data" : [ {
        "close_approach_date" : "2007-07-08",
        "epoch_date_close_approach" : 1183878000000,
        "relative_velocity" : {
          "kilometers_per_second" : "6.9710501279",
          "kilometers_per_hour" : "25095.780460453",
          "miles_per_hour" : "15593.5420311076"
        },
        "miss_distance" : {
          "astronomical" : "0.008331752",
          "lunar" : "3.2410516739",
          "kilometers" : "1246412.375",
          "miles" : "774484.75"
        },
        "orbiting_body" : "Earth"
      } ],
      "orbital_data" : {
        "orbit_id" : "3",
        "orbit_determination_date" : "2017-04-06 08:25:06",
        "orbit_uncertainty" : "5",
        "minimum_orbit_intersection" : ".00136991",
        "jupiter_tisserand_invariant" : "6.309",
        "epoch_osculation" : "2458000.5",
        "eccentricity" : ".1862735027566895",
        "semi_major_axis" : ".9495233532264336",
        "inclination" : "8.881277540677299",
        "ascending_node_longitude" : "285.7656340211381",
        "orbital_period" : "337.9534643021906",
        "perihelion_distance" : ".7726523122716684",
        "perihelion_argument" : "237.5039274080578",
        "aphelion_distance" : "1.126394394181199",
        "perihelion_time" : "2458156.493273032905",
        "mean_anomaly" : "193.8304405081313",
        "mean_motion" : "1.065235418560751",
        "equinox" : "J2000"
      }
    }, {
      "links" : {
        "self" : "https://api.nasa.gov/neo/rest/v1/neo/2475950?api_key=t0TVs3DtDT2H8Oy2Zy8m2eVrNsAVKAexjcZXUckd"
      },
      "neo_reference_id" : "2475950",
      "name" : "475950 (2007 FE1)",
      "nasa_jpl_url" : "http://ssd.jpl.nasa.gov/sbdb.cgi?sstr=2475950",
      "absolute_magnitude_h" : 18.7,
      "estimated_diameter" : {
        "kilometers" : {
          "estimated_diameter_min" : 0.4836764882,
          "estimated_diameter_max" : 1.0815335068
        },
        "meters" : {
          "estimated_diameter_min" : 483.6764882185,
          "estimated_diameter_max" : 1081.533506775
        },
        "miles" : {
          "estimated_diameter_min" : 0.3005425432,
          "estimated_diameter_max" : 0.6720335566
        },
        "feet" : {
          "estimated_diameter_min" : 1586.8651696069,
          "estimated_diameter_max" : 3548.3383903678
        }
      },
      "is_potentially_hazardous_asteroid" : false,
      "close_approach_data" : [ {
        "close_approach_date" : "2007-07-08",
        "epoch_date_close_approach" : 1183878000000,
        "relative_velocity" : {
          "kilometers_per_second" : "13.598557107",
          "kilometers_per_hour" : "48954.8055850794",
          "miles_per_hour" : "30418.6123925734"
        },
        "miss_distance" : {
          "astronomical" : "0.1715628787",
          "lunar" : "66.7379608154",
          "kilometers" : "25665442",
          "miles" : "15947766"
        },
        "orbiting_body" : "Earth"
      } ],
      "orbital_data" : {
        "orbit_id" : "34",
        "orbit_determination_date" : "2017-04-06 09:19:03",
        "orbit_uncertainty" : "0",
        "minimum_orbit_intersection" : ".0657158",
        "jupiter_tisserand_invariant" : "3.604",
        "epoch_osculation" : "2458000.5",
        "eccentricity" : ".5477441248958655",
        "semi_major_axis" : "2.018838289788775",
        "inclination" : "9.847701229593762",
        "ascending_node_longitude" : "44.76182242474539",
        "orbital_period" : "1047.733249863619",
        "perihelion_distance" : ".9130314774421568",
        "perihelion_argument" : "193.1938313044647",
        "aphelion_distance" : "3.124645102135394",
        "perihelion_time" : "2458450.460083488685",
        "mean_anomaly" : "205.394206896639",
        "mean_motion" : ".343598907495644",
        "equinox" : "J2000"
      }
    } ]
  }
}