{
  "links" : {
    "next" : "https://api.nasa.gov/neo/rest/v1/feed?start_date=2003-12-16&end_date=2003-12-16&detailed=true&api_key=t0TVs3DtDT2H8Oy2Zy8m2eVrNsAVKAexjcZXUckd",
    "prev" : "https://api.nasa.gov/neo/rest/v1/feed?start_date=2003-12-14&end_date=2003-12-14&detailed=true&api_key=t0TVs3DtDT2H8Oy2Zy8m2eVrNsAVKAexjcZXUckd",
    "self" : "https://api.nasa.gov/neo/rest/v1/feed?start_date=2003-12-15&end_date=2003-12-15&detailed=true&api_key=t0TVs3DtDT2H8Oy2Zy8m2eVrNsAVKAexjcZXUckd"
  },
  "element_count" : 7,
  "near_earth_objects" : {
    "2003-12-15" : [ {
      "links" : {
        "self" : "https://api.nasa.gov/neo/rest/v1/neo/2141498?api_key=t0TVs3DtDT2H8Oy2Zy8m2eVrNsAVKAexjcZXUckd"
      },
      "neo_reference_id" : "2141498",
      "name" : "141498 (2002 EZ16)",
      "nasa_jpl_url" : "http://ssd.jpl.nasa.gov/sbdb.cgi?sstr=2141498",
      "absolute_magnitude_h" : 18.3,
      "estimated_diameter" : {
        "kilometers" : {
          "estimated_diameter_min" : 0.5815070396,
          "estimated_diameter_max" : 1.30028927
        },
        "meters" : {
          "estimated_diameter_min" : 581.5070396458,
          "estimated_diameter_max" : 1300.2892700427
        },
        "miles" : {
          "estimated_diameter_min" : 0.3613316107,
          "estimated_diameter_max" : 0.807962044
        },
        "feet" : {
          "estimated_diameter_min" : 1907.8315559515,
          "estimated_diameter_max" : 4266.0410487267
        }
      },
      "is_potentially_hazardous_asteroid" : false,
      "close_approach_data" : [ {
        "close_approach_date" : "2003-12-15",
        "epoch_date_close_approach" : 1071475200000,
        "relative_velocity" : {
          "kilometers_per_second" : "17.7306660847",
          "kilometers_per_hour" : "63830.3979050435",
          "miles_per_hour" : "39661.7269649422"
        },
        "miss_distance" : {
          "astronomical" : "0.4099552151",
          "lunar" : "159.4725799561",
          "kilometers" : "61328428",
          "miles" : "38107716"
        },
        "orbiting_body" : "Earth"
      } ],
      "orbital_data" : {
        "orbit_id" : "55",
        "orbit_determination_date" : "2017-04-06 09:27:33",
        "orbit_uncertainty" : "0",
        "minimum_orbit_intersection" : ".176965",
        "jupiter_tisserand_invariant" : "6.246",
        "epoch_osculation" : "2458000.5",
        "eccentricity" : ".566466548411884",
        "semi_major_axis" : ".921596388373581",
        "inclination" : "30.1398316957397",
        "ascending_node_longitude" : "262.9101217309696",
        "orbital_period" : "323.1540275925956",
        "perihelion_distance" : ".3995428632227404",
        "perihelion_argument" : "25.3442971340517",
        "aphelion_distance" : "1.443649913524422",
        "perihelion_time" : "2458042.557574398576",
        "mean_anomaly" : "313.1470274522607",
        "mean_motion" : "1.114019845836044",
        "equinox" : "J2000"
      }
    }, {
      "links" : {
        "self" : "https://api.nasa.gov/neo/rest/v1/neo/2163899?api_key=t0TVs3DtDT2H8Oy2Zy8m2eVrNsAVKAexjcZXUckd"
      },
      "neo_reference_id" : "2163899",
      "name" : "163899 (2003 SD220)",
      "nasa_jpl_url" : "http://ssd.jpl.nasa.gov/sbdb.cgi?sstr=2163899",
      "absolute_magnitude_h" : 17.3,
      "estimated_diameter" : {
        "kilometers" : {
          "estimated_diameter_min" : 0.9216265485,
          "estimated_diameter_max" : 2.0608196123
        },
        "meters" : {
          "estimated_diameter_min" : 921.6265485028,
          "estimated_diameter_max" : 2060.8196123208
        },
        "miles" : {
          "estimated_diameter_min" : 0.5726720101,
          "estimated_diameter_max" : 1.2805335433
        },
        "feet" : {
          "estimated_diameter_min" : 3023.70924539,
          "estimated_diameter_max" : 6761.2194168867
        }
      },
      "is_potentially_hazardous_asteroid" : true,
      "close_approach_data" : [ {
        "close_approach_date" : "2003-12-15",
        "epoch_date_close_approach" : 1071475200000,
        "relative_velocity" : {
          "kilometers_per_second" : "18.8655031785",
          "kilometers_per_hour" : "67915.8114427166",
          "miles_per_hour" : "42200.2440600591"
        },
        "miss_distance" : {
          "astronomical" : "0.4322095021",
          "lunar" : "168.129486084",
          "kilometers" : "64657620",
          "miles" : "40176384"
        },
        "orbiting_body" : "Earth"
      } ],
      "orbital_data" : {
        "orbit_id" : "80",
        "orbit_determination_date" : "2017-04-06 09:26:10",
        "orbit_uncertainty" : "0",
        "minimum_orbit_intersection" : ".017361",
        "jupiter_tisserand_invariant" : "7.059",
        "epoch_osculation" : "2458000.5",
        "eccentricity" : ".2106216557862201",
        "semi_major_axis" : ".8275538544946267",
        "inclination" : "8.459065788070809",
        "ascending_node_longitude" : "274.0503733557691",
        "orbital_period" : "274.9747561701427",
        "perihelion_distance" : ".6532530914086998",
        "perihelion_argument" : "326.4735420651124",
        "aphelion_distance" : "1.001854617580554",
        "perihelion_time" : "2458029.014392952635",
        "mean_anomaly" : "322.6686405475093",
        "mean_motion" : "1.309211089098111",
        "equinox" : "J2000"
      }
    }, {
      "links" : {
        "self" : "https://api.nasa.gov/neo/rest/v1/neo/3170203?api_key=t0TVs3DtDT2H8Oy2Zy8m2eVrNsAVKAexjcZXUckd"
      },
      "neo_reference_id" : "3170203",
      "name" : "(2003 YX1)",
      "nasa_jpl_url" : "http://ssd.jpl.nasa.gov/sbdb.cgi?sstr=3170203",
      "absolute_magnitude_h" : 20.9,
      "estimated_diameter" : {
        "kilometers" : {
          "estimated_diameter_min" : 0.1756123185,
          "estimated_diameter_max" : 0.3926810818
        },
        "meters" : {
          "estimated_diameter_min" : 175.6123184804,
          "estimated_diameter_max" : 392.6810818086
        },
        "miles" : {
          "estimated_diameter_min" : 0.1091204019,
          "estimated_diameter_max" : 0.2440006365
        },
        "feet" : {
          "estimated_diameter_min" : 576.1559189633,
          "estimated_diameter_max" : 1288.3238004408
        }
      },
      "is_potentially_hazardous_asteroid" : true,
      "close_approach_data" : [ {
        "close_approach_date" : "2003-12-15",
        "epoch_date_close_approach" : 1071475200000,
        "relative_velocity" : {
          "kilometers_per_second" : "8.5944956542",
          "kilometers_per_hour" : "30940.1843550062",
          "miles_per_hour" : "19225.0273288093"
        },
        "miss_distance" : {
          "astronomical" : "0.0238981003",
          "lunar" : "9.2963609695",
          "kilometers" : "3575105",
          "miles" : "2221467.25"
        },
        "orbiting_body" : "Earth"
      } ],
      "orbital_data" : {
        "orbit_id" : "45",
        "orbit_determination_date" : "2017-04-06 09:13:24",
        "orbit_uncertainty" : "1",
        "minimum_orbit_intersection" : ".012061",
        "jupiter_tisserand_invariant" : "6.704",
        "epoch_osculation" : "2458000.5",
        "eccentricity" : ".2670427994946132",
        "semi_major_axis" : ".8796030757776683",
        "inclination" : "5.757141312886544",
        "ascending_node_longitude" : "89.66559088077426",
        "orbital_period" : "301.3204003968991",
        "perihelion_distance" : ".6447114079779274",
        "perihelion_argument" : "223.1398175425639",
        "aphelion_distance" : "1.114494743577409",
        "perihelion_time" : "2458024.065115622245",
        "mean_anomaly" : "331.8457774089185",
        "mean_motion" : "1.194741542643008",
        "equinox" : "J2000"
      }
    }, {
      "links" : {
        "self" : "https://api.nasa.gov/neo/rest/v1/neo/3172328?api_key=t0TVs3DtDT2H8Oy2Zy8m2eVrNsAVKAexjcZXUckd"
      },
      "neo_reference_id" : "3172328",
      "name" : "(2004 BJ11)",
      "nasa_jpl_url" : "http://ssd.jpl.nasa.gov/sbdb.cgi?sstr=3172328",
      "absolute_magnitude_h" : 21.7,
      "estimated_diameter" : {
        "kilometers" : {
          "estimated_diameter_min" : 0.1214940408,
          "estimated_diameter_max" : 0.2716689341
        },
        "meters" : {
          "estimated_diameter_min" : 121.4940407996,
          "estimated_diameter_max" : 271.6689340891
        },
        "miles" : {
          "estimated_diameter_min" : 0.0754928736,
          "estimated_diameter_max" : 0.1688071972
        },
        "feet" : {
          "estimated_diameter_min" : 398.6025088171,
          "estimated_diameter_max" : 891.3023057169
        }
      },
      "is_potentially_hazardous_asteroid" : false,
      "close_approach_data" : [ {
        "close_approach_date" : "2003-12-15",
        "epoch_date_close_approach" : 1071475200000,
        "relative_velocity" : {
          "kilometers_per_second" : "3.6988201269",
          "kilometers_per_hour" : "13315.7524569425",
          "miles_per_hour" : "8273.8907419263"
        },
        "miss_distance" : {
          "astronomical" : "0.4841221724",
          "lunar" : "188.3235321045",
          "kilometers" : "72423648",
          "miles" : "45001968"
        },
        "orbiting_body" : "Earth"
      } ],
      "orbital_data" : {
        "orbit_id" : "9",
        "orbit_determination_date" : "2017-04-06 09:13:17",
        "orbit_uncertainty" : "4",
        "minimum_orbit_intersection" : ".0903339",
        "jupiter_tisserand_invariant" : "4.035",
        "epoch_osculation" : "2458000.5",
        "eccentricity" : ".3975988350306602",
        "semi_major_axis" : "1.749886130994106",
        "inclination" : "4.265543103243991",
        "ascending_node_longitude" : "268.9530386878776",
        "orbital_period" : "845.4990238070224",
        "perihelion_distance" : "1.05413344387454",
        "perihelion_argument" : "112.3718403703474",
        "aphelion_distance" : "2.445638818113672",
        "perihelion_time" : "2457976.830361079941",
        "mean_anomaly" : "10.07815475984051",
        "mean_motion" : ".4257840516231829",
        "equinox" : "J2000"
      }
    }, {
      "links" : {
        "self" : "https://api.nasa.gov/neo/rest/v1/neo/3309828?api_key=t0TVs3DtDT2H8Oy2Zy8m2eVrNsAVKAexjcZXUckd"
      },
      "neo_reference_id" : "3309828",
      "name" : "(2005 YQ96)",
      "nasa_jpl_url" : "http://ssd.jpl.nasa.gov/sbdb.cgi?sstr=3309828",
      "absolute_magnitude_h" : 20.4,
      "estimated_diameter" : {
        "kilometers" : {
          "estimated_diameter_min" : 0.2210828104,
          "estimated_diameter_max" : 0.4943561926
        },
        "meters" : {
          "estimated_diameter_min" : 221.0828103591,
          "estimated_diameter_max" : 494.3561926196
        },
        "miles" : {
          "estimated_diameter_min" : 0.137374447,
          "estimated_diameter_max" : 0.3071786018
        },
        "feet" : {
          "estimated_diameter_min" : 725.3373275385,
          "estimated_diameter_max" : 1621.9035709942
        }
      },
      "is_potentially_hazardous_asteroid" : true,
      "close_approach_data" : [ {
        "close_approach_date" : "2003-12-15",
        "epoch_date_close_approach" : 1071475200000,
        "relative_velocity" : {
          "kilometers_per_second" : "19.6897405729",
          "kilometers_per_hour" : "70883.0660624112",
          "miles_per_hour" : "44043.9806875021"
        },
        "miss_distance" : {
          "astronomical" : "0.4554745467",
          "lunar" : "177.1795959473",
          "kilometers" : "68138024",
          "miles" : "42339004"
        },
        "orbiting_body" : "Earth"
      } ],
      "orbital_data" : {
        "orbit_id" : "31",
        "orbit_determination_date" : "2017-04-06 09:09:32",
        "orbit_uncertainty" : "0",
        "minimum_orbit_intersection" : ".0178569",
        "jupiter_tisserand_invariant" : "7.659",
        "epoch_osculation" : "2458000.5",
        "eccentricity" : ".3335974049941713",
        "semi_major_axis" : ".743386312961565",
        "inclination" : "22.22460428241878",
        "ascending_node_longitude" : "282.6948192245282",
        "orbital_period" : "234.110163321811",
        "perihelion_distance" : ".495394568049402",
        "perihelion_argument" : "340.112667870014",
        "aphelion_distance" : ".9913780578737279",
        "perihelion_time" : "2458054.708324720670",
        "mean_anomaly" : "276.6418210019546",
        "mean_motion" : "1.537737597086458",
        "equinox" : "J2000"
      }
    }, {
      "links" : {
        "self" : "https://api.nasa.gov/neo/rest/v1/neo/3410534?api_key=t0TVs3DtDT2H8Oy2Zy8m2eVrNsAVKAexjcZXUckd"
      },
      "neo_reference_id" : "3410534",
      "name" : "(2008 JP24)",
      "nasa_jpl_url" : "http://ssd.jpl.nasa.gov/sbdb.cgi?sstr=3410534",
      "absolute_magnitude_h" : 26.7,
      "estimated_diameter" : {
        "kilometers" : {
          "estimated_diameter_min" : 0.0121494041,
          "estimated_diameter_max" : 0.0271668934
        },
        "meters" : {
          "estimated_diameter_min" : 12.14940408,
          "estimated_diameter_max" : 27.1668934089
        },
        "miles" : {
          "estimated_diameter_min" : 0.0075492874,
          "estimated_diameter_max" : 0.0168807197
        },
        "feet" : {
          "estimated_diameter_min" : 39.8602508817,
          "estimated_diameter_max" : 89.1302305717
        }
      },
      "is_potentially_hazardous_asteroid" : false,
      "close_approach_data" : [ {
        "close_approach_date" : "2003-12-15",
        "epoch_date_close_approach" : 1071475200000,
        "relative_velocity" : {
          "kilometers_per_second" : "20.5571961332",
          "kilometers_per_hour" : "74005.9060793832",
          "miles_per_hour" : "45984.3920302701"
        },
        "miss_distance" : {
          "astronomical" : "0.4624851218",
          "lunar" : "179.9067230225",
          "kilometers" : "69186792",
          "miles" : "42990680"
        },
        "orbiting_body" : "Earth"
      } ],
      "orbital_data" : {
        "orbit_id" : "9",
        "orbit_determination_date" : "2017-04-06 09:03:26",
        "orbit_uncertainty" : "6",
        "minimum_orbit_intersection" : ".00139323",
        "jupiter_tisserand_invariant" : "5.108",
        "epoch_osculation" : "2458000.5",
        "eccentricity" : ".2772507959624246",
        "semi_major_axis" : "1.248622217090334",
        "inclination" : "1.152998955705989",
        "ascending_node_longitude" : "41.39305411030883",
        "orbital_period" : "509.6182992568961",
        "perihelion_distance" : ".9024407135456719",
        "perihelion_argument" : "125.2009524338781",
        "aphelion_distance" : "1.594803720634997",
        "perihelion_time" : "2458111.676712918065",
        "mean_anomaly" : "281.4635410289147",
        "mean_motion" : ".7064110541653171",
        "equinox" : "J2000"
      }
    }, {
      "links" : {
        "self" : "https://api.nasa.gov/neo/rest/v1/neo/3760889?api_key=t0TVs3DtDT2H8Oy2Zy8m2eVrNsAVKAexjcZXUckd"
      },
      "neo_reference_id" : "3760889",
      "name" : "(2016 TA56)",
      "nasa_jpl_url" : "http://ssd.jpl.nasa.gov/sbdb.cgi?sstr=3760889",
      "absolute_magnitude_h" : 18.2,
      "estimated_diameter" : {
        "kilometers" : {
          "estimated_diameter_min" : 0.6089126221,
          "estimated_diameter_max" : 1.3615700154
        },
        "meters" : {
          "estimated_diameter_min" : 608.9126221057,
          "estimated_diameter_max" : 1361.5700153859
        },
        "miles" : {
          "estimated_diameter_min" : 0.3783606449,
          "estimated_diameter_max" : 0.846040122
        },
        "feet" : {
          "estimated_diameter_min" : 1997.7448871092,
          "estimated_diameter_max" : 4467.0933692788
        }
      },
      "is_potentially_hazardous_asteroid" : false,
      "close_approach_data" : [ {
        "close_approach_date" : "2003-12-15",
        "epoch_date_close_approach" : 1071475200000,
        "relative_velocity" : {
          "kilometers_per_second" : "26.4158965771",
          "kilometers_per_hour" : "95097.2276774639",
          "miles_per_hour" : "59089.7190532553"
        },
        "miss_distance" : {
          "astronomical" : "0.4804408347",
          "lunar" : "186.8914794922",
          "kilometers" : "71872928",
          "miles" : "44659764"
        },
        "orbiting_body" : "Earth"
      } ],
      "orbital_data" : {
        "orbit_id" : "17",
        "orbit_determination_date" : "2017-06-14 06:17:38",
        "orbit_uncertainty" : "4",
        "minimum_orbit_intersection" : ".410852",
        "jupiter_tisserand_invariant" : "2.691",
        "epoch_osculation" : "2458000.5",
        "eccentricity" : ".7835377580788698",
        "semi_major_axis" : "2.685974576157531",
        "inclination" : "32.41697356984812",
        "ascending_node_longitude" : "173.8763136657456",
        "orbital_period" : "1607.871262900969",
        "perihelion_distance" : ".5814120784982165",
        "perihelion_argument" : "359.6450856597417",
        "aphelion_distance" : "4.790537073816846",
        "perihelion_time" : "2457833.521602750209",
        "mean_anomaly" : "37.38621641975777",
        "mean_motion" : ".2238985224168242",
        "equinox" : "J2000"
      }
    } ]
  }
}