{
  "links" : {
    "next" : "https://api.nasa.gov/neo/rest/v1/feed?start_date=2000-02-16&end_date=2000-02-16&detailed=true&api_key=t0TVs3DtDT2H8Oy2Zy8m2eVrNsAVKAexjcZXUckd",
    "prev" : "https://api.nasa.gov/neo/rest/v1/feed?start_date=2000-02-14&end_date=2000-02-14&detailed=true&api_key=t0TVs3DtDT2H8Oy2Zy8m2eVrNsAVKAexjcZXUckd",
    "self" : "https://api.nasa.gov/neo/rest/v1/feed?start_date=2000-02-15&end_date=2000-02-15&detailed=true&api_key=t0TVs3DtDT2H8Oy2Zy8m2eVrNsAVKAexjcZXUckd"
  },
  "element_count" : 7,
  "near_earth_objects" : {
    "2000-02-15" : [ {
      "links" : {
        "self" : "https://api.nasa.gov/neo/rest/v1/neo/2098943?api_key=t0TVs3DtDT2H8Oy2Zy8m2eVrNsAVKAexjcZXUckd"
      },
      "neo_reference_id" : "2098943",
      "name" : "98943 (2001 CC21)",
      "nasa_jpl_url" : "http://ssd.jpl.nasa.gov/sbdb.cgi?sstr=2098943",
      "absolute_magnitude_h" : 18.5,
      "estimated_diameter" : {
        "kilometers" : {
          "estimated_diameter_min" : 0.5303407233,
          "estimated_diameter_max" : 1.1858779086
        },
        "meters" : {
          "estimated_diameter_min" : 530.3407233187,
          "estimated_diameter_max" : 1185.8779085771
        },
        "miles" : {
          "estimated_diameter_min" : 0.3295383456,
          "estimated_diameter_max" : 0.7368701419
        },
        "feet" : {
          "estimated_diameter_min" : 1739.963058693,
          "estimated_diameter_max" : 3890.675677576
        }
      },
      "is_potentially_hazardous_asteroid" : false,
      "close_approach_data" : [ {
        "close_approach_date" : "2000-02-15",
        "epoch_date_close_approach" : 950601600000,
        "relative_velocity" : {
          "kilometers_per_second" : "18.7912973631",
          "kilometers_per_hour" : "67648.670507273",
          "miles_per_hour" : "42034.2530715886"
        },
        "miss_distance" : {
          "astronomical" : "0.3962458243",
          "lunar" : "154.1396331787",
          "kilometers" : "59277536",
          "miles" : "36833352"
        },
        "orbiting_body" : "Earth"
      } ],
      "orbital_data" : {
        "orbit_id" : "122",
        "orbit_determination_date" : "2017-04-06 09:28:14",
        "orbit_uncertainty" : "0",
        "minimum_orbit_intersection" : ".0829618",
        "jupiter_tisserand_invariant" : "5.905",
        "epoch_osculation" : "2458000.5",
        "eccentricity" : ".2193543019266598",
        "semi_major_axis" : "1.032551182878999",
        "inclination" : "4.808517675236946",
        "ascending_node_longitude" : "75.57946496070231",
        "orbital_period" : "383.2355685785893",
        "perihelion_distance" : ".8060566389550293",
        "perihelion_argument" : "179.3292065807419",
        "aphelion_distance" : "1.259045726802969",
        "perihelion_time" : "2458169.135895475289",
        "mean_anomaly" : "201.5884971317461",
        "mean_motion" : ".939370010292183",
        "equinox" : "J2000"
      }
    }, {
      "links" : {
        "self" : "https://api.nasa.gov/neo/rest/v1/neo/2385252?api_key=t0TVs3DtDT2H8Oy2Zy8m2eVrNsAVKAexjcZXUckd"
      },
      "neo_reference_id" : "2385252",
      "name" : "385252 (2001 EB18)",
      "nasa_jpl_url" : "http://ssd.jpl.nasa.gov/sbdb.cgi?sstr=2385252",
      "absolute_magnitude_h" : 19.3,
      "estimated_diameter" : {
        "kilometers" : {
          "estimated_diameter_min" : 0.3669061375,
          "estimated_diameter_max" : 0.8204270649
        },
        "meters" : {
          "estimated_diameter_min" : 366.9061375314,
          "estimated_diameter_max" : 820.4270648822
        },
        "miles" : {
          "estimated_diameter_min" : 0.2279848336,
          "estimated_diameter_max" : 0.5097895857
        },
        "feet" : {
          "estimated_diameter_min" : 1203.7603322587,
          "estimated_diameter_max" : 2691.6899315481
        }
      },
      "is_potentially_hazardous_asteroid" : true,
      "close_approach_data" : [ {
        "close_approach_date" : "2000-02-15",
        "epoch_date_close_approach" : 950601600000,
        "relative_velocity" : {
          "kilometers_per_second" : "30.0483744976",
          "kilometers_per_hour" : "108174.1481913226",
          "miles_per_hour" : "67215.2089136582"
        },
        "miss_distance" : {
          "astronomical" : "0.3692949487",
          "lunar" : "143.6557312012",
          "kilometers" : "55245736",
          "miles" : "34328108"
        },
        "orbiting_body" : "Earth"
      } ],
      "orbital_data" : {
        "orbit_id" : "29",
        "orbit_determination_date" : "2017-04-06 09:22:12",
        "orbit_uncertainty" : "0",
        "minimum_orbit_intersection" : ".0289041",
        "jupiter_tisserand_invariant" : "5.509",
        "epoch_osculation" : "2458000.5",
        "eccentricity" : ".1836939533965696",
        "semi_major_axis" : "1.052973998611236",
        "inclination" : "50.06224641263285",
        "ascending_node_longitude" : "155.4809431198817",
        "orbital_period" : "394.6616230640835",
        "perihelion_distance" : ".859549041982544",
        "perihelion_argument" : "101.9155473600335",
        "aphelion_distance" : "1.246398955239928",
        "perihelion_time" : "2457978.719960687710",
        "mean_anomaly" : "19.86718164170532",
        "mean_motion" : ".9121738191948414",
        "equinox" : "J2000"
      }
    }, {
      "links" : {
        "self" : "https://api.nasa.gov/neo/rest/v1/neo/2455415?api_key=t0TVs3DtDT2H8Oy2Zy8m2eVrNsAVKAexjcZXUckd"
      },
      "neo_reference_id" : "2455415",
      "name" : "455415 (2003 GA)",
      "nasa_jpl_url" : "http://ssd.jpl.nasa.gov/sbdb.cgi?sstr=2455415",
      "absolute_magnitude_h" : 21.2,
      "estimated_diameter" : {
        "kilometers" : {
          "estimated_diameter_min" : 0.1529519353,
          "estimated_diameter_max" : 0.3420109247
        },
        "meters" : {
          "estimated_diameter_min" : 152.9519353442,
          "estimated_diameter_max" : 342.0109247198
        },
        "miles" : {
          "estimated_diameter_min" : 0.095039897,
          "estimated_diameter_max" : 0.2125156703
        },
        "feet" : {
          "estimated_diameter_min" : 501.8108275547,
          "estimated_diameter_max" : 1122.0831222578
        }
      },
      "is_potentially_hazardous_asteroid" : false,
      "close_approach_data" : [ {
        "close_approach_date" : "2000-02-15",
        "epoch_date_close_approach" : 950601600000,
        "relative_velocity" : {
          "kilometers_per_second" : "6.0452612253",
          "kilometers_per_hour" : "21762.9404109191",
          "miles_per_hour" : "13522.6448347736"
        },
        "miss_distance" : {
          "astronomical" : "0.4030783142",
          "lunar" : "156.7974700928",
          "kilometers" : "60299660",
          "miles" : "37468472"
        },
        "orbiting_body" : "Earth"
      } ],
      "orbital_data" : {
        "orbit_id" : "74",
        "orbit_determination_date" : "2017-04-06 09:19:58",
        "orbit_uncertainty" : "0",
        "minimum_orbit_intersection" : ".06141",
        "jupiter_tisserand_invariant" : "5.031",
        "epoch_osculation" : "2458000.5",
        "eccentricity" : ".1914490911322442",
        "semi_major_axis" : "1.281816370294313",
        "inclination" : "3.842261865269067",
        "ascending_node_longitude" : "192.9162213350079",
        "orbital_period" : "530.0747869527149",
        "perihelion_distance" : "1.036413791203034",
        "perihelion_argument" : "66.77977451468207",
        "aphelion_distance" : "1.527218949385591",
        "perihelion_time" : "2458097.317858247507",
        "mean_anomaly" : "294.2462048242795",
        "mean_motion" : ".6791494499664131",
        "equinox" : "J2000"
      }
    }, {
      "links" : {
        "self" : "https://api.nasa.gov/neo/rest/v1/neo/3458970?api_key=t0TVs3DtDT2H8Oy2Zy8m2eVrNsAVKAexjcZXUckd"
      },
      "neo_reference_id" : "3458970",
      "name" : "(2009 HE60)",
      "nasa_jpl_url" : "http://ssd.jpl.nasa.gov/sbdb.cgi?sstr=3458970",
      "absolute_magnitude_h" : 25.6,
      "estimated_diameter" : {
        "kilometers" : {
          "estimated_diameter_min" : 0.0201629919,
          "estimated_diameter_max" : 0.0450858206
        },
        "meters" : {
          "estimated_diameter_min" : 20.1629919443,
          "estimated_diameter_max" : 45.0858206172
        },
        "miles" : {
          "estimated_diameter_min" : 0.0125286985,
          "estimated_diameter_max" : 0.0280150214
        },
        "feet" : {
          "estimated_diameter_min" : 66.1515504905,
          "estimated_diameter_max" : 147.9193637137
        }
      },
      "is_potentially_hazardous_asteroid" : false,
      "close_approach_data" : [ {
        "close_approach_date" : "2000-02-15",
        "epoch_date_close_approach" : 950601600000,
        "relative_velocity" : {
          "kilometers_per_second" : "5.9654688209",
          "kilometers_per_hour" : "21475.6877550852",
          "miles_per_hour" : "13344.157205375"
        },
        "miss_distance" : {
          "astronomical" : "0.1905102193",
          "lunar" : "74.1084747314",
          "kilometers" : "28499922",
          "miles" : "17709030"
        },
        "orbiting_body" : "Earth"
      } ],
      "orbital_data" : {
        "orbit_id" : "7",
        "orbit_determination_date" : "2017-04-06 09:00:41",
        "orbit_uncertainty" : "7",
        "minimum_orbit_intersection" : ".0154368",
        "jupiter_tisserand_invariant" : "6.069",
        "epoch_osculation" : "2458000.5",
        "eccentricity" : ".264867281520499",
        "semi_major_axis" : ".9958105940994654",
        "inclination" : "1.584784331143382",
        "ascending_node_longitude" : "229.0079793005404",
        "orbital_period" : "362.9639899005541",
        "perihelion_distance" : ".7320529491310269",
        "perihelion_argument" : "219.8771009413585",
        "aphelion_distance" : "1.259568239067904",
        "perihelion_time" : "2458117.691485565529",
        "mean_anomaly" : "243.7655084870831",
        "mean_motion" : ".9918339284804365",
        "equinox" : "J2000"
      }
    }, {
      "links" : {
        "self" : "https://api.nasa.gov/neo/rest/v1/neo/3627115?api_key=t0TVs3DtDT2H8Oy2Zy8m2eVrNsAVKAexjcZXUckd"
      },
      "neo_reference_id" : "3627115",
      "name" : "(2013 DL1)",
      "nasa_jpl_url" : "http://ssd.jpl.nasa.gov/sbdb.cgi?sstr=3627115",
      "absolute_magnitude_h" : 21.1,
      "estimated_diameter" : {
        "kilometers" : {
          "estimated_diameter_min" : 0.160160338,
          "estimated_diameter_max" : 0.358129403
        },
        "meters" : {
          "estimated_diameter_min" : 160.1603379786,
          "estimated_diameter_max" : 358.1294030194
        },
        "miles" : {
          "estimated_diameter_min" : 0.0995189894,
          "estimated_diameter_max" : 0.2225312253
        },
        "feet" : {
          "estimated_diameter_min" : 525.4604432536,
          "estimated_diameter_max" : 1174.9652706022
        }
      },
      "is_potentially_hazardous_asteroid" : false,
      "close_approach_data" : [ {
        "close_approach_date" : "2000-02-15",
        "epoch_date_close_approach" : 950601600000,
        "relative_velocity" : {
          "kilometers_per_second" : "19.2983945099",
          "kilometers_per_hour" : "69474.2202358121",
          "miles_per_hour" : "43168.5786793022"
        },
        "miss_distance" : {
          "astronomical" : "0.4583456205",
          "lunar" : "178.2964477539",
          "kilometers" : "68567528",
          "miles" : "42605888"
        },
        "orbiting_body" : "Earth"
      } ],
      "orbital_data" : {
        "orbit_id" : "9",
        "orbit_determination_date" : "2017-04-06 08:46:41",
        "orbit_uncertainty" : "2",
        "minimum_orbit_intersection" : ".207265",
        "jupiter_tisserand_invariant" : "6.699",
        "epoch_osculation" : "2458000.5",
        "eccentricity" : ".7201246994204302",
        "semi_major_axis" : ".8392265926735198",
        "inclination" : "26.47045904399265",
        "ascending_node_longitude" : "142.0012599783131",
        "orbital_period" : "280.8130472459211",
        "perihelion_distance" : ".2348787948788695",
        "perihelion_argument" : "185.7803473434846",
        "aphelion_distance" : "1.44357439046817",
        "perihelion_time" : "2457910.426392326352",
        "mean_anomaly" : "115.4736187671362",
        "mean_motion" : "1.281991714881863",
        "equinox" : "J2000"
      }
    }, {
      "links" : {
        "self" : "https://api.nasa.gov/neo/rest/v1/neo/3662637?api_key=t0TVs3DtDT2H8Oy2Zy8m2eVrNsAVKAexjcZXUckd"
      },
      "neo_reference_id" : "3662637",
      "name" : "(2014 DG23)",
      "nasa_jpl_url" : "http://ssd.jpl.nasa.gov/sbdb.cgi?sstr=3662637",
      "absolute_magnitude_h" : 25.1,
      "estimated_diameter" : {
        "kilometers" : {
          "estimated_diameter_min" : 0.0253837029,
          "estimated_diameter_max" : 0.0567596853
        },
        "meters" : {
          "estimated_diameter_min" : 25.3837029364,
          "estimated_diameter_max" : 56.7596852866
        },
        "miles" : {
          "estimated_diameter_min" : 0.0157726969,
          "estimated_diameter_max" : 0.0352688224
        },
        "feet" : {
          "estimated_diameter_min" : 83.279867942,
          "estimated_diameter_max" : 186.2194458756
        }
      },
      "is_potentially_hazardous_asteroid" : false,
      "close_approach_data" : [ {
        "close_approach_date" : "2000-02-15",
        "epoch_date_close_approach" : 950601600000,
        "relative_velocity" : {
          "kilometers_per_second" : "8.2939243305",
          "kilometers_per_hour" : "29858.127589677",
          "miles_per_hour" : "18552.679334819"
        },
        "miss_distance" : {
          "astronomical" : "0.0566175759",
          "lunar" : "22.0242366791",
          "kilometers" : "8469869",
          "miles" : "5262932.5"
        },
        "orbiting_body" : "Earth"
      } ],
      "orbital_data" : {
        "orbit_id" : "6",
        "orbit_determination_date" : "2017-04-06 08:42:18",
        "orbit_uncertainty" : "6",
        "minimum_orbit_intersection" : ".0547516",
        "jupiter_tisserand_invariant" : "6.492",
        "epoch_osculation" : "2458000.5",
        "eccentricity" : ".2154549925607379",
        "semi_major_axis" : ".9143563470361681",
        "inclination" : "11.83231086626747",
        "ascending_node_longitude" : "157.1965601480407",
        "orbital_period" : "319.3534797775092",
        "perihelion_distance" : ".717353707087627",
        "perihelion_argument" : "215.2556233336167",
        "aphelion_distance" : "1.111358986984709",
        "perihelion_time" : "2457879.328301496710",
        "mean_anomaly" : "136.5941322811811",
        "mean_motion" : "1.127277524111555",
        "equinox" : "J2000"
      }
    }, {
      "links" : {
        "self" : "https://api.nasa.gov/neo/rest/v1/neo/3709252?api_key=t0TVs3DtDT2H8Oy2Zy8m2eVrNsAVKAexjcZXUckd"
      },
      "neo_reference_id" : "3709252",
      "name" : "(2015 BE513)",
      "nasa_jpl_url" : "http://ssd.jpl.nasa.gov/sbdb.cgi?sstr=3709252",
      "absolute_magnitude_h" : 22.1,
      "estimated_diameter" : {
        "kilometers" : {
          "estimated_diameter_min" : 0.1010543415,
          "estimated_diameter_max" : 0.2259643771
        },
        "meters" : {
          "estimated_diameter_min" : 101.054341542,
          "estimated_diameter_max" : 225.9643771094
        },
        "miles" : {
          "estimated_diameter_min" : 0.0627922373,
          "estimated_diameter_max" : 0.140407711
        },
        "feet" : {
          "estimated_diameter_min" : 331.5431259047,
          "estimated_diameter_max" : 741.3529669956
        }
      },
      "is_potentially_hazardous_asteroid" : false,
      "close_approach_data" : [ {
        "close_approach_date" : "2000-02-15",
        "epoch_date_close_approach" : 950601600000,
        "relative_velocity" : {
          "kilometers_per_second" : "9.8629910348",
          "kilometers_per_hour" : "35506.7677251777",
          "miles_per_hour" : "22062.5246456806"
        },
        "miss_distance" : {
          "astronomical" : "0.3164609054",
          "lunar" : "123.1032943726",
          "kilometers" : "47341880",
          "miles" : "29416880"
        },
        "orbiting_body" : "Earth"
      } ],
      "orbital_data" : {
        "orbit_id" : "19",
        "orbit_determination_date" : "2017-04-06 08:35:58",
        "orbit_uncertainty" : "2",
        "minimum_orbit_intersection" : ".101498",
        "jupiter_tisserand_invariant" : "6.202",
        "epoch_osculation" : "2458000.5",
        "eccentricity" : ".386169991861794",
        "semi_major_axis" : ".9610334760452351",
        "inclination" : "6.742002683065411",
        "ascending_node_longitude" : "347.7302611771173",
        "orbital_period" : "344.1170575289283",
        "perihelion_distance" : ".5899111864219351",
        "perihelion_argument" : "358.644424536355",
        "aphelion_distance" : "1.332155765668535",
        "perihelion_time" : "2457989.179027477218",
        "mean_anomaly" : "11.84349923676467",
        "mean_motion" : "1.046155638389813",
        "equinox" : "J2000"
      }
    } ]
  }
}