{
  "links" : {
    "next" : "https://api.nasa.gov/neo/rest/v1/feed?start_date=2007-09-09&end_date=2007-09-09&detailed=true&api_key=t0TVs3DtDT2H8Oy2Zy8m2eVrNsAVKAexjcZXUckd",
    "prev" : "https://api.nasa.gov/neo/rest/v1/feed?start_date=2007-09-07&end_date=2007-09-07&detailed=true&api_key=t0TVs3DtDT2H8Oy2Zy8m2eVrNsAVKAexjcZXUckd",
    "self" : "https://api.nasa.gov/neo/rest/v1/feed?start_date=2007-09-08&end_date=2007-09-08&detailed=true&api_key=t0TVs3DtDT2H8Oy2Zy8m2eVrNsAVKAexjcZXUckd"
  },
  "element_count" : 10,
  "near_earth_objects" : {
    "2007-09-08" : [ {
      "links" : {
        "self" : "https://api.nasa.gov/neo/rest/v1/neo/3370167?api_key=t0TVs3DtDT2H8Oy2Zy8m2eVrNsAVKAexjcZXUckd"
      },
      "neo_reference_id" : "3370167",
      "name" : "(2007 EF)",
      "nasa_jpl_url" : "http://ssd.jpl.nasa.gov/sbdb.cgi?sstr=3370167",
      "absolute_magnitude_h" : 21.4,
      "estimated_diameter" : {
        "kilometers" : {
          "estimated_diameter_min" : 0.1394938229,
          "estimated_diameter_max" : 0.3119176705
        },
        "meters" : {
          "estimated_diameter_min" : 139.4938229344,
          "estimated_diameter_max" : 311.9176705226
        },
        "miles" : {
          "estimated_diameter_min" : 0.0866774163,
          "estimated_diameter_max" : 0.1938165949
        },
        "feet" : {
          "estimated_diameter_min" : 457.6569140361,
          "estimated_diameter_max" : 1023.3519701574
        }
      },
      "is_potentially_hazardous_asteroid" : true,
      "close_approach_data" : [ {
        "close_approach_date" : "2007-09-08",
        "epoch_date_close_approach" : 1189234800000,
        "relative_velocity" : {
          "kilometers_per_second" : "22.3793712465",
          "kilometers_per_hour" : "80565.736487373",
          "miles_per_hour" : "50060.4155412791"
        },
        "miss_distance" : {
          "astronomical" : "0.4850455139",
          "lunar" : "188.6827087402",
          "kilometers" : "72561776",
          "miles" : "45087800"
        },
        "orbiting_body" : "Earth"
      } ],
      "orbital_data" : {
        "orbit_id" : "26",
        "orbit_determination_date" : "2017-04-06 09:06:52",
        "orbit_uncertainty" : "1",
        "minimum_orbit_intersection" : ".02399",
        "jupiter_tisserand_invariant" : "7.016",
        "epoch_osculation" : "2458000.5",
        "eccentricity" : ".4101333687361926",
        "semi_major_axis" : ".8203222078396782",
        "inclination" : "21.73466211109749",
        "ascending_node_longitude" : "158.3762559267166",
        "orbital_period" : "271.3783079653338",
        "perihelion_distance" : ".4838806972892799",
        "perihelion_argument" : "226.0087131127022",
        "aphelion_distance" : "1.156763718390077",
        "perihelion_time" : "2457895.460838374853",
        "mean_anomaly" : "139.3409018891939",
        "mean_motion" : "1.326561443687632",
        "equinox" : "J2000"
      }
    }, {
      "links" : {
        "self" : "https://api.nasa.gov/neo/rest/v1/neo/3378414?api_key=t0TVs3DtDT2H8Oy2Zy8m2eVrNsAVKAexjcZXUckd"
      },
      "neo_reference_id" : "3378414",
      "name" : "(2007 LA15)",
      "nasa_jpl_url" : "http://ssd.jpl.nasa.gov/sbdb.cgi?sstr=3378414",
      "absolute_magnitude_h" : 19.5,
      "estimated_diameter" : {
        "kilometers" : {
          "estimated_diameter_min" : 0.3346223745,
          "estimated_diameter_max" : 0.7482383761
        },
        "meters" : {
          "estimated_diameter_min" : 334.6223744549,
          "estimated_diameter_max" : 748.2383760735
        },
        "miles" : {
          "estimated_diameter_min" : 0.2079246394,
          "estimated_diameter_max" : 0.464933628
        },
        "feet" : {
          "estimated_diameter_min" : 1097.8424710066,
          "estimated_diameter_max" : 2454.8503937571
        }
      },
      "is_potentially_hazardous_asteroid" : false,
      "close_approach_data" : [ {
        "close_approach_date" : "2007-09-08",
        "epoch_date_close_approach" : 1189234800000,
        "relative_velocity" : {
          "kilometers_per_second" : "8.2936151665",
          "kilometers_per_hour" : "29857.014599436",
          "miles_per_hour" : "18551.9877659662"
        },
        "miss_distance" : {
          "astronomical" : "0.134948911",
          "lunar" : "52.4951248169",
          "kilometers" : "20188070",
          "miles" : "12544285"
        },
        "orbiting_body" : "Earth"
      } ],
      "orbital_data" : {
        "orbit_id" : "56",
        "orbit_determination_date" : "2016-05-11 06:17:04",
        "orbit_uncertainty" : "0",
        "minimum_orbit_intersection" : ".0579281",
        "jupiter_tisserand_invariant" : "4.066",
        "epoch_osculation" : "2457600.5",
        "eccentricity" : ".3810582438981084",
        "semi_major_axis" : "1.726965679226268",
        "inclination" : "8.719324511709972",
        "ascending_node_longitude" : "152.6355616982573",
        "orbital_period" : "828.941699115753",
        "perihelion_distance" : "1.068891170228002",
        "perihelion_argument" : "177.0408181679439",
        "aphelion_distance" : "2.385040188224533",
        "perihelion_time" : "2457659.156082343686",
        "mean_anomaly" : "334.5263271635969",
        "mean_motion" : ".4342886844563599",
        "equinox" : "J2000"
      }
    }, {
      "links" : {
        "self" : "https://api.nasa.gov/neo/rest/v1/neo/3384030?api_key=t0TVs3DtDT2H8Oy2Zy8m2eVrNsAVKAexjcZXUckd"
      },
      "neo_reference_id" : "3384030",
      "name" : "(2007 RZ8)",
      "nasa_jpl_url" : "http://ssd.jpl.nasa.gov/sbdb.cgi?sstr=3384030",
      "absolute_magnitude_h" : 23.8,
      "estimated_diameter" : {
        "kilometers" : {
          "estimated_diameter_min" : 0.046190746,
          "estimated_diameter_max" : 0.1032856481
        },
        "meters" : {
          "estimated_diameter_min" : 46.1907460282,
          "estimated_diameter_max" : 103.2856480504
        },
        "miles" : {
          "estimated_diameter_min" : 0.0287015901,
          "estimated_diameter_max" : 0.0641787064
        },
        "feet" : {
          "estimated_diameter_min" : 151.544447199,
          "estimated_diameter_max" : 338.8636855496
        }
      },
      "is_potentially_hazardous_asteroid" : false,
      "close_approach_data" : [ {
        "close_approach_date" : "2007-09-08",
        "epoch_date_close_approach" : 1189234800000,
        "relative_velocity" : {
          "kilometers_per_second" : "5.6776813555",
          "kilometers_per_hour" : "20439.6528798794",
          "miles_per_hour" : "12700.4054241673"
        },
        "miss_distance" : {
          "astronomical" : "0.1032114577",
          "lunar" : "40.1492576599",
          "kilometers" : "15440214",
          "miles" : "9594104"
        },
        "orbiting_body" : "Earth"
      } ],
      "orbital_data" : {
        "orbit_id" : "15",
        "orbit_determination_date" : "2017-04-06 09:06:07",
        "orbit_uncertainty" : "6",
        "minimum_orbit_intersection" : ".0937947",
        "jupiter_tisserand_invariant" : "4.833",
        "epoch_osculation" : "2458000.5",
        "eccentricity" : ".1863248963303441",
        "semi_major_axis" : "1.352378829194392",
        "inclination" : "10.27046200826823",
        "ascending_node_longitude" : "343.7887509708956",
        "orbital_period" : "574.4417176178767",
        "perihelion_distance" : "1.100396984045395",
        "perihelion_argument" : "7.07722796459025",
        "aphelion_distance" : "1.604360674343389",
        "perihelion_time" : "2457802.304006500842",
        "mean_anomaly" : "124.2085236350468",
        "mean_motion" : ".6266954313361253",
        "equinox" : "J2000"
      }
    }, {
      "links" : {
        "self" : "https://api.nasa.gov/neo/rest/v1/neo/3384403?api_key=t0TVs3DtDT2H8Oy2Zy8m2eVrNsAVKAexjcZXUckd"
      },
      "neo_reference_id" : "3384403",
      "name" : "(2007 RR17)",
      "nasa_jpl_url" : "http://ssd.jpl.nasa.gov/sbdb.cgi?sstr=3384403",
      "absolute_magnitude_h" : 23.6,
      "estimated_diameter" : {
        "kilometers" : {
          "estimated_diameter_min" : 0.0506471459,
          "estimated_diameter_max" : 0.1132504611
        },
        "meters" : {
          "estimated_diameter_min" : 50.6471458835,
          "estimated_diameter_max" : 113.2504610618
        },
        "miles" : {
          "estimated_diameter_min" : 0.0314706677,
          "estimated_diameter_max" : 0.0703705522
        },
        "feet" : {
          "estimated_diameter_min" : 166.1651821003,
          "estimated_diameter_max" : 371.5566426699
        }
      },
      "is_potentially_hazardous_asteroid" : false,
      "close_approach_data" : [ {
        "close_approach_date" : "2007-09-08",
        "epoch_date_close_approach" : 1189234800000,
        "relative_velocity" : {
          "kilometers_per_second" : "6.9284858509",
          "kilometers_per_hour" : "24942.5490632601",
          "miles_per_hour" : "15498.3299998907"
        },
        "miss_distance" : {
          "astronomical" : "0.018982999",
          "lunar" : "7.3843865395",
          "kilometers" : "2839816.25",
          "miles" : "1764580"
        },
        "orbiting_body" : "Earth"
      } ],
      "orbital_data" : {
        "orbit_id" : "17",
        "orbit_determination_date" : "2017-04-06 09:06:03",
        "orbit_uncertainty" : "6",
        "minimum_orbit_intersection" : ".0158973",
        "jupiter_tisserand_invariant" : "3.493",
        "epoch_osculation" : "2458000.5",
        "eccentricity" : ".5287747094766496",
        "semi_major_axis" : "2.170284037914171",
        "inclination" : "1.723752184110438",
        "ascending_node_longitude" : "354.8081346183233",
        "orbital_period" : "1167.812961768057",
        "perihelion_distance" : "1.022692726284295",
        "perihelion_argument" : "348.3196525437791",
        "aphelion_distance" : "3.317875349544047",
        "perihelion_time" : "2457857.464048604259",
        "mean_anomaly" : "44.09348430634563",
        "mean_motion" : ".3082685428109682",
        "equinox" : "J2000"
      }
    }, {
      "links" : {
        "self" : "https://api.nasa.gov/neo/rest/v1/neo/3384408?api_key=t0TVs3DtDT2H8Oy2Zy8m2eVrNsAVKAexjcZXUckd"
      },
      "neo_reference_id" : "3384408",
      "name" : "(2007 RW17)",
      "nasa_jpl_url" : "http://ssd.jpl.nasa.gov/sbdb.cgi?sstr=3384408",
      "absolute_magnitude_h" : 21.4,
      "estimated_diameter" : {
        "kilometers" : {
          "estimated_diameter_min" : 0.1394938229,
          "estimated_diameter_max" : 0.3119176705
        },
        "meters" : {
          "estimated_diameter_min" : 139.4938229344,
          "estimated_diameter_max" : 311.9176705226
        },
        "miles" : {
          "estimated_diameter_min" : 0.0866774163,
          "estimated_diameter_max" : 0.1938165949
        },
        "feet" : {
          "estimated_diameter_min" : 457.6569140361,
          "estimated_diameter_max" : 1023.3519701574
        }
      },
      "is_potentially_hazardous_asteroid" : false,
      "close_approach_data" : [ {
        "close_approach_date" : "2007-09-08",
        "epoch_date_close_approach" : 1189234800000,
        "relative_velocity" : {
          "kilometers_per_second" : "4.6069429412",
          "kilometers_per_hour" : "16584.9945882137",
          "miles_per_hour" : "10305.2706651042"
        },
        "miss_distance" : {
          "astronomical" : "0.1785168499",
          "lunar" : "69.4430541992",
          "kilometers" : "26705740",
          "miles" : "16594178"
        },
        "orbiting_body" : "Earth"
      } ],
      "orbital_data" : {
        "orbit_id" : "13",
        "orbit_determination_date" : "2017-04-06 09:06:01",
        "orbit_uncertainty" : "6",
        "minimum_orbit_intersection" : ".166564",
        "jupiter_tisserand_invariant" : "3.426",
        "epoch_osculation" : "2458000.5",
        "eccentricity" : ".4913776841983453",
        "semi_major_axis" : "2.289426035402657",
        "inclination" : "3.263791759238826",
        "ascending_node_longitude" : "99.08813968279594",
        "orbital_period" : "1265.284980634457",
        "perihelion_distance" : "1.164453171983101",
        "perihelion_argument" : "247.4092246905088",
        "aphelion_distance" : "3.414398898822213",
        "perihelion_time" : "2458153.007471587035",
        "mean_anomaly" : "316.6084395123361",
        "mean_motion" : ".2845208830499858",
        "equinox" : "J2000"
      }
    }, {
      "links" : {
        "self" : "https://api.nasa.gov/neo/rest/v1/neo/3648767?api_key=t0TVs3DtDT2H8Oy2Zy8m2eVrNsAVKAexjcZXUckd"
      },
      "neo_reference_id" : "3648767",
      "name" : "(2013 TH4)",
      "nasa_jpl_url" : "http://ssd.jpl.nasa.gov/sbdb.cgi?sstr=3648767",
      "absolute_magnitude_h" : 23.2,
      "estimated_diameter" : {
        "kilometers" : {
          "estimated_diameter_min" : 0.0608912622,
          "estimated_diameter_max" : 0.1361570015
        },
        "meters" : {
          "estimated_diameter_min" : 60.8912622106,
          "estimated_diameter_max" : 136.1570015386
        },
        "miles" : {
          "estimated_diameter_min" : 0.0378360645,
          "estimated_diameter_max" : 0.0846040122
        },
        "feet" : {
          "estimated_diameter_min" : 199.7744887109,
          "estimated_diameter_max" : 446.7093369279
        }
      },
      "is_potentially_hazardous_asteroid" : false,
      "close_approach_data" : [ {
        "close_approach_date" : "2007-09-08",
        "epoch_date_close_approach" : 1189234800000,
        "relative_velocity" : {
          "kilometers_per_second" : "23.6828618821",
          "kilometers_per_hour" : "85258.3027754434",
          "miles_per_hour" : "52976.193743997"
        },
        "miss_distance" : {
          "astronomical" : "0.461760939",
          "lunar" : "179.625",
          "kilometers" : "69078456",
          "miles" : "42923360"
        },
        "orbiting_body" : "Earth"
      } ],
      "orbital_data" : {
        "orbit_id" : "7",
        "orbit_determination_date" : "2017-04-06 08:44:24",
        "orbit_uncertainty" : "7",
        "minimum_orbit_intersection" : ".256883",
        "jupiter_tisserand_invariant" : "6.515",
        "epoch_osculation" : "2458000.5",
        "eccentricity" : ".4234684061575051",
        "semi_major_axis" : ".8888007456621697",
        "inclination" : "28.014450305686",
        "ascending_node_longitude" : "188.4797016923757",
        "orbital_period" : "306.0589206271064",
        "perihelion_distance" : ".5124217105050086",
        "perihelion_argument" : "2.402182748282588",
        "aphelion_distance" : "1.265179780819331",
        "perihelion_time" : "2457949.527276179784",
        "mean_anomaly" : "59.95636571441412",
        "mean_motion" : "1.176244101176237",
        "equinox" : "J2000"
      }
    }, {
      "links" : {
        "self" : "https://api.nasa.gov/neo/rest/v1/neo/3651161?api_key=t0TVs3DtDT2H8Oy2Zy8m2eVrNsAVKAexjcZXUckd"
      },
      "neo_reference_id" : "3651161",
      "name" : "(2013 TG135)",
      "nasa_jpl_url" : "http://ssd.jpl.nasa.gov/sbdb.cgi?sstr=3651161",
      "absolute_magnitude_h" : 25.2,
      "estimated_diameter" : {
        "kilometers" : {
          "estimated_diameter_min" : 0.0242412481,
          "estimated_diameter_max" : 0.0542050786
        },
        "meters" : {
          "estimated_diameter_min" : 24.2412481101,
          "estimated_diameter_max" : 54.2050786336
        },
        "miles" : {
          "estimated_diameter_min" : 0.0150628086,
          "estimated_diameter_max" : 0.0336814639
        },
        "feet" : {
          "estimated_diameter_min" : 79.5316564495,
          "estimated_diameter_max" : 177.8381901842
        }
      },
      "is_potentially_hazardous_asteroid" : false,
      "close_approach_data" : [ {
        "close_approach_date" : "2007-09-08",
        "epoch_date_close_approach" : 1189234800000,
        "relative_velocity" : {
          "kilometers_per_second" : "13.9926853797",
          "kilometers_per_hour" : "50373.6673667479",
          "miles_per_hour" : "31300.237925744"
        },
        "miss_distance" : {
          "astronomical" : "0.12948667",
          "lunar" : "50.3703117371",
          "kilometers" : "19370930",
          "miles" : "12036538"
        },
        "orbiting_body" : "Earth"
      } ],
      "orbital_data" : {
        "orbit_id" : "4",
        "orbit_determination_date" : "2017-04-06 08:44:11",
        "orbit_uncertainty" : "8",
        "minimum_orbit_intersection" : ".0304341",
        "jupiter_tisserand_invariant" : "7.998",
        "epoch_osculation" : "2456578.5",
        "eccentricity" : ".4971193535497835",
        "semi_major_axis" : ".7062119861662473",
        "inclination" : "9.525145882038128",
        "ascending_node_longitude" : "193.100775233195",
        "orbital_period" : "216.7709362604008",
        "perihelion_distance" : ".3551403401341737",
        "perihelion_argument" : "351.878132063086",
        "aphelion_distance" : "1.057283632198321",
        "perihelion_time" : "2456664.936346845750",
        "mean_anomaly" : "216.4517670067637",
        "mean_motion" : "1.660739240280543",
        "equinox" : "J2000"
      }
    }, {
      "links" : {
        "self" : "https://api.nasa.gov/neo/rest/v1/neo/3715465?api_key=t0TVs3DtDT2H8Oy2Zy8m2eVrNsAVKAexjcZXUckd"
      },
      "neo_reference_id" : "3715465",
      "name" : "(2015 GJ)",
      "nasa_jpl_url" : "http://ssd.jpl.nasa.gov/sbdb.cgi?sstr=3715465",
      "absolute_magnitude_h" : 17.9,
      "estimated_diameter" : {
        "kilometers" : {
          "estimated_diameter_min" : 0.6991252322,
          "estimated_diameter_max" : 1.5632915441
        },
        "meters" : {
          "estimated_diameter_min" : 699.1252322458,
          "estimated_diameter_max" : 1563.2915440869
        },
        "miles" : {
          "estimated_diameter_min" : 0.4344161447,
          "estimated_diameter_max" : 0.97138403
        },
        "feet" : {
          "estimated_diameter_min" : 2293.7180269613,
          "estimated_diameter_max" : 5128.9094295021
        }
      },
      "is_potentially_hazardous_asteroid" : false,
      "close_approach_data" : [ {
        "close_approach_date" : "2007-09-08",
        "epoch_date_close_approach" : 1189234800000,
        "relative_velocity" : {
          "kilometers_per_second" : "27.3611323298",
          "kilometers_per_hour" : "98500.0763871295",
          "miles_per_hour" : "61204.1169084361"
        },
        "miss_distance" : {
          "astronomical" : "0.3304155534",
          "lunar" : "128.5316467285",
          "kilometers" : "49429464",
          "miles" : "30714044"
        },
        "orbiting_body" : "Earth"
      } ],
      "orbital_data" : {
        "orbit_id" : "21",
        "orbit_determination_date" : "2017-04-06 08:34:33",
        "orbit_uncertainty" : "4",
        "minimum_orbit_intersection" : ".31511",
        "jupiter_tisserand_invariant" : "2.998",
        "epoch_osculation" : "2458000.5",
        "eccentricity" : ".7605844081644045",
        "semi_major_axis" : "2.348036585868982",
        "inclination" : "26.29296526104746",
        "ascending_node_longitude" : "208.2513973768012",
        "orbital_period" : "1314.182610512129",
        "perihelion_distance" : ".5621565688574532",
        "perihelion_argument" : "215.1328613921411",
        "aphelion_distance" : "4.133916602880511",
        "perihelion_time" : "2458327.819175469366",
        "mean_anomaly" : "270.3359744479864",
        "mean_motion" : ".2739345332378961",
        "equinox" : "J2000"
      }
    }, {
      "links" : {
        "self" : "https://api.nasa.gov/neo/rest/v1/neo/2467527?api_key=t0TVs3DtDT2H8Oy2Zy8m2eVrNsAVKAexjcZXUckd"
      },
      "neo_reference_id" : "2467527",
      "name" : "467527 (2007 LA15)",
      "nasa_jpl_url" : "http://ssd.jpl.nasa.gov/sbdb.cgi?sstr=2467527",
      "absolute_magnitude_h" : 19.5,
      "estimated_diameter" : {
        "kilometers" : {
          "estimated_diameter_min" : 0.3346223745,
          "estimated_diameter_max" : 0.7482383761
        },
        "meters" : {
          "estimated_diameter_min" : 334.6223744549,
          "estimated_diameter_max" : 748.2383760735
        },
        "miles" : {
          "estimated_diameter_min" : 0.2079246394,
          "estimated_diameter_max" : 0.464933628
        },
        "feet" : {
          "estimated_diameter_min" : 1097.8424710066,
          "estimated_diameter_max" : 2454.8503937571
        }
      },
      "is_potentially_hazardous_asteroid" : false,
      "close_approach_data" : [ {
        "close_approach_date" : "2007-09-08",
        "epoch_date_close_approach" : 1189234800000,
        "relative_velocity" : {
          "kilometers_per_second" : "8.293615433",
          "kilometers_per_hour" : "29857.0155587865",
          "miles_per_hour" : "18551.9883620693"
        },
        "miss_distance" : {
          "astronomical" : "0.1349487604",
          "lunar" : "52.4950675964",
          "kilometers" : "20188048",
          "miles" : "12544271"
        },
        "orbiting_body" : "Earth"
      } ],
      "orbital_data" : {
        "orbit_id" : "58",
        "orbit_determination_date" : "2017-04-06 09:19:25",
        "orbit_uncertainty" : "0",
        "minimum_orbit_intersection" : ".058006",
        "jupiter_tisserand_invariant" : "4.066",
        "epoch_osculation" : "2458000.5",
        "eccentricity" : ".3811006080892461",
        "semi_major_axis" : "1.726889230007792",
        "inclination" : "8.719476488512568",
        "ascending_node_longitude" : "152.6326393909636",
        "orbital_period" : "828.8866564089286",
        "perihelion_distance" : "1.068770694349052",
        "perihelion_argument" : "177.0254771626148",
        "aphelion_distance" : "2.385007765666531",
        "perihelion_time" : "2457659.135683513006",
        "mean_anomaly" : "148.2605045999073",
        "mean_motion" : ".4343175236523474",
        "equinox" : "J2000"
      }
    }, {
      "links" : {
        "self" : "https://api.nasa.gov/neo/rest/v1/neo/3600356?api_key=t0TVs3DtDT2H8Oy2Zy8m2eVrNsAVKAexjcZXUckd"
      },
      "neo_reference_id" : "3600356",
      "name" : "(2012 EC)",
      "nasa_jpl_url" : "http://ssd.jpl.nasa.gov/sbdb.cgi?sstr=3600356",
      "absolute_magnitude_h" : 23.4,
      "estimated_diameter" : {
        "kilometers" : {
          "estimated_diameter_min" : 0.0555334912,
          "estimated_diameter_max" : 0.1241766613
        },
        "meters" : {
          "estimated_diameter_min" : 55.5334911581,
          "estimated_diameter_max" : 124.1766612574
        },
        "miles" : {
          "estimated_diameter_min" : 0.0345069009,
          "estimated_diameter_max" : 0.0771597762
        },
        "feet" : {
          "estimated_diameter_min" : 182.1964991311,
          "estimated_diameter_max" : 407.4037573197
        }
      },
      "is_potentially_hazardous_asteroid" : false,
      "close_approach_data" : [ {
        "close_approach_date" : "2007-09-08",
        "epoch_date_close_approach" : 1189234800000,
        "relative_velocity" : {
          "kilometers_per_second" : "14.5697912517",
          "kilometers_per_hour" : "52451.2485059634",
          "miles_per_hour" : "32591.1660508304"
        },
        "miss_distance" : {
          "astronomical" : "0.3881681135",
          "lunar" : "150.9974060059",
          "kilometers" : "58069124",
          "miles" : "36082480"
        },
        "orbiting_body" : "Earth"
      } ],
      "orbital_data" : {
        "orbit_id" : "37",
        "orbit_determination_date" : "2017-09-25 06:50:55",
        "orbit_uncertainty" : "0",
        "minimum_orbit_intersection" : ".00213431",
        "jupiter_tisserand_invariant" : "5.450",
        "epoch_osculation" : "2458000.5",
        "eccentricity" : ".1375154564122492",
        "semi_major_axis" : "1.151770953158521",
        "inclination" : ".9135674540559209",
        "ascending_node_longitude" : "306.1285861701184",
        "orbital_period" : "451.4894530230109",
        "perihelion_distance" : ".9933846448525555",
        "perihelion_argument" : "333.9039971655325",
        "aphelion_distance" : "1.310157261464486",
        "perihelion_time" : "2457930.311233854903",
        "mean_anomaly" : "55.96577205303384",
        "mean_motion" : ".7973608189284811",
        "equinox" : "J2000"
      }
    } ]
  }
}