{
  "links" : {
    "next" : "https://api.nasa.gov/neo/rest/v1/feed?start_date=2007-01-09&end_date=2007-01-09&detailed=true&api_key=t0TVs3DtDT2H8Oy2Zy8m2eVrNsAVKAexjcZXUckd",
    "prev" : "https://api.nasa.gov/neo/rest/v1/feed?start_date=2007-01-07&end_date=2007-01-07&detailed=true&api_key=t0TVs3DtDT2H8Oy2Zy8m2eVrNsAVKAexjcZXUckd",
    "self" : "https://api.nasa.gov/neo/rest/v1/feed?start_date=2007-01-08&end_date=2007-01-08&detailed=true&api_key=t0TVs3DtDT2H8Oy2Zy8m2eVrNsAVKAexjcZXUckd"
  },
  "element_count" : 5,
  "near_earth_objects" : {
    "2007-01-08" : [ {
      "links" : {
        "self" : "https://api.nasa.gov/neo/rest/v1/neo/3169274?api_key=t0TVs3DtDT2H8Oy2Zy8m2eVrNsAVKAexjcZXUckd"
      },
      "neo_reference_id" : "3169274",
      "name" : "(2003 XH10)",
      "nasa_jpl_url" : "http://ssd.jpl.nasa.gov/sbdb.cgi?sstr=3169274",
      "absolute_magnitude_h" : 25.5,
      "estimated_diameter" : {
        "kilometers" : {
          "estimated_diameter_min" : 0.0211132445,
          "estimated_diameter_max" : 0.0472106499
        },
        "meters" : {
          "estimated_diameter_min" : 21.113244479,
          "estimated_diameter_max" : 47.2106498806
        },
        "miles" : {
          "estimated_diameter_min" : 0.0131191578,
          "estimated_diameter_max" : 0.0293353287
        },
        "feet" : {
          "estimated_diameter_min" : 69.2691770164,
          "estimated_diameter_max" : 154.8905885541
        }
      },
      "is_potentially_hazardous_asteroid" : false,
      "close_approach_data" : [ {
        "close_approach_date" : "2007-01-08",
        "epoch_date_close_approach" : 1168243200000,
        "relative_velocity" : {
          "kilometers_per_second" : "9.7464636332",
          "kilometers_per_hour" : "35087.2690795838",
          "miles_per_hour" : "21801.8645011447"
        },
        "miss_distance" : {
          "astronomical" : "0.2319234814",
          "lunar" : "90.2182312012",
          "kilometers" : "34695260",
          "miles" : "21558634"
        },
        "orbiting_body" : "Earth"
      } ],
      "orbital_data" : {
        "orbit_id" : "8",
        "orbit_determination_date" : "2017-04-06 09:13:26",
        "orbit_uncertainty" : "7",
        "minimum_orbit_intersection" : ".0190648",
        "jupiter_tisserand_invariant" : "4.900",
        "epoch_osculation" : "2458000.5",
        "eccentricity" : ".2437845300734803",
        "semi_major_axis" : "1.322034699895501",
        "inclination" : "9.646838922457329",
        "ascending_node_longitude" : "70.59812942891564",
        "orbital_period" : "555.2169402545517",
        "perihelion_distance" : ".9997430918406414",
        "perihelion_argument" : "12.32004949224955",
        "aphelion_distance" : "1.64432630795036",
        "perihelion_time" : "2457983.834520402820",
        "mean_anomaly" : "10.80581700593316",
        "mean_motion" : ".6483952017655475",
        "equinox" : "J2000"
      }
    }, {
      "links" : {
        "self" : "https://api.nasa.gov/neo/rest/v1/neo/2438452?api_key=t0TVs3DtDT2H8Oy2Zy8m2eVrNsAVKAexjcZXUckd"
      },
      "neo_reference_id" : "2438452",
      "name" : "438452 (2007 AS12)",
      "nasa_jpl_url" : "http://ssd.jpl.nasa.gov/sbdb.cgi?sstr=2438452",
      "absolute_magnitude_h" : 19.1,
      "estimated_diameter" : {
        "kilometers" : {
          "estimated_diameter_min" : 0.4023045798,
          "estimated_diameter_max" : 0.8995803882
        },
        "meters" : {
          "estimated_diameter_min" : 402.3045798343,
          "estimated_diameter_max" : 899.5803881691
        },
        "miles" : {
          "estimated_diameter_min" : 0.2499803991,
          "estimated_diameter_max" : 0.5589731654
        },
        "feet" : {
          "estimated_diameter_min" : 1319.8969577037,
          "estimated_diameter_max" : 2951.3793207207
        }
      },
      "is_potentially_hazardous_asteroid" : false,
      "close_approach_data" : [ {
        "close_approach_date" : "2007-01-08",
        "epoch_date_close_approach" : 1168243200000,
        "relative_velocity" : {
          "kilometers_per_second" : "11.0335900276",
          "kilometers_per_hour" : "39720.9240992038",
          "miles_per_hour" : "24681.0375326414"
        },
        "miss_distance" : {
          "astronomical" : "0.4009775428",
          "lunar" : "155.9802703857",
          "kilometers" : "59985388",
          "miles" : "37273192"
        },
        "orbiting_body" : "Earth"
      } ],
      "orbital_data" : {
        "orbit_id" : "44",
        "orbit_determination_date" : "2017-08-15 06:22:14",
        "orbit_uncertainty" : "0",
        "minimum_orbit_intersection" : ".313747",
        "jupiter_tisserand_invariant" : "4.421",
        "epoch_osculation" : "2458000.5",
        "eccentricity" : ".2441654096550931",
        "semi_major_axis" : "1.509994137603079",
        "inclination" : "21.00918293775037",
        "ascending_node_longitude" : "126.3115629747541",
        "orbital_period" : "677.7371915391009",
        "perihelion_distance" : "1.141305800418434",
        "perihelion_argument" : "266.8648251983151",
        "aphelion_distance" : "1.878682474787724",
        "perihelion_time" : "2458076.384626987387",
        "mean_anomaly" : "319.6916532595466",
        "mean_motion" : ".5311793487125318",
        "equinox" : "J2000"
      }
    }, {
      "links" : {
        "self" : "https://api.nasa.gov/neo/rest/v1/neo/3601665?api_key=t0TVs3DtDT2H8Oy2Zy8m2eVrNsAVKAexjcZXUckd"
      },
      "neo_reference_id" : "3601665",
      "name" : "(2012 FL35)",
      "nasa_jpl_url" : "http://ssd.jpl.nasa.gov/sbdb.cgi?sstr=3601665",
      "absolute_magnitude_h" : 19.7,
      "estimated_diameter" : {
        "kilometers" : {
          "estimated_diameter_min" : 0.3051792326,
          "estimated_diameter_max" : 0.6824015094
        },
        "meters" : {
          "estimated_diameter_min" : 305.1792325939,
          "estimated_diameter_max" : 682.4015094011
        },
        "miles" : {
          "estimated_diameter_min" : 0.1896295249,
          "estimated_diameter_max" : 0.4240245083
        },
        "feet" : {
          "estimated_diameter_min" : 1001.2442334633,
          "estimated_diameter_max" : 2238.8501681036
        }
      },
      "is_potentially_hazardous_asteroid" : false,
      "close_approach_data" : [ {
        "close_approach_date" : "2007-01-08",
        "epoch_date_close_approach" : 1168243200000,
        "relative_velocity" : {
          "kilometers_per_second" : "35.7533077396",
          "kilometers_per_hour" : "128711.907862475",
          "miles_per_hour" : "79976.5740826585"
        },
        "miss_distance" : {
          "astronomical" : "0.4433463193",
          "lunar" : "172.4617156982",
          "kilometers" : "66323668",
          "miles" : "41211616"
        },
        "orbiting_body" : "Earth"
      } ],
      "orbital_data" : {
        "orbit_id" : "21",
        "orbit_determination_date" : "2017-04-06 08:50:22",
        "orbit_uncertainty" : "2",
        "minimum_orbit_intersection" : ".162199",
        "jupiter_tisserand_invariant" : "4.108",
        "epoch_osculation" : "2458000.5",
        "eccentricity" : ".7520583427814996",
        "semi_major_axis" : "1.514702724025958",
        "inclination" : "19.01554677666766",
        "ascending_node_longitude" : "11.49932351541218",
        "orbital_period" : "680.909724319042",
        "perihelion_distance" : ".3755579035883729",
        "perihelion_argument" : "327.5614894056121",
        "aphelion_distance" : "2.653847544463543",
        "perihelion_time" : "2458155.058750211056",
        "mean_anomaly" : "278.2841012710969",
        "mean_motion" : ".5287044480970301",
        "equinox" : "J2000"
      }
    }, {
      "links" : {
        "self" : "https://api.nasa.gov/neo/rest/v1/neo/3625335?api_key=t0TVs3DtDT2H8Oy2Zy8m2eVrNsAVKAexjcZXUckd"
      },
      "neo_reference_id" : "3625335",
      "name" : "(2013 BC70)",
      "nasa_jpl_url" : "http://ssd.jpl.nasa.gov/sbdb.cgi?sstr=3625335",
      "absolute_magnitude_h" : 24.2,
      "estimated_diameter" : {
        "kilometers" : {
          "estimated_diameter_min" : 0.0384197891,
          "estimated_diameter_max" : 0.0859092601
        },
        "meters" : {
          "estimated_diameter_min" : 38.4197891064,
          "estimated_diameter_max" : 85.9092601232
        },
        "miles" : {
          "estimated_diameter_min" : 0.0238729428,
          "estimated_diameter_max" : 0.0533815229
        },
        "feet" : {
          "estimated_diameter_min" : 126.0491808919,
          "estimated_diameter_max" : 281.8545369825
        }
      },
      "is_potentially_hazardous_asteroid" : false,
      "close_approach_data" : [ {
        "close_approach_date" : "2007-01-08",
        "epoch_date_close_approach" : 1168243200000,
        "relative_velocity" : {
          "kilometers_per_second" : "13.5731372261",
          "kilometers_per_hour" : "48863.2940138945",
          "miles_per_hour" : "30361.7506610224"
        },
        "miss_distance" : {
          "astronomical" : "0.0670922582",
          "lunar" : "26.0988864899",
          "kilometers" : "10036859",
          "miles" : "6236615"
        },
        "orbiting_body" : "Earth"
      } ],
      "orbital_data" : {
        "orbit_id" : "10",
        "orbit_determination_date" : "2017-04-06 08:47:00",
        "orbit_uncertainty" : "0",
        "minimum_orbit_intersection" : ".00107446",
        "jupiter_tisserand_invariant" : "4.864",
        "epoch_osculation" : "2458000.5",
        "eccentricity" : ".4212232802585384",
        "semi_major_axis" : "1.309004181637623",
        "inclination" : "12.1448906899224",
        "ascending_node_longitude" : "123.8560335681422",
        "orbital_period" : "547.0285305109846",
        "perihelion_distance" : ".7576211463760797",
        "perihelion_argument" : "262.083430601225",
        "aphelion_distance" : "1.860387216899166",
        "perihelion_time" : "2457883.197186438344",
        "mean_anomaly" : "77.1970939847501",
        "mean_motion" : ".6581009580317878",
        "equinox" : "J2000"
      }
    }, {
      "links" : {
        "self" : "https://api.nasa.gov/neo/rest/v1/neo/3725152?api_key=t0TVs3DtDT2H8Oy2Zy8m2eVrNsAVKAexjcZXUckd"
      },
      "neo_reference_id" : "3725152",
      "name" : "(2015 PK9)",
      "nasa_jpl_url" : "http://ssd.jpl.nasa.gov/sbdb.cgi?sstr=3725152",
      "absolute_magnitude_h" : 23.7,
      "estimated_diameter" : {
        "kilometers" : {
          "estimated_diameter_min" : 0.0483676488,
          "estimated_diameter_max" : 0.1081533507
        },
        "meters" : {
          "estimated_diameter_min" : 48.3676488219,
          "estimated_diameter_max" : 108.1533506775
        },
        "miles" : {
          "estimated_diameter_min" : 0.0300542543,
          "estimated_diameter_max" : 0.0672033557
        },
        "feet" : {
          "estimated_diameter_min" : 158.6865169607,
          "estimated_diameter_max" : 354.8338390368
        }
      },
      "is_potentially_hazardous_asteroid" : false,
      "close_approach_data" : [ {
        "close_approach_date" : "2007-01-08",
        "epoch_date_close_approach" : 1168243200000,
        "relative_velocity" : {
          "kilometers_per_second" : "9.091803392",
          "kilometers_per_hour" : "32730.4922111869",
          "miles_per_hour" : "20337.4550075567"
        },
        "miss_distance" : {
          "astronomical" : "0.4749564002",
          "lunar" : "184.7580413818",
          "kilometers" : "71052464",
          "miles" : "44149956"
        },
        "orbiting_body" : "Earth"
      } ],
      "orbital_data" : {
        "orbit_id" : "25",
        "orbit_determination_date" : "2017-04-06 08:32:34",
        "orbit_uncertainty" : "3",
        "minimum_orbit_intersection" : ".0127891",
        "jupiter_tisserand_invariant" : "5.228",
        "epoch_osculation" : "2458000.5",
        "eccentricity" : ".2344278310671598",
        "semi_major_axis" : "1.207581253511611",
        "inclination" : "11.12766212300658",
        "ascending_node_longitude" : "316.2276656924995",
        "orbital_period" : "484.6999450590524",
        "perihelion_distance" : ".9244905994135222",
        "perihelion_argument" : "296.815399670071",
        "aphelion_distance" : "1.4906719076097",
        "perihelion_time" : "2458158.222974931467",
        "mean_anomaly" : "242.854802122145",
        "mean_motion" : ".7427275444731898",
        "equinox" : "J2000"
      }
    } ]
  }
}