{
  "links" : {
    "next" : "https://api.nasa.gov/neo/rest/v1/feed?start_date=2006-08-23&end_date=2006-08-23&detailed=true&api_key=t0TVs3DtDT2H8Oy2Zy8m2eVrNsAVKAexjcZXUckd",
    "prev" : "https://api.nasa.gov/neo/rest/v1/feed?start_date=2006-08-21&end_date=2006-08-21&detailed=true&api_key=t0TVs3DtDT2H8Oy2Zy8m2eVrNsAVKAexjcZXUckd",
    "self" : "https://api.nasa.gov/neo/rest/v1/feed?start_date=2006-08-22&end_date=2006-08-22&detailed=true&api_key=t0TVs3DtDT2H8Oy2Zy8m2eVrNsAVKAexjcZXUckd"
  },
  "element_count" : 6,
  "near_earth_objects" : {
    "2006-08-22" : [ {
      "links" : {
        "self" : "https://api.nasa.gov/neo/rest/v1/neo/3338137?api_key=t0TVs3DtDT2H8Oy2Zy8m2eVrNsAVKAexjcZXUckd"
      },
      "neo_reference_id" : "3338137",
      "name" : "(2006 QX5)",
      "nasa_jpl_url" : "http://ssd.jpl.nasa.gov/sbdb.cgi?sstr=3338137",
      "absolute_magnitude_h" : 23.8,
      "estimated_diameter" : {
        "kilometers" : {
          "estimated_diameter_min" : 0.046190746,
          "estimated_diameter_max" : 0.1032856481
        },
        "meters" : {
          "estimated_diameter_min" : 46.1907460282,
          "estimated_diameter_max" : 103.2856480504
        },
        "miles" : {
          "estimated_diameter_min" : 0.0287015901,
          "estimated_diameter_max" : 0.0641787064
        },
        "feet" : {
          "estimated_diameter_min" : 151.544447199,
          "estimated_diameter_max" : 338.8636855496
        }
      },
      "is_potentially_hazardous_asteroid" : false,
      "close_approach_data" : [ {
        "close_approach_date" : "2006-08-22",
        "epoch_date_close_approach" : 1156230000000,
        "relative_velocity" : {
          "kilometers_per_second" : "5.15312292",
          "kilometers_per_hour" : "18551.2425120717",
          "miles_per_hour" : "11527.0206597926"
        },
        "miss_distance" : {
          "astronomical" : "0.1523224715",
          "lunar" : "59.2534408569",
          "kilometers" : "22787118",
          "miles" : "14159258"
        },
        "orbiting_body" : "Earth"
      } ],
      "orbital_data" : {
        "orbit_id" : "15",
        "orbit_determination_date" : "2017-04-06 09:08:17",
        "orbit_uncertainty" : "6",
        "minimum_orbit_intersection" : ".14634",
        "jupiter_tisserand_invariant" : "3.583",
        "epoch_osculation" : "2458000.5",
        "eccentricity" : ".4548068410943522",
        "semi_major_axis" : "2.122157084097218",
        "inclination" : "5.991698331701008",
        "ascending_node_longitude" : "326.1671602665756",
        "orbital_period" : "1129.184006681457",
        "perihelion_distance" : "1.156985524372961",
        "perihelion_argument" : "6.461535119477194",
        "aphelion_distance" : "3.087328643821475",
        "perihelion_time" : "2458490.533175240063",
        "mean_anomaly" : "203.7704200178345",
        "mean_motion" : ".3188142923295549",
        "equinox" : "J2000"
      }
    }, {
      "links" : {
        "self" : "https://api.nasa.gov/neo/rest/v1/neo/2153415?api_key=t0TVs3DtDT2H8Oy2Zy8m2eVrNsAVKAexjcZXUckd"
      },
      "neo_reference_id" : "2153415",
      "name" : "153415 (2001 QP153)",
      "nasa_jpl_url" : "http://ssd.jpl.nasa.gov/sbdb.cgi?sstr=2153415",
      "absolute_magnitude_h" : 17.0,
      "estimated_diameter" : {
        "kilometers" : {
          "estimated_diameter_min" : 1.0581688593,
          "estimated_diameter_max" : 2.3661375011
        },
        "meters" : {
          "estimated_diameter_min" : 1058.1688593312,
          "estimated_diameter_max" : 2366.137501138
        },
        "miles" : {
          "estimated_diameter_min" : 0.6575154423,
          "estimated_diameter_max" : 1.4702492252
        },
        "feet" : {
          "estimated_diameter_min" : 3471.6827204482,
          "estimated_diameter_max" : 7762.9185592335
        }
      },
      "is_potentially_hazardous_asteroid" : false,
      "close_approach_data" : [ {
        "close_approach_date" : "2006-08-22",
        "epoch_date_close_approach" : 1156230000000,
        "relative_velocity" : {
          "kilometers_per_second" : "28.8567505712",
          "kilometers_per_hour" : "103884.3020561764",
          "miles_per_hour" : "64549.665352628"
        },
        "miss_distance" : {
          "astronomical" : "0.2653465389",
          "lunar" : "103.2198028564",
          "kilometers" : "39695276",
          "miles" : "24665500"
        },
        "orbiting_body" : "Earth"
      } ],
      "orbital_data" : {
        "orbit_id" : "79",
        "orbit_determination_date" : "2017-09-27 06:51:54",
        "orbit_uncertainty" : "0",
        "minimum_orbit_intersection" : ".0732421",
        "jupiter_tisserand_invariant" : "6.355",
        "epoch_osculation" : "2458000.5",
        "eccentricity" : ".2138920122537502",
        "semi_major_axis" : ".8914387352303749",
        "inclination" : "50.20770275137421",
        "ascending_node_longitude" : "317.6875891093588",
        "orbital_period" : "307.4225204505325",
        "perihelion_distance" : ".7007671103510119",
        "perihelion_argument" : "244.2908278306745",
        "aphelion_distance" : "1.082110360109738",
        "perihelion_time" : "2457892.822636114247",
        "mean_anomaly" : "126.0930752309954",
        "mean_motion" : "1.171026766264275",
        "equinox" : "J2000"
      }
    }, {
      "links" : {
        "self" : "https://api.nasa.gov/neo/rest/v1/neo/3338519?api_key=t0TVs3DtDT2H8Oy2Zy8m2eVrNsAVKAexjcZXUckd"
      },
      "neo_reference_id" : "3338519",
      "name" : "(2006 QB31)",
      "nasa_jpl_url" : "http://ssd.jpl.nasa.gov/sbdb.cgi?sstr=3338519",
      "absolute_magnitude_h" : 21.0,
      "estimated_diameter" : {
        "kilometers" : {
          "estimated_diameter_min" : 0.1677084622,
          "estimated_diameter_max" : 0.3750075218
        },
        "meters" : {
          "estimated_diameter_min" : 167.7084621628,
          "estimated_diameter_max" : 375.0075217981
        },
        "miles" : {
          "estimated_diameter_min" : 0.1042091748,
          "estimated_diameter_max" : 0.2330187988
        },
        "feet" : {
          "estimated_diameter_min" : 550.2246310023,
          "estimated_diameter_max" : 1230.3396778159
        }
      },
      "is_potentially_hazardous_asteroid" : false,
      "close_approach_data" : [ {
        "close_approach_date" : "2006-08-22",
        "epoch_date_close_approach" : 1156230000000,
        "relative_velocity" : {
          "kilometers_per_second" : "21.5761551425",
          "kilometers_per_hour" : "77674.1585130306",
          "miles_per_hour" : "48263.7014382773"
        },
        "miss_distance" : {
          "astronomical" : "0.1072053541",
          "lunar" : "41.7028808594",
          "kilometers" : "16037693",
          "miles" : "9965360"
        },
        "orbiting_body" : "Earth"
      } ],
      "orbital_data" : {
        "orbit_id" : "15",
        "orbit_determination_date" : "2017-04-06 09:08:17",
        "orbit_uncertainty" : "6",
        "minimum_orbit_intersection" : ".0996334",
        "jupiter_tisserand_invariant" : "5.104",
        "epoch_osculation" : "2458000.5",
        "eccentricity" : ".6118028720268616",
        "semi_major_axis" : "1.177029629808453",
        "inclination" : "24.71185533680196",
        "ascending_node_longitude" : "341.0100552265086",
        "orbital_period" : "466.4225299773009",
        "perihelion_distance" : ".4569195218309278",
        "perihelion_argument" : "228.4806784726656",
        "aphelion_distance" : "1.897139737785978",
        "perihelion_time" : "2458107.510673327767",
        "mean_anomaly" : "277.4056999350546",
        "mean_motion" : ".7718323555629267",
        "equinox" : "J2000"
      }
    }, {
      "links" : {
        "self" : "https://api.nasa.gov/neo/rest/v1/neo/3468488?api_key=t0TVs3DtDT2H8Oy2Zy8m2eVrNsAVKAexjcZXUckd"
      },
      "neo_reference_id" : "3468488",
      "name" : "(2009 SN103)",
      "nasa_jpl_url" : "http://ssd.jpl.nasa.gov/sbdb.cgi?sstr=3468488",
      "absolute_magnitude_h" : 27.6,
      "estimated_diameter" : {
        "kilometers" : {
          "estimated_diameter_min" : 0.0080270317,
          "estimated_diameter_max" : 0.0179489885
        },
        "meters" : {
          "estimated_diameter_min" : 8.0270316728,
          "estimated_diameter_max" : 17.948988478
        },
        "miles" : {
          "estimated_diameter_min" : 0.0049877647,
          "estimated_diameter_max" : 0.0111529809
        },
        "feet" : {
          "estimated_diameter_min" : 26.3354065935,
          "estimated_diameter_max" : 58.8877593581
        }
      },
      "is_potentially_hazardous_asteroid" : false,
      "close_approach_data" : [ {
        "close_approach_date" : "2006-08-22",
        "epoch_date_close_approach" : 1156230000000,
        "relative_velocity" : {
          "kilometers_per_second" : "18.2515931576",
          "kilometers_per_hour" : "65705.7353674824",
          "miles_per_hour" : "40826.9887343115"
        },
        "miss_distance" : {
          "astronomical" : "0.4363079355",
          "lunar" : "169.7237854004",
          "kilometers" : "65270740",
          "miles" : "40557356"
        },
        "orbiting_body" : "Earth"
      } ],
      "orbital_data" : {
        "orbit_id" : "11",
        "orbit_determination_date" : "2017-04-06 08:59:50",
        "orbit_uncertainty" : "5",
        "minimum_orbit_intersection" : ".000163588",
        "jupiter_tisserand_invariant" : "4.968",
        "epoch_osculation" : "2458000.5",
        "eccentricity" : ".2654163694125931",
        "semi_major_axis" : "1.298852784788349",
        "inclination" : "3.594220117197292",
        "ascending_node_longitude" : "5.646045710798136",
        "orbital_period" : "540.6775306408855",
        "perihelion_distance" : ".9541159942483891",
        "perihelion_argument" : "39.46856059087835",
        "aphelion_distance" : "1.643589575328308",
        "perihelion_time" : "2457841.639691895810",
        "mean_anomaly" : "105.7741586740609",
        "mean_motion" : ".6658312572621214",
        "equinox" : "J2000"
      }
    }, {
      "links" : {
        "self" : "https://api.nasa.gov/neo/rest/v1/neo/3607683?api_key=t0TVs3DtDT2H8Oy2Zy8m2eVrNsAVKAexjcZXUckd"
      },
      "neo_reference_id" : "3607683",
      "name" : "(2012 PO28)",
      "nasa_jpl_url" : "http://ssd.jpl.nasa.gov/sbdb.cgi?sstr=3607683",
      "absolute_magnitude_h" : 22.0,
      "estimated_diameter" : {
        "kilometers" : {
          "estimated_diameter_min" : 0.1058168859,
          "estimated_diameter_max" : 0.2366137501
        },
        "meters" : {
          "estimated_diameter_min" : 105.8168859331,
          "estimated_diameter_max" : 236.6137501138
        },
        "miles" : {
          "estimated_diameter_min" : 0.0657515442,
          "estimated_diameter_max" : 0.1470249225
        },
        "feet" : {
          "estimated_diameter_min" : 347.1682720448,
          "estimated_diameter_max" : 776.2918559233
        }
      },
      "is_potentially_hazardous_asteroid" : false,
      "close_approach_data" : [ {
        "close_approach_date" : "2006-08-22",
        "epoch_date_close_approach" : 1156230000000,
        "relative_velocity" : {
          "kilometers_per_second" : "1.7502651742",
          "kilometers_per_hour" : "6300.9546270836",
          "miles_per_hour" : "3915.1681681454"
        },
        "miss_distance" : {
          "astronomical" : "0.4639218176",
          "lunar" : "180.4655914307",
          "kilometers" : "69401720",
          "miles" : "43124228"
        },
        "orbiting_body" : "Earth"
      } ],
      "orbital_data" : {
        "orbit_id" : "23",
        "orbit_determination_date" : "2017-04-06 08:49:17",
        "orbit_uncertainty" : "0",
        "minimum_orbit_intersection" : ".273535",
        "jupiter_tisserand_invariant" : "3.658",
        "epoch_osculation" : "2458000.5",
        "eccentricity" : ".3859645619458195",
        "semi_major_axis" : "2.088532450205282",
        "inclination" : "3.589476805005745",
        "ascending_node_longitude" : "176.6912771380672",
        "orbital_period" : "1102.453468116475",
        "perihelion_distance" : "1.282432937952171",
        "perihelion_argument" : "118.8713828741054",
        "aphelion_distance" : "2.894631962458393",
        "perihelion_time" : "2458321.848319381909",
        "mean_anomaly" : "255.0655076852049",
        "mean_motion" : ".3265443943090446",
        "equinox" : "J2000"
      }
    }, {
      "links" : {
        "self" : "https://api.nasa.gov/neo/rest/v1/neo/3757397?api_key=t0TVs3DtDT2H8Oy2Zy8m2eVrNsAVKAexjcZXUckd"
      },
      "neo_reference_id" : "3757397",
      "name" : "(2016 PP39)",
      "nasa_jpl_url" : "http://ssd.jpl.nasa.gov/sbdb.cgi?sstr=3757397",
      "absolute_magnitude_h" : 22.8,
      "estimated_diameter" : {
        "kilometers" : {
          "estimated_diameter_min" : 0.0732073989,
          "estimated_diameter_max" : 0.1636967205
        },
        "meters" : {
          "estimated_diameter_min" : 73.2073989347,
          "estimated_diameter_max" : 163.696720474
        },
        "miles" : {
          "estimated_diameter_min" : 0.0454889547,
          "estimated_diameter_max" : 0.1017163949
        },
        "feet" : {
          "estimated_diameter_min" : 240.181762721,
          "estimated_diameter_max" : 537.0627483999
        }
      },
      "is_potentially_hazardous_asteroid" : false,
      "close_approach_data" : [ {
        "close_approach_date" : "2006-08-22",
        "epoch_date_close_approach" : 1156230000000,
        "relative_velocity" : {
          "kilometers_per_second" : "7.4458692161",
          "kilometers_per_hour" : "26805.1291781169",
          "miles_per_hour" : "16655.6648495916"
        },
        "miss_distance" : {
          "astronomical" : "0.2769729626",
          "lunar" : "107.742477417",
          "kilometers" : "41434564",
          "miles" : "25746244"
        },
        "orbiting_body" : "Earth"
      } ],
      "orbital_data" : {
        "orbit_id" : "14",
        "orbit_determination_date" : "2017-04-06 08:24:33",
        "orbit_uncertainty" : "6",
        "minimum_orbit_intersection" : ".249515",
        "jupiter_tisserand_invariant" : "3.485",
        "epoch_osculation" : "2458000.5",
        "eccentricity" : ".4340964852427627",
        "semi_major_axis" : "2.227040413896631",
        "inclination" : "13.08290016481359",
        "ascending_node_longitude" : "332.8735489021691",
        "orbital_period" : "1213.921418432488",
        "perihelion_distance" : "1.260289997730516",
        "perihelion_argument" : "359.3465920594199",
        "aphelion_distance" : "3.193790830062746",
        "perihelion_time" : "2457626.231895010533",
        "mean_anomaly" : "110.9927840058959",
        "mean_motion" : ".2965595585790558",
        "equinox" : "J2000"
      }
    } ]
  }
}