{
  "links" : {
    "next" : "https://api.nasa.gov/neo/rest/v1/feed?start_date=1997-05-16&end_date=1997-05-16&detailed=true&api_key=t0TVs3DtDT2H8Oy2Zy8m2eVrNsAVKAexjcZXUckd",
    "prev" : "https://api.nasa.gov/neo/rest/v1/feed?start_date=1997-05-14&end_date=1997-05-14&detailed=true&api_key=t0TVs3DtDT2H8Oy2Zy8m2eVrNsAVKAexjcZXUckd",
    "self" : "https://api.nasa.gov/neo/rest/v1/feed?start_date=1997-05-15&end_date=1997-05-15&detailed=true&api_key=t0TVs3DtDT2H8Oy2Zy8m2eVrNsAVKAexjcZXUckd"
  },
  "element_count" : 6,
  "near_earth_objects" : {
    "1997-05-15" : [ {
      "links" : {
        "self" : "https://api.nasa.gov/neo/rest/v1/neo/3067589?api_key=t0TVs3DtDT2H8Oy2Zy8m2eVrNsAVKAexjcZXUckd"
      },
      "neo_reference_id" : "3067589",
      "name" : "(2000 TL1)",
      "nasa_jpl_url" : "http://ssd.jpl.nasa.gov/sbdb.cgi?sstr=3067589",
      "absolute_magnitude_h" : 22.8,
      "estimated_diameter" : {
        "kilometers" : {
          "estimated_diameter_min" : 0.0732073989,
          "estimated_diameter_max" : 0.1636967205
        },
        "meters" : {
          "estimated_diameter_min" : 73.2073989347,
          "estimated_diameter_max" : 163.696720474
        },
        "miles" : {
          "estimated_diameter_min" : 0.0454889547,
          "estimated_diameter_max" : 0.1017163949
        },
        "feet" : {
          "estimated_diameter_min" : 240.181762721,
          "estimated_diameter_max" : 537.0627483999
        }
      },
      "is_potentially_hazardous_asteroid" : false,
      "close_approach_data" : [ {
        "close_approach_date" : "1997-05-15",
        "epoch_date_close_approach" : 863679600000,
        "relative_velocity" : {
          "kilometers_per_second" : "15.8753346994",
          "kilometers_per_hour" : "57151.2049179574",
          "miles_per_hour" : "35511.5361891608"
        },
        "miss_distance" : {
          "astronomical" : "0.3000271753",
          "lunar" : "116.7105636597",
          "kilometers" : "44883424",
          "miles" : "27889268"
        },
        "orbiting_body" : "Earth"
      } ],
      "orbital_data" : {
        "orbit_id" : "14",
        "orbit_determination_date" : "2017-04-06 09:16:46",
        "orbit_uncertainty" : "5",
        "minimum_orbit_intersection" : ".0353657",
        "jupiter_tisserand_invariant" : "4.856",
        "epoch_osculation" : "2458000.5",
        "eccentricity" : ".2999831806413061",
        "semi_major_axis" : "1.337563079112706",
        "inclination" : "3.605502964625056",
        "ascending_node_longitude" : "27.22990160116556",
        "orbital_period" : "565.0278251487421",
        "perihelion_distance" : ".9363166523320975",
        "perihelion_argument" : "279.3565278432252",
        "aphelion_distance" : "1.738809505893314",
        "perihelion_time" : "2457978.991207185038",
        "mean_anomaly" : "13.70404264842732",
        "mean_motion" : ".6371367638491626",
        "equinox" : "J2000"
      }
    }, {
      "links" : {
        "self" : "https://api.nasa.gov/neo/rest/v1/neo/3170221?api_key=t0TVs3DtDT2H8Oy2Zy8m2eVrNsAVKAexjcZXUckd"
      },
      "neo_reference_id" : "3170221",
      "name" : "(2003 YN107)",
      "nasa_jpl_url" : "http://ssd.jpl.nasa.gov/sbdb.cgi?sstr=3170221",
      "absolute_magnitude_h" : 26.5,
      "estimated_diameter" : {
        "kilometers" : {
          "estimated_diameter_min" : 0.0133215567,
          "estimated_diameter_max" : 0.0297879063
        },
        "meters" : {
          "estimated_diameter_min" : 13.3215566698,
          "estimated_diameter_max" : 29.7879062798
        },
        "miles" : {
          "estimated_diameter_min" : 0.008277629,
          "estimated_diameter_max" : 0.0185093411
        },
        "feet" : {
          "estimated_diameter_min" : 43.7058959846,
          "estimated_diameter_max" : 97.7293544391
        }
      },
      "is_potentially_hazardous_asteroid" : false,
      "close_approach_data" : [ {
        "close_approach_date" : "1997-05-15",
        "epoch_date_close_approach" : 863679600000,
        "relative_velocity" : {
          "kilometers_per_second" : "2.7032244437",
          "kilometers_per_hour" : "9731.6079973857",
          "miles_per_hour" : "6046.8427581533"
        },
        "miss_distance" : {
          "astronomical" : "0.0843638445",
          "lunar" : "32.8175354004",
          "kilometers" : "12620652",
          "miles" : "7842109.5"
        },
        "orbiting_body" : "Earth"
      } ],
      "orbital_data" : {
        "orbit_id" : "17",
        "orbit_determination_date" : "2017-04-06 09:13:21",
        "orbit_uncertainty" : "1",
        "minimum_orbit_intersection" : ".00576149",
        "jupiter_tisserand_invariant" : "6.132",
        "epoch_osculation" : "2458000.5",
        "eccentricity" : ".01394849751423765",
        "semi_major_axis" : ".988667858326567",
        "inclination" : "4.320908199813253",
        "ascending_node_longitude" : "264.4056022167966",
        "orbital_period" : "359.0658068186285",
        "perihelion_distance" : ".9748774271622922",
        "perihelion_argument" : "87.81644303895897",
        "aphelion_distance" : "1.002458289490842",
        "perihelion_time" : "2457942.407117798018",
        "mean_anomaly" : "58.24402434197092",
        "mean_motion" : "1.00260173250594",
        "equinox" : "J2000"
      }
    }, {
      "links" : {
        "self" : "https://api.nasa.gov/neo/rest/v1/neo/3408650?api_key=t0TVs3DtDT2H8Oy2Zy8m2eVrNsAVKAexjcZXUckd"
      },
      "neo_reference_id" : "3408650",
      "name" : "(2008 GL20)",
      "nasa_jpl_url" : "http://ssd.jpl.nasa.gov/sbdb.cgi?sstr=3408650",
      "absolute_magnitude_h" : 26.6,
      "estimated_diameter" : {
        "kilometers" : {
          "estimated_diameter_min" : 0.0127219879,
          "estimated_diameter_max" : 0.0284472297
        },
        "meters" : {
          "estimated_diameter_min" : 12.7219878539,
          "estimated_diameter_max" : 28.4472296503
        },
        "miles" : {
          "estimated_diameter_min" : 0.0079050743,
          "estimated_diameter_max" : 0.0176762835
        },
        "feet" : {
          "estimated_diameter_min" : 41.7388066307,
          "estimated_diameter_max" : 93.330808926
        }
      },
      "is_potentially_hazardous_asteroid" : false,
      "close_approach_data" : [ {
        "close_approach_date" : "1997-05-15",
        "epoch_date_close_approach" : 863679600000,
        "relative_velocity" : {
          "kilometers_per_second" : "4.7087967217",
          "kilometers_per_hour" : "16951.6681981579",
          "miles_per_hour" : "10533.1073867943"
        },
        "miss_distance" : {
          "astronomical" : "0.1051355818",
          "lunar" : "40.8977432251",
          "kilometers" : "15728059",
          "miles" : "9772963"
        },
        "orbiting_body" : "Earth"
      } ],
      "orbital_data" : {
        "orbit_id" : "11",
        "orbit_determination_date" : "2017-04-06 09:20:30",
        "orbit_uncertainty" : "6",
        "minimum_orbit_intersection" : ".00780003",
        "jupiter_tisserand_invariant" : "6.627",
        "epoch_osculation" : "2458000.5",
        "eccentricity" : ".2022506539745438",
        "semi_major_axis" : ".8938650191052668",
        "inclination" : "6.887124889254247",
        "ascending_node_longitude" : "198.819523255077",
        "orbital_period" : "308.6784703795121",
        "perihelion_distance" : ".7130802344262586",
        "perihelion_argument" : "220.7872178395077",
        "aphelion_distance" : "1.074649803784275",
        "perihelion_time" : "2457854.421171601484",
        "mean_anomaly" : "170.3662006579523",
        "mean_motion" : "1.166262096470121",
        "equinox" : "J2000"
      }
    }, {
      "links" : {
        "self" : "https://api.nasa.gov/neo/rest/v1/neo/3639421?api_key=t0TVs3DtDT2H8Oy2Zy8m2eVrNsAVKAexjcZXUckd"
      },
      "neo_reference_id" : "3639421",
      "name" : "(2013 KH6)",
      "nasa_jpl_url" : "http://ssd.jpl.nasa.gov/sbdb.cgi?sstr=3639421",
      "absolute_magnitude_h" : 23.2,
      "estimated_diameter" : {
        "kilometers" : {
          "estimated_diameter_min" : 0.0608912622,
          "estimated_diameter_max" : 0.1361570015
        },
        "meters" : {
          "estimated_diameter_min" : 60.8912622106,
          "estimated_diameter_max" : 136.1570015386
        },
        "miles" : {
          "estimated_diameter_min" : 0.0378360645,
          "estimated_diameter_max" : 0.0846040122
        },
        "feet" : {
          "estimated_diameter_min" : 199.7744887109,
          "estimated_diameter_max" : 446.7093369279
        }
      },
      "is_potentially_hazardous_asteroid" : false,
      "close_approach_data" : [ {
        "close_approach_date" : "1997-05-15",
        "epoch_date_close_approach" : 863679600000,
        "relative_velocity" : {
          "kilometers_per_second" : "11.7899326757",
          "kilometers_per_hour" : "42443.7576324977",
          "miles_per_hour" : "26372.9004022595"
        },
        "miss_distance" : {
          "astronomical" : "0.2390267237",
          "lunar" : "92.9813995361",
          "kilometers" : "35757888",
          "miles" : "22218922"
        },
        "orbiting_body" : "Earth"
      } ],
      "orbital_data" : {
        "orbit_id" : "14",
        "orbit_determination_date" : "2017-04-06 08:45:44",
        "orbit_uncertainty" : "3",
        "minimum_orbit_intersection" : ".0502394",
        "jupiter_tisserand_invariant" : "6.441",
        "epoch_osculation" : "2458000.5",
        "eccentricity" : ".1606456688159271",
        "semi_major_axis" : ".9226192577046369",
        "inclination" : "15.55324623128285",
        "ascending_node_longitude" : "246.3103944135854",
        "orbital_period" : "323.6921743042597",
        "perihelion_distance" : ".7744044699882213",
        "perihelion_argument" : "195.4246546289114",
        "aphelion_distance" : "1.070834045421053",
        "perihelion_time" : "2457914.902741493615",
        "mean_anomaly" : "95.19851114266817",
        "mean_motion" : "1.112167758685486",
        "equinox" : "J2000"
      }
    }, {
      "links" : {
        "self" : "https://api.nasa.gov/neo/rest/v1/neo/3733933?api_key=t0TVs3DtDT2H8Oy2Zy8m2eVrNsAVKAexjcZXUckd"
      },
      "neo_reference_id" : "3733933",
      "name" : "(2015 VH65)",
      "nasa_jpl_url" : "http://ssd.jpl.nasa.gov/sbdb.cgi?sstr=3733933",
      "absolute_magnitude_h" : 27.7,
      "estimated_diameter" : {
        "kilometers" : {
          "estimated_diameter_min" : 0.0076657557,
          "estimated_diameter_max" : 0.0171411509
        },
        "meters" : {
          "estimated_diameter_min" : 7.6657557353,
          "estimated_diameter_max" : 17.1411509231
        },
        "miles" : {
          "estimated_diameter_min" : 0.0047632783,
          "estimated_diameter_max" : 0.0106510141
        },
        "feet" : {
          "estimated_diameter_min" : 25.1501180466,
          "estimated_diameter_max" : 56.2373735944
        }
      },
      "is_potentially_hazardous_asteroid" : false,
      "close_approach_data" : [ {
        "close_approach_date" : "1997-05-15",
        "epoch_date_close_approach" : 863679600000,
        "relative_velocity" : {
          "kilometers_per_second" : "12.6674745388",
          "kilometers_per_hour" : "45602.9083397516",
          "miles_per_hour" : "28335.8737958862"
        },
        "miss_distance" : {
          "astronomical" : "0.3294912855",
          "lunar" : "128.1721038818",
          "kilometers" : "49291196",
          "miles" : "30628128"
        },
        "orbiting_body" : "Earth"
      } ],
      "orbital_data" : {
        "orbit_id" : "6",
        "orbit_determination_date" : "2017-04-06 08:30:49",
        "orbit_uncertainty" : "6",
        "minimum_orbit_intersection" : ".0145851",
        "jupiter_tisserand_invariant" : "6.877",
        "epoch_osculation" : "2458000.5",
        "eccentricity" : ".2283063963369787",
        "semi_major_axis" : ".8515275457794295",
        "inclination" : "13.37646294124596",
        "ascending_node_longitude" : "227.1365037671775",
        "orbital_period" : "287.0096366874427",
        "perihelion_distance" : ".6571183604208563",
        "perihelion_argument" : "330.2186154684936",
        "aphelion_distance" : "1.045936731138003",
        "perihelion_time" : "2458018.330160761042",
        "mean_anomaly" : "337.6353924974111",
        "mean_motion" : "1.254313284233187",
        "equinox" : "J2000"
      }
    }, {
      "links" : {
        "self" : "https://api.nasa.gov/neo/rest/v1/neo/3675307?api_key=t0TVs3DtDT2H8Oy2Zy8m2eVrNsAVKAexjcZXUckd"
      },
      "neo_reference_id" : "3675307",
      "name" : "(2014 NZ64)",
      "nasa_jpl_url" : "http://ssd.jpl.nasa.gov/sbdb.cgi?sstr=3675307",
      "absolute_magnitude_h" : 22.8,
      "estimated_diameter" : {
        "kilometers" : {
          "estimated_diameter_min" : 0.0732073989,
          "estimated_diameter_max" : 0.1636967205
        },
        "meters" : {
          "estimated_diameter_min" : 73.2073989347,
          "estimated_diameter_max" : 163.696720474
        },
        "miles" : {
          "estimated_diameter_min" : 0.0454889547,
          "estimated_diameter_max" : 0.1017163949
        },
        "feet" : {
          "estimated_diameter_min" : 240.181762721,
          "estimated_diameter_max" : 537.0627483999
        }
      },
      "is_potentially_hazardous_asteroid" : false,
      "close_approach_data" : [ {
        "close_approach_date" : "1997-05-15",
        "epoch_date_close_approach" : 863679600000,
        "relative_velocity" : {
          "kilometers_per_second" : "6.9403587642",
          "kilometers_per_hour" : "24985.2915511416",
          "miles_per_hour" : "15524.8885196524"
        },
        "miss_distance" : {
          "astronomical" : "0.2994105987",
          "lunar" : "116.4707260132",
          "kilometers" : "44791192",
          "miles" : "27831956"
        },
        "orbiting_body" : "Earth"
      } ],
      "orbital_data" : {
        "orbit_id" : "10",
        "orbit_determination_date" : "2017-05-29 06:17:29",
        "orbit_uncertainty" : "3",
        "minimum_orbit_intersection" : ".00922884",
        "jupiter_tisserand_invariant" : "5.875",
        "epoch_osculation" : "2458000.5",
        "eccentricity" : ".2734300848054244",
        "semi_major_axis" : "1.03678332364244",
        "inclination" : "4.494555443251376",
        "ascending_node_longitude" : "162.4487925503341",
        "orbital_period" : "385.5941456181894",
        "perihelion_distance" : ".7532955715340381",
        "perihelion_argument" : "273.5875697145474",
        "aphelion_distance" : "1.320271075750842",
        "perihelion_time" : "2458135.882493815108",
        "mean_anomaly" : "233.6036365508043",
        "mean_motion" : ".9336241332783813",
        "equinox" : "J2000"
      }
    } ]
  }
}