{
  "links" : {
    "next" : "https://api.nasa.gov/neo/rest/v1/feed?start_date=2003-04-09&end_date=2003-04-09&detailed=true&api_key=t0TVs3DtDT2H8Oy2Zy8m2eVrNsAVKAexjcZXUckd",
    "prev" : "https://api.nasa.gov/neo/rest/v1/feed?start_date=2003-04-07&end_date=2003-04-07&detailed=true&api_key=t0TVs3DtDT2H8Oy2Zy8m2eVrNsAVKAexjcZXUckd",
    "self" : "https://api.nasa.gov/neo/rest/v1/feed?start_date=2003-04-08&end_date=2003-04-08&detailed=true&api_key=t0TVs3DtDT2H8Oy2Zy8m2eVrNsAVKAexjcZXUckd"
  },
  "element_count" : 8,
  "near_earth_objects" : {
    "2003-04-08" : [ {
      "links" : {
        "self" : "https://api.nasa.gov/neo/rest/v1/neo/3143112?api_key=t0TVs3DtDT2H8Oy2Zy8m2eVrNsAVKAexjcZXUckd"
      },
      "neo_reference_id" : "3143112",
      "name" : "(2002 VO85)",
      "nasa_jpl_url" : "http://ssd.jpl.nasa.gov/sbdb.cgi?sstr=3143112",
      "absolute_magnitude_h" : 21.6,
      "estimated_diameter" : {
        "kilometers" : {
          "estimated_diameter_min" : 0.1272198785,
          "estimated_diameter_max" : 0.2844722965
        },
        "meters" : {
          "estimated_diameter_min" : 127.2198785394,
          "estimated_diameter_max" : 284.4722965033
        },
        "miles" : {
          "estimated_diameter_min" : 0.0790507431,
          "estimated_diameter_max" : 0.1767628354
        },
        "feet" : {
          "estimated_diameter_min" : 417.3880663071,
          "estimated_diameter_max" : 933.3080892598
        }
      },
      "is_potentially_hazardous_asteroid" : false,
      "close_approach_data" : [ {
        "close_approach_date" : "2003-04-08",
        "epoch_date_close_approach" : 1049785200000,
        "relative_velocity" : {
          "kilometers_per_second" : "11.0905284064",
          "kilometers_per_hour" : "39925.9022629903",
          "miles_per_hour" : "24808.4029922453"
        },
        "miss_distance" : {
          "astronomical" : "0.3048442294",
          "lunar" : "118.5844039917",
          "kilometers" : "45604048",
          "miles" : "28337042"
        },
        "orbiting_body" : "Earth"
      } ],
      "orbital_data" : {
        "orbit_id" : "17",
        "orbit_determination_date" : "2017-04-06 09:14:38",
        "orbit_uncertainty" : "1",
        "minimum_orbit_intersection" : ".156839",
        "jupiter_tisserand_invariant" : "4.840",
        "epoch_osculation" : "2458000.5",
        "eccentricity" : ".2223299659475394",
        "semi_major_axis" : "1.329054856791204",
        "inclination" : "20.13103937377096",
        "ascending_node_longitude" : "230.1415922252418",
        "orbital_period" : "559.6452050168231",
        "perihelion_distance" : "1.033566135738404",
        "perihelion_argument" : "248.1718328269112",
        "aphelion_distance" : "1.624543577844004",
        "perihelion_time" : "2458254.062266699113",
        "mean_anomaly" : "196.8923468058007",
        "mean_motion" : ".6432646912237518",
        "equinox" : "J2000"
      }
    }, {
      "links" : {
        "self" : "https://api.nasa.gov/neo/rest/v1/neo/3151654?api_key=t0TVs3DtDT2H8Oy2Zy8m2eVrNsAVKAexjcZXUckd"
      },
      "neo_reference_id" : "3151654",
      "name" : "(2003 FR6)",
      "nasa_jpl_url" : "http://ssd.jpl.nasa.gov/sbdb.cgi?sstr=3151654",
      "absolute_magnitude_h" : 19.0,
      "estimated_diameter" : {
        "kilometers" : {
          "estimated_diameter_min" : 0.4212646106,
          "estimated_diameter_max" : 0.9419763057
        },
        "meters" : {
          "estimated_diameter_min" : 421.2646105562,
          "estimated_diameter_max" : 941.9763057186
        },
        "miles" : {
          "estimated_diameter_min" : 0.2617616123,
          "estimated_diameter_max" : 0.5853167591
        },
        "feet" : {
          "estimated_diameter_min" : 1382.1017848971,
          "estimated_diameter_max" : 3090.4735428537
        }
      },
      "is_potentially_hazardous_asteroid" : false,
      "close_approach_data" : [ {
        "close_approach_date" : "2003-04-08",
        "epoch_date_close_approach" : 1049785200000,
        "relative_velocity" : {
          "kilometers_per_second" : "19.9245259418",
          "kilometers_per_hour" : "71728.2933906139",
          "miles_per_hour" : "44569.1720792956"
        },
        "miss_distance" : {
          "astronomical" : "0.4982135216",
          "lunar" : "193.8050689697",
          "kilometers" : "74531680",
          "miles" : "46311840"
        },
        "orbiting_body" : "Earth"
      } ],
      "orbital_data" : {
        "orbit_id" : "25",
        "orbit_determination_date" : "2017-04-23 06:17:16",
        "orbit_uncertainty" : "0",
        "minimum_orbit_intersection" : ".427006",
        "jupiter_tisserand_invariant" : "3.480",
        "epoch_osculation" : "2457800.5",
        "eccentricity" : ".397531031762428",
        "semi_major_axis" : "1.987630967541354",
        "inclination" : "40.55116657254021",
        "ascending_node_longitude" : "186.0564306229076",
        "orbital_period" : "1023.533492978311",
        "perihelion_distance" : "1.197485978251686",
        "perihelion_argument" : "72.55277280371003",
        "aphelion_distance" : "2.777775956831022",
        "perihelion_time" : "2457942.982894003499",
        "mean_anomaly" : "309.88552676278",
        "mean_motion" : ".3517227354744009",
        "equinox" : "J2000"
      }
    }, {
      "links" : {
        "self" : "https://api.nasa.gov/neo/rest/v1/neo/3152322?api_key=t0TVs3DtDT2H8Oy2Zy8m2eVrNsAVKAexjcZXUckd"
      },
      "neo_reference_id" : "3152322",
      "name" : "(2003 GD42)",
      "nasa_jpl_url" : "http://ssd.jpl.nasa.gov/sbdb.cgi?sstr=3152322",
      "absolute_magnitude_h" : 24.7,
      "estimated_diameter" : {
        "kilometers" : {
          "estimated_diameter_min" : 0.0305179233,
          "estimated_diameter_max" : 0.0682401509
        },
        "meters" : {
          "estimated_diameter_min" : 30.5179232594,
          "estimated_diameter_max" : 68.2401509401
        },
        "miles" : {
          "estimated_diameter_min" : 0.0189629525,
          "estimated_diameter_max" : 0.0424024508
        },
        "feet" : {
          "estimated_diameter_min" : 100.1244233463,
          "estimated_diameter_max" : 223.8850168104
        }
      },
      "is_potentially_hazardous_asteroid" : false,
      "close_approach_data" : [ {
        "close_approach_date" : "2003-04-08",
        "epoch_date_close_approach" : 1049785200000,
        "relative_velocity" : {
          "kilometers_per_second" : "7.5613509831",
          "kilometers_per_hour" : "27220.8635389845",
          "miles_per_hour" : "16913.9860139874"
        },
        "miss_distance" : {
          "astronomical" : "0.0158666231",
          "lunar" : "6.1721162796",
          "kilometers" : "2373613",
          "miles" : "1474894.75"
        },
        "orbiting_body" : "Earth"
      } ],
      "orbital_data" : {
        "orbit_id" : "8",
        "orbit_determination_date" : "2017-04-06 09:14:09",
        "orbit_uncertainty" : "7",
        "minimum_orbit_intersection" : ".0140273",
        "jupiter_tisserand_invariant" : "4.968",
        "epoch_osculation" : "2458000.5",
        "eccentricity" : ".2288301213402342",
        "semi_major_axis" : "1.294738075714972",
        "inclination" : "12.24793730743609",
        "ascending_node_longitude" : "18.13601264824451",
        "orbital_period" : "538.1103022299473",
        "perihelion_distance" : ".9984630047452933",
        "perihelion_argument" : "156.2388872610046",
        "aphelion_distance" : "1.59101314668465",
        "perihelion_time" : "2458098.432292860402",
        "mean_anomaly" : "294.4825302848795",
        "mean_motion" : ".6690078196015721",
        "equinox" : "J2000"
      }
    }, {
      "links" : {
        "self" : "https://api.nasa.gov/neo/rest/v1/neo/3409432?api_key=t0TVs3DtDT2H8Oy2Zy8m2eVrNsAVKAexjcZXUckd"
      },
      "neo_reference_id" : "3409432",
      "name" : "(2008 GB110)",
      "nasa_jpl_url" : "http://ssd.jpl.nasa.gov/sbdb.cgi?sstr=3409432",
      "absolute_magnitude_h" : 19.7,
      "estimated_diameter" : {
        "kilometers" : {
          "estimated_diameter_min" : 0.3051792326,
          "estimated_diameter_max" : 0.6824015094
        },
        "meters" : {
          "estimated_diameter_min" : 305.1792325939,
          "estimated_diameter_max" : 682.4015094011
        },
        "miles" : {
          "estimated_diameter_min" : 0.1896295249,
          "estimated_diameter_max" : 0.4240245083
        },
        "feet" : {
          "estimated_diameter_min" : 1001.2442334633,
          "estimated_diameter_max" : 2238.8501681036
        }
      },
      "is_potentially_hazardous_asteroid" : false,
      "close_approach_data" : [ {
        "close_approach_date" : "2003-04-08",
        "epoch_date_close_approach" : 1049785200000,
        "relative_velocity" : {
          "kilometers_per_second" : "19.2000411795",
          "kilometers_per_hour" : "69120.148246069",
          "miles_per_hour" : "42948.5721143421"
        },
        "miss_distance" : {
          "astronomical" : "0.3307784194",
          "lunar" : "128.6728057861",
          "kilometers" : "49483748",
          "miles" : "30747776"
        },
        "orbiting_body" : "Earth"
      } ],
      "orbital_data" : {
        "orbit_id" : "32",
        "orbit_determination_date" : "2017-04-06 09:03:41",
        "orbit_uncertainty" : "0",
        "minimum_orbit_intersection" : ".317019",
        "jupiter_tisserand_invariant" : "3.739",
        "epoch_osculation" : "2458000.5",
        "eccentricity" : ".3262632764503872",
        "semi_major_axis" : "1.838009840076851",
        "inclination" : "36.11801243866999",
        "ascending_node_longitude" : "203.5887520204638",
        "orbital_period" : "910.1650925583451",
        "perihelion_distance" : "1.238334727505326",
        "perihelion_argument" : "315.0836904537169",
        "aphelion_distance" : "2.437684952648377",
        "perihelion_time" : "2458157.811789721001",
        "mean_anomaly" : "297.7780528361341",
        "mean_motion" : ".3955326379174695",
        "equinox" : "J2000"
      }
    }, {
      "links" : {
        "self" : "https://api.nasa.gov/neo/rest/v1/neo/3590077?api_key=t0TVs3DtDT2H8Oy2Zy8m2eVrNsAVKAexjcZXUckd"
      },
      "neo_reference_id" : "3590077",
      "name" : "(2011 XE)",
      "nasa_jpl_url" : "http://ssd.jpl.nasa.gov/sbdb.cgi?sstr=3590077",
      "absolute_magnitude_h" : 19.3,
      "estimated_diameter" : {
        "kilometers" : {
          "estimated_diameter_min" : 0.3669061375,
          "estimated_diameter_max" : 0.8204270649
        },
        "meters" : {
          "estimated_diameter_min" : 366.9061375314,
          "estimated_diameter_max" : 820.4270648822
        },
        "miles" : {
          "estimated_diameter_min" : 0.2279848336,
          "estimated_diameter_max" : 0.5097895857
        },
        "feet" : {
          "estimated_diameter_min" : 1203.7603322587,
          "estimated_diameter_max" : 2691.6899315481
        }
      },
      "is_potentially_hazardous_asteroid" : false,
      "close_approach_data" : [ {
        "close_approach_date" : "2003-04-08",
        "epoch_date_close_approach" : 1049785200000,
        "relative_velocity" : {
          "kilometers_per_second" : "19.8020743176",
          "kilometers_per_hour" : "71287.4675435033",
          "miles_per_hour" : "44295.2600411285"
        },
        "miss_distance" : {
          "astronomical" : "0.4742026591",
          "lunar" : "184.4648284912",
          "kilometers" : "70939712",
          "miles" : "44079892"
        },
        "orbiting_body" : "Earth"
      } ],
      "orbital_data" : {
        "orbit_id" : "34",
        "orbit_determination_date" : "2017-04-06 08:51:47",
        "orbit_uncertainty" : "1",
        "minimum_orbit_intersection" : ".0528973",
        "jupiter_tisserand_invariant" : "7.282",
        "epoch_osculation" : "2458000.5",
        "eccentricity" : ".46340396490327",
        "semi_major_axis" : ".7838064253255399",
        "inclination" : "20.72734913356539",
        "ascending_node_longitude" : "221.2834409433057",
        "orbital_period" : "253.4612987325434",
        "perihelion_distance" : ".4205874201130259",
        "perihelion_argument" : "46.58021373930708",
        "aphelion_distance" : "1.147025430538054",
        "perihelion_time" : "2458085.605972614316",
        "mean_anomaly" : "239.1209928523099",
        "mean_motion" : "1.420335182531666",
        "equinox" : "J2000"
      }
    }, {
      "links" : {
        "self" : "https://api.nasa.gov/neo/rest/v1/neo/3591267?api_key=t0TVs3DtDT2H8Oy2Zy8m2eVrNsAVKAexjcZXUckd"
      },
      "neo_reference_id" : "3591267",
      "name" : "(2011 XS2)",
      "nasa_jpl_url" : "http://ssd.jpl.nasa.gov/sbdb.cgi?sstr=3591267",
      "absolute_magnitude_h" : 18.2,
      "estimated_diameter" : {
        "kilometers" : {
          "estimated_diameter_min" : 0.6089126221,
          "estimated_diameter_max" : 1.3615700154
        },
        "meters" : {
          "estimated_diameter_min" : 608.9126221057,
          "estimated_diameter_max" : 1361.5700153859
        },
        "miles" : {
          "estimated_diameter_min" : 0.3783606449,
          "estimated_diameter_max" : 0.846040122
        },
        "feet" : {
          "estimated_diameter_min" : 1997.7448871092,
          "estimated_diameter_max" : 4467.0933692788
        }
      },
      "is_potentially_hazardous_asteroid" : false,
      "close_approach_data" : [ {
        "close_approach_date" : "2003-04-08",
        "epoch_date_close_approach" : 1049785200000,
        "relative_velocity" : {
          "kilometers_per_second" : "41.0152049136",
          "kilometers_per_hour" : "147654.7376889377",
          "miles_per_hour" : "91746.911871218"
        },
        "miss_distance" : {
          "astronomical" : "0.431734345",
          "lunar" : "167.9446563721",
          "kilometers" : "64586540",
          "miles" : "40132216"
        },
        "orbiting_body" : "Earth"
      } ],
      "orbital_data" : {
        "orbit_id" : "23",
        "orbit_determination_date" : "2017-04-06 08:51:46",
        "orbit_uncertainty" : "1",
        "minimum_orbit_intersection" : ".0871696",
        "jupiter_tisserand_invariant" : "3.819",
        "epoch_osculation" : "2458000.5",
        "eccentricity" : ".740701815348031",
        "semi_major_axis" : "1.640879510713345",
        "inclination" : "30.80286135532171",
        "ascending_node_longitude" : "225.7954969738754",
        "orbital_period" : "767.73875667426",
        "perihelion_distance" : ".4254770783605815",
        "perihelion_argument" : "99.50423188128698",
        "aphelion_distance" : "2.856281943066109",
        "perihelion_time" : "2458149.852512368446",
        "mean_anomaly" : "289.9671874251192",
        "mean_motion" : ".4689095045292113",
        "equinox" : "J2000"
      }
    }, {
      "links" : {
        "self" : "https://api.nasa.gov/neo/rest/v1/neo/2488640?api_key=t0TVs3DtDT2H8Oy2Zy8m2eVrNsAVKAexjcZXUckd"
      },
      "neo_reference_id" : "2488640",
      "name" : "488640 (2003 FR6)",
      "nasa_jpl_url" : "http://ssd.jpl.nasa.gov/sbdb.cgi?sstr=2488640",
      "absolute_magnitude_h" : 19.0,
      "estimated_diameter" : {
        "kilometers" : {
          "estimated_diameter_min" : 0.4212646106,
          "estimated_diameter_max" : 0.9419763057
        },
        "meters" : {
          "estimated_diameter_min" : 421.2646105562,
          "estimated_diameter_max" : 941.9763057186
        },
        "miles" : {
          "estimated_diameter_min" : 0.2617616123,
          "estimated_diameter_max" : 0.5853167591
        },
        "feet" : {
          "estimated_diameter_min" : 1382.1017848971,
          "estimated_diameter_max" : 3090.4735428537
        }
      },
      "is_potentially_hazardous_asteroid" : false,
      "close_approach_data" : [ {
        "close_approach_date" : "2003-04-08",
        "epoch_date_close_approach" : 1049785200000,
        "relative_velocity" : {
          "kilometers_per_second" : "19.9245355179",
          "kilometers_per_hour" : "71728.327864445",
          "miles_per_hour" : "44569.1934999936"
        },
        "miss_distance" : {
          "astronomical" : "0.4982138077",
          "lunar" : "193.8051605225",
          "kilometers" : "74531720",
          "miles" : "46311868"
        },
        "orbiting_body" : "Earth"
      } ],
      "orbital_data" : {
        "orbit_id" : "27",
        "orbit_determination_date" : "2017-06-23 06:20:11",
        "orbit_uncertainty" : "0",
        "minimum_orbit_intersection" : ".428167",
        "jupiter_tisserand_invariant" : "3.480",
        "epoch_osculation" : "2458000.5",
        "eccentricity" : ".3974789148959265",
        "semi_major_axis" : "1.987539405323753",
        "inclination" : "40.55040839820771",
        "ascending_node_longitude" : "186.0559834395473",
        "orbital_period" : "1023.462768644692",
        "perihelion_distance" : "1.197534399182772",
        "perihelion_argument" : "72.55015917911007",
        "aphelion_distance" : "2.777544411464734",
        "perihelion_time" : "2457942.981052163895",
        "mean_anomaly" : "20.23211967780572",
        "mean_motion" : ".3517470405657505",
        "equinox" : "J2000"
      }
    }, {
      "links" : {
        "self" : "https://api.nasa.gov/neo/rest/v1/neo/3608565?api_key=t0TVs3DtDT2H8Oy2Zy8m2eVrNsAVKAexjcZXUckd"
      },
      "neo_reference_id" : "3608565",
      "name" : "(2012 RH10)",
      "nasa_jpl_url" : "http://ssd.jpl.nasa.gov/sbdb.cgi?sstr=3608565",
      "absolute_magnitude_h" : 22.1,
      "estimated_diameter" : {
        "kilometers" : {
          "estimated_diameter_min" : 0.1010543415,
          "estimated_diameter_max" : 0.2259643771
        },
        "meters" : {
          "estimated_diameter_min" : 101.054341542,
          "estimated_diameter_max" : 225.9643771094
        },
        "miles" : {
          "estimated_diameter_min" : 0.0627922373,
          "estimated_diameter_max" : 0.140407711
        },
        "feet" : {
          "estimated_diameter_min" : 331.5431259047,
          "estimated_diameter_max" : 741.3529669956
        }
      },
      "is_potentially_hazardous_asteroid" : false,
      "close_approach_data" : [ {
        "close_approach_date" : "2003-04-08",
        "epoch_date_close_approach" : 1049785200000,
        "relative_velocity" : {
          "kilometers_per_second" : "13.1427323473",
          "kilometers_per_hour" : "47313.8364504348",
          "miles_per_hour" : "29398.9779877716"
        },
        "miss_distance" : {
          "astronomical" : "0.1939357482",
          "lunar" : "75.4410095215",
          "kilometers" : "29012376",
          "miles" : "18027454"
        },
        "orbiting_body" : "Earth"
      } ],
      "orbital_data" : {
        "orbit_id" : "12",
        "orbit_determination_date" : "2017-04-06 08:49:03",
        "orbit_uncertainty" : "7",
        "minimum_orbit_intersection" : ".0752988",
        "jupiter_tisserand_invariant" : "5.347",
        "epoch_osculation" : "2458000.5",
        "eccentricity" : ".4691289089919663",
        "semi_major_axis" : "1.145382810820465",
        "inclination" : "13.91027876468023",
        "ascending_node_longitude" : "352.3563645513906",
        "orbital_period" : "447.7384780566896",
        "perihelion_distance" : ".6080506224021083",
        "perihelion_argument" : "122.9495504580685",
        "aphelion_distance" : "1.682714999238821",
        "perihelion_time" : "2458062.543494419459",
        "mean_anomaly" : "310.1144996785882",
        "mean_motion" : ".8040407908708244",
        "equinox" : "J2000"
      }
    } ]
  }
}