{
  "links" : {
    "next" : "https://api.nasa.gov/neo/rest/v1/feed?start_date=1999-03-16&end_date=1999-03-16&detailed=true&api_key=t0TVs3DtDT2H8Oy2Zy8m2eVrNsAVKAexjcZXUckd",
    "prev" : "https://api.nasa.gov/neo/rest/v1/feed?start_date=1999-03-14&end_date=1999-03-14&detailed=true&api_key=t0TVs3DtDT2H8Oy2Zy8m2eVrNsAVKAexjcZXUckd",
    "self" : "https://api.nasa.gov/neo/rest/v1/feed?start_date=1999-03-15&end_date=1999-03-15&detailed=true&api_key=t0TVs3DtDT2H8Oy2Zy8m2eVrNsAVKAexjcZXUckd"
  },
  "element_count" : 6,
  "near_earth_objects" : {
    "1999-03-15" : [ {
      "links" : {
        "self" : "https://api.nasa.gov/neo/rest/v1/neo/2085938?api_key=t0TVs3DtDT2H8Oy2Zy8m2eVrNsAVKAexjcZXUckd"
      },
      "neo_reference_id" : "2085938",
      "name" : "85938 (1999 DJ4)",
      "nasa_jpl_url" : "http://ssd.jpl.nasa.gov/sbdb.cgi?sstr=2085938",
      "absolute_magnitude_h" : 18.6,
      "estimated_diameter" : {
        "kilometers" : {
          "estimated_diameter_min" : 0.5064714588,
          "estimated_diameter_max" : 1.1325046106
        },
        "meters" : {
          "estimated_diameter_min" : 506.4714588346,
          "estimated_diameter_max" : 1132.5046106177
        },
        "miles" : {
          "estimated_diameter_min" : 0.3147066768,
          "estimated_diameter_max" : 0.7037055224
        },
        "feet" : {
          "estimated_diameter_min" : 1661.651821003,
          "estimated_diameter_max" : 3715.566426699
        }
      },
      "is_potentially_hazardous_asteroid" : true,
      "close_approach_data" : [ {
        "close_approach_date" : "1999-03-15",
        "epoch_date_close_approach" : 921484800000,
        "relative_velocity" : {
          "kilometers_per_second" : "13.4544052337",
          "kilometers_per_hour" : "48435.8588414014",
          "miles_per_hour" : "30096.1590673141"
        },
        "miss_distance" : {
          "astronomical" : "0.1443611719",
          "lunar" : "56.1564941406",
          "kilometers" : "21596124",
          "miles" : "13419209"
        },
        "orbiting_body" : "Earth"
      } ],
      "orbital_data" : {
        "orbit_id" : "112",
        "orbit_determination_date" : "2017-09-25 06:51:38",
        "orbit_uncertainty" : "0",
        "minimum_orbit_intersection" : ".0221239",
        "jupiter_tisserand_invariant" : "3.839",
        "epoch_osculation" : "2458000.5",
        "eccentricity" : ".483636968624458",
        "semi_major_axis" : "1.853201933999298",
        "inclination" : "9.145915991821257",
        "ascending_node_longitude" : "19.91748832101545",
        "orbital_period" : "921.472850402373",
        "perihelion_distance" : ".9569249683908945",
        "perihelion_argument" : "197.6210360445204",
        "aphelion_distance" : "2.749478899607702",
        "perihelion_time" : "2457728.049268255073",
        "mean_anomaly" : "106.4407523079434",
        "mean_motion" : ".3906789004611491",
        "equinox" : "J2000"
      }
    }, {
      "links" : {
        "self" : "https://api.nasa.gov/neo/rest/v1/neo/2138127?api_key=t0TVs3DtDT2H8Oy2Zy8m2eVrNsAVKAexjcZXUckd"
      },
      "neo_reference_id" : "2138127",
      "name" : "138127 (2000 EE14)",
      "nasa_jpl_url" : "http://ssd.jpl.nasa.gov/sbdb.cgi?sstr=2138127",
      "absolute_magnitude_h" : 17.1,
      "estimated_diameter" : {
        "kilometers" : {
          "estimated_diameter_min" : 1.0105434154,
          "estimated_diameter_max" : 2.2596437711
        },
        "meters" : {
          "estimated_diameter_min" : 1010.5434154201,
          "estimated_diameter_max" : 2259.643771094
        },
        "miles" : {
          "estimated_diameter_min" : 0.6279223726,
          "estimated_diameter_max" : 1.4040771097
        },
        "feet" : {
          "estimated_diameter_min" : 3315.4312590467,
          "estimated_diameter_max" : 7413.5296699562
        }
      },
      "is_potentially_hazardous_asteroid" : true,
      "close_approach_data" : [ {
        "close_approach_date" : "1999-03-15",
        "epoch_date_close_approach" : 921484800000,
        "relative_velocity" : {
          "kilometers_per_second" : "24.3102646255",
          "kilometers_per_hour" : "87516.9526517363",
          "miles_per_hour" : "54379.6309407414"
        },
        "miss_distance" : {
          "astronomical" : "0.458681297",
          "lunar" : "178.4270172119",
          "kilometers" : "68617744",
          "miles" : "42637088"
        },
        "orbiting_body" : "Earth"
      } ],
      "orbital_data" : {
        "orbit_id" : "91",
        "orbit_determination_date" : "2017-04-06 09:27:49",
        "orbit_uncertainty" : "0",
        "minimum_orbit_intersection" : ".0218133",
        "jupiter_tisserand_invariant" : "8.402",
        "epoch_osculation" : "2458000.5",
        "eccentricity" : ".5330364529912677",
        "semi_major_axis" : ".6618394693156479",
        "inclination" : "26.46266606305817",
        "ascending_node_longitude" : "155.7698258300033",
        "orbital_period" : "196.6651562548629",
        "perihelion_distance" : ".309054906142012",
        "perihelion_argument" : "197.8377941078795",
        "aphelion_distance" : "1.014624032489284",
        "perihelion_time" : "2458002.268197147424",
        "mean_anomaly" : "356.7632752786785",
        "mean_motion" : "1.830522533099191",
        "equinox" : "J2000"
      }
    }, {
      "links" : {
        "self" : "https://api.nasa.gov/neo/rest/v1/neo/3686271?api_key=t0TVs3DtDT2H8Oy2Zy8m2eVrNsAVKAexjcZXUckd"
      },
      "neo_reference_id" : "3686271",
      "name" : "(2014 RP12)",
      "nasa_jpl_url" : "http://ssd.jpl.nasa.gov/sbdb.cgi?sstr=3686271",
      "absolute_magnitude_h" : 18.2,
      "estimated_diameter" : {
        "kilometers" : {
          "estimated_diameter_min" : 0.6089126221,
          "estimated_diameter_max" : 1.3615700154
        },
        "meters" : {
          "estimated_diameter_min" : 608.9126221057,
          "estimated_diameter_max" : 1361.5700153859
        },
        "miles" : {
          "estimated_diameter_min" : 0.3783606449,
          "estimated_diameter_max" : 0.846040122
        },
        "feet" : {
          "estimated_diameter_min" : 1997.7448871092,
          "estimated_diameter_max" : 4467.0933692788
        }
      },
      "is_potentially_hazardous_asteroid" : false,
      "close_approach_data" : [ {
        "close_approach_date" : "1999-03-15",
        "epoch_date_close_approach" : 921484800000,
        "relative_velocity" : {
          "kilometers_per_second" : "17.78591349",
          "kilometers_per_hour" : "64029.2885638945",
          "miles_per_hour" : "39785.3098857155"
        },
        "miss_distance" : {
          "astronomical" : "0.4625686465",
          "lunar" : "179.9391937256",
          "kilometers" : "69199288",
          "miles" : "42998440"
        },
        "orbiting_body" : "Earth"
      } ],
      "orbital_data" : {
        "orbit_id" : "22",
        "orbit_determination_date" : "2016-08-15 06:15:58",
        "orbit_uncertainty" : "2",
        "minimum_orbit_intersection" : ".0942041",
        "jupiter_tisserand_invariant" : "5.747",
        "epoch_osculation" : "2457600.5",
        "eccentricity" : ".486447910063022",
        "semi_major_axis" : "1.036635827717492",
        "inclination" : "21.0926904911111",
        "ascending_node_longitude" : "38.82120133523182",
        "orbital_period" : "385.5118648642459",
        "perihelion_distance" : ".532366495827867",
        "perihelion_argument" : "96.46924003101385",
        "aphelion_distance" : "1.540905159607116",
        "perihelion_time" : "2457788.847583585207",
        "mean_anomaly" : "184.1166193041774",
        "mean_motion" : ".9338233989938813",
        "equinox" : "J2000"
      }
    }, {
      "links" : {
        "self" : "https://api.nasa.gov/neo/rest/v1/neo/3714554?api_key=t0TVs3DtDT2H8Oy2Zy8m2eVrNsAVKAexjcZXUckd"
      },
      "neo_reference_id" : "3714554",
      "name" : "(2015 FV118)",
      "nasa_jpl_url" : "http://ssd.jpl.nasa.gov/sbdb.cgi?sstr=3714554",
      "absolute_magnitude_h" : 21.6,
      "estimated_diameter" : {
        "kilometers" : {
          "estimated_diameter_min" : 0.1272198785,
          "estimated_diameter_max" : 0.2844722965
        },
        "meters" : {
          "estimated_diameter_min" : 127.2198785394,
          "estimated_diameter_max" : 284.4722965033
        },
        "miles" : {
          "estimated_diameter_min" : 0.0790507431,
          "estimated_diameter_max" : 0.1767628354
        },
        "feet" : {
          "estimated_diameter_min" : 417.3880663071,
          "estimated_diameter_max" : 933.3080892598
        }
      },
      "is_potentially_hazardous_asteroid" : false,
      "close_approach_data" : [ {
        "close_approach_date" : "1999-03-15",
        "epoch_date_close_approach" : 921484800000,
        "relative_velocity" : {
          "kilometers_per_second" : "13.2743461804",
          "kilometers_per_hour" : "47787.6462493496",
          "miles_per_hour" : "29693.3849708806"
        },
        "miss_distance" : {
          "astronomical" : "0.3688952251",
          "lunar" : "143.5002441406",
          "kilometers" : "55185940",
          "miles" : "34290956"
        },
        "orbiting_body" : "Earth"
      } ],
      "orbital_data" : {
        "orbit_id" : "20",
        "orbit_determination_date" : "2017-04-06 08:34:45",
        "orbit_uncertainty" : "2",
        "minimum_orbit_intersection" : ".0739314",
        "jupiter_tisserand_invariant" : "6.717",
        "epoch_osculation" : "2458000.5",
        "eccentricity" : ".5839635016230232",
        "semi_major_axis" : ".8584041172744986",
        "inclination" : "6.23682811936334",
        "ascending_node_longitude" : "98.66424561177402",
        "orbital_period" : "290.4932964735239",
        "perihelion_distance" : ".3571274431432621",
        "perihelion_argument" : "267.4217186036644",
        "aphelion_distance" : "1.359680791405735",
        "perihelion_time" : "2458099.656251143364",
        "mean_anomaly" : "237.1185055044304",
        "mean_motion" : "1.239271282230126",
        "equinox" : "J2000"
      }
    }, {
      "links" : {
        "self" : "https://api.nasa.gov/neo/rest/v1/neo/2472263?api_key=t0TVs3DtDT2H8Oy2Zy8m2eVrNsAVKAexjcZXUckd"
      },
      "neo_reference_id" : "2472263",
      "name" : "472263 (2014 RP12)",
      "nasa_jpl_url" : "http://ssd.jpl.nasa.gov/sbdb.cgi?sstr=2472263",
      "absolute_magnitude_h" : 18.2,
      "estimated_diameter" : {
        "kilometers" : {
          "estimated_diameter_min" : 0.6089126221,
          "estimated_diameter_max" : 1.3615700154
        },
        "meters" : {
          "estimated_diameter_min" : 608.9126221057,
          "estimated_diameter_max" : 1361.5700153859
        },
        "miles" : {
          "estimated_diameter_min" : 0.3783606449,
          "estimated_diameter_max" : 0.846040122
        },
        "feet" : {
          "estimated_diameter_min" : 1997.7448871092,
          "estimated_diameter_max" : 4467.0933692788
        }
      },
      "is_potentially_hazardous_asteroid" : false,
      "close_approach_data" : [ {
        "close_approach_date" : "1999-03-15",
        "epoch_date_close_approach" : 921484800000,
        "relative_velocity" : {
          "kilometers_per_second" : "17.785966775",
          "kilometers_per_hour" : "64029.4803899384",
          "miles_per_hour" : "39785.4290789592"
        },
        "miss_distance" : {
          "astronomical" : "0.4625701794",
          "lunar" : "179.9398040771",
          "kilometers" : "69199520",
          "miles" : "42998584"
        },
        "orbiting_body" : "Earth"
      } ],
      "orbital_data" : {
        "orbit_id" : "24",
        "orbit_determination_date" : "2017-04-06 09:19:10",
        "orbit_uncertainty" : "2",
        "minimum_orbit_intersection" : ".0934943",
        "jupiter_tisserand_invariant" : "5.748",
        "epoch_osculation" : "2458000.5",
        "eccentricity" : ".4863991752591296",
        "semi_major_axis" : "1.036508249249314",
        "inclination" : "21.09093450411412",
        "ascending_node_longitude" : "38.81547097183658",
        "orbital_period" : "385.4406998052114",
        "perihelion_distance" : ".5323514916651633",
        "perihelion_argument" : "96.47653025241014",
        "aphelion_distance" : "1.540665006833465",
        "perihelion_time" : "2458174.283856922387",
        "mean_anomaly" : "197.6866051673418",
        "mean_motion" : ".9339958135763341",
        "equinox" : "J2000"
      }
    }, {
      "links" : {
        "self" : "https://api.nasa.gov/neo/rest/v1/neo/3741145?api_key=t0TVs3DtDT2H8Oy2Zy8m2eVrNsAVKAexjcZXUckd"
      },
      "neo_reference_id" : "3741145",
      "name" : "(2016 BV39)",
      "nasa_jpl_url" : "http://ssd.jpl.nasa.gov/sbdb.cgi?sstr=3741145",
      "absolute_magnitude_h" : 21.8,
      "estimated_diameter" : {
        "kilometers" : {
          "estimated_diameter_min" : 0.1160259082,
          "estimated_diameter_max" : 0.2594418179
        },
        "meters" : {
          "estimated_diameter_min" : 116.0259082094,
          "estimated_diameter_max" : 259.4418179074
        },
        "miles" : {
          "estimated_diameter_min" : 0.0720951346,
          "estimated_diameter_max" : 0.1612096218
        },
        "feet" : {
          "estimated_diameter_min" : 380.6624406898,
          "estimated_diameter_max" : 851.1870938635
        }
      },
      "is_potentially_hazardous_asteroid" : false,
      "close_approach_data" : [ {
        "close_approach_date" : "1999-03-15",
        "epoch_date_close_approach" : 921484800000,
        "relative_velocity" : {
          "kilometers_per_second" : "12.062484301",
          "kilometers_per_hour" : "43424.9434837681",
          "miles_per_hour" : "26982.5711330114"
        },
        "miss_distance" : {
          "astronomical" : "0.3419123097",
          "lunar" : "133.0038909912",
          "kilometers" : "51149352",
          "miles" : "31782734"
        },
        "orbiting_body" : "Earth"
      } ],
      "orbital_data" : {
        "orbit_id" : "26",
        "orbit_determination_date" : "2017-04-06 08:28:49",
        "orbit_uncertainty" : "2",
        "minimum_orbit_intersection" : ".13962",
        "jupiter_tisserand_invariant" : "6.150",
        "epoch_osculation" : "2458000.5",
        "eccentricity" : ".3060047966535835",
        "semi_major_axis" : ".9655797236502663",
        "inclination" : "21.78974757806855",
        "ascending_node_longitude" : "333.3492604848101",
        "orbital_period" : "346.561753958903",
        "perihelion_distance" : ".6701076966618432",
        "perihelion_argument" : "36.04935286764444",
        "aphelion_distance" : "1.261051750638689",
        "perihelion_time" : "2458024.918625477644",
        "mean_anomaly" : "334.6345201929167",
        "mean_motion" : "1.038775906133862",
        "equinox" : "J2000"
      }
    } ]
  }
}