{
  "links" : {
    "next" : "https://api.nasa.gov/neo/rest/v1/feed?start_date=2000-04-16&end_date=2000-04-16&detailed=true&api_key=t0TVs3DtDT2H8Oy2Zy8m2eVrNsAVKAexjcZXUckd",
    "prev" : "https://api.nasa.gov/neo/rest/v1/feed?start_date=2000-04-14&end_date=2000-04-14&detailed=true&api_key=t0TVs3DtDT2H8Oy2Zy8m2eVrNsAVKAexjcZXUckd",
    "self" : "https://api.nasa.gov/neo/rest/v1/feed?start_date=2000-04-15&end_date=2000-04-15&detailed=true&api_key=t0TVs3DtDT2H8Oy2Zy8m2eVrNsAVKAexjcZXUckd"
  },
  "element_count" : 6,
  "near_earth_objects" : {
    "2000-04-15" : [ {
      "links" : {
        "self" : "https://api.nasa.gov/neo/rest/v1/neo/2423321?api_key=t0TVs3DtDT2H8Oy2Zy8m2eVrNsAVKAexjcZXUckd"
      },
      "neo_reference_id" : "2423321",
      "name" : "423321 (2005 ED318)",
      "nasa_jpl_url" : "http://ssd.jpl.nasa.gov/sbdb.cgi?sstr=2423321",
      "absolute_magnitude_h" : 20.8,
      "estimated_diameter" : {
        "kilometers" : {
          "estimated_diameter_min" : 0.1838886721,
          "estimated_diameter_max" : 0.411187571
        },
        "meters" : {
          "estimated_diameter_min" : 183.8886720703,
          "estimated_diameter_max" : 411.1875710413
        },
        "miles" : {
          "estimated_diameter_min" : 0.1142630881,
          "estimated_diameter_max" : 0.2555000322
        },
        "feet" : {
          "estimated_diameter_min" : 603.309310875,
          "estimated_diameter_max" : 1349.040630575
        }
      },
      "is_potentially_hazardous_asteroid" : true,
      "close_approach_data" : [ {
        "close_approach_date" : "2000-04-15",
        "epoch_date_close_approach" : 955782000000,
        "relative_velocity" : {
          "kilometers_per_second" : "12.4013832077",
          "kilometers_per_hour" : "44644.9795477387",
          "miles_per_hour" : "27740.6540973158"
        },
        "miss_distance" : {
          "astronomical" : "0.196784419",
          "lunar" : "76.5491409302",
          "kilometers" : "29438530",
          "miles" : "18292254"
        },
        "orbiting_body" : "Earth"
      } ],
      "orbital_data" : {
        "orbit_id" : "67",
        "orbit_determination_date" : "2017-04-06 09:21:05",
        "orbit_uncertainty" : "0",
        "minimum_orbit_intersection" : ".00933635",
        "jupiter_tisserand_invariant" : "3.877",
        "epoch_osculation" : "2458000.5",
        "eccentricity" : ".4495699910846291",
        "semi_major_axis" : "1.849888247304118",
        "inclination" : "2.389730685198666",
        "ascending_node_longitude" : "82.06785020752748",
        "orbital_period" : "919.0024448092834",
        "perihelion_distance" : "1.018234004456045",
        "perihelion_argument" : "164.1790487610125",
        "aphelion_distance" : "2.68154249015219",
        "perihelion_time" : "2458108.625170981775",
        "mean_anomaly" : "317.6442241549022",
        "mean_motion" : ".3917290993439188",
        "equinox" : "J2000"
      }
    }, {
      "links" : {
        "self" : "https://api.nasa.gov/neo/rest/v1/neo/3036336?api_key=t0TVs3DtDT2H8Oy2Zy8m2eVrNsAVKAexjcZXUckd"
      },
      "neo_reference_id" : "3036336",
      "name" : "(2000 GV127)",
      "nasa_jpl_url" : "http://ssd.jpl.nasa.gov/sbdb.cgi?sstr=3036336",
      "absolute_magnitude_h" : 19.2,
      "estimated_diameter" : {
        "kilometers" : {
          "estimated_diameter_min" : 0.3841978911,
          "estimated_diameter_max" : 0.8590926012
        },
        "meters" : {
          "estimated_diameter_min" : 384.1978910643,
          "estimated_diameter_max" : 859.0926012318
        },
        "miles" : {
          "estimated_diameter_min" : 0.2387294278,
          "estimated_diameter_max" : 0.5338152287
        },
        "feet" : {
          "estimated_diameter_min" : 1260.4918089193,
          "estimated_diameter_max" : 2818.5453698252
        }
      },
      "is_potentially_hazardous_asteroid" : false,
      "close_approach_data" : [ {
        "close_approach_date" : "2000-04-15",
        "epoch_date_close_approach" : 955782000000,
        "relative_velocity" : {
          "kilometers_per_second" : "12.6674790251",
          "kilometers_per_hour" : "45602.9244903524",
          "miles_per_hour" : "28335.8838312415"
        },
        "miss_distance" : {
          "astronomical" : "0.1074253574",
          "lunar" : "41.7884635925",
          "kilometers" : "16070604",
          "miles" : "9985811"
        },
        "orbiting_body" : "Earth"
      } ],
      "orbital_data" : {
        "orbit_id" : "11",
        "orbit_determination_date" : "2017-04-06 09:17:03",
        "orbit_uncertainty" : "5",
        "minimum_orbit_intersection" : ".0957635",
        "jupiter_tisserand_invariant" : "2.939",
        "epoch_osculation" : "2458000.5",
        "eccentricity" : ".6150147294658461",
        "semi_major_axis" : "2.845282157232265",
        "inclination" : "17.87023564725901",
        "ascending_node_longitude" : "197.1313603176033",
        "orbital_period" : "1753.018250416131",
        "perihelion_distance" : "1.095391721048064",
        "perihelion_argument" : "2.565743486089644",
        "aphelion_distance" : "4.595172593416465",
        "perihelion_time" : "2458611.472377287302",
        "mean_anomaly" : "234.530652620863",
        "mean_motion" : ".2053600981704231",
        "equinox" : "J2000"
      }
    }, {
      "links" : {
        "self" : "https://api.nasa.gov/neo/rest/v1/neo/3471976?api_key=t0TVs3DtDT2H8Oy2Zy8m2eVrNsAVKAexjcZXUckd"
      },
      "neo_reference_id" : "3471976",
      "name" : "(2009 TD17)",
      "nasa_jpl_url" : "http://ssd.jpl.nasa.gov/sbdb.cgi?sstr=3471976",
      "absolute_magnitude_h" : 27.7,
      "estimated_diameter" : {
        "kilometers" : {
          "estimated_diameter_min" : 0.0076657557,
          "estimated_diameter_max" : 0.0171411509
        },
        "meters" : {
          "estimated_diameter_min" : 7.6657557353,
          "estimated_diameter_max" : 17.1411509231
        },
        "miles" : {
          "estimated_diameter_min" : 0.0047632783,
          "estimated_diameter_max" : 0.0106510141
        },
        "feet" : {
          "estimated_diameter_min" : 25.1501180466,
          "estimated_diameter_max" : 56.2373735944
        }
      },
      "is_potentially_hazardous_asteroid" : false,
      "close_approach_data" : [ {
        "close_approach_date" : "2000-04-15",
        "epoch_date_close_approach" : 955782000000,
        "relative_velocity" : {
          "kilometers_per_second" : "10.6986739106",
          "kilometers_per_hour" : "38515.2260780952",
          "miles_per_hour" : "23931.8636705809"
        },
        "miss_distance" : {
          "astronomical" : "0.139834234",
          "lunar" : "54.3955192566",
          "kilometers" : "20918904",
          "miles" : "12998405"
        },
        "orbiting_body" : "Earth"
      } ],
      "orbital_data" : {
        "orbit_id" : "6",
        "orbit_determination_date" : "2017-04-06 08:59:36",
        "orbit_uncertainty" : "7",
        "minimum_orbit_intersection" : ".000237267",
        "jupiter_tisserand_invariant" : "5.526",
        "epoch_osculation" : "2458000.5",
        "eccentricity" : ".2200000019715874",
        "semi_major_axis" : "1.126798091359249",
        "inclination" : ".07846879720065604",
        "ascending_node_longitude" : "217.9966609025289",
        "orbital_period" : "436.8854496469854",
        "perihelion_distance" : ".8789025090386334",
        "perihelion_argument" : "83.1436168892526",
        "aphelion_distance" : "1.374693673679865",
        "perihelion_time" : "2458110.531389314449",
        "mean_anomaly" : "269.3325259854533",
        "mean_motion" : ".8240146250942648",
        "equinox" : "J2000"
      }
    }, {
      "links" : {
        "self" : "https://api.nasa.gov/neo/rest/v1/neo/3653922?api_key=t0TVs3DtDT2H8Oy2Zy8m2eVrNsAVKAexjcZXUckd"
      },
      "neo_reference_id" : "3653922",
      "name" : "(2013 WW44)",
      "nasa_jpl_url" : "http://ssd.jpl.nasa.gov/sbdb.cgi?sstr=3653922",
      "absolute_magnitude_h" : 20.4,
      "estimated_diameter" : {
        "kilometers" : {
          "estimated_diameter_min" : 0.2210828104,
          "estimated_diameter_max" : 0.4943561926
        },
        "meters" : {
          "estimated_diameter_min" : 221.0828103591,
          "estimated_diameter_max" : 494.3561926196
        },
        "miles" : {
          "estimated_diameter_min" : 0.137374447,
          "estimated_diameter_max" : 0.3071786018
        },
        "feet" : {
          "estimated_diameter_min" : 725.3373275385,
          "estimated_diameter_max" : 1621.9035709942
        }
      },
      "is_potentially_hazardous_asteroid" : false,
      "close_approach_data" : [ {
        "close_approach_date" : "2000-04-15",
        "epoch_date_close_approach" : 955782000000,
        "relative_velocity" : {
          "kilometers_per_second" : "17.5829909805",
          "kilometers_per_hour" : "63298.7675297881",
          "miles_per_hour" : "39331.3925242731"
        },
        "miss_distance" : {
          "astronomical" : "0.3770736512",
          "lunar" : "146.681640625",
          "kilometers" : "56409416",
          "miles" : "35051184"
        },
        "orbiting_body" : "Earth"
      } ],
      "orbital_data" : {
        "orbit_id" : "22",
        "orbit_determination_date" : "2017-04-06 08:43:30",
        "orbit_uncertainty" : "2",
        "minimum_orbit_intersection" : ".298033",
        "jupiter_tisserand_invariant" : "5.693",
        "epoch_osculation" : "2458000.5",
        "eccentricity" : ".3231490747897462",
        "semi_major_axis" : "1.056490693975326",
        "inclination" : "25.74681061935532",
        "ascending_node_longitude" : "71.54460309364013",
        "orbital_period" : "396.6403939737443",
        "perihelion_distance" : ".7150867036932226",
        "perihelion_argument" : "176.2300661551222",
        "aphelion_distance" : "1.39789468425743",
        "perihelion_time" : "2458013.985377306413",
        "mean_anomaly" : "347.7603594992649",
        "mean_motion" : ".9076231404303976",
        "equinox" : "J2000"
      }
    }, {
      "links" : {
        "self" : "https://api.nasa.gov/neo/rest/v1/neo/3714121?api_key=t0TVs3DtDT2H8Oy2Zy8m2eVrNsAVKAexjcZXUckd"
      },
      "neo_reference_id" : "3714121",
      "name" : "(2015 FE36)",
      "nasa_jpl_url" : "http://ssd.jpl.nasa.gov/sbdb.cgi?sstr=3714121",
      "absolute_magnitude_h" : 23.1,
      "estimated_diameter" : {
        "kilometers" : {
          "estimated_diameter_min" : 0.063760979,
          "estimated_diameter_max" : 0.1425738833
        },
        "meters" : {
          "estimated_diameter_min" : 63.7609789875,
          "estimated_diameter_max" : 142.5738833281
        },
        "miles" : {
          "estimated_diameter_min" : 0.0396192233,
          "estimated_diameter_max" : 0.0885912765
        },
        "feet" : {
          "estimated_diameter_min" : 209.1895703015,
          "estimated_diameter_max" : 467.7620993781
        }
      },
      "is_potentially_hazardous_asteroid" : false,
      "close_approach_data" : [ {
        "close_approach_date" : "2000-04-15",
        "epoch_date_close_approach" : 955782000000,
        "relative_velocity" : {
          "kilometers_per_second" : "16.5166583079",
          "kilometers_per_hour" : "59459.9699083183",
          "miles_per_hour" : "36946.1129688659"
        },
        "miss_distance" : {
          "astronomical" : "0.4524541923",
          "lunar" : "176.0046691895",
          "kilometers" : "67686184",
          "miles" : "42058244"
        },
        "orbiting_body" : "Earth"
      } ],
      "orbital_data" : {
        "orbit_id" : "13",
        "orbit_determination_date" : "2017-04-06 08:34:52",
        "orbit_uncertainty" : "6",
        "minimum_orbit_intersection" : ".156829",
        "jupiter_tisserand_invariant" : "5.338",
        "epoch_osculation" : "2458000.5",
        "eccentricity" : ".0583533889101139",
        "semi_major_axis" : "1.164349710157903",
        "inclination" : "23.0910320432077",
        "ascending_node_longitude" : "11.90106025147083",
        "orbital_period" : "458.9058415312469",
        "perihelion_distance" : "1.096405958693681",
        "perihelion_argument" : "267.900016431141",
        "aphelion_distance" : "1.232293461622126",
        "perihelion_time" : "2458133.985469518322",
        "mean_anomaly" : "255.2840328502903",
        "mean_motion" : ".784474651267841",
        "equinox" : "J2000"
      }
    }, {
      "links" : {
        "self" : "https://api.nasa.gov/neo/rest/v1/neo/3729136?api_key=t0TVs3DtDT2H8Oy2Zy8m2eVrNsAVKAexjcZXUckd"
      },
      "neo_reference_id" : "3729136",
      "name" : "(2015 TN21)",
      "nasa_jpl_url" : "http://ssd.jpl.nasa.gov/sbdb.cgi?sstr=3729136",
      "absolute_magnitude_h" : 27.2,
      "estimated_diameter" : {
        "kilometers" : {
          "estimated_diameter_min" : 0.0096506147,
          "estimated_diameter_max" : 0.0215794305
        },
        "meters" : {
          "estimated_diameter_min" : 9.6506146958,
          "estimated_diameter_max" : 21.5794304844
        },
        "miles" : {
          "estimated_diameter_min" : 0.0059966121,
          "estimated_diameter_max" : 0.0134088323
        },
        "feet" : {
          "estimated_diameter_min" : 31.6621227185,
          "estimated_diameter_max" : 70.7986587106
        }
      },
      "is_potentially_hazardous_asteroid" : false,
      "close_approach_data" : [ {
        "close_approach_date" : "2000-04-15",
        "epoch_date_close_approach" : 955782000000,
        "relative_velocity" : {
          "kilometers_per_second" : "27.0966857203",
          "kilometers_per_hour" : "97548.0685929835",
          "miles_per_hour" : "60612.5762876791"
        },
        "miss_distance" : {
          "astronomical" : "0.4775112665",
          "lunar" : "185.7518768311",
          "kilometers" : "71434664",
          "miles" : "44387444"
        },
        "orbiting_body" : "Earth"
      } ],
      "orbital_data" : {
        "orbit_id" : "6",
        "orbit_determination_date" : "2017-04-06 08:31:34",
        "orbit_uncertainty" : "7",
        "minimum_orbit_intersection" : ".00259733",
        "jupiter_tisserand_invariant" : "4.768",
        "epoch_osculation" : "2458000.5",
        "eccentricity" : ".4621577921881261",
        "semi_major_axis" : "1.345539441158408",
        "inclination" : "2.226025127914395",
        "ascending_node_longitude" : "13.63848953782557",
        "orbital_period" : "570.0895440127298",
        "perihelion_distance" : ".7236879037305929",
        "perihelion_argument" : "86.3871505204099",
        "aphelion_distance" : "1.967390978586222",
        "perihelion_time" : "2457930.537596622009",
        "mean_anomaly" : "44.17984065940738",
        "mean_motion" : ".6314797452099233",
        "equinox" : "J2000"
      }
    } ]
  }
}