{
  "links" : {
    "next" : "https://api.nasa.gov/neo/rest/v1/feed?start_date=1995-08-16&end_date=1995-08-16&detailed=true&api_key=t0TVs3DtDT2H8Oy2Zy8m2eVrNsAVKAexjcZXUckd",
    "prev" : "https://api.nasa.gov/neo/rest/v1/feed?start_date=1995-08-14&end_date=1995-08-14&detailed=true&api_key=t0TVs3DtDT2H8Oy2Zy8m2eVrNsAVKAexjcZXUckd",
    "self" : "https://api.nasa.gov/neo/rest/v1/feed?start_date=1995-08-15&end_date=1995-08-15&detailed=true&api_key=t0TVs3DtDT2H8Oy2Zy8m2eVrNsAVKAexjcZXUckd"
  },
  "element_count" : 5,
  "near_earth_objects" : {
    "1995-08-15" : [ {
      "links" : {
        "self" : "https://api.nasa.gov/neo/rest/v1/neo/2365449?api_key=t0TVs3DtDT2H8Oy2Zy8m2eVrNsAVKAexjcZXUckd"
      },
      "neo_reference_id" : "2365449",
      "name" : "365449 (2010 NJ1)",
      "nasa_jpl_url" : "http://ssd.jpl.nasa.gov/sbdb.cgi?sstr=2365449",
      "absolute_magnitude_h" : 20.5,
      "estimated_diameter" : {
        "kilometers" : {
          "estimated_diameter_min" : 0.2111324448,
          "estimated_diameter_max" : 0.4721064988
        },
        "meters" : {
          "estimated_diameter_min" : 211.1324447897,
          "estimated_diameter_max" : 472.1064988055
        },
        "miles" : {
          "estimated_diameter_min" : 0.1311915784,
          "estimated_diameter_max" : 0.2933532873
        },
        "feet" : {
          "estimated_diameter_min" : 692.6917701639,
          "estimated_diameter_max" : 1548.9058855411
        }
      },
      "is_potentially_hazardous_asteroid" : false,
      "close_approach_data" : [ {
        "close_approach_date" : "1995-08-15",
        "epoch_date_close_approach" : 808470000000,
        "relative_velocity" : {
          "kilometers_per_second" : "13.2016603762",
          "kilometers_per_hour" : "47525.9773541872",
          "miles_per_hour" : "29530.7940954392"
        },
        "miss_distance" : {
          "astronomical" : "0.4471106486",
          "lunar" : "173.9260406494",
          "kilometers" : "66886804",
          "miles" : "41561532"
        },
        "orbiting_body" : "Earth"
      } ],
      "orbital_data" : {
        "orbit_id" : "57",
        "orbit_determination_date" : "2017-07-28 06:19:26",
        "orbit_uncertainty" : "1",
        "minimum_orbit_intersection" : ".154706",
        "jupiter_tisserand_invariant" : "6.085",
        "epoch_osculation" : "2458000.5",
        "eccentricity" : ".5405178023526714",
        "semi_major_axis" : ".968377581781579",
        "inclination" : "11.22419547692227",
        "ascending_node_longitude" : "128.2836974696954",
        "orbital_period" : "348.0691375405533",
        "perihelion_distance" : ".4449522594294055",
        "perihelion_argument" : "358.5166597457216",
        "aphelion_distance" : "1.491802904133752",
        "perihelion_time" : "2458091.374780160312",
        "mean_anomaly" : "266.010279771211",
        "mean_motion" : "1.034277277622917",
        "equinox" : "J2000"
      }
    }, {
      "links" : {
        "self" : "https://api.nasa.gov/neo/rest/v1/neo/3410474?api_key=t0TVs3DtDT2H8Oy2Zy8m2eVrNsAVKAexjcZXUckd"
      },
      "neo_reference_id" : "3410474",
      "name" : "(2008 JM20)",
      "nasa_jpl_url" : "http://ssd.jpl.nasa.gov/sbdb.cgi?sstr=3410474",
      "absolute_magnitude_h" : 21.0,
      "estimated_diameter" : {
        "kilometers" : {
          "estimated_diameter_min" : 0.1677084622,
          "estimated_diameter_max" : 0.3750075218
        },
        "meters" : {
          "estimated_diameter_min" : 167.7084621628,
          "estimated_diameter_max" : 375.0075217981
        },
        "miles" : {
          "estimated_diameter_min" : 0.1042091748,
          "estimated_diameter_max" : 0.2330187988
        },
        "feet" : {
          "estimated_diameter_min" : 550.2246310023,
          "estimated_diameter_max" : 1230.3396778159
        }
      },
      "is_potentially_hazardous_asteroid" : false,
      "close_approach_data" : [ {
        "close_approach_date" : "1995-08-15",
        "epoch_date_close_approach" : 808470000000,
        "relative_velocity" : {
          "kilometers_per_second" : "24.3675548124",
          "kilometers_per_hour" : "87723.1973247196",
          "miles_per_hour" : "54507.783359907"
        },
        "miss_distance" : {
          "astronomical" : "0.4305940289",
          "lunar" : "167.501083374",
          "kilometers" : "64415952",
          "miles" : "40026216"
        },
        "orbiting_body" : "Earth"
      } ],
      "orbital_data" : {
        "orbit_id" : "17",
        "orbit_determination_date" : "2017-04-06 09:03:27",
        "orbit_uncertainty" : "2",
        "minimum_orbit_intersection" : ".164167",
        "jupiter_tisserand_invariant" : "5.751",
        "epoch_osculation" : "2458000.5",
        "eccentricity" : ".5920637249101245",
        "semi_major_axis" : "1.02204832684398",
        "inclination" : "22.48814425873502",
        "ascending_node_longitude" : "64.94457277444644",
        "orbital_period" : "377.4031965581878",
        "perihelion_distance" : ".416930587414573",
        "perihelion_argument" : "27.71113556351528",
        "aphelion_distance" : "1.627166066273388",
        "perihelion_time" : "2457920.959881068913",
        "mean_anomaly" : "75.87228480396955",
        "mean_motion" : ".9538869921693824",
        "equinox" : "J2000"
      }
    }, {
      "links" : {
        "self" : "https://api.nasa.gov/neo/rest/v1/neo/3426239?api_key=t0TVs3DtDT2H8Oy2Zy8m2eVrNsAVKAexjcZXUckd"
      },
      "neo_reference_id" : "3426239",
      "name" : "(2008 QU3)",
      "nasa_jpl_url" : "http://ssd.jpl.nasa.gov/sbdb.cgi?sstr=3426239",
      "absolute_magnitude_h" : 20.5,
      "estimated_diameter" : {
        "kilometers" : {
          "estimated_diameter_min" : 0.2111324448,
          "estimated_diameter_max" : 0.4721064988
        },
        "meters" : {
          "estimated_diameter_min" : 211.1324447897,
          "estimated_diameter_max" : 472.1064988055
        },
        "miles" : {
          "estimated_diameter_min" : 0.1311915784,
          "estimated_diameter_max" : 0.2933532873
        },
        "feet" : {
          "estimated_diameter_min" : 692.6917701639,
          "estimated_diameter_max" : 1548.9058855411
        }
      },
      "is_potentially_hazardous_asteroid" : false,
      "close_approach_data" : [ {
        "close_approach_date" : "1995-08-15",
        "epoch_date_close_approach" : 808470000000,
        "relative_velocity" : {
          "kilometers_per_second" : "14.2479431871",
          "kilometers_per_hour" : "51292.5954735017",
          "miles_per_hour" : "31871.2241151878"
        },
        "miss_distance" : {
          "astronomical" : "0.2004270484",
          "lunar" : "77.9661254883",
          "kilometers" : "29983460",
          "miles" : "18630858"
        },
        "orbiting_body" : "Earth"
      } ],
      "orbital_data" : {
        "orbit_id" : "19",
        "orbit_determination_date" : "2017-04-06 09:03:04",
        "orbit_uncertainty" : "2",
        "minimum_orbit_intersection" : ".0640277",
        "jupiter_tisserand_invariant" : "6.754",
        "epoch_osculation" : "2458000.5",
        "eccentricity" : ".247892802415425",
        "semi_major_axis" : ".8692400532428961",
        "inclination" : "14.07363263320681",
        "ascending_node_longitude" : "303.619451429382",
        "orbital_period" : "296.0111168140606",
        "perihelion_distance" : ".6537617004727814",
        "perihelion_argument" : "241.2457181552933",
        "aphelion_distance" : "1.084718406013011",
        "perihelion_time" : "2457852.556714143850",
        "mean_anomaly" : "179.9242659581224",
        "mean_motion" : "1.216170540737272",
        "equinox" : "J2000"
      }
    }, {
      "links" : {
        "self" : "https://api.nasa.gov/neo/rest/v1/neo/3623682?api_key=t0TVs3DtDT2H8Oy2Zy8m2eVrNsAVKAexjcZXUckd"
      },
      "neo_reference_id" : "3623682",
      "name" : "(2013 AF53)",
      "nasa_jpl_url" : "http://ssd.jpl.nasa.gov/sbdb.cgi?sstr=3623682",
      "absolute_magnitude_h" : 26.5,
      "estimated_diameter" : {
        "kilometers" : {
          "estimated_diameter_min" : 0.0133215567,
          "estimated_diameter_max" : 0.0297879063
        },
        "meters" : {
          "estimated_diameter_min" : 13.3215566698,
          "estimated_diameter_max" : 29.7879062798
        },
        "miles" : {
          "estimated_diameter_min" : 0.008277629,
          "estimated_diameter_max" : 0.0185093411
        },
        "feet" : {
          "estimated_diameter_min" : 43.7058959846,
          "estimated_diameter_max" : 97.7293544391
        }
      },
      "is_potentially_hazardous_asteroid" : false,
      "close_approach_data" : [ {
        "close_approach_date" : "1995-08-15",
        "epoch_date_close_approach" : 808470000000,
        "relative_velocity" : {
          "kilometers_per_second" : "15.4970037958",
          "kilometers_per_hour" : "55789.2136648847",
          "miles_per_hour" : "34665.2477908279"
        },
        "miss_distance" : {
          "astronomical" : "0.2905427237",
          "lunar" : "113.0211181641",
          "kilometers" : "43464572",
          "miles" : "27007634"
        },
        "orbiting_body" : "Earth"
      } ],
      "orbital_data" : {
        "orbit_id" : "7",
        "orbit_determination_date" : "2017-04-06 08:47:19",
        "orbit_uncertainty" : "7",
        "minimum_orbit_intersection" : ".0200872",
        "jupiter_tisserand_invariant" : "6.076",
        "epoch_osculation" : "2458000.5",
        "eccentricity" : ".1944668036041747",
        "semi_major_axis" : ".9928418174587027",
        "inclination" : "12.93289524955619",
        "ascending_node_longitude" : "107.308006136735",
        "orbital_period" : "361.342061746365",
        "perihelion_distance" : ".7997670427329493",
        "perihelion_argument" : "105.9025698631637",
        "aphelion_distance" : "1.185916592184456",
        "perihelion_time" : "2457830.558526909266",
        "mean_anomaly" : "169.3102929035901",
        "mean_motion" : ".9962858966933469",
        "equinox" : "J2000"
      }
    }, {
      "links" : {
        "self" : "https://api.nasa.gov/neo/rest/v1/neo/3724948?api_key=t0TVs3DtDT2H8Oy2Zy8m2eVrNsAVKAexjcZXUckd"
      },
      "neo_reference_id" : "3724948",
      "name" : "(2015 PD)",
      "nasa_jpl_url" : "http://ssd.jpl.nasa.gov/sbdb.cgi?sstr=3724948",
      "absolute_magnitude_h" : 19.2,
      "estimated_diameter" : {
        "kilometers" : {
          "estimated_diameter_min" : 0.3841978911,
          "estimated_diameter_max" : 0.8590926012
        },
        "meters" : {
          "estimated_diameter_min" : 384.1978910643,
          "estimated_diameter_max" : 859.0926012318
        },
        "miles" : {
          "estimated_diameter_min" : 0.2387294278,
          "estimated_diameter_max" : 0.5338152287
        },
        "feet" : {
          "estimated_diameter_min" : 1260.4918089193,
          "estimated_diameter_max" : 2818.5453698252
        }
      },
      "is_potentially_hazardous_asteroid" : false,
      "close_approach_data" : [ {
        "close_approach_date" : "1995-08-15",
        "epoch_date_close_approach" : 808470000000,
        "relative_velocity" : {
          "kilometers_per_second" : "19.8851596295",
          "kilometers_per_hour" : "71586.5746661539",
          "miles_per_hour" : "44481.1135751999"
        },
        "miss_distance" : {
          "astronomical" : "0.2243627035",
          "lunar" : "87.27709198",
          "kilometers" : "33564184",
          "miles" : "20855816"
        },
        "orbiting_body" : "Earth"
      } ],
      "orbital_data" : {
        "orbit_id" : "39",
        "orbit_determination_date" : "2017-04-06 08:32:36",
        "orbit_uncertainty" : "2",
        "minimum_orbit_intersection" : ".180276",
        "jupiter_tisserand_invariant" : "3.715",
        "epoch_osculation" : "2458000.5",
        "eccentricity" : ".6364788257474345",
        "semi_major_axis" : "1.847854685254643",
        "inclination" : "12.09591999913569",
        "ascending_node_longitude" : "242.8083220263312",
        "orbital_period" : "917.4874872415662",
        "perihelion_distance" : ".6717343050318725",
        "perihelion_argument" : "165.6231304285062",
        "aphelion_distance" : "3.023975065477413",
        "perihelion_time" : "2458249.852021867363",
        "mean_anomaly" : "262.1602701720379",
        "mean_motion" : ".3923759233843537",
        "equinox" : "J2000"
      }
    } ]
  }
}