{
  "links" : {
    "next" : "https://api.nasa.gov/neo/rest/v1/feed?start_date=2002-01-09&end_date=2002-01-09&detailed=true&api_key=t0TVs3DtDT2H8Oy2Zy8m2eVrNsAVKAexjcZXUckd",
    "prev" : "https://api.nasa.gov/neo/rest/v1/feed?start_date=2002-01-07&end_date=2002-01-07&detailed=true&api_key=t0TVs3DtDT2H8Oy2Zy8m2eVrNsAVKAexjcZXUckd",
    "self" : "https://api.nasa.gov/neo/rest/v1/feed?start_date=2002-01-08&end_date=2002-01-08&detailed=true&api_key=t0TVs3DtDT2H8Oy2Zy8m2eVrNsAVKAexjcZXUckd"
  },
  "element_count" : 6,
  "near_earth_objects" : {
    "2002-01-08" : [ {
      "links" : {
        "self" : "https://api.nasa.gov/neo/rest/v1/neo/3063789?api_key=t0TVs3DtDT2H8Oy2Zy8m2eVrNsAVKAexjcZXUckd"
      },
      "neo_reference_id" : "3063789",
      "name" : "(2000 UR16)",
      "nasa_jpl_url" : "http://ssd.jpl.nasa.gov/sbdb.cgi?sstr=3063789",
      "absolute_magnitude_h" : 23.9,
      "estimated_diameter" : {
        "kilometers" : {
          "estimated_diameter_min" : 0.04411182,
          "estimated_diameter_max" : 0.0986370281
        },
        "meters" : {
          "estimated_diameter_min" : 44.1118199997,
          "estimated_diameter_max" : 98.6370281305
        },
        "miles" : {
          "estimated_diameter_min" : 0.0274098057,
          "estimated_diameter_max" : 0.0612901888
        },
        "feet" : {
          "estimated_diameter_min" : 144.7238235278,
          "estimated_diameter_max" : 323.6123073718
        }
      },
      "is_potentially_hazardous_asteroid" : false,
      "close_approach_data" : [ {
        "close_approach_date" : "2002-01-08",
        "epoch_date_close_approach" : 1010476800000,
        "relative_velocity" : {
          "kilometers_per_second" : "10.270861383",
          "kilometers_per_hour" : "36975.1009787464",
          "miles_per_hour" : "22974.8898275994"
        },
        "miss_distance" : {
          "astronomical" : "0.3387619005",
          "lunar" : "131.7783813477",
          "kilometers" : "50678060",
          "miles" : "31489886"
        },
        "orbiting_body" : "Earth"
      } ],
      "orbital_data" : {
        "orbit_id" : "11",
        "orbit_determination_date" : "2017-04-06 09:16:44",
        "orbit_uncertainty" : "6",
        "minimum_orbit_intersection" : ".0129264",
        "jupiter_tisserand_invariant" : "6.487",
        "epoch_osculation" : "2458000.5",
        "eccentricity" : ".4387000449195672",
        "semi_major_axis" : ".9044015350925558",
        "inclination" : "11.74281001245522",
        "ascending_node_longitude" : "33.816414530866",
        "orbital_period" : "314.1523864062842",
        "perihelion_distance" : ".507640541022126",
        "perihelion_argument" : "228.790937295356",
        "aphelion_distance" : "1.301162529162986",
        "perihelion_time" : "2458049.732400815128",
        "mean_anomaly" : "303.5825890224988",
        "mean_motion" : "1.145940682221724",
        "equinox" : "J2000"
      }
    }, {
      "links" : {
        "self" : "https://api.nasa.gov/neo/rest/v1/neo/3102728?api_key=t0TVs3DtDT2H8Oy2Zy8m2eVrNsAVKAexjcZXUckd"
      },
      "neo_reference_id" : "3102728",
      "name" : "(2002 AY1)",
      "nasa_jpl_url" : "http://ssd.jpl.nasa.gov/sbdb.cgi?sstr=3102728",
      "absolute_magnitude_h" : 20.8,
      "estimated_diameter" : {
        "kilometers" : {
          "estimated_diameter_min" : 0.1838886721,
          "estimated_diameter_max" : 0.411187571
        },
        "meters" : {
          "estimated_diameter_min" : 183.8886720703,
          "estimated_diameter_max" : 411.1875710413
        },
        "miles" : {
          "estimated_diameter_min" : 0.1142630881,
          "estimated_diameter_max" : 0.2555000322
        },
        "feet" : {
          "estimated_diameter_min" : 603.309310875,
          "estimated_diameter_max" : 1349.040630575
        }
      },
      "is_potentially_hazardous_asteroid" : true,
      "close_approach_data" : [ {
        "close_approach_date" : "2002-01-08",
        "epoch_date_close_approach" : 1010476800000,
        "relative_velocity" : {
          "kilometers_per_second" : "16.8863397245",
          "kilometers_per_hour" : "60790.823008267",
          "miles_per_hour" : "37773.0533297757"
        },
        "miss_distance" : {
          "astronomical" : "0.067198624",
          "lunar" : "26.1402664185",
          "kilometers" : "10052772",
          "miles" : "6246502.5"
        },
        "orbiting_body" : "Earth"
      } ],
      "orbital_data" : {
        "orbit_id" : "47",
        "orbit_determination_date" : "2017-04-06 09:27:39",
        "orbit_uncertainty" : "0",
        "minimum_orbit_intersection" : ".00641952",
        "jupiter_tisserand_invariant" : "7.283",
        "epoch_osculation" : "2458000.5",
        "eccentricity" : ".4374006906202719",
        "semi_major_axis" : ".7790041740938509",
        "inclination" : "29.89071890738428",
        "ascending_node_longitude" : "287.8651548990845",
        "orbital_period" : "251.135497652446",
        "perihelion_distance" : ".438267210349126",
        "perihelion_argument" : "323.8299977473249",
        "aphelion_distance" : "1.119741137838576",
        "perihelion_time" : "2457882.776614561926",
        "mean_anomaly" : "168.755190540042",
        "mean_motion" : "1.433489105941586",
        "equinox" : "J2000"
      }
    }, {
      "links" : {
        "self" : "https://api.nasa.gov/neo/rest/v1/neo/3102762?api_key=t0TVs3DtDT2H8Oy2Zy8m2eVrNsAVKAexjcZXUckd"
      },
      "neo_reference_id" : "3102762",
      "name" : "(2002 AA29)",
      "nasa_jpl_url" : "http://ssd.jpl.nasa.gov/sbdb.cgi?sstr=3102762",
      "absolute_magnitude_h" : 24.1,
      "estimated_diameter" : {
        "kilometers" : {
          "estimated_diameter_min" : 0.040230458,
          "estimated_diameter_max" : 0.0899580388
        },
        "meters" : {
          "estimated_diameter_min" : 40.2304579834,
          "estimated_diameter_max" : 89.9580388169
        },
        "miles" : {
          "estimated_diameter_min" : 0.0249980399,
          "estimated_diameter_max" : 0.0558973165
        },
        "feet" : {
          "estimated_diameter_min" : 131.9896957704,
          "estimated_diameter_max" : 295.1379320721
        }
      },
      "is_potentially_hazardous_asteroid" : false,
      "close_approach_data" : [ {
        "close_approach_date" : "2002-01-08",
        "epoch_date_close_approach" : 1010476800000,
        "relative_velocity" : {
          "kilometers_per_second" : "5.8601137836",
          "kilometers_per_hour" : "21096.4096208537",
          "miles_per_hour" : "13108.4885224688"
        },
        "miss_distance" : {
          "astronomical" : "0.0428814003",
          "lunar" : "16.6808643341",
          "kilometers" : "6414966",
          "miles" : "3986075.25"
        },
        "orbiting_body" : "Earth"
      } ],
      "orbital_data" : {
        "orbit_id" : "21",
        "orbit_determination_date" : "2017-04-06 09:15:33",
        "orbit_uncertainty" : "0",
        "minimum_orbit_intersection" : ".012946",
        "jupiter_tisserand_invariant" : "6.101",
        "epoch_osculation" : "2458000.5",
        "eccentricity" : ".01296125557883429",
        "semi_major_axis" : ".9925462692961411",
        "inclination" : "10.74760091756775",
        "ascending_node_longitude" : "106.3717237836368",
        "orbital_period" : "361.1807278371487",
        "perihelion_distance" : ".9796816234259753",
        "perihelion_argument" : "101.6388260670472",
        "aphelion_distance" : "1.005410915166307",
        "perihelion_time" : "2458172.580482216544",
        "mean_anomaly" : "188.4820622381388",
        "mean_motion" : ".9967309223716914",
        "equinox" : "J2000"
      }
    }, {
      "links" : {
        "self" : "https://api.nasa.gov/neo/rest/v1/neo/3144532?api_key=t0TVs3DtDT2H8Oy2Zy8m2eVrNsAVKAexjcZXUckd"
      },
      "neo_reference_id" : "3144532",
      "name" : "(2002 XT90)",
      "nasa_jpl_url" : "http://ssd.jpl.nasa.gov/sbdb.cgi?sstr=3144532",
      "absolute_magnitude_h" : 18.8,
      "estimated_diameter" : {
        "kilometers" : {
          "estimated_diameter_min" : 0.4619074603,
          "estimated_diameter_max" : 1.0328564805
        },
        "meters" : {
          "estimated_diameter_min" : 461.9074602816,
          "estimated_diameter_max" : 1032.8564805039
        },
        "miles" : {
          "estimated_diameter_min" : 0.2870159005,
          "estimated_diameter_max" : 0.6417870641
        },
        "feet" : {
          "estimated_diameter_min" : 1515.4444719902,
          "estimated_diameter_max" : 3388.6368554964
        }
      },
      "is_potentially_hazardous_asteroid" : false,
      "close_approach_data" : [ {
        "close_approach_date" : "2002-01-08",
        "epoch_date_close_approach" : 1010476800000,
        "relative_velocity" : {
          "kilometers_per_second" : "21.2332613657",
          "kilometers_per_hour" : "76439.7409165589",
          "miles_per_hour" : "47496.6823489585"
        },
        "miss_distance" : {
          "astronomical" : "0.3869561278",
          "lunar" : "150.5259399414",
          "kilometers" : "57887812",
          "miles" : "35969820"
        },
        "orbiting_body" : "Earth"
      } ],
      "orbital_data" : {
        "orbit_id" : "30",
        "orbit_determination_date" : "2017-04-06 09:14:30",
        "orbit_uncertainty" : "1",
        "minimum_orbit_intersection" : ".172999",
        "jupiter_tisserand_invariant" : "5.684",
        "epoch_osculation" : "2458000.5",
        "eccentricity" : ".2238221397418173",
        "semi_major_axis" : "1.029688301231835",
        "inclination" : "43.38514381173213",
        "ascending_node_longitude" : "287.6782508478639",
        "orbital_period" : "381.6428186417534",
        "perihelion_distance" : ".7992212623830086",
        "perihelion_argument" : "43.08923164111741",
        "aphelion_distance" : "1.260155340080661",
        "perihelion_time" : "2457859.986417360656",
        "mean_anomaly" : "132.5451109762599",
        "mean_motion" : ".9432903815175165",
        "equinox" : "J2000"
      }
    }, {
      "links" : {
        "self" : "https://api.nasa.gov/neo/rest/v1/neo/3276398?api_key=t0TVs3DtDT2H8Oy2Zy8m2eVrNsAVKAexjcZXUckd"
      },
      "neo_reference_id" : "3276398",
      "name" : "(2005 GE60)",
      "nasa_jpl_url" : "http://ssd.jpl.nasa.gov/sbdb.cgi?sstr=3276398",
      "absolute_magnitude_h" : 22.1,
      "estimated_diameter" : {
        "kilometers" : {
          "estimated_diameter_min" : 0.1010543415,
          "estimated_diameter_max" : 0.2259643771
        },
        "meters" : {
          "estimated_diameter_min" : 101.054341542,
          "estimated_diameter_max" : 225.9643771094
        },
        "miles" : {
          "estimated_diameter_min" : 0.0627922373,
          "estimated_diameter_max" : 0.140407711
        },
        "feet" : {
          "estimated_diameter_min" : 331.5431259047,
          "estimated_diameter_max" : 741.3529669956
        }
      },
      "is_potentially_hazardous_asteroid" : false,
      "close_approach_data" : [ {
        "close_approach_date" : "2002-01-08",
        "epoch_date_close_approach" : 1010476800000,
        "relative_velocity" : {
          "kilometers_per_second" : "21.0782986507",
          "kilometers_per_hour" : "75881.8751425978",
          "miles_per_hour" : "47150.0462517991"
        },
        "miss_distance" : {
          "astronomical" : "0.4361305351",
          "lunar" : "169.6547698975",
          "kilometers" : "65244200",
          "miles" : "40540864"
        },
        "orbiting_body" : "Earth"
      } ],
      "orbital_data" : {
        "orbit_id" : "19",
        "orbit_determination_date" : "2017-04-06 09:11:07",
        "orbit_uncertainty" : "4",
        "minimum_orbit_intersection" : ".00469688",
        "jupiter_tisserand_invariant" : "6.256",
        "epoch_osculation" : "2458000.5",
        "eccentricity" : ".245748510921474",
        "semi_major_axis" : ".9586055789637062",
        "inclination" : "5.570152515847995",
        "ascending_node_longitude" : "229.9019032870426",
        "orbital_period" : "342.8138465778937",
        "perihelion_distance" : ".7230296853723579",
        "perihelion_argument" : "112.7702162941976",
        "aphelion_distance" : "1.194181472555055",
        "perihelion_time" : "2458044.213674550200",
        "mean_anomaly" : "314.0948447819005",
        "mean_motion" : "1.050132611601502",
        "equinox" : "J2000"
      }
    }, {
      "links" : {
        "self" : "https://api.nasa.gov/neo/rest/v1/neo/3736405?api_key=t0TVs3DtDT2H8Oy2Zy8m2eVrNsAVKAexjcZXUckd"
      },
      "neo_reference_id" : "3736405",
      "name" : "(2015 XO169)",
      "nasa_jpl_url" : "http://ssd.jpl.nasa.gov/sbdb.cgi?sstr=3736405",
      "absolute_magnitude_h" : 23.2,
      "estimated_diameter" : {
        "kilometers" : {
          "estimated_diameter_min" : 0.0608912622,
          "estimated_diameter_max" : 0.1361570015
        },
        "meters" : {
          "estimated_diameter_min" : 60.8912622106,
          "estimated_diameter_max" : 136.1570015386
        },
        "miles" : {
          "estimated_diameter_min" : 0.0378360645,
          "estimated_diameter_max" : 0.0846040122
        },
        "feet" : {
          "estimated_diameter_min" : 199.7744887109,
          "estimated_diameter_max" : 446.7093369279
        }
      },
      "is_potentially_hazardous_asteroid" : false,
      "close_approach_data" : [ {
        "close_approach_date" : "2002-01-08",
        "epoch_date_close_approach" : 1010476800000,
        "relative_velocity" : {
          "kilometers_per_second" : "5.9443281982",
          "kilometers_per_hour" : "21399.5815135762",
          "miles_per_hour" : "13296.8677465885"
        },
        "miss_distance" : {
          "astronomical" : "0.1545298408",
          "lunar" : "60.1121063232",
          "kilometers" : "23117336",
          "miles" : "14364446"
        },
        "orbiting_body" : "Earth"
      } ],
      "orbital_data" : {
        "orbit_id" : "15",
        "orbit_determination_date" : "2017-04-06 08:30:00",
        "orbit_uncertainty" : "5",
        "minimum_orbit_intersection" : ".125246",
        "jupiter_tisserand_invariant" : "3.726",
        "epoch_osculation" : "2458000.5",
        "eccentricity" : ".4467022536884823",
        "semi_major_axis" : "1.982717703759148",
        "inclination" : "4.387161439366835",
        "ascending_node_longitude" : "137.72641482553",
        "orbital_period" : "1019.740700637633",
        "perihelion_distance" : "1.097033237061884",
        "perihelion_argument" : "319.1293606037472",
        "aphelion_distance" : "2.868402170456413",
        "perihelion_time" : "2458399.287602705161",
        "mean_anomaly" : "219.2156448358987",
        "mean_motion" : ".3530309222480732",
        "equinox" : "J2000"
      }
    } ]
  }
}