{
  "links" : {
    "next" : "https://api.nasa.gov/neo/rest/v1/feed?start_date=2006-06-16&end_date=2006-06-16&detailed=true&api_key=t0TVs3DtDT2H8Oy2Zy8m2eVrNsAVKAexjcZXUckd",
    "prev" : "https://api.nasa.gov/neo/rest/v1/feed?start_date=2006-06-14&end_date=2006-06-14&detailed=true&api_key=t0TVs3DtDT2H8Oy2Zy8m2eVrNsAVKAexjcZXUckd",
    "self" : "https://api.nasa.gov/neo/rest/v1/feed?start_date=2006-06-15&end_date=2006-06-15&detailed=true&api_key=t0TVs3DtDT2H8Oy2Zy8m2eVrNsAVKAexjcZXUckd"
  },
  "element_count" : 7,
  "near_earth_objects" : {
    "2006-06-15" : [ {
      "links" : {
        "self" : "https://api.nasa.gov/neo/rest/v1/neo/3335048?api_key=t0TVs3DtDT2H8Oy2Zy8m2eVrNsAVKAexjcZXUckd"
      },
      "neo_reference_id" : "3335048",
      "name" : "(2006 KM89)",
      "nasa_jpl_url" : "http://ssd.jpl.nasa.gov/sbdb.cgi?sstr=3335048",
      "absolute_magnitude_h" : 23.6,
      "estimated_diameter" : {
        "kilometers" : {
          "estimated_diameter_min" : 0.0506471459,
          "estimated_diameter_max" : 0.1132504611
        },
        "meters" : {
          "estimated_diameter_min" : 50.6471458835,
          "estimated_diameter_max" : 113.2504610618
        },
        "miles" : {
          "estimated_diameter_min" : 0.0314706677,
          "estimated_diameter_max" : 0.0703705522
        },
        "feet" : {
          "estimated_diameter_min" : 166.1651821003,
          "estimated_diameter_max" : 371.5566426699
        }
      },
      "is_potentially_hazardous_asteroid" : false,
      "close_approach_data" : [ {
        "close_approach_date" : "2006-06-15",
        "epoch_date_close_approach" : 1150354800000,
        "relative_velocity" : {
          "kilometers_per_second" : "2.4186471326",
          "kilometers_per_hour" : "8707.1296773965",
          "miles_per_hour" : "5410.2717709356"
        },
        "miss_distance" : {
          "astronomical" : "0.1477906439",
          "lunar" : "57.4905586243",
          "kilometers" : "22109166",
          "miles" : "13737998"
        },
        "orbiting_body" : "Earth"
      } ],
      "orbital_data" : {
        "orbit_id" : "11",
        "orbit_determination_date" : "2017-04-06 09:08:32",
        "orbit_uncertainty" : "8",
        "minimum_orbit_intersection" : ".146376",
        "jupiter_tisserand_invariant" : "4.319",
        "epoch_osculation" : "2453891.5",
        "eccentricity" : ".2753499496903253",
        "semi_major_axis" : "1.598449261483705",
        "inclination" : "3.049703033447192",
        "ascending_node_longitude" : "118.4279982626059",
        "orbital_period" : "738.1535450375504",
        "perihelion_distance" : "1.158316337751629",
        "perihelion_argument" : "143.5024101606541",
        "aphelion_distance" : "2.038582185215781",
        "perihelion_time" : "2453900.707676090827",
        "mean_anomaly" : "355.5093849850317",
        "mean_motion" : ".4877034086203387",
        "equinox" : "J2000"
      }
    }, {
      "links" : {
        "self" : "https://api.nasa.gov/neo/rest/v1/neo/3335613?api_key=t0TVs3DtDT2H8Oy2Zy8m2eVrNsAVKAexjcZXUckd"
      },
      "neo_reference_id" : "3335613",
      "name" : "(2006 LD1)",
      "nasa_jpl_url" : "http://ssd.jpl.nasa.gov/sbdb.cgi?sstr=3335613",
      "absolute_magnitude_h" : 20.9,
      "estimated_diameter" : {
        "kilometers" : {
          "estimated_diameter_min" : 0.1756123185,
          "estimated_diameter_max" : 0.3926810818
        },
        "meters" : {
          "estimated_diameter_min" : 175.6123184804,
          "estimated_diameter_max" : 392.6810818086
        },
        "miles" : {
          "estimated_diameter_min" : 0.1091204019,
          "estimated_diameter_max" : 0.2440006365
        },
        "feet" : {
          "estimated_diameter_min" : 576.1559189633,
          "estimated_diameter_max" : 1288.3238004408
        }
      },
      "is_potentially_hazardous_asteroid" : true,
      "close_approach_data" : [ {
        "close_approach_date" : "2006-06-15",
        "epoch_date_close_approach" : 1150354800000,
        "relative_velocity" : {
          "kilometers_per_second" : "19.6214911016",
          "kilometers_per_hour" : "70637.3679656549",
          "miles_per_hour" : "43891.3134451037"
        },
        "miss_distance" : {
          "astronomical" : "0.0393927941",
          "lunar" : "15.323797226",
          "kilometers" : "5893078.5",
          "miles" : "3661789.25"
        },
        "orbiting_body" : "Earth"
      } ],
      "orbital_data" : {
        "orbit_id" : "10",
        "orbit_determination_date" : "2017-04-06 09:08:29",
        "orbit_uncertainty" : "8",
        "minimum_orbit_intersection" : ".0225783",
        "jupiter_tisserand_invariant" : "3.184",
        "epoch_osculation" : "2453896.5",
        "eccentricity" : ".6985874910238739",
        "semi_major_axis" : "2.332295291538348",
        "inclination" : "5.962256008074835",
        "ascending_node_longitude" : "66.9002609110395",
        "orbital_period" : "1300.989316293063",
        "perihelion_distance" : ".7029829754957791",
        "perihelion_argument" : "274.544612004367",
        "aphelion_distance" : "3.961607607580917",
        "perihelion_time" : "2453947.837785818619",
        "mean_anomaly" : "345.7941931857189",
        "mean_motion" : ".2767124952461222",
        "equinox" : "J2000"
      }
    }, {
      "links" : {
        "self" : "https://api.nasa.gov/neo/rest/v1/neo/2418849?api_key=t0TVs3DtDT2H8Oy2Zy8m2eVrNsAVKAexjcZXUckd"
      },
      "neo_reference_id" : "2418849",
      "name" : "418849 (2008 WM64)",
      "nasa_jpl_url" : "http://ssd.jpl.nasa.gov/sbdb.cgi?sstr=2418849",
      "absolute_magnitude_h" : 20.7,
      "estimated_diameter" : {
        "kilometers" : {
          "estimated_diameter_min" : 0.1925550782,
          "estimated_diameter_max" : 0.4305662442
        },
        "meters" : {
          "estimated_diameter_min" : 192.5550781879,
          "estimated_diameter_max" : 430.566244241
        },
        "miles" : {
          "estimated_diameter_min" : 0.1196481415,
          "estimated_diameter_max" : 0.2675413778
        },
        "feet" : {
          "estimated_diameter_min" : 631.7424027221,
          "estimated_diameter_max" : 1412.6189567557
        }
      },
      "is_potentially_hazardous_asteroid" : true,
      "close_approach_data" : [ {
        "close_approach_date" : "2006-06-15",
        "epoch_date_close_approach" : 1150354800000,
        "relative_velocity" : {
          "kilometers_per_second" : "18.8328834399",
          "kilometers_per_hour" : "67798.3803836807",
          "miles_per_hour" : "42127.2769667376"
        },
        "miss_distance" : {
          "astronomical" : "0.1477574735",
          "lunar" : "57.4776573181",
          "kilometers" : "22104204",
          "miles" : "13734915"
        },
        "orbiting_body" : "Earth"
      } ],
      "orbital_data" : {
        "orbit_id" : "39",
        "orbit_determination_date" : "2017-07-13 15:55:06",
        "orbit_uncertainty" : "0",
        "minimum_orbit_intersection" : ".0357698",
        "jupiter_tisserand_invariant" : "5.906",
        "epoch_osculation" : "2458000.5",
        "eccentricity" : ".1069597171974132",
        "semi_major_axis" : "1.00499713063425",
        "inclination" : "33.52410010026813",
        "ascending_node_longitude" : "91.46918576189661",
        "orbital_period" : "367.9981704913307",
        "perihelion_distance" : ".8975029217573987",
        "perihelion_argument" : "256.4985586931706",
        "aphelion_distance" : "1.112491339511101",
        "perihelion_time" : "2458016.493899419939",
        "mean_anomaly" : "344.3537162603537",
        "mean_motion" : ".9782657330044551",
        "equinox" : "J2000"
      }
    }, {
      "links" : {
        "self" : "https://api.nasa.gov/neo/rest/v1/neo/3334436?api_key=t0TVs3DtDT2H8Oy2Zy8m2eVrNsAVKAexjcZXUckd"
      },
      "neo_reference_id" : "3334436",
      "name" : "(2006 KD40)",
      "nasa_jpl_url" : "http://ssd.jpl.nasa.gov/sbdb.cgi?sstr=3334436",
      "absolute_magnitude_h" : 18.6,
      "estimated_diameter" : {
        "kilometers" : {
          "estimated_diameter_min" : 0.5064714588,
          "estimated_diameter_max" : 1.1325046106
        },
        "meters" : {
          "estimated_diameter_min" : 506.4714588346,
          "estimated_diameter_max" : 1132.5046106177
        },
        "miles" : {
          "estimated_diameter_min" : 0.3147066768,
          "estimated_diameter_max" : 0.7037055224
        },
        "feet" : {
          "estimated_diameter_min" : 1661.651821003,
          "estimated_diameter_max" : 3715.566426699
        }
      },
      "is_potentially_hazardous_asteroid" : true,
      "close_approach_data" : [ {
        "close_approach_date" : "2006-06-15",
        "epoch_date_close_approach" : 1150354800000,
        "relative_velocity" : {
          "kilometers_per_second" : "16.2348202764",
          "kilometers_per_hour" : "58445.3529952092",
          "miles_per_hour" : "36315.6694763843"
        },
        "miss_distance" : {
          "astronomical" : "0.0961696227",
          "lunar" : "37.4099807739",
          "kilometers" : "14386771",
          "miles" : "8939525"
        },
        "orbiting_body" : "Earth"
      } ],
      "orbital_data" : {
        "orbit_id" : "28",
        "orbit_determination_date" : "2017-04-06 09:08:35",
        "orbit_uncertainty" : "1",
        "minimum_orbit_intersection" : ".0369792",
        "jupiter_tisserand_invariant" : "3.577",
        "epoch_osculation" : "2458000.5",
        "eccentricity" : ".5124643074967006",
        "semi_major_axis" : "2.017321728525386",
        "inclination" : "21.10515572279442",
        "ascending_node_longitude" : "86.71514305464132",
        "orbital_period" : "1046.55287804432",
        "perihelion_distance" : ".9835163459185772",
        "perihelion_argument" : "217.8819675171241",
        "aphelion_distance" : "3.051127111132195",
        "perihelion_time" : "2458119.059144308912",
        "mean_anomaly" : "319.2172618826808",
        "mean_motion" : ".3439864411559666",
        "equinox" : "J2000"
      }
    }, {
      "links" : {
        "self" : "https://api.nasa.gov/neo/rest/v1/neo/3359284?api_key=t0TVs3DtDT2H8Oy2Zy8m2eVrNsAVKAexjcZXUckd"
      },
      "neo_reference_id" : "3359284",
      "name" : "(2006 WP3)",
      "nasa_jpl_url" : "http://ssd.jpl.nasa.gov/sbdb.cgi?sstr=3359284",
      "absolute_magnitude_h" : 23.4,
      "estimated_diameter" : {
        "kilometers" : {
          "estimated_diameter_min" : 0.0555334912,
          "estimated_diameter_max" : 0.1241766613
        },
        "meters" : {
          "estimated_diameter_min" : 55.5334911581,
          "estimated_diameter_max" : 124.1766612574
        },
        "miles" : {
          "estimated_diameter_min" : 0.0345069009,
          "estimated_diameter_max" : 0.0771597762
        },
        "feet" : {
          "estimated_diameter_min" : 182.1964991311,
          "estimated_diameter_max" : 407.4037573197
        }
      },
      "is_potentially_hazardous_asteroid" : false,
      "close_approach_data" : [ {
        "close_approach_date" : "2006-06-15",
        "epoch_date_close_approach" : 1150354800000,
        "relative_velocity" : {
          "kilometers_per_second" : "6.147833299",
          "kilometers_per_hour" : "22132.199876312",
          "miles_per_hour" : "13752.0883064784"
        },
        "miss_distance" : {
          "astronomical" : "0.4165465906",
          "lunar" : "162.0366210938",
          "kilometers" : "62314484",
          "miles" : "38720424"
        },
        "orbiting_body" : "Earth"
      } ],
      "orbital_data" : {
        "orbit_id" : "12",
        "orbit_determination_date" : "2017-04-06 09:07:33",
        "orbit_uncertainty" : "7",
        "minimum_orbit_intersection" : ".0231719",
        "jupiter_tisserand_invariant" : "4.789",
        "epoch_osculation" : "2458000.5",
        "eccentricity" : ".3395314859556458",
        "semi_major_axis" : "1.356348443574557",
        "inclination" : "7.432885871328544",
        "ascending_node_longitude" : "221.1557561670033",
        "orbital_period" : "576.9727960880026",
        "perihelion_distance" : ".8958254410540606",
        "perihelion_argument" : "141.1811101137319",
        "aphelion_distance" : "1.816871446095054",
        "perihelion_time" : "2458054.019154313742",
        "mean_anomaly" : "326.6069255195728",
        "mean_motion" : ".623946228385248",
        "equinox" : "J2000"
      }
    }, {
      "links" : {
        "self" : "https://api.nasa.gov/neo/rest/v1/neo/3413261?api_key=t0TVs3DtDT2H8Oy2Zy8m2eVrNsAVKAexjcZXUckd"
      },
      "neo_reference_id" : "3413261",
      "name" : "(2008 LH2)",
      "nasa_jpl_url" : "http://ssd.jpl.nasa.gov/sbdb.cgi?sstr=3413261",
      "absolute_magnitude_h" : 24.4,
      "estimated_diameter" : {
        "kilometers" : {
          "estimated_diameter_min" : 0.0350392641,
          "estimated_diameter_max" : 0.0783501764
        },
        "meters" : {
          "estimated_diameter_min" : 35.0392641108,
          "estimated_diameter_max" : 78.3501764334
        },
        "miles" : {
          "estimated_diameter_min" : 0.0217723826,
          "estimated_diameter_max" : 0.0486845275
        },
        "feet" : {
          "estimated_diameter_min" : 114.9582192654,
          "estimated_diameter_max" : 257.0543928497
        }
      },
      "is_potentially_hazardous_asteroid" : false,
      "close_approach_data" : [ {
        "close_approach_date" : "2006-06-15",
        "epoch_date_close_approach" : 1150354800000,
        "relative_velocity" : {
          "kilometers_per_second" : "17.8978476193",
          "kilometers_per_hour" : "64432.2514295488",
          "miles_per_hour" : "40035.6953396549"
        },
        "miss_distance" : {
          "astronomical" : "0.3300843006",
          "lunar" : "128.4027862549",
          "kilometers" : "49379908",
          "miles" : "30683252"
        },
        "orbiting_body" : "Earth"
      } ],
      "orbital_data" : {
        "orbit_id" : "26",
        "orbit_determination_date" : "2017-04-06 09:03:18",
        "orbit_uncertainty" : "5",
        "minimum_orbit_intersection" : ".00345873",
        "jupiter_tisserand_invariant" : "6.144",
        "epoch_osculation" : "2458000.5",
        "eccentricity" : ".2758682739694071",
        "semi_major_axis" : ".9791126942238814",
        "inclination" : "5.771512761347984",
        "ascending_node_longitude" : "249.3066221656758",
        "orbital_period" : "353.8730170118091",
        "perihelion_distance" : ".7090065652468034",
        "perihelion_argument" : "249.1502056897591",
        "aphelion_distance" : "1.24921882320096",
        "perihelion_time" : "2458076.482168648627",
        "mean_anomaly" : "282.7022705927508",
        "mean_motion" : "1.017314072262216",
        "equinox" : "J2000"
      }
    }, {
      "links" : {
        "self" : "https://api.nasa.gov/neo/rest/v1/neo/3668968?api_key=t0TVs3DtDT2H8Oy2Zy8m2eVrNsAVKAexjcZXUckd"
      },
      "neo_reference_id" : "3668968",
      "name" : "(2014 HN2)",
      "nasa_jpl_url" : "http://ssd.jpl.nasa.gov/sbdb.cgi?sstr=3668968",
      "absolute_magnitude_h" : 26.5,
      "estimated_diameter" : {
        "kilometers" : {
          "estimated_diameter_min" : 0.0133215567,
          "estimated_diameter_max" : 0.0297879063
        },
        "meters" : {
          "estimated_diameter_min" : 13.3215566698,
          "estimated_diameter_max" : 29.7879062798
        },
        "miles" : {
          "estimated_diameter_min" : 0.008277629,
          "estimated_diameter_max" : 0.0185093411
        },
        "feet" : {
          "estimated_diameter_min" : 43.7058959846,
          "estimated_diameter_max" : 97.7293544391
        }
      },
      "is_potentially_hazardous_asteroid" : false,
      "close_approach_data" : [ {
        "close_approach_date" : "2006-06-15",
        "epoch_date_close_approach" : 1150354800000,
        "relative_velocity" : {
          "kilometers_per_second" : "9.392876579",
          "kilometers_per_hour" : "33814.3556842619",
          "miles_per_hour" : "21010.9256194793"
        },
        "miss_distance" : {
          "astronomical" : "0.226026277",
          "lunar" : "87.9242248535",
          "kilometers" : "33813052",
          "miles" : "21010456"
        },
        "orbiting_body" : "Earth"
      } ],
      "orbital_data" : {
        "orbit_id" : "13",
        "orbit_determination_date" : "2017-04-06 08:41:32",
        "orbit_uncertainty" : "6",
        "minimum_orbit_intersection" : ".00679552",
        "jupiter_tisserand_invariant" : "6.454",
        "epoch_osculation" : "2458000.5",
        "eccentricity" : ".1182247299365763",
        "semi_major_axis" : ".9264453813916685",
        "inclination" : "1.234490490717355",
        "ascending_node_longitude" : "198.9085351138594",
        "orbital_period" : "325.7077989623599",
        "perihelion_distance" : ".81691662637565",
        "perihelion_argument" : "207.2993861644829",
        "aphelion_distance" : "1.035974136407687",
        "perihelion_time" : "2457926.742645254568",
        "mean_anomaly" : "81.52291039068395",
        "mean_motion" : "1.105285170164449",
        "equinox" : "J2000"
      }
    } ]
  }
}