{
  "links" : {
    "next" : "https://api.nasa.gov/neo/rest/v1/feed?start_date=1998-12-09&end_date=1998-12-09&detailed=true&api_key=t0TVs3DtDT2H8Oy2Zy8m2eVrNsAVKAexjcZXUckd",
    "prev" : "https://api.nasa.gov/neo/rest/v1/feed?start_date=1998-12-07&end_date=1998-12-07&detailed=true&api_key=t0TVs3DtDT2H8Oy2Zy8m2eVrNsAVKAexjcZXUckd",
    "self" : "https://api.nasa.gov/neo/rest/v1/feed?start_date=1998-12-08&end_date=1998-12-08&detailed=true&api_key=t0TVs3DtDT2H8Oy2Zy8m2eVrNsAVKAexjcZXUckd"
  },
  "element_count" : 7,
  "near_earth_objects" : {
    "1998-12-08" : [ {
      "links" : {
        "self" : "https://api.nasa.gov/neo/rest/v1/neo/2265482?api_key=t0TVs3DtDT2H8Oy2Zy8m2eVrNsAVKAexjcZXUckd"
      },
      "neo_reference_id" : "2265482",
      "name" : "265482 (2005 EE)",
      "nasa_jpl_url" : "http://ssd.jpl.nasa.gov/sbdb.cgi?sstr=2265482",
      "absolute_magnitude_h" : 21.0,
      "estimated_diameter" : {
        "kilometers" : {
          "estimated_diameter_min" : 0.1677084622,
          "estimated_diameter_max" : 0.3750075218
        },
        "meters" : {
          "estimated_diameter_min" : 167.7084621628,
          "estimated_diameter_max" : 375.0075217981
        },
        "miles" : {
          "estimated_diameter_min" : 0.1042091748,
          "estimated_diameter_max" : 0.2330187988
        },
        "feet" : {
          "estimated_diameter_min" : 550.2246310023,
          "estimated_diameter_max" : 1230.3396778159
        }
      },
      "is_potentially_hazardous_asteroid" : true,
      "close_approach_data" : [ {
        "close_approach_date" : "1998-12-08",
        "epoch_date_close_approach" : 913104000000,
        "relative_velocity" : {
          "kilometers_per_second" : "7.8302597316",
          "kilometers_per_hour" : "28188.935033802",
          "miles_per_hour" : "17515.5079936422"
        },
        "miss_distance" : {
          "astronomical" : "0.1991196331",
          "lunar" : "77.45753479",
          "kilometers" : "29787872",
          "miles" : "18509326"
        },
        "orbiting_body" : "Earth"
      } ],
      "orbital_data" : {
        "orbit_id" : "55",
        "orbit_determination_date" : "2017-06-08 07:17:23",
        "orbit_uncertainty" : "0",
        "minimum_orbit_intersection" : ".017889",
        "jupiter_tisserand_invariant" : "5.484",
        "epoch_osculation" : "2458000.5",
        "eccentricity" : ".3278759998327654",
        "semi_major_axis" : "1.129051947371087",
        "inclination" : "6.17219174411252",
        "ascending_node_longitude" : "110.8180708060159",
        "orbital_period" : "438.1969123694257",
        "perihelion_distance" : ".7588629112636608",
        "perihelion_argument" : "284.7765965386928",
        "aphelion_distance" : "1.499240983478513",
        "perihelion_time" : "2458148.896843389774",
        "mean_anomaly" : "238.0848013477559",
        "mean_motion" : ".8215484633458551",
        "equinox" : "J2000"
      }
    }, {
      "links" : {
        "self" : "https://api.nasa.gov/neo/rest/v1/neo/2418265?api_key=t0TVs3DtDT2H8Oy2Zy8m2eVrNsAVKAexjcZXUckd"
      },
      "neo_reference_id" : "2418265",
      "name" : "418265 (2008 EA32)",
      "nasa_jpl_url" : "http://ssd.jpl.nasa.gov/sbdb.cgi?sstr=2418265",
      "absolute_magnitude_h" : 16.4,
      "estimated_diameter" : {
        "kilometers" : {
          "estimated_diameter_min" : 1.3949382293,
          "estimated_diameter_max" : 3.1191767052
        },
        "meters" : {
          "estimated_diameter_min" : 1394.9382293439,
          "estimated_diameter_max" : 3119.1767052261
        },
        "miles" : {
          "estimated_diameter_min" : 0.8667741625,
          "estimated_diameter_max" : 1.9381659485
        },
        "feet" : {
          "estimated_diameter_min" : 4576.5691403606,
          "estimated_diameter_max" : 10233.5197015741
        }
      },
      "is_potentially_hazardous_asteroid" : false,
      "close_approach_data" : [ {
        "close_approach_date" : "1998-12-08",
        "epoch_date_close_approach" : 913104000000,
        "relative_velocity" : {
          "kilometers_per_second" : "18.9753308112",
          "kilometers_per_hour" : "68311.1909204813",
          "miles_per_hour" : "42445.9174916735"
        },
        "miss_distance" : {
          "astronomical" : "0.4451256502",
          "lunar" : "173.1538696289",
          "kilometers" : "66589848",
          "miles" : "41377012"
        },
        "orbiting_body" : "Earth"
      } ],
      "orbital_data" : {
        "orbit_id" : "28",
        "orbit_determination_date" : "2017-04-06 09:21:14",
        "orbit_uncertainty" : "2",
        "minimum_orbit_intersection" : ".178395",
        "jupiter_tisserand_invariant" : "9.025",
        "epoch_osculation" : "2458000.5",
        "eccentricity" : ".3049822934487557",
        "semi_major_axis" : ".6159204265015641",
        "inclination" : "28.26381573202381",
        "ascending_node_longitude" : "100.9612851254449",
        "orbital_period" : "176.5571614265899",
        "perihelion_distance" : ".4280756022451813",
        "perihelion_argument" : "181.8401863058025",
        "aphelion_distance" : ".8037652507579469",
        "perihelion_time" : "2457953.644604811507",
        "mean_anomaly" : "95.53813694988999",
        "mean_motion" : "2.038999704634939",
        "equinox" : "J2000"
      }
    }, {
      "links" : {
        "self" : "https://api.nasa.gov/neo/rest/v1/neo/3279740?api_key=t0TVs3DtDT2H8Oy2Zy8m2eVrNsAVKAexjcZXUckd"
      },
      "neo_reference_id" : "3279740",
      "name" : "(2005 LX36)",
      "nasa_jpl_url" : "http://ssd.jpl.nasa.gov/sbdb.cgi?sstr=3279740",
      "absolute_magnitude_h" : 20.8,
      "estimated_diameter" : {
        "kilometers" : {
          "estimated_diameter_min" : 0.1838886721,
          "estimated_diameter_max" : 0.411187571
        },
        "meters" : {
          "estimated_diameter_min" : 183.8886720703,
          "estimated_diameter_max" : 411.1875710413
        },
        "miles" : {
          "estimated_diameter_min" : 0.1142630881,
          "estimated_diameter_max" : 0.2555000322
        },
        "feet" : {
          "estimated_diameter_min" : 603.309310875,
          "estimated_diameter_max" : 1349.040630575
        }
      },
      "is_potentially_hazardous_asteroid" : true,
      "close_approach_data" : [ {
        "close_approach_date" : "1998-12-08",
        "epoch_date_close_approach" : 913104000000,
        "relative_velocity" : {
          "kilometers_per_second" : "27.1099154226",
          "kilometers_per_hour" : "97595.6955212556",
          "miles_per_hour" : "60642.1698087491"
        },
        "miss_distance" : {
          "astronomical" : "0.4495755834",
          "lunar" : "174.8849029541",
          "kilometers" : "67255552",
          "miles" : "41790660"
        },
        "orbiting_body" : "Earth"
      } ],
      "orbital_data" : {
        "orbit_id" : "16",
        "orbit_determination_date" : "2017-04-06 09:10:53",
        "orbit_uncertainty" : "6",
        "minimum_orbit_intersection" : ".0223565",
        "jupiter_tisserand_invariant" : "5.664",
        "epoch_osculation" : "2458000.5",
        "eccentricity" : ".5751418981914321",
        "semi_major_axis" : "1.029762031716671",
        "inclination" : "32.96837721388167",
        "ascending_node_longitude" : "252.7712717747759",
        "orbital_period" : "381.6838104842295",
        "perihelion_distance" : ".4375027421096789",
        "perihelion_argument" : "239.1063115967533",
        "aphelion_distance" : "1.622021321323663",
        "perihelion_time" : "2458047.791913343934",
        "mean_anomaly" : "315.3947840171238",
        "mean_motion" : ".9431890745988939",
        "equinox" : "J2000"
      }
    }, {
      "links" : {
        "self" : "https://api.nasa.gov/neo/rest/v1/neo/3699447?api_key=t0TVs3DtDT2H8Oy2Zy8m2eVrNsAVKAexjcZXUckd"
      },
      "neo_reference_id" : "3699447",
      "name" : "(2014 WU362)",
      "nasa_jpl_url" : "http://ssd.jpl.nasa.gov/sbdb.cgi?sstr=3699447",
      "absolute_magnitude_h" : 20.9,
      "estimated_diameter" : {
        "kilometers" : {
          "estimated_diameter_min" : 0.1756123185,
          "estimated_diameter_max" : 0.3926810818
        },
        "meters" : {
          "estimated_diameter_min" : 175.6123184804,
          "estimated_diameter_max" : 392.6810818086
        },
        "miles" : {
          "estimated_diameter_min" : 0.1091204019,
          "estimated_diameter_max" : 0.2440006365
        },
        "feet" : {
          "estimated_diameter_min" : 576.1559189633,
          "estimated_diameter_max" : 1288.3238004408
        }
      },
      "is_potentially_hazardous_asteroid" : false,
      "close_approach_data" : [ {
        "close_approach_date" : "1998-12-08",
        "epoch_date_close_approach" : 913104000000,
        "relative_velocity" : {
          "kilometers_per_second" : "10.8621861114",
          "kilometers_per_hour" : "39103.8700011271",
          "miles_per_hour" : "24297.6241126448"
        },
        "miss_distance" : {
          "astronomical" : "0.3908845665",
          "lunar" : "152.054107666",
          "kilometers" : "58475500",
          "miles" : "36334992"
        },
        "orbiting_body" : "Earth"
      } ],
      "orbital_data" : {
        "orbit_id" : "10",
        "orbit_determination_date" : "2017-04-06 08:37:10",
        "orbit_uncertainty" : "5",
        "minimum_orbit_intersection" : ".227728",
        "jupiter_tisserand_invariant" : "4.029",
        "epoch_osculation" : "2458000.5",
        "eccentricity" : ".3032222710138113",
        "semi_major_axis" : "1.741087400026461",
        "inclination" : "19.28896493766053",
        "ascending_node_longitude" : "247.9360016292723",
        "orbital_period" : "839.1300730666704",
        "perihelion_distance" : "1.213150924556905",
        "perihelion_argument" : "178.779178501055",
        "aphelion_distance" : "2.269023875496016",
        "perihelion_time" : "2457839.371626341352",
        "mean_anomaly" : "69.12660668342501",
        "mean_motion" : ".4290157289731616",
        "equinox" : "J2000"
      }
    }, {
      "links" : {
        "self" : "https://api.nasa.gov/neo/rest/v1/neo/3720359?api_key=t0TVs3DtDT2H8Oy2Zy8m2eVrNsAVKAexjcZXUckd"
      },
      "neo_reference_id" : "3720359",
      "name" : "(2015 KU121)",
      "nasa_jpl_url" : "http://ssd.jpl.nasa.gov/sbdb.cgi?sstr=3720359",
      "absolute_magnitude_h" : 22.9,
      "estimated_diameter" : {
        "kilometers" : {
          "estimated_diameter_min" : 0.0699125232,
          "estimated_diameter_max" : 0.1563291544
        },
        "meters" : {
          "estimated_diameter_min" : 69.9125232246,
          "estimated_diameter_max" : 156.3291544087
        },
        "miles" : {
          "estimated_diameter_min" : 0.0434416145,
          "estimated_diameter_max" : 0.097138403
        },
        "feet" : {
          "estimated_diameter_min" : 229.3718026961,
          "estimated_diameter_max" : 512.8909429502
        }
      },
      "is_potentially_hazardous_asteroid" : false,
      "close_approach_data" : [ {
        "close_approach_date" : "1998-12-08",
        "epoch_date_close_approach" : 913104000000,
        "relative_velocity" : {
          "kilometers_per_second" : "13.3785894021",
          "kilometers_per_hour" : "48162.9218475449",
          "miles_per_hour" : "29926.5666335481"
        },
        "miss_distance" : {
          "astronomical" : "0.3181141348",
          "lunar" : "123.7463989258",
          "kilometers" : "47589196",
          "miles" : "29570556"
        },
        "orbiting_body" : "Earth"
      } ],
      "orbital_data" : {
        "orbit_id" : "32",
        "orbit_determination_date" : "2017-04-14 06:13:06",
        "orbit_uncertainty" : "2",
        "minimum_orbit_intersection" : ".0031712",
        "jupiter_tisserand_invariant" : "5.596",
        "epoch_osculation" : "2458000.5",
        "eccentricity" : ".495415446276373",
        "semi_major_axis" : "1.078100163913362",
        "inclination" : "13.34269374393799",
        "ascending_node_longitude" : "75.18415322045496",
        "orbital_period" : "408.871740496298",
        "perihelion_distance" : ".5439926900775929",
        "perihelion_argument" : "294.3831255213416",
        "aphelion_distance" : "1.612207637749131",
        "perihelion_time" : "2458062.111384369758",
        "mean_anomaly" : "305.7529191276701",
        "mean_motion" : ".8804717087148739",
        "equinox" : "J2000"
      }
    }, {
      "links" : {
        "self" : "https://api.nasa.gov/neo/rest/v1/neo/3733857?api_key=t0TVs3DtDT2H8Oy2Zy8m2eVrNsAVKAexjcZXUckd"
      },
      "neo_reference_id" : "3733857",
      "name" : "(2015 VO64)",
      "nasa_jpl_url" : "http://ssd.jpl.nasa.gov/sbdb.cgi?sstr=3733857",
      "absolute_magnitude_h" : 26.3,
      "estimated_diameter" : {
        "kilometers" : {
          "estimated_diameter_min" : 0.0146067964,
          "estimated_diameter_max" : 0.0326617897
        },
        "meters" : {
          "estimated_diameter_min" : 14.6067964271,
          "estimated_diameter_max" : 32.6617897446
        },
        "miles" : {
          "estimated_diameter_min" : 0.0090762397,
          "estimated_diameter_max" : 0.020295089
        },
        "feet" : {
          "estimated_diameter_min" : 47.92256199,
          "estimated_diameter_max" : 107.1581062656
        }
      },
      "is_potentially_hazardous_asteroid" : false,
      "close_approach_data" : [ {
        "close_approach_date" : "1998-12-08",
        "epoch_date_close_approach" : 913104000000,
        "relative_velocity" : {
          "kilometers_per_second" : "17.9657375888",
          "kilometers_per_hour" : "64676.6553195778",
          "miles_per_hour" : "40187.5584123232"
        },
        "miss_distance" : {
          "astronomical" : "0.4715392546",
          "lunar" : "183.4287719727",
          "kilometers" : "70541272",
          "miles" : "43832312"
        },
        "orbiting_body" : "Earth"
      } ],
      "orbital_data" : {
        "orbit_id" : "8",
        "orbit_determination_date" : "2017-04-06 08:30:53",
        "orbit_uncertainty" : "6",
        "minimum_orbit_intersection" : ".0164741",
        "jupiter_tisserand_invariant" : "4.838",
        "epoch_osculation" : "2458000.5",
        "eccentricity" : ".2444427883122726",
        "semi_major_axis" : "1.332124649068947",
        "inclination" : "18.27080924570015",
        "ascending_node_longitude" : "44.10190343437439",
        "orbital_period" : "561.5852899297402",
        "perihelion_distance" : "1.006496385471026",
        "perihelion_argument" : "4.257887007786024",
        "aphelion_distance" : "1.657752912666868",
        "perihelion_time" : "2457898.925031678865",
        "mean_anomaly" : "65.11386471711789",
        "mean_motion" : ".6410424319430439",
        "equinox" : "J2000"
      }
    }, {
      "links" : {
        "self" : "https://api.nasa.gov/neo/rest/v1/neo/3638380?api_key=t0TVs3DtDT2H8Oy2Zy8m2eVrNsAVKAexjcZXUckd"
      },
      "neo_reference_id" : "3638380",
      "name" : "(2013 JL22)",
      "nasa_jpl_url" : "http://ssd.jpl.nasa.gov/sbdb.cgi?sstr=3638380",
      "absolute_magnitude_h" : 21.3,
      "estimated_diameter" : {
        "kilometers" : {
          "estimated_diameter_min" : 0.1460679643,
          "estimated_diameter_max" : 0.3266178974
        },
        "meters" : {
          "estimated_diameter_min" : 146.0679642714,
          "estimated_diameter_max" : 326.6178974458
        },
        "miles" : {
          "estimated_diameter_min" : 0.090762397,
          "estimated_diameter_max" : 0.2029508896
        },
        "feet" : {
          "estimated_diameter_min" : 479.2256199,
          "estimated_diameter_max" : 1071.581062656
        }
      },
      "is_potentially_hazardous_asteroid" : true,
      "close_approach_data" : [ {
        "close_approach_date" : "1998-12-08",
        "epoch_date_close_approach" : 913104000000,
        "relative_velocity" : {
          "kilometers_per_second" : "21.1036025057",
          "kilometers_per_hour" : "75972.9690204271",
          "miles_per_hour" : "47206.6484449426"
        },
        "miss_distance" : {
          "astronomical" : "0.473907234",
          "lunar" : "184.3499145508",
          "kilometers" : "70895512",
          "miles" : "44052428"
        },
        "orbiting_body" : "Earth"
      } ],
      "orbital_data" : {
        "orbit_id" : "17",
        "orbit_determination_date" : "2017-04-06 08:45:52",
        "orbit_uncertainty" : "0",
        "minimum_orbit_intersection" : ".00234208",
        "jupiter_tisserand_invariant" : "5.150",
        "epoch_osculation" : "2458000.5",
        "eccentricity" : ".594286168127796",
        "semi_major_axis" : "1.187107052243898",
        "inclination" : "3.064725269799423",
        "ascending_node_longitude" : "38.03373167448699",
        "orbital_period" : "472.4254162317752",
        "perihelion_distance" : ".4816257510083887",
        "perihelion_argument" : "68.9930449302551",
        "aphelion_distance" : "1.892588353479408",
        "perihelion_time" : "2457779.696147952713",
        "mean_anomaly" : "168.2580657303697",
        "mean_motion" : ".7620250469830385",
        "equinox" : "J2000"
      }
    } ]
  }
}