{
  "links" : {
    "next" : "https://api.nasa.gov/neo/rest/v1/feed?start_date=1998-09-23&end_date=1998-09-23&detailed=true&api_key=t0TVs3DtDT2H8Oy2Zy8m2eVrNsAVKAexjcZXUckd",
    "prev" : "https://api.nasa.gov/neo/rest/v1/feed?start_date=1998-09-21&end_date=1998-09-21&detailed=true&api_key=t0TVs3DtDT2H8Oy2Zy8m2eVrNsAVKAexjcZXUckd",
    "self" : "https://api.nasa.gov/neo/rest/v1/feed?start_date=1998-09-22&end_date=1998-09-22&detailed=true&api_key=t0TVs3DtDT2H8Oy2Zy8m2eVrNsAVKAexjcZXUckd"
  },
  "element_count" : 8,
  "near_earth_objects" : {
    "1998-09-22" : [ {
      "links" : {
        "self" : "https://api.nasa.gov/neo/rest/v1/neo/2066063?api_key=t0TVs3DtDT2H8Oy2Zy8m2eVrNsAVKAexjcZXUckd"
      },
      "neo_reference_id" : "2066063",
      "name" : "66063 (1998 RO1)",
      "nasa_jpl_url" : "http://ssd.jpl.nasa.gov/sbdb.cgi?sstr=2066063",
      "absolute_magnitude_h" : 18.1,
      "estimated_diameter" : {
        "kilometers" : {
          "estimated_diameter_min" : 0.6376097899,
          "estimated_diameter_max" : 1.4257388333
        },
        "meters" : {
          "estimated_diameter_min" : 637.6097898754,
          "estimated_diameter_max" : 1425.7388332807
        },
        "miles" : {
          "estimated_diameter_min" : 0.3961922327,
          "estimated_diameter_max" : 0.8859127646
        },
        "feet" : {
          "estimated_diameter_min" : 2091.8957030147,
          "estimated_diameter_max" : 4677.6209937807
        }
      },
      "is_potentially_hazardous_asteroid" : false,
      "close_approach_data" : [ {
        "close_approach_date" : "1998-09-22",
        "epoch_date_close_approach" : 906447600000,
        "relative_velocity" : {
          "kilometers_per_second" : "17.7963398305",
          "kilometers_per_hour" : "64066.8233899458",
          "miles_per_hour" : "39808.632566936"
        },
        "miss_distance" : {
          "astronomical" : "0.4318145995",
          "lunar" : "167.9758911133",
          "kilometers" : "64598548",
          "miles" : "40139676"
        },
        "orbiting_body" : "Earth"
      } ],
      "orbital_data" : {
        "orbit_id" : "120",
        "orbit_determination_date" : "2017-04-06 09:28:54",
        "orbit_uncertainty" : "0",
        "minimum_orbit_intersection" : ".0920815",
        "jupiter_tisserand_invariant" : "5.810",
        "epoch_osculation" : "2458000.5",
        "eccentricity" : ".7200434971207683",
        "semi_major_axis" : ".9909675638965778",
        "inclination" : "22.67803717390146",
        "ascending_node_longitude" : "351.8751141992348",
        "orbital_period" : "360.3193506060588",
        "perihelion_distance" : ".2774278136552375",
        "perihelion_argument" : "151.1313673774323",
        "aphelion_distance" : "1.704507314137918",
        "perihelion_time" : "2458011.535810189743",
        "mean_anomaly" : "348.9739708355243",
        "mean_motion" : ".9991137012055511",
        "equinox" : "J2000"
      }
    }, {
      "links" : {
        "self" : "https://api.nasa.gov/neo/rest/v1/neo/2369986?api_key=t0TVs3DtDT2H8Oy2Zy8m2eVrNsAVKAexjcZXUckd"
      },
      "neo_reference_id" : "2369986",
      "name" : "369986 (1998 SO)",
      "nasa_jpl_url" : "http://ssd.jpl.nasa.gov/sbdb.cgi?sstr=2369986",
      "absolute_magnitude_h" : 20.6,
      "estimated_diameter" : {
        "kilometers" : {
          "estimated_diameter_min" : 0.2016299194,
          "estimated_diameter_max" : 0.4508582062
        },
        "meters" : {
          "estimated_diameter_min" : 201.6299194428,
          "estimated_diameter_max" : 450.8582061718
        },
        "miles" : {
          "estimated_diameter_min" : 0.1252869847,
          "estimated_diameter_max" : 0.2801502144
        },
        "feet" : {
          "estimated_diameter_min" : 661.5155049046,
          "estimated_diameter_max" : 1479.1936371367
        }
      },
      "is_potentially_hazardous_asteroid" : false,
      "close_approach_data" : [ {
        "close_approach_date" : "1998-09-22",
        "epoch_date_close_approach" : 906447600000,
        "relative_velocity" : {
          "kilometers_per_second" : "18.5676411693",
          "kilometers_per_hour" : "66843.5082093216",
          "miles_per_hour" : "41533.9565315087"
        },
        "miss_distance" : {
          "astronomical" : "0.2351520335",
          "lunar" : "91.4741439819",
          "kilometers" : "35178244",
          "miles" : "21858748"
        },
        "orbiting_body" : "Earth"
      } ],
      "orbital_data" : {
        "orbit_id" : "31",
        "orbit_determination_date" : "2017-04-06 09:22:32",
        "orbit_uncertainty" : "0",
        "minimum_orbit_intersection" : ".198787",
        "jupiter_tisserand_invariant" : "7.576",
        "epoch_osculation" : "2458000.5",
        "eccentricity" : ".6985957132571475",
        "semi_major_axis" : ".7315079080521292",
        "inclination" : "30.34471532020354",
        "ascending_node_longitude" : "176.1496741794256",
        "orbital_period" : "228.5214468595822",
        "perihelion_distance" : ".2204796192732081",
        "perihelion_argument" : "359.8568383897207",
        "aphelion_distance" : "1.24253619683105",
        "perihelion_time" : "2458037.650067830598",
        "mean_anomaly" : "301.4758456906104",
        "mean_motion" : "1.575344480560752",
        "equinox" : "J2000"
      }
    }, {
      "links" : {
        "self" : "https://api.nasa.gov/neo/rest/v1/neo/3117418?api_key=t0TVs3DtDT2H8Oy2Zy8m2eVrNsAVKAexjcZXUckd"
      },
      "neo_reference_id" : "3117418",
      "name" : "(2002 EY)",
      "nasa_jpl_url" : "http://ssd.jpl.nasa.gov/sbdb.cgi?sstr=3117418",
      "absolute_magnitude_h" : 19.9,
      "estimated_diameter" : {
        "kilometers" : {
          "estimated_diameter_min" : 0.2783267681,
          "estimated_diameter_max" : 0.6223575734
        },
        "meters" : {
          "estimated_diameter_min" : 278.3267680719,
          "estimated_diameter_max" : 622.3575733667
        },
        "miles" : {
          "estimated_diameter_min" : 0.1729441822,
          "estimated_diameter_max" : 0.3867149477
        },
        "feet" : {
          "estimated_diameter_min" : 913.1455937611,
          "estimated_diameter_max" : 2041.8556210042
        }
      },
      "is_potentially_hazardous_asteroid" : false,
      "close_approach_data" : [ {
        "close_approach_date" : "1998-09-22",
        "epoch_date_close_approach" : 906447600000,
        "relative_velocity" : {
          "kilometers_per_second" : "21.243213354",
          "kilometers_per_hour" : "76475.568074292",
          "miles_per_hour" : "47518.9439514955"
        },
        "miss_distance" : {
          "astronomical" : "0.1567763211",
          "lunar" : "60.9859886169",
          "kilometers" : "23453404",
          "miles" : "14573270"
        },
        "orbiting_body" : "Earth"
      } ],
      "orbital_data" : {
        "orbit_id" : "18",
        "orbit_determination_date" : "2017-04-06 09:15:23",
        "orbit_uncertainty" : "6",
        "minimum_orbit_intersection" : ".108364",
        "jupiter_tisserand_invariant" : "3.369",
        "epoch_osculation" : "2458000.5",
        "eccentricity" : ".6302211351370199",
        "semi_major_axis" : "2.137106148093375",
        "inclination" : "20.22897290710068",
        "ascending_node_longitude" : "170.8223047384068",
        "orbital_period" : "1141.13642286587",
        "perihelion_distance" : ".790256685533664",
        "perihelion_argument" : "264.8788037849466",
        "aphelion_distance" : "3.483955610653086",
        "perihelion_time" : "2457975.821333842624",
        "mean_anomaly" : "7.785501924776954",
        "mean_motion" : ".3154749886046839",
        "equinox" : "J2000"
      }
    }, {
      "links" : {
        "self" : "https://api.nasa.gov/neo/rest/v1/neo/3608784?api_key=t0TVs3DtDT2H8Oy2Zy8m2eVrNsAVKAexjcZXUckd"
      },
      "neo_reference_id" : "3608784",
      "name" : "(2012 SK8)",
      "nasa_jpl_url" : "http://ssd.jpl.nasa.gov/sbdb.cgi?sstr=3608784",
      "absolute_magnitude_h" : 20.5,
      "estimated_diameter" : {
        "kilometers" : {
          "estimated_diameter_min" : 0.2111324448,
          "estimated_diameter_max" : 0.4721064988
        },
        "meters" : {
          "estimated_diameter_min" : 211.1324447897,
          "estimated_diameter_max" : 472.1064988055
        },
        "miles" : {
          "estimated_diameter_min" : 0.1311915784,
          "estimated_diameter_max" : 0.2933532873
        },
        "feet" : {
          "estimated_diameter_min" : 692.6917701639,
          "estimated_diameter_max" : 1548.9058855411
        }
      },
      "is_potentially_hazardous_asteroid" : false,
      "close_approach_data" : [ {
        "close_approach_date" : "1998-09-22",
        "epoch_date_close_approach" : 906447600000,
        "relative_velocity" : {
          "kilometers_per_second" : "14.0690180942",
          "kilometers_per_hour" : "50648.4651391416",
          "miles_per_hour" : "31470.9865749294"
        },
        "miss_distance" : {
          "astronomical" : "0.150022301",
          "lunar" : "58.3586730957",
          "kilometers" : "22443016",
          "miles" : "13945444"
        },
        "orbiting_body" : "Earth"
      } ],
      "orbital_data" : {
        "orbit_id" : "29",
        "orbit_determination_date" : "2017-04-06 08:48:57",
        "orbit_uncertainty" : "1",
        "minimum_orbit_intersection" : ".128608",
        "jupiter_tisserand_invariant" : "4.789",
        "epoch_osculation" : "2458000.5",
        "eccentricity" : ".2263715496790311",
        "semi_major_axis" : "1.340533588394346",
        "inclination" : "23.47318423986274",
        "ascending_node_longitude" : "185.2810804010055",
        "orbital_period" : "566.9111216694996",
        "perihelion_distance" : "1.037074922592726",
        "perihelion_argument" : "119.2858597690133",
        "aphelion_distance" : "1.643992254195967",
        "perihelion_time" : "2457831.509057811118",
        "mean_anomaly" : "107.3126577740072",
        "mean_motion" : ".6350201755432739",
        "equinox" : "J2000"
      }
    }, {
      "links" : {
        "self" : "https://api.nasa.gov/neo/rest/v1/neo/3632236?api_key=t0TVs3DtDT2H8Oy2Zy8m2eVrNsAVKAexjcZXUckd"
      },
      "neo_reference_id" : "3632236",
      "name" : "(2013 EH89)",
      "nasa_jpl_url" : "http://ssd.jpl.nasa.gov/sbdb.cgi?sstr=3632236",
      "absolute_magnitude_h" : 20.3,
      "estimated_diameter" : {
        "kilometers" : {
          "estimated_diameter_min" : 0.2315021222,
          "estimated_diameter_max" : 0.5176544822
        },
        "meters" : {
          "estimated_diameter_min" : 231.5021222103,
          "estimated_diameter_max" : 517.6544821978
        },
        "miles" : {
          "estimated_diameter_min" : 0.1438487052,
          "estimated_diameter_max" : 0.3216554833
        },
        "feet" : {
          "estimated_diameter_min" : 759.5214226325,
          "estimated_diameter_max" : 1698.3415313737
        }
      },
      "is_potentially_hazardous_asteroid" : false,
      "close_approach_data" : [ {
        "close_approach_date" : "1998-09-22",
        "epoch_date_close_approach" : 906447600000,
        "relative_velocity" : {
          "kilometers_per_second" : "8.7559744161",
          "kilometers_per_hour" : "31521.507897812",
          "miles_per_hour" : "19586.2391712821"
        },
        "miss_distance" : {
          "astronomical" : "0.1393519898",
          "lunar" : "54.2079238892",
          "kilometers" : "20846762",
          "miles" : "12953577"
        },
        "orbiting_body" : "Earth"
      } ],
      "orbital_data" : {
        "orbit_id" : "18",
        "orbit_determination_date" : "2017-04-06 08:46:28",
        "orbit_uncertainty" : "4",
        "minimum_orbit_intersection" : ".0865086",
        "jupiter_tisserand_invariant" : "4.780",
        "epoch_osculation" : "2458000.5",
        "eccentricity" : ".4041684002402237",
        "semi_major_axis" : "1.349682471225216",
        "inclination" : "7.09789180365349",
        "ascending_node_longitude" : "260.4937826240486",
        "orbital_period" : "572.7246008960827",
        "perihelion_distance" : ".804183465997849",
        "perihelion_argument" : "159.9561442307084",
        "aphelion_distance" : "1.895181476452584",
        "perihelion_time" : "2457995.189050234769",
        "mean_anomaly" : "3.338326854638035",
        "mean_motion" : ".6285743609349859",
        "equinox" : "J2000"
      }
    }, {
      "links" : {
        "self" : "https://api.nasa.gov/neo/rest/v1/neo/3653683?api_key=t0TVs3DtDT2H8Oy2Zy8m2eVrNsAVKAexjcZXUckd"
      },
      "neo_reference_id" : "3653683",
      "name" : "(2013 VC13)",
      "nasa_jpl_url" : "http://ssd.jpl.nasa.gov/sbdb.cgi?sstr=3653683",
      "absolute_magnitude_h" : 19.1,
      "estimated_diameter" : {
        "kilometers" : {
          "estimated_diameter_min" : 0.4023045798,
          "estimated_diameter_max" : 0.8995803882
        },
        "meters" : {
          "estimated_diameter_min" : 402.3045798343,
          "estimated_diameter_max" : 899.5803881691
        },
        "miles" : {
          "estimated_diameter_min" : 0.2499803991,
          "estimated_diameter_max" : 0.5589731654
        },
        "feet" : {
          "estimated_diameter_min" : 1319.8969577037,
          "estimated_diameter_max" : 2951.3793207207
        }
      },
      "is_potentially_hazardous_asteroid" : false,
      "close_approach_data" : [ {
        "close_approach_date" : "1998-09-22",
        "epoch_date_close_approach" : 906447600000,
        "relative_velocity" : {
          "kilometers_per_second" : "21.6986263335",
          "kilometers_per_hour" : "78115.0548007616",
          "miles_per_hour" : "48537.6572455066"
        },
        "miss_distance" : {
          "astronomical" : "0.1300513883",
          "lunar" : "50.5899887085",
          "kilometers" : "19455412",
          "miles" : "12089032"
        },
        "orbiting_body" : "Earth"
      } ],
      "orbital_data" : {
        "orbit_id" : "38",
        "orbit_determination_date" : "2017-03-04 06:17:16",
        "orbit_uncertainty" : "0",
        "minimum_orbit_intersection" : ".0579819",
        "jupiter_tisserand_invariant" : "4.284",
        "epoch_osculation" : "2457800.5",
        "eccentricity" : ".5879997755078575",
        "semi_major_axis" : "1.523442961193881",
        "inclination" : "7.195137502594071",
        "ascending_node_longitude" : "200.0600617244527",
        "orbital_period" : "686.811763026925",
        "perihelion_distance" : ".6276588420128532",
        "perihelion_argument" : "61.27672976034135",
        "aphelion_distance" : "2.419227080374908",
        "perihelion_time" : "2457891.708346953432",
        "mean_anomaly" : "312.1921337536145",
        "mean_motion" : ".5241610866031235",
        "equinox" : "J2000"
      }
    }, {
      "links" : {
        "self" : "https://api.nasa.gov/neo/rest/v1/neo/2486692?api_key=t0TVs3DtDT2H8Oy2Zy8m2eVrNsAVKAexjcZXUckd"
      },
      "neo_reference_id" : "2486692",
      "name" : "486692 (2013 VC13)",
      "nasa_jpl_url" : "http://ssd.jpl.nasa.gov/sbdb.cgi?sstr=2486692",
      "absolute_magnitude_h" : 19.3,
      "estimated_diameter" : {
        "kilometers" : {
          "estimated_diameter_min" : 0.3669061375,
          "estimated_diameter_max" : 0.8204270649
        },
        "meters" : {
          "estimated_diameter_min" : 366.9061375314,
          "estimated_diameter_max" : 820.4270648822
        },
        "miles" : {
          "estimated_diameter_min" : 0.2279848336,
          "estimated_diameter_max" : 0.5097895857
        },
        "feet" : {
          "estimated_diameter_min" : 1203.7603322587,
          "estimated_diameter_max" : 2691.6899315481
        }
      },
      "is_potentially_hazardous_asteroid" : false,
      "close_approach_data" : [ {
        "close_approach_date" : "1998-09-22",
        "epoch_date_close_approach" : 906447600000,
        "relative_velocity" : {
          "kilometers_per_second" : "21.698622379",
          "kilometers_per_hour" : "78115.0405644277",
          "miles_per_hour" : "48537.6483996023"
        },
        "miss_distance" : {
          "astronomical" : "0.130051293",
          "lunar" : "50.5899543762",
          "kilometers" : "19455398",
          "miles" : "12089024"
        },
        "orbiting_body" : "Earth"
      } ],
      "orbital_data" : {
        "orbit_id" : "43",
        "orbit_determination_date" : "2017-09-21 06:22:01",
        "orbit_uncertainty" : "0",
        "minimum_orbit_intersection" : ".0575808",
        "jupiter_tisserand_invariant" : "4.284",
        "epoch_osculation" : "2458000.5",
        "eccentricity" : ".5880232086208848",
        "semi_major_axis" : "1.523663596619945",
        "inclination" : "7.195903256778172",
        "ascending_node_longitude" : "200.0377734130573",
        "orbital_period" : "686.9609715922667",
        "perihelion_distance" : ".6277140396766476",
        "perihelion_argument" : "61.28521722323475",
        "aphelion_distance" : "2.419613153563243",
        "perihelion_time" : "2457891.701435184303",
        "mean_anomaly" : "57.01558742539159",
        "mean_motion" : ".5240472383250202",
        "equinox" : "J2000"
      }
    }, {
      "links" : {
        "self" : "https://api.nasa.gov/neo/rest/v1/neo/3772394?api_key=t0TVs3DtDT2H8Oy2Zy8m2eVrNsAVKAexjcZXUckd"
      },
      "neo_reference_id" : "3772394",
      "name" : "(2017 FA65)",
      "nasa_jpl_url" : "http://ssd.jpl.nasa.gov/sbdb.cgi?sstr=3772394",
      "absolute_magnitude_h" : 23.779,
      "estimated_diameter" : {
        "kilometers" : {
          "estimated_diameter_min" : 0.0466396171,
          "estimated_diameter_max" : 0.1042893544
        },
        "meters" : {
          "estimated_diameter_min" : 46.6396171316,
          "estimated_diameter_max" : 104.2893543508
        },
        "miles" : {
          "estimated_diameter_min" : 0.0289805055,
          "estimated_diameter_max" : 0.0648023804
        },
        "feet" : {
          "estimated_diameter_min" : 153.01712147,
          "estimated_diameter_max" : 342.1566853282
        }
      },
      "is_potentially_hazardous_asteroid" : false,
      "close_approach_data" : [ {
        "close_approach_date" : "1998-09-22",
        "epoch_date_close_approach" : 906447600000,
        "relative_velocity" : {
          "kilometers_per_second" : "9.3209847058",
          "kilometers_per_hour" : "33555.5449409719",
          "miles_per_hour" : "20850.1106884612"
        },
        "miss_distance" : {
          "astronomical" : "0.267051218",
          "lunar" : "103.8829269409",
          "kilometers" : "39950296",
          "miles" : "24823962"
        },
        "orbiting_body" : "Earth"
      } ],
      "orbital_data" : {
        "orbit_id" : "3",
        "orbit_determination_date" : "2017-04-20 12:23:36",
        "orbit_uncertainty" : "6",
        "minimum_orbit_intersection" : ".0562518",
        "jupiter_tisserand_invariant" : "5.526",
        "epoch_osculation" : "2458000.5",
        "eccentricity" : ".06096140437879183",
        "semi_major_axis" : "1.126558319780845",
        "inclination" : "12.50919345319062",
        "ascending_node_longitude" : "172.6253934628197",
        "orbital_period" : "436.7460096596508",
        "perihelion_distance" : "1.057881742492393",
        "perihelion_argument" : "200.4818496586851",
        "aphelion_distance" : "1.195234897069298",
        "perihelion_time" : "2458066.897110523765",
        "mean_anomaly" : "305.2703418923448",
        "mean_motion" : ".8242777084112166",
        "equinox" : "J2000"
      }
    } ]
  }
}