{
  "links" : {
    "next" : "https://api.nasa.gov/neo/rest/v1/feed?start_date=2008-05-09&end_date=2008-05-09&detailed=true&api_key=t0TVs3DtDT2H8Oy2Zy8m2eVrNsAVKAexjcZXUckd",
    "prev" : "https://api.nasa.gov/neo/rest/v1/feed?start_date=2008-05-07&end_date=2008-05-07&detailed=true&api_key=t0TVs3DtDT2H8Oy2Zy8m2eVrNsAVKAexjcZXUckd",
    "self" : "https://api.nasa.gov/neo/rest/v1/feed?start_date=2008-05-08&end_date=2008-05-08&detailed=true&api_key=t0TVs3DtDT2H8Oy2Zy8m2eVrNsAVKAexjcZXUckd"
  },
  "element_count" : 6,
  "near_earth_objects" : {
    "2008-05-08" : [ {
      "links" : {
        "self" : "https://api.nasa.gov/neo/rest/v1/neo/2186823?api_key=t0TVs3DtDT2H8Oy2Zy8m2eVrNsAVKAexjcZXUckd"
      },
      "neo_reference_id" : "2186823",
      "name" : "186823 (2004 FN32)",
      "nasa_jpl_url" : "http://ssd.jpl.nasa.gov/sbdb.cgi?sstr=2186823",
      "absolute_magnitude_h" : 19.2,
      "estimated_diameter" : {
        "kilometers" : {
          "estimated_diameter_min" : 0.3841978911,
          "estimated_diameter_max" : 0.8590926012
        },
        "meters" : {
          "estimated_diameter_min" : 384.1978910643,
          "estimated_diameter_max" : 859.0926012318
        },
        "miles" : {
          "estimated_diameter_min" : 0.2387294278,
          "estimated_diameter_max" : 0.5338152287
        },
        "feet" : {
          "estimated_diameter_min" : 1260.4918089193,
          "estimated_diameter_max" : 2818.5453698252
        }
      },
      "is_potentially_hazardous_asteroid" : false,
      "close_approach_data" : [ {
        "close_approach_date" : "2008-05-08",
        "epoch_date_close_approach" : 1210230000000,
        "relative_velocity" : {
          "kilometers_per_second" : "18.7982710639",
          "kilometers_per_hour" : "67673.7758301653",
          "miles_per_hour" : "42049.8525429158"
        },
        "miss_distance" : {
          "astronomical" : "0.3032120576",
          "lunar" : "117.9494857788",
          "kilometers" : "45359876",
          "miles" : "28185320"
        },
        "orbiting_body" : "Earth"
      } ],
      "orbital_data" : {
        "orbit_id" : "54",
        "orbit_determination_date" : "2017-04-06 09:25:48",
        "orbit_uncertainty" : "0",
        "minimum_orbit_intersection" : ".23759",
        "jupiter_tisserand_invariant" : "4.975",
        "epoch_osculation" : "2458000.5",
        "eccentricity" : ".6768395547475534",
        "semi_major_axis" : "1.205010987670604",
        "inclination" : "21.96101120956536",
        "ascending_node_longitude" : "190.0814278182723",
        "orbital_period" : "483.153285694557",
        "perihelion_distance" : ".3894118873097228",
        "perihelion_argument" : "161.1340875484554",
        "aphelion_distance" : "2.020610088031485",
        "perihelion_time" : "2458041.562988819801",
        "mean_anomaly" : "329.4037556758464",
        "mean_motion" : ".7451051470807697",
        "equinox" : "J2000"
      }
    }, {
      "links" : {
        "self" : "https://api.nasa.gov/neo/rest/v1/neo/2242643?api_key=t0TVs3DtDT2H8Oy2Zy8m2eVrNsAVKAexjcZXUckd"
      },
      "neo_reference_id" : "2242643",
      "name" : "242643 (2005 NZ6)",
      "nasa_jpl_url" : "http://ssd.jpl.nasa.gov/sbdb.cgi?sstr=2242643",
      "absolute_magnitude_h" : 17.4,
      "estimated_diameter" : {
        "kilometers" : {
          "estimated_diameter_min" : 0.8801465209,
          "estimated_diameter_max" : 1.9680674509
        },
        "meters" : {
          "estimated_diameter_min" : 880.1465209007,
          "estimated_diameter_max" : 1968.067450894
        },
        "miles" : {
          "estimated_diameter_min" : 0.5468975238,
          "estimated_diameter_max" : 1.22290004
        },
        "feet" : {
          "estimated_diameter_min" : 2887.6199116319,
          "estimated_diameter_max" : 6456.914415591
        }
      },
      "is_potentially_hazardous_asteroid" : true,
      "close_approach_data" : [ {
        "close_approach_date" : "2008-05-08",
        "epoch_date_close_approach" : 1210230000000,
        "relative_velocity" : {
          "kilometers_per_second" : "38.5485031776",
          "kilometers_per_hour" : "138774.6114395299",
          "miles_per_hour" : "86229.146758079"
        },
        "miss_distance" : {
          "astronomical" : "0.2553662874",
          "lunar" : "99.3374862671",
          "kilometers" : "38202256",
          "miles" : "23737780"
        },
        "orbiting_body" : "Earth"
      } ],
      "orbital_data" : {
        "orbit_id" : "73",
        "orbit_determination_date" : "2017-04-06 09:24:58",
        "orbit_uncertainty" : "0",
        "minimum_orbit_intersection" : ".00818464",
        "jupiter_tisserand_invariant" : "3.427",
        "epoch_osculation" : "2458000.5",
        "eccentricity" : ".8643327592088514",
        "semi_major_axis" : "1.834236299108158",
        "inclination" : "8.488163494513678",
        "ascending_node_longitude" : "39.43762398434593",
        "orbital_period" : "907.3635989893534",
        "perihelion_distance" : ".2488457776589716",
        "perihelion_argument" : "48.2865317247138",
        "aphelion_distance" : "3.419626820557344",
        "perihelion_time" : "2458186.997298258384",
        "mean_anomaly" : "286.00647915808",
        "mean_motion" : ".3967538486236146",
        "equinox" : "J2000"
      }
    }, {
      "links" : {
        "self" : "https://api.nasa.gov/neo/rest/v1/neo/3519518?api_key=t0TVs3DtDT2H8Oy2Zy8m2eVrNsAVKAexjcZXUckd"
      },
      "neo_reference_id" : "3519518",
      "name" : "(2010 JK1)",
      "nasa_jpl_url" : "http://ssd.jpl.nasa.gov/sbdb.cgi?sstr=3519518",
      "absolute_magnitude_h" : 24.4,
      "estimated_diameter" : {
        "kilometers" : {
          "estimated_diameter_min" : 0.0350392641,
          "estimated_diameter_max" : 0.0783501764
        },
        "meters" : {
          "estimated_diameter_min" : 35.0392641108,
          "estimated_diameter_max" : 78.3501764334
        },
        "miles" : {
          "estimated_diameter_min" : 0.0217723826,
          "estimated_diameter_max" : 0.0486845275
        },
        "feet" : {
          "estimated_diameter_min" : 114.9582192654,
          "estimated_diameter_max" : 257.0543928497
        }
      },
      "is_potentially_hazardous_asteroid" : false,
      "close_approach_data" : [ {
        "close_approach_date" : "2008-05-08",
        "epoch_date_close_approach" : 1210230000000,
        "relative_velocity" : {
          "kilometers_per_second" : "16.643617004",
          "kilometers_per_hour" : "59917.0212142783",
          "miles_per_hour" : "37230.106876172"
        },
        "miss_distance" : {
          "astronomical" : "0.4016115542",
          "lunar" : "156.2268981934",
          "kilometers" : "60080236",
          "miles" : "37332128"
        },
        "orbiting_body" : "Earth"
      } ],
      "orbital_data" : {
        "orbit_id" : "24",
        "orbit_determination_date" : "2017-04-06 08:57:39",
        "orbit_uncertainty" : "2",
        "minimum_orbit_intersection" : ".00184959",
        "jupiter_tisserand_invariant" : "5.934",
        "epoch_osculation" : "2458000.5",
        "eccentricity" : ".1503116064839002",
        "semi_major_axis" : "1.029522079425049",
        "inclination" : ".1668281176381035",
        "ascending_node_longitude" : "201.8504404238901",
        "orbital_period" : "381.5504099023001",
        "perihelion_distance" : ".8747729617560247",
        "perihelion_argument" : "137.8162471836934",
        "aphelion_distance" : "1.184271197094074",
        "perihelion_time" : "2458095.081316772440",
        "mean_anomaly" : "270.7607457510083",
        "mean_motion" : ".943518839600203",
        "equinox" : "J2000"
      }
    }, {
      "links" : {
        "self" : "https://api.nasa.gov/neo/rest/v1/neo/3563921?api_key=t0TVs3DtDT2H8Oy2Zy8m2eVrNsAVKAexjcZXUckd"
      },
      "neo_reference_id" : "3563921",
      "name" : "(2011 HR)",
      "nasa_jpl_url" : "http://ssd.jpl.nasa.gov/sbdb.cgi?sstr=3563921",
      "absolute_magnitude_h" : 19.7,
      "estimated_diameter" : {
        "kilometers" : {
          "estimated_diameter_min" : 0.3051792326,
          "estimated_diameter_max" : 0.6824015094
        },
        "meters" : {
          "estimated_diameter_min" : 305.1792325939,
          "estimated_diameter_max" : 682.4015094011
        },
        "miles" : {
          "estimated_diameter_min" : 0.1896295249,
          "estimated_diameter_max" : 0.4240245083
        },
        "feet" : {
          "estimated_diameter_min" : 1001.2442334633,
          "estimated_diameter_max" : 2238.8501681036
        }
      },
      "is_potentially_hazardous_asteroid" : false,
      "close_approach_data" : [ {
        "close_approach_date" : "2008-05-08",
        "epoch_date_close_approach" : 1210230000000,
        "relative_velocity" : {
          "kilometers_per_second" : "6.9296172431",
          "kilometers_per_hour" : "24946.6220752337",
          "miles_per_hour" : "15500.8608111362"
        },
        "miss_distance" : {
          "astronomical" : "0.4711777877",
          "lunar" : "183.2881622314",
          "kilometers" : "70487192",
          "miles" : "43798712"
        },
        "orbiting_body" : "Earth"
      } ],
      "orbital_data" : {
        "orbit_id" : "26",
        "orbit_determination_date" : "2017-01-05 08:18:08",
        "orbit_uncertainty" : "1",
        "minimum_orbit_intersection" : ".295518",
        "jupiter_tisserand_invariant" : "4.921",
        "epoch_osculation" : "2457800.5",
        "eccentricity" : ".05185783163439601",
        "semi_major_axis" : "1.315088893344498",
        "inclination" : "16.20433823185365",
        "ascending_node_longitude" : "98.41762693739695",
        "orbital_period" : "550.8471309186372",
        "perihelion_distance" : "1.246891234929175",
        "perihelion_argument" : "294.8393542188793",
        "aphelion_distance" : "1.383286551759821",
        "perihelion_time" : "2457608.585605062140",
        "mean_anomaly" : "125.423512803654",
        "mean_motion" : ".6535388491533666",
        "equinox" : "J2000"
      }
    }, {
      "links" : {
        "self" : "https://api.nasa.gov/neo/rest/v1/neo/3726791?api_key=t0TVs3DtDT2H8Oy2Zy8m2eVrNsAVKAexjcZXUckd"
      },
      "neo_reference_id" : "3726791",
      "name" : "(2015 RH2)",
      "nasa_jpl_url" : "http://ssd.jpl.nasa.gov/sbdb.cgi?sstr=3726791",
      "absolute_magnitude_h" : 21.9,
      "estimated_diameter" : {
        "kilometers" : {
          "estimated_diameter_min" : 0.1108038821,
          "estimated_diameter_max" : 0.2477650126
        },
        "meters" : {
          "estimated_diameter_min" : 110.8038821264,
          "estimated_diameter_max" : 247.7650126055
        },
        "miles" : {
          "estimated_diameter_min" : 0.068850319,
          "estimated_diameter_max" : 0.1539539936
        },
        "feet" : {
          "estimated_diameter_min" : 363.5298086356,
          "estimated_diameter_max" : 812.8773639568
        }
      },
      "is_potentially_hazardous_asteroid" : true,
      "close_approach_data" : [ {
        "close_approach_date" : "2008-05-08",
        "epoch_date_close_approach" : 1210230000000,
        "relative_velocity" : {
          "kilometers_per_second" : "7.6602907257",
          "kilometers_per_hour" : "27577.0466125117",
          "miles_per_hour" : "17135.3043243132"
        },
        "miss_distance" : {
          "astronomical" : "0.4660220136",
          "lunar" : "181.2825622559",
          "kilometers" : "69715904",
          "miles" : "43319452"
        },
        "orbiting_body" : "Earth"
      } ],
      "orbital_data" : {
        "orbit_id" : "42",
        "orbit_determination_date" : "2017-04-06 08:32:12",
        "orbit_uncertainty" : "3",
        "minimum_orbit_intersection" : ".0118873",
        "jupiter_tisserand_invariant" : "5.202",
        "epoch_osculation" : "2458000.5",
        "eccentricity" : ".2665291322215915",
        "semi_major_axis" : "1.217696251228673",
        "inclination" : "5.350606603447778",
        "ascending_node_longitude" : "332.5034193512892",
        "orbital_period" : "490.802629047004",
        "perihelion_distance" : ".8931447260792097",
        "perihelion_argument" : "115.3149078058937",
        "aphelion_distance" : "1.542247776378136",
        "perihelion_time" : "2457861.112885086149",
        "mean_anomaly" : "102.2393899283305",
        "mean_motion" : ".7334924034514959",
        "equinox" : "J2000"
      }
    }, {
      "links" : {
        "self" : "https://api.nasa.gov/neo/rest/v1/neo/2482244?api_key=t0TVs3DtDT2H8Oy2Zy8m2eVrNsAVKAexjcZXUckd"
      },
      "neo_reference_id" : "2482244",
      "name" : "482244 (2011 HR)",
      "nasa_jpl_url" : "http://ssd.jpl.nasa.gov/sbdb.cgi?sstr=2482244",
      "absolute_magnitude_h" : 19.8,
      "estimated_diameter" : {
        "kilometers" : {
          "estimated_diameter_min" : 0.2914439045,
          "estimated_diameter_max" : 0.6516883822
        },
        "meters" : {
          "estimated_diameter_min" : 291.4439045349,
          "estimated_diameter_max" : 651.6883821679
        },
        "miles" : {
          "estimated_diameter_min" : 0.1810947904,
          "estimated_diameter_max" : 0.4049402617
        },
        "feet" : {
          "estimated_diameter_min" : 956.1808197541,
          "estimated_diameter_max" : 2138.0853117517
        }
      },
      "is_potentially_hazardous_asteroid" : false,
      "close_approach_data" : [ {
        "close_approach_date" : "2008-05-08",
        "epoch_date_close_approach" : 1210230000000,
        "relative_velocity" : {
          "kilometers_per_second" : "6.9296148924",
          "kilometers_per_hour" : "24946.6136124734",
          "miles_per_hour" : "15500.8555527061"
        },
        "miss_distance" : {
          "astronomical" : "0.4711776767",
          "lunar" : "183.2881164551",
          "kilometers" : "70487176",
          "miles" : "43798700"
        },
        "orbiting_body" : "Earth"
      } ],
      "orbital_data" : {
        "orbit_id" : "32",
        "orbit_determination_date" : "2017-05-25 06:21:29",
        "orbit_uncertainty" : "0",
        "minimum_orbit_intersection" : ".296053",
        "jupiter_tisserand_invariant" : "4.921",
        "epoch_osculation" : "2458000.5",
        "eccentricity" : ".05189200123623777",
        "semi_major_axis" : "1.315036386082629",
        "inclination" : "16.20501047738928",
        "ascending_node_longitude" : "98.41072926484888",
        "orbital_period" : "550.8141409215439",
        "perihelion_distance" : "1.246796516310331",
        "perihelion_argument" : "294.8904954555264",
        "aphelion_distance" : "1.383276255854926",
        "perihelion_time" : "2458159.489484469050",
        "mean_anomaly" : "256.0879720460728",
        "mean_motion" : ".6535779916574023",
        "equinox" : "J2000"
      }
    } ]
  }
}