{
  "links" : {
    "next" : "https://api.nasa.gov/neo/rest/v1/feed?start_date=2007-06-16&end_date=2007-06-16&detailed=true&api_key=t0TVs3DtDT2H8Oy2Zy8m2eVrNsAVKAexjcZXUckd",
    "prev" : "https://api.nasa.gov/neo/rest/v1/feed?start_date=2007-06-14&end_date=2007-06-14&detailed=true&api_key=t0TVs3DtDT2H8Oy2Zy8m2eVrNsAVKAexjcZXUckd",
    "self" : "https://api.nasa.gov/neo/rest/v1/feed?start_date=2007-06-15&end_date=2007-06-15&detailed=true&api_key=t0TVs3DtDT2H8Oy2Zy8m2eVrNsAVKAexjcZXUckd"
  },
  "element_count" : 6,
  "near_earth_objects" : {
    "2007-06-15" : [ {
      "links" : {
        "self" : "https://api.nasa.gov/neo/rest/v1/neo/2136849?api_key=t0TVs3DtDT2H8Oy2Zy8m2eVrNsAVKAexjcZXUckd"
      },
      "neo_reference_id" : "2136849",
      "name" : "136849 (1998 CS1)",
      "nasa_jpl_url" : "http://ssd.jpl.nasa.gov/sbdb.cgi?sstr=2136849",
      "absolute_magnitude_h" : 17.7,
      "estimated_diameter" : {
        "kilometers" : {
          "estimated_diameter_min" : 0.7665755735,
          "estimated_diameter_max" : 1.7141150923
        },
        "meters" : {
          "estimated_diameter_min" : 766.5755735311,
          "estimated_diameter_max" : 1714.1150923063
        },
        "miles" : {
          "estimated_diameter_min" : 0.4763278307,
          "estimated_diameter_max" : 1.065101409
        },
        "feet" : {
          "estimated_diameter_min" : 2515.0118046636,
          "estimated_diameter_max" : 5623.7373594423
        }
      },
      "is_potentially_hazardous_asteroid" : true,
      "close_approach_data" : [ {
        "close_approach_date" : "2007-06-15",
        "epoch_date_close_approach" : 1181890800000,
        "relative_velocity" : {
          "kilometers_per_second" : "12.6302854881",
          "kilometers_per_hour" : "45469.0277573018",
          "miles_per_hour" : "28252.685608419"
        },
        "miss_distance" : {
          "astronomical" : "0.2871291756",
          "lunar" : "111.6932449341",
          "kilometers" : "42953912",
          "miles" : "26690324"
        },
        "orbiting_body" : "Earth"
      } ],
      "orbital_data" : {
        "orbit_id" : "88",
        "orbit_determination_date" : "2017-04-06 09:28:00",
        "orbit_uncertainty" : "0",
        "minimum_orbit_intersection" : ".0196183",
        "jupiter_tisserand_invariant" : "4.354",
        "epoch_osculation" : "2458000.5",
        "eccentricity" : ".5783481357003427",
        "semi_major_axis" : "1.491506147283343",
        "inclination" : "7.789457784277946",
        "ascending_node_longitude" : "110.79376233939",
        "orbital_period" : "665.3283025009241",
        "perihelion_distance" : ".6288963476164209",
        "perihelion_argument" : "97.6586703552265",
        "aphelion_distance" : "2.354115946950265",
        "perihelion_time" : "2458226.221807987592",
        "mean_anomaly" : "237.8650320900482",
        "mean_motion" : ".5410862556827725",
        "equinox" : "J2000"
      }
    }, {
      "links" : {
        "self" : "https://api.nasa.gov/neo/rest/v1/neo/2230111?api_key=t0TVs3DtDT2H8Oy2Zy8m2eVrNsAVKAexjcZXUckd"
      },
      "neo_reference_id" : "2230111",
      "name" : "230111 (2001 BE10)",
      "nasa_jpl_url" : "http://ssd.jpl.nasa.gov/sbdb.cgi?sstr=2230111",
      "absolute_magnitude_h" : 19.1,
      "estimated_diameter" : {
        "kilometers" : {
          "estimated_diameter_min" : 0.4023045798,
          "estimated_diameter_max" : 0.8995803882
        },
        "meters" : {
          "estimated_diameter_min" : 402.3045798343,
          "estimated_diameter_max" : 899.5803881691
        },
        "miles" : {
          "estimated_diameter_min" : 0.2499803991,
          "estimated_diameter_max" : 0.5589731654
        },
        "feet" : {
          "estimated_diameter_min" : 1319.8969577037,
          "estimated_diameter_max" : 2951.3793207207
        }
      },
      "is_potentially_hazardous_asteroid" : true,
      "close_approach_data" : [ {
        "close_approach_date" : "2007-06-15",
        "epoch_date_close_approach" : 1181890800000,
        "relative_velocity" : {
          "kilometers_per_second" : "15.8610542796",
          "kilometers_per_hour" : "57099.7954065881",
          "miles_per_hour" : "35479.5923180547"
        },
        "miss_distance" : {
          "astronomical" : "0.4199861891",
          "lunar" : "163.3746337891",
          "kilometers" : "62829040",
          "miles" : "39040156"
        },
        "orbiting_body" : "Earth"
      } ],
      "orbital_data" : {
        "orbit_id" : "113",
        "orbit_determination_date" : "2017-04-06 09:25:10",
        "orbit_uncertainty" : "0",
        "minimum_orbit_intersection" : ".0423433",
        "jupiter_tisserand_invariant" : "7.026",
        "epoch_osculation" : "2458000.5",
        "eccentricity" : ".3691459782374203",
        "semi_major_axis" : ".8231696306005475",
        "inclination" : "17.50753782837232",
        "ascending_node_longitude" : "297.7973710117565",
        "orbital_period" : "272.7925064315339",
        "perihelion_distance" : ".5192998720571724",
        "perihelion_argument" : "30.57114985389649",
        "aphelion_distance" : "1.127039389143923",
        "perihelion_time" : "2458113.728986495010",
        "mean_anomaly" : "210.5734791932989",
        "mean_motion" : "1.319684344373124",
        "equinox" : "J2000"
      }
    }, {
      "links" : {
        "self" : "https://api.nasa.gov/neo/rest/v1/neo/2417871?api_key=t0TVs3DtDT2H8Oy2Zy8m2eVrNsAVKAexjcZXUckd"
      },
      "neo_reference_id" : "2417871",
      "name" : "417871 (2007 MB24)",
      "nasa_jpl_url" : "http://ssd.jpl.nasa.gov/sbdb.cgi?sstr=2417871",
      "absolute_magnitude_h" : 18.2,
      "estimated_diameter" : {
        "kilometers" : {
          "estimated_diameter_min" : 0.6089126221,
          "estimated_diameter_max" : 1.3615700154
        },
        "meters" : {
          "estimated_diameter_min" : 608.9126221057,
          "estimated_diameter_max" : 1361.5700153859
        },
        "miles" : {
          "estimated_diameter_min" : 0.3783606449,
          "estimated_diameter_max" : 0.846040122
        },
        "feet" : {
          "estimated_diameter_min" : 1997.7448871092,
          "estimated_diameter_max" : 4467.0933692788
        }
      },
      "is_potentially_hazardous_asteroid" : true,
      "close_approach_data" : [ {
        "close_approach_date" : "2007-06-15",
        "epoch_date_close_approach" : 1181890800000,
        "relative_velocity" : {
          "kilometers_per_second" : "28.0613354895",
          "kilometers_per_hour" : "101020.8077620402",
          "miles_per_hour" : "62770.4013563632"
        },
        "miss_distance" : {
          "astronomical" : "0.2040392226",
          "lunar" : "79.3712539673",
          "kilometers" : "30523832",
          "miles" : "18966630"
        },
        "orbiting_body" : "Earth"
      } ],
      "orbital_data" : {
        "orbit_id" : "46",
        "orbit_determination_date" : "2017-04-06 09:21:16",
        "orbit_uncertainty" : "0",
        "minimum_orbit_intersection" : ".0261465",
        "jupiter_tisserand_invariant" : "3.351",
        "epoch_osculation" : "2458000.5",
        "eccentricity" : ".7000402220682613",
        "semi_major_axis" : "1.875934417959248",
        "inclination" : "47.71196594029756",
        "ascending_node_longitude" : "271.1712061514428",
        "orbital_period" : "938.479745800314",
        "perihelion_distance" : ".5627048714255615",
        "perihelion_argument" : "269.1576575402622",
        "aphelion_distance" : "3.189163964492935",
        "perihelion_time" : "2457970.578359021883",
        "mean_anomaly" : "11.47791500064396",
        "mean_motion" : ".3835991150698732",
        "equinox" : "J2000"
      }
    }, {
      "links" : {
        "self" : "https://api.nasa.gov/neo/rest/v1/neo/3378562?api_key=t0TVs3DtDT2H8Oy2Zy8m2eVrNsAVKAexjcZXUckd"
      },
      "neo_reference_id" : "3378562",
      "name" : "(2007 MH)",
      "nasa_jpl_url" : "http://ssd.jpl.nasa.gov/sbdb.cgi?sstr=3378562",
      "absolute_magnitude_h" : 20.9,
      "estimated_diameter" : {
        "kilometers" : {
          "estimated_diameter_min" : 0.1756123185,
          "estimated_diameter_max" : 0.3926810818
        },
        "meters" : {
          "estimated_diameter_min" : 175.6123184804,
          "estimated_diameter_max" : 392.6810818086
        },
        "miles" : {
          "estimated_diameter_min" : 0.1091204019,
          "estimated_diameter_max" : 0.2440006365
        },
        "feet" : {
          "estimated_diameter_min" : 576.1559189633,
          "estimated_diameter_max" : 1288.3238004408
        }
      },
      "is_potentially_hazardous_asteroid" : false,
      "close_approach_data" : [ {
        "close_approach_date" : "2007-06-15",
        "epoch_date_close_approach" : 1181890800000,
        "relative_velocity" : {
          "kilometers_per_second" : "11.6445462754",
          "kilometers_per_hour" : "41920.3665914702",
          "miles_per_hour" : "26047.6855634611"
        },
        "miss_distance" : {
          "astronomical" : "0.125619163",
          "lunar" : "48.865852356",
          "kilometers" : "18792358",
          "miles" : "11677030"
        },
        "orbiting_body" : "Earth"
      } ],
      "orbital_data" : {
        "orbit_id" : "19",
        "orbit_determination_date" : "2017-04-06 09:06:21",
        "orbit_uncertainty" : "6",
        "minimum_orbit_intersection" : ".114409",
        "jupiter_tisserand_invariant" : "4.369",
        "epoch_osculation" : "2458000.5",
        "eccentricity" : ".3287380484726712",
        "semi_major_axis" : "1.526040934180432",
        "inclination" : "20.31261587125325",
        "ascending_node_longitude" : "274.0847866086553",
        "orbital_period" : "688.569372877948",
        "perihelion_distance" : "1.024373215588545",
        "perihelion_argument" : "303.3861385457245",
        "aphelion_distance" : "2.027708652772319",
        "perihelion_time" : "2457662.353060167192",
        "mean_anomaly" : "176.7910440614217",
        "mean_motion" : ".5228231376242342",
        "equinox" : "J2000"
      }
    }, {
      "links" : {
        "self" : "https://api.nasa.gov/neo/rest/v1/neo/3753662?api_key=t0TVs3DtDT2H8Oy2Zy8m2eVrNsAVKAexjcZXUckd"
      },
      "neo_reference_id" : "3753662",
      "name" : "(2016 LT)",
      "nasa_jpl_url" : "http://ssd.jpl.nasa.gov/sbdb.cgi?sstr=3753662",
      "absolute_magnitude_h" : 21.7,
      "estimated_diameter" : {
        "kilometers" : {
          "estimated_diameter_min" : 0.1214940408,
          "estimated_diameter_max" : 0.2716689341
        },
        "meters" : {
          "estimated_diameter_min" : 121.4940407996,
          "estimated_diameter_max" : 271.6689340891
        },
        "miles" : {
          "estimated_diameter_min" : 0.0754928736,
          "estimated_diameter_max" : 0.1688071972
        },
        "feet" : {
          "estimated_diameter_min" : 398.6025088171,
          "estimated_diameter_max" : 891.3023057169
        }
      },
      "is_potentially_hazardous_asteroid" : false,
      "close_approach_data" : [ {
        "close_approach_date" : "2007-06-15",
        "epoch_date_close_approach" : 1181890800000,
        "relative_velocity" : {
          "kilometers_per_second" : "16.6485745423",
          "kilometers_per_hour" : "59934.8683521515",
          "miles_per_hour" : "37241.196393591"
        },
        "miss_distance" : {
          "astronomical" : "0.285519346",
          "lunar" : "111.0670166016",
          "kilometers" : "42713084",
          "miles" : "26540680"
        },
        "orbiting_body" : "Earth"
      } ],
      "orbital_data" : {
        "orbit_id" : "10",
        "orbit_determination_date" : "2017-04-06 08:25:37",
        "orbit_uncertainty" : "4",
        "minimum_orbit_intersection" : ".0644987",
        "jupiter_tisserand_invariant" : "4.495",
        "epoch_osculation" : "2458000.5",
        "eccentricity" : ".3617070103377484",
        "semi_major_axis" : "1.481719875479256",
        "inclination" : "8.924496062757274",
        "ascending_node_longitude" : "80.55848095844804",
        "orbital_period" : "658.7908924203782",
        "perihelion_distance" : ".9457714091616335",
        "perihelion_argument" : "251.3039822987945",
        "aphelion_distance" : "2.017668341796879",
        "perihelion_time" : "2458266.820849985015",
        "mean_anomaly" : "214.4674689682464",
        "mean_motion" : ".5464556419069042",
        "equinox" : "J2000"
      }
    }, {
      "links" : {
        "self" : "https://api.nasa.gov/neo/rest/v1/neo/3377483?api_key=t0TVs3DtDT2H8Oy2Zy8m2eVrNsAVKAexjcZXUckd"
      },
      "neo_reference_id" : "3377483",
      "name" : "(2007 KD)",
      "nasa_jpl_url" : "http://ssd.jpl.nasa.gov/sbdb.cgi?sstr=3377483",
      "absolute_magnitude_h" : 20.6,
      "estimated_diameter" : {
        "kilometers" : {
          "estimated_diameter_min" : 0.2016299194,
          "estimated_diameter_max" : 0.4508582062
        },
        "meters" : {
          "estimated_diameter_min" : 201.6299194428,
          "estimated_diameter_max" : 450.8582061718
        },
        "miles" : {
          "estimated_diameter_min" : 0.1252869847,
          "estimated_diameter_max" : 0.2801502144
        },
        "feet" : {
          "estimated_diameter_min" : 661.5155049046,
          "estimated_diameter_max" : 1479.1936371367
        }
      },
      "is_potentially_hazardous_asteroid" : false,
      "close_approach_data" : [ {
        "close_approach_date" : "2007-06-15",
        "epoch_date_close_approach" : 1181890800000,
        "relative_velocity" : {
          "kilometers_per_second" : "5.4976721855",
          "kilometers_per_hour" : "19791.6198679625",
          "miles_per_hour" : "12297.7429118459"
        },
        "miss_distance" : {
          "astronomical" : "0.2633252387",
          "lunar" : "102.4335174561",
          "kilometers" : "39392896",
          "miles" : "24477610"
        },
        "orbiting_body" : "Earth"
      } ],
      "orbital_data" : {
        "orbit_id" : "12",
        "orbit_determination_date" : "2017-04-06 09:06:25",
        "orbit_uncertainty" : "2",
        "minimum_orbit_intersection" : ".202698",
        "jupiter_tisserand_invariant" : "3.750",
        "epoch_osculation" : "2458000.5",
        "eccentricity" : ".4179143252381325",
        "semi_major_axis" : "1.958675254999497",
        "inclination" : "11.21025135167596",
        "ascending_node_longitude" : "44.05173906795881",
        "orbital_period" : "1001.248969000277",
        "perihelion_distance" : "1.140116807445755",
        "perihelion_argument" : "242.102449510332",
        "aphelion_distance" : "2.777233702553239",
        "perihelion_time" : "2458305.077803326054",
        "mean_anomaly" : "250.4887669378973",
        "mean_motion" : ".3595509320318714",
        "equinox" : "J2000"
      }
    } ]
  }
}