{
  "links" : {
    "next" : "https://api.nasa.gov/neo/rest/v1/feed?start_date=2008-04-23&end_date=2008-04-23&detailed=true&api_key=t0TVs3DtDT2H8Oy2Zy8m2eVrNsAVKAexjcZXUckd",
    "prev" : "https://api.nasa.gov/neo/rest/v1/feed?start_date=2008-04-21&end_date=2008-04-21&detailed=true&api_key=t0TVs3DtDT2H8Oy2Zy8m2eVrNsAVKAexjcZXUckd",
    "self" : "https://api.nasa.gov/neo/rest/v1/feed?start_date=2008-04-22&end_date=2008-04-22&detailed=true&api_key=t0TVs3DtDT2H8Oy2Zy8m2eVrNsAVKAexjcZXUckd"
  },
  "element_count" : 10,
  "near_earth_objects" : {
    "2008-04-22" : [ {
      "links" : {
        "self" : "https://api.nasa.gov/neo/rest/v1/neo/2274138?api_key=t0TVs3DtDT2H8Oy2Zy8m2eVrNsAVKAexjcZXUckd"
      },
      "neo_reference_id" : "2274138",
      "name" : "274138 (2008 FU6)",
      "nasa_jpl_url" : "http://ssd.jpl.nasa.gov/sbdb.cgi?sstr=2274138",
      "absolute_magnitude_h" : 17.8,
      "estimated_diameter" : {
        "kilometers" : {
          "estimated_diameter_min" : 0.7320739893,
          "estimated_diameter_max" : 1.6369672047
        },
        "meters" : {
          "estimated_diameter_min" : 732.0739893473,
          "estimated_diameter_max" : 1636.96720474
        },
        "miles" : {
          "estimated_diameter_min" : 0.4548895468,
          "estimated_diameter_max" : 1.017163949
        },
        "feet" : {
          "estimated_diameter_min" : 2401.8176272101,
          "estimated_diameter_max" : 5370.6274839991
        }
      },
      "is_potentially_hazardous_asteroid" : false,
      "close_approach_data" : [ {
        "close_approach_date" : "2008-04-22",
        "epoch_date_close_approach" : 1208847600000,
        "relative_velocity" : {
          "kilometers_per_second" : "22.3923311219",
          "kilometers_per_hour" : "80612.3920388072",
          "miles_per_hour" : "50089.4054865578"
        },
        "miss_distance" : {
          "astronomical" : "0.1575188701",
          "lunar" : "61.2748374939",
          "kilometers" : "23564486",
          "miles" : "14642293"
        },
        "orbiting_body" : "Earth"
      } ],
      "orbital_data" : {
        "orbit_id" : "123",
        "orbit_determination_date" : "2017-09-27 06:52:18",
        "orbit_uncertainty" : "0",
        "minimum_orbit_intersection" : ".101518",
        "jupiter_tisserand_invariant" : "4.739",
        "epoch_osculation" : "2458000.5",
        "eccentricity" : ".5689333406810211",
        "semi_major_axis" : "1.323972899715292",
        "inclination" : "12.83102734927427",
        "ascending_node_longitude" : "192.8587711008403",
        "orbital_period" : "556.4383707837833",
        "perihelion_distance" : ".5707205749091322",
        "perihelion_argument" : "129.105037501435",
        "aphelion_distance" : "2.077225224521451",
        "perihelion_time" : "2457972.993409931733",
        "mean_anomaly" : "17.79599133436423",
        "mean_motion" : ".646971918009382",
        "equinox" : "J2000"
      }
    }, {
      "links" : {
        "self" : "https://api.nasa.gov/neo/rest/v1/neo/2301011?api_key=t0TVs3DtDT2H8Oy2Zy8m2eVrNsAVKAexjcZXUckd"
      },
      "neo_reference_id" : "2301011",
      "name" : "301011 (2008 JO)",
      "nasa_jpl_url" : "http://ssd.jpl.nasa.gov/sbdb.cgi?sstr=2301011",
      "absolute_magnitude_h" : 18.4,
      "estimated_diameter" : {
        "kilometers" : {
          "estimated_diameter_min" : 0.5553349116,
          "estimated_diameter_max" : 1.2417666126
        },
        "meters" : {
          "estimated_diameter_min" : 555.334911581,
          "estimated_diameter_max" : 1241.766612574
        },
        "miles" : {
          "estimated_diameter_min" : 0.3450690093,
          "estimated_diameter_max" : 0.7715977618
        },
        "feet" : {
          "estimated_diameter_min" : 1821.9649913114,
          "estimated_diameter_max" : 4074.0375731972
        }
      },
      "is_potentially_hazardous_asteroid" : false,
      "close_approach_data" : [ {
        "close_approach_date" : "2008-04-22",
        "epoch_date_close_approach" : 1208847600000,
        "relative_velocity" : {
          "kilometers_per_second" : "24.7517614396",
          "kilometers_per_hour" : "89106.3411825884",
          "miles_per_hour" : "55367.2151642589"
        },
        "miss_distance" : {
          "astronomical" : "0.3336511695",
          "lunar" : "129.7902984619",
          "kilometers" : "49913504",
          "miles" : "31014812"
        },
        "orbiting_body" : "Earth"
      } ],
      "orbital_data" : {
        "orbit_id" : "42",
        "orbit_determination_date" : "2017-04-06 09:24:10",
        "orbit_uncertainty" : "1",
        "minimum_orbit_intersection" : ".0859218",
        "jupiter_tisserand_invariant" : "4.348",
        "epoch_osculation" : "2458000.5",
        "eccentricity" : ".5452061012304864",
        "semi_major_axis" : "1.508772827874193",
        "inclination" : "5.366462864625274",
        "ascending_node_longitude" : "276.900325208858",
        "orbital_period" : "676.9151092417807",
        "perihelion_distance" : ".6861806767464085",
        "perihelion_argument" : "194.7515116443254",
        "aphelion_distance" : "2.331364979001977",
        "perihelion_time" : "2457913.572789681102",
        "mean_anomaly" : "46.23001508986221",
        "mean_motion" : ".531824441624947",
        "equinox" : "J2000"
      }
    }, {
      "links" : {
        "self" : "https://api.nasa.gov/neo/rest/v1/neo/3102780?api_key=t0TVs3DtDT2H8Oy2Zy8m2eVrNsAVKAexjcZXUckd"
      },
      "neo_reference_id" : "3102780",
      "name" : "(2002 BA1)",
      "nasa_jpl_url" : "http://ssd.jpl.nasa.gov/sbdb.cgi?sstr=3102780",
      "absolute_magnitude_h" : 21.5,
      "estimated_diameter" : {
        "kilometers" : {
          "estimated_diameter_min" : 0.1332155667,
          "estimated_diameter_max" : 0.2978790628
        },
        "meters" : {
          "estimated_diameter_min" : 133.2155666981,
          "estimated_diameter_max" : 297.8790627982
        },
        "miles" : {
          "estimated_diameter_min" : 0.0827762899,
          "estimated_diameter_max" : 0.1850934111
        },
        "feet" : {
          "estimated_diameter_min" : 437.0589598459,
          "estimated_diameter_max" : 977.2935443908
        }
      },
      "is_potentially_hazardous_asteroid" : false,
      "close_approach_data" : [ {
        "close_approach_date" : "2008-04-22",
        "epoch_date_close_approach" : 1208847600000,
        "relative_velocity" : {
          "kilometers_per_second" : "2.1510818131",
          "kilometers_per_hour" : "7743.8945271578",
          "miles_per_hour" : "4811.754907722"
        },
        "miss_distance" : {
          "astronomical" : "0.4800425639",
          "lunar" : "186.7365570068",
          "kilometers" : "71813344",
          "miles" : "44622744"
        },
        "orbiting_body" : "Earth"
      } ],
      "orbital_data" : {
        "orbit_id" : "36",
        "orbit_determination_date" : "2017-04-06 09:15:31",
        "orbit_uncertainty" : "0",
        "minimum_orbit_intersection" : ".133544",
        "jupiter_tisserand_invariant" : "3.643",
        "epoch_osculation" : "2458000.5",
        "eccentricity" : ".4564547586329013",
        "semi_major_axis" : "2.061746633282119",
        "inclination" : "2.66265260352222",
        "ascending_node_longitude" : "118.8545207285212",
        "orbital_period" : "1081.312859730115",
        "perihelion_distance" : "1.120652571425133",
        "perihelion_argument" : "58.08820243230512",
        "aphelion_distance" : "3.002840695139106",
        "perihelion_time" : "2457763.365807063862",
        "mean_anomaly" : "78.94876000856672",
        "mean_motion" : ".332928621684803",
        "equinox" : "J2000"
      }
    }, {
      "links" : {
        "self" : "https://api.nasa.gov/neo/rest/v1/neo/3397141?api_key=t0TVs3DtDT2H8Oy2Zy8m2eVrNsAVKAexjcZXUckd"
      },
      "neo_reference_id" : "3397141",
      "name" : "(2007 VR183)",
      "nasa_jpl_url" : "http://ssd.jpl.nasa.gov/sbdb.cgi?sstr=3397141",
      "absolute_magnitude_h" : 17.5,
      "estimated_diameter" : {
        "kilometers" : {
          "estimated_diameter_min" : 0.8405334021,
          "estimated_diameter_max" : 1.8794898244
        },
        "meters" : {
          "estimated_diameter_min" : 840.5334020728,
          "estimated_diameter_max" : 1879.4898243938
        },
        "miles" : {
          "estimated_diameter_min" : 0.5222830806,
          "estimated_diameter_max" : 1.1678604717
        },
        "feet" : {
          "estimated_diameter_min" : 2757.6556068564,
          "estimated_diameter_max" : 6166.3053954643
        }
      },
      "is_potentially_hazardous_asteroid" : false,
      "close_approach_data" : [ {
        "close_approach_date" : "2008-04-22",
        "epoch_date_close_approach" : 1208847600000,
        "relative_velocity" : {
          "kilometers_per_second" : "19.6703657721",
          "kilometers_per_hour" : "70813.316779592",
          "miles_per_hour" : "44000.6411956304"
        },
        "miss_distance" : {
          "astronomical" : "0.2584726623",
          "lunar" : "100.5458602905",
          "kilometers" : "38666960",
          "miles" : "24026534"
        },
        "orbiting_body" : "Earth"
      } ],
      "orbital_data" : {
        "orbit_id" : "50",
        "orbit_determination_date" : "2017-06-23 06:18:29",
        "orbit_uncertainty" : "0",
        "minimum_orbit_intersection" : ".196327",
        "jupiter_tisserand_invariant" : "2.971",
        "epoch_osculation" : "2458000.5",
        "eccentricity" : ".6187799958371656",
        "semi_major_axis" : "2.688146380830663",
        "inclination" : "23.49789816466561",
        "ascending_node_longitude" : "220.4579946747966",
        "orbital_period" : "1609.821777327943",
        "perihelion_distance" : "1.024775174490574",
        "perihelion_argument" : "298.1707185410708",
        "aphelion_distance" : "4.351517587170752",
        "perihelion_time" : "2457762.846227199277",
        "mean_anomaly" : "53.14585714591893",
        "mean_motion" : ".2236272394063054",
        "equinox" : "J2000"
      }
    }, {
      "links" : {
        "self" : "https://api.nasa.gov/neo/rest/v1/neo/3408076?api_key=t0TVs3DtDT2H8Oy2Zy8m2eVrNsAVKAexjcZXUckd"
      },
      "neo_reference_id" : "3408076",
      "name" : "(2008 CP23)",
      "nasa_jpl_url" : "http://ssd.jpl.nasa.gov/sbdb.cgi?sstr=3408076",
      "absolute_magnitude_h" : 19.6,
      "estimated_diameter" : {
        "kilometers" : {
          "estimated_diameter_min" : 0.3195618867,
          "estimated_diameter_max" : 0.7145621017
        },
        "meters" : {
          "estimated_diameter_min" : 319.5618867213,
          "estimated_diameter_max" : 714.5621017269
        },
        "miles" : {
          "estimated_diameter_min" : 0.1985664891,
          "estimated_diameter_max" : 0.4440081677
        },
        "feet" : {
          "estimated_diameter_min" : 1048.4314204307,
          "estimated_diameter_max" : 2344.3639258298
        }
      },
      "is_potentially_hazardous_asteroid" : false,
      "close_approach_data" : [ {
        "close_approach_date" : "2008-04-22",
        "epoch_date_close_approach" : 1208847600000,
        "relative_velocity" : {
          "kilometers_per_second" : "4.2989248024",
          "kilometers_per_hour" : "15476.1292887154",
          "miles_per_hour" : "9616.2648905354"
        },
        "miss_distance" : {
          "astronomical" : "0.3467065213",
          "lunar" : "134.8688354492",
          "kilometers" : "51866556",
          "miles" : "32228384"
        },
        "orbiting_body" : "Earth"
      } ],
      "orbital_data" : {
        "orbit_id" : "23",
        "orbit_determination_date" : "2017-04-06 09:04:26",
        "orbit_uncertainty" : "1",
        "minimum_orbit_intersection" : ".211053",
        "jupiter_tisserand_invariant" : "3.515",
        "epoch_osculation" : "2458000.5",
        "eccentricity" : ".4542533587216667",
        "semi_major_axis" : "2.207622776400375",
        "inclination" : "3.776098442017574",
        "ascending_node_longitude" : "136.9160405358666",
        "orbital_period" : "1198.079745202167",
        "perihelion_distance" : "1.204802715430054",
        "perihelion_argument" : "82.57219468460029",
        "aphelion_distance" : "3.210442837370696",
        "perihelion_time" : "2458194.843413667894",
        "mean_anomaly" : "301.6035291468548",
        "mean_motion" : ".3004808331345695",
        "equinox" : "J2000"
      }
    }, {
      "links" : {
        "self" : "https://api.nasa.gov/neo/rest/v1/neo/3409708?api_key=t0TVs3DtDT2H8Oy2Zy8m2eVrNsAVKAexjcZXUckd"
      },
      "neo_reference_id" : "3409708",
      "name" : "(2008 HV4)",
      "nasa_jpl_url" : "http://ssd.jpl.nasa.gov/sbdb.cgi?sstr=3409708",
      "absolute_magnitude_h" : 19.6,
      "estimated_diameter" : {
        "kilometers" : {
          "estimated_diameter_min" : 0.3195618867,
          "estimated_diameter_max" : 0.7145621017
        },
        "meters" : {
          "estimated_diameter_min" : 319.5618867213,
          "estimated_diameter_max" : 714.5621017269
        },
        "miles" : {
          "estimated_diameter_min" : 0.1985664891,
          "estimated_diameter_max" : 0.4440081677
        },
        "feet" : {
          "estimated_diameter_min" : 1048.4314204307,
          "estimated_diameter_max" : 2344.3639258298
        }
      },
      "is_potentially_hazardous_asteroid" : false,
      "close_approach_data" : [ {
        "close_approach_date" : "2008-04-22",
        "epoch_date_close_approach" : 1208847600000,
        "relative_velocity" : {
          "kilometers_per_second" : "11.150124042",
          "kilometers_per_hour" : "40140.4465511834",
          "miles_per_hour" : "24941.7124695395"
        },
        "miss_distance" : {
          "astronomical" : "0.4474391162",
          "lunar" : "174.053817749",
          "kilometers" : "66935936",
          "miles" : "41592064"
        },
        "orbiting_body" : "Earth"
      } ],
      "orbital_data" : {
        "orbit_id" : "55",
        "orbit_determination_date" : "2017-09-23 06:50:00",
        "orbit_uncertainty" : "1",
        "minimum_orbit_intersection" : ".175219",
        "jupiter_tisserand_invariant" : "4.588",
        "epoch_osculation" : "2458000.5",
        "eccentricity" : ".2779089642314824",
        "semi_major_axis" : "1.4264425490884",
        "inclination" : "20.8181528594977",
        "ascending_node_longitude" : "224.0346760816633",
        "orbital_period" : "622.2714188547402",
        "perihelion_distance" : "1.030021377735527",
        "perihelion_argument" : "249.4576210911956",
        "aphelion_distance" : "1.822863720441273",
        "perihelion_time" : "2458184.455871454664",
        "mean_anomaly" : "253.5768031166187",
        "mean_motion" : ".5785256868498995",
        "equinox" : "J2000"
      }
    }, {
      "links" : {
        "self" : "https://api.nasa.gov/neo/rest/v1/neo/3433367?api_key=t0TVs3DtDT2H8Oy2Zy8m2eVrNsAVKAexjcZXUckd"
      },
      "neo_reference_id" : "3433367",
      "name" : "(2008 UG7)",
      "nasa_jpl_url" : "http://ssd.jpl.nasa.gov/sbdb.cgi?sstr=3433367",
      "absolute_magnitude_h" : 21.2,
      "estimated_diameter" : {
        "kilometers" : {
          "estimated_diameter_min" : 0.1529519353,
          "estimated_diameter_max" : 0.3420109247
        },
        "meters" : {
          "estimated_diameter_min" : 152.9519353442,
          "estimated_diameter_max" : 342.0109247198
        },
        "miles" : {
          "estimated_diameter_min" : 0.095039897,
          "estimated_diameter_max" : 0.2125156703
        },
        "feet" : {
          "estimated_diameter_min" : 501.8108275547,
          "estimated_diameter_max" : 1122.0831222578
        }
      },
      "is_potentially_hazardous_asteroid" : false,
      "close_approach_data" : [ {
        "close_approach_date" : "2008-04-22",
        "epoch_date_close_approach" : 1208847600000,
        "relative_velocity" : {
          "kilometers_per_second" : "22.9689345472",
          "kilometers_per_hour" : "82688.1643699988",
          "miles_per_hour" : "51379.2096886807"
        },
        "miss_distance" : {
          "astronomical" : "0.4959693025",
          "lunar" : "192.9320526123",
          "kilometers" : "74195952",
          "miles" : "46103228"
        },
        "orbiting_body" : "Earth"
      } ],
      "orbital_data" : {
        "orbit_id" : "11",
        "orbit_determination_date" : "2017-04-06 09:02:25",
        "orbit_uncertainty" : "2",
        "minimum_orbit_intersection" : ".164086",
        "jupiter_tisserand_invariant" : "4.970",
        "epoch_osculation" : "2458000.5",
        "eccentricity" : ".09474676611184379",
        "semi_major_axis" : "1.227624404753961",
        "inclination" : "40.82475930278173",
        "ascending_node_longitude" : "208.3524638616056",
        "orbital_period" : "496.8172848921189",
        "perihelion_distance" : "1.111310962403546",
        "perihelion_argument" : "120.5350709237874",
        "aphelion_distance" : "1.343937847104375",
        "perihelion_time" : "2458171.686399050289",
        "mean_anomaly" : "235.9562005345972",
        "mean_motion" : ".7246124701119687",
        "equinox" : "J2000"
      }
    }, {
      "links" : {
        "self" : "https://api.nasa.gov/neo/rest/v1/neo/3654483?api_key=t0TVs3DtDT2H8Oy2Zy8m2eVrNsAVKAexjcZXUckd"
      },
      "neo_reference_id" : "3654483",
      "name" : "(2013 XY20)",
      "nasa_jpl_url" : "http://ssd.jpl.nasa.gov/sbdb.cgi?sstr=3654483",
      "absolute_magnitude_h" : 25.5,
      "estimated_diameter" : {
        "kilometers" : {
          "estimated_diameter_min" : 0.0211132445,
          "estimated_diameter_max" : 0.0472106499
        },
        "meters" : {
          "estimated_diameter_min" : 21.113244479,
          "estimated_diameter_max" : 47.2106498806
        },
        "miles" : {
          "estimated_diameter_min" : 0.0131191578,
          "estimated_diameter_max" : 0.0293353287
        },
        "feet" : {
          "estimated_diameter_min" : 69.2691770164,
          "estimated_diameter_max" : 154.8905885541
        }
      },
      "is_potentially_hazardous_asteroid" : false,
      "close_approach_data" : [ {
        "close_approach_date" : "2008-04-22",
        "epoch_date_close_approach" : 1208847600000,
        "relative_velocity" : {
          "kilometers_per_second" : "3.1987763692",
          "kilometers_per_hour" : "11515.5949291776",
          "miles_per_hour" : "7155.3428602992"
        },
        "miss_distance" : {
          "astronomical" : "0.1884666265",
          "lunar" : "73.3135147095",
          "kilometers" : "28194206",
          "miles" : "17519068"
        },
        "orbiting_body" : "Earth"
      } ],
      "orbital_data" : {
        "orbit_id" : "16",
        "orbit_determination_date" : "2017-04-06 08:43:20",
        "orbit_uncertainty" : "5",
        "minimum_orbit_intersection" : ".0297349",
        "jupiter_tisserand_invariant" : "5.528",
        "epoch_osculation" : "2458000.5",
        "eccentricity" : ".1064290917806996",
        "semi_major_axis" : "1.130536133654754",
        "inclination" : "2.862689347802723",
        "ascending_node_longitude" : "78.63417774554644",
        "orbital_period" : "439.0612386764371",
        "perihelion_distance" : "1.010214199724615",
        "perihelion_argument" : "18.16760125743058",
        "aphelion_distance" : "1.250858067584893",
        "perihelion_time" : "2457970.612040392604",
        "mean_anomaly" : "24.50607002134327",
        "mean_motion" : ".8199311810927115",
        "equinox" : "J2000"
      }
    }, {
      "links" : {
        "self" : "https://api.nasa.gov/neo/rest/v1/neo/3467261?api_key=t0TVs3DtDT2H8Oy2Zy8m2eVrNsAVKAexjcZXUckd"
      },
      "neo_reference_id" : "3467261",
      "name" : "(2009 SL2)",
      "nasa_jpl_url" : "http://ssd.jpl.nasa.gov/sbdb.cgi?sstr=3467261",
      "absolute_magnitude_h" : 22.1,
      "estimated_diameter" : {
        "kilometers" : {
          "estimated_diameter_min" : 0.1010543415,
          "estimated_diameter_max" : 0.2259643771
        },
        "meters" : {
          "estimated_diameter_min" : 101.054341542,
          "estimated_diameter_max" : 225.9643771094
        },
        "miles" : {
          "estimated_diameter_min" : 0.0627922373,
          "estimated_diameter_max" : 0.140407711
        },
        "feet" : {
          "estimated_diameter_min" : 331.5431259047,
          "estimated_diameter_max" : 741.3529669956
        }
      },
      "is_potentially_hazardous_asteroid" : false,
      "close_approach_data" : [ {
        "close_approach_date" : "2008-04-22",
        "epoch_date_close_approach" : 1208847600000,
        "relative_velocity" : {
          "kilometers_per_second" : "14.6127305299",
          "kilometers_per_hour" : "52605.8299076216",
          "miles_per_hour" : "32687.2169223219"
        },
        "miss_distance" : {
          "astronomical" : "0.2986307303",
          "lunar" : "116.1673583984",
          "kilometers" : "44674524",
          "miles" : "27759462"
        },
        "orbiting_body" : "Earth"
      } ],
      "orbital_data" : {
        "orbit_id" : "10",
        "orbit_determination_date" : "2017-04-06 08:59:56",
        "orbit_uncertainty" : "6",
        "minimum_orbit_intersection" : ".150051",
        "jupiter_tisserand_invariant" : "5.768",
        "epoch_osculation" : "2458000.5",
        "eccentricity" : ".2489470689354046",
        "semi_major_axis" : "1.046304081911189",
        "inclination" : "23.73870968884856",
        "ascending_node_longitude" : "4.972058517926767",
        "orbital_period" : "390.9176742630271",
        "perihelion_distance" : ".7858297475042493",
        "perihelion_argument" : "224.6271748065314",
        "aphelion_distance" : "1.306778416318129",
        "perihelion_time" : "2458115.624486235193",
        "mean_anomaly" : "253.9807080280957",
        "mean_motion" : ".9209100117529496",
        "equinox" : "J2000"
      }
    }, {
      "links" : {
        "self" : "https://api.nasa.gov/neo/rest/v1/neo/2496001?api_key=t0TVs3DtDT2H8Oy2Zy8m2eVrNsAVKAexjcZXUckd"
      },
      "neo_reference_id" : "2496001",
      "name" : "496001 (2007 VR183)",
      "nasa_jpl_url" : "http://ssd.jpl.nasa.gov/sbdb.cgi?sstr=2496001",
      "absolute_magnitude_h" : 17.5,
      "estimated_diameter" : {
        "kilometers" : {
          "estimated_diameter_min" : 0.8405334021,
          "estimated_diameter_max" : 1.8794898244
        },
        "meters" : {
          "estimated_diameter_min" : 840.5334020728,
          "estimated_diameter_max" : 1879.4898243938
        },
        "miles" : {
          "estimated_diameter_min" : 0.5222830806,
          "estimated_diameter_max" : 1.1678604717
        },
        "feet" : {
          "estimated_diameter_min" : 2757.6556068564,
          "estimated_diameter_max" : 6166.3053954643
        }
      },
      "is_potentially_hazardous_asteroid" : false,
      "close_approach_data" : [ {
        "close_approach_date" : "2008-04-22",
        "epoch_date_close_approach" : 1208847600000,
        "relative_velocity" : {
          "kilometers_per_second" : "19.6703657381",
          "kilometers_per_hour" : "70813.316657173",
          "miles_per_hour" : "44000.6411195639"
        },
        "miss_distance" : {
          "astronomical" : "0.2584726623",
          "lunar" : "100.5458602905",
          "kilometers" : "38666960",
          "miles" : "24026534"
        },
        "orbiting_body" : "Earth"
      } ],
      "orbital_data" : {
        "orbit_id" : "51",
        "orbit_determination_date" : "2017-07-11 15:55:15",
        "orbit_uncertainty" : "0",
        "minimum_orbit_intersection" : ".196327",
        "jupiter_tisserand_invariant" : "2.971",
        "epoch_osculation" : "2458000.5",
        "eccentricity" : ".618779995828181",
        "semi_major_axis" : "2.688146380827618",
        "inclination" : "23.49789816427135",
        "ascending_node_longitude" : "220.4579946758365",
        "orbital_period" : "1609.821777325209",
        "perihelion_distance" : "1.024775174513565",
        "perihelion_argument" : "298.170718540717",
        "aphelion_distance" : "4.351517587141672",
        "perihelion_time" : "2457762.846227201607",
        "mean_anomaly" : "53.14585714548819",
        "mean_motion" : ".2236272394066853",
        "equinox" : "J2000"
      }
    } ]
  }
}