{
  "links" : {
    "next" : "https://api.nasa.gov/neo/rest/v1/feed?start_date=1995-03-23&end_date=1995-03-23&detailed=true&api_key=t0TVs3DtDT2H8Oy2Zy8m2eVrNsAVKAexjcZXUckd",
    "prev" : "https://api.nasa.gov/neo/rest/v1/feed?start_date=1995-03-21&end_date=1995-03-21&detailed=true&api_key=t0TVs3DtDT2H8Oy2Zy8m2eVrNsAVKAexjcZXUckd",
    "self" : "https://api.nasa.gov/neo/rest/v1/feed?start_date=1995-03-22&end_date=1995-03-22&detailed=true&api_key=t0TVs3DtDT2H8Oy2Zy8m2eVrNsAVKAexjcZXUckd"
  },
  "element_count" : 8,
  "near_earth_objects" : {
    "1995-03-22" : [ {
      "links" : {
        "self" : "https://api.nasa.gov/neo/rest/v1/neo/2267221?api_key=t0TVs3DtDT2H8Oy2Zy8m2eVrNsAVKAexjcZXUckd"
      },
      "neo_reference_id" : "2267221",
      "name" : "267221 (2001 AD2)",
      "nasa_jpl_url" : "http://ssd.jpl.nasa.gov/sbdb.cgi?sstr=2267221",
      "absolute_magnitude_h" : 19.8,
      "estimated_diameter" : {
        "kilometers" : {
          "estimated_diameter_min" : 0.2914439045,
          "estimated_diameter_max" : 0.6516883822
        },
        "meters" : {
          "estimated_diameter_min" : 291.4439045349,
          "estimated_diameter_max" : 651.6883821679
        },
        "miles" : {
          "estimated_diameter_min" : 0.1810947904,
          "estimated_diameter_max" : 0.4049402617
        },
        "feet" : {
          "estimated_diameter_min" : 956.1808197541,
          "estimated_diameter_max" : 2138.0853117517
        }
      },
      "is_potentially_hazardous_asteroid" : true,
      "close_approach_data" : [ {
        "close_approach_date" : "1995-03-22",
        "epoch_date_close_approach" : 795859200000,
        "relative_velocity" : {
          "kilometers_per_second" : "14.6506071817",
          "kilometers_per_hour" : "52742.1858542341",
          "miles_per_hour" : "32771.9432048156"
        },
        "miss_distance" : {
          "astronomical" : "0.49345027",
          "lunar" : "191.9521636963",
          "kilometers" : "73819112",
          "miles" : "45869068"
        },
        "orbiting_body" : "Earth"
      } ],
      "orbital_data" : {
        "orbit_id" : "80",
        "orbit_determination_date" : "2017-08-05 06:18:39",
        "orbit_uncertainty" : "0",
        "minimum_orbit_intersection" : ".00864628",
        "jupiter_tisserand_invariant" : "5.679",
        "epoch_osculation" : "2458000.5",
        "eccentricity" : ".6596701710312648",
        "semi_major_axis" : "1.039069958449247",
        "inclination" : "1.660280612530236",
        "ascending_node_longitude" : "211.1661458545495",
        "orbital_period" : "386.8704956796536",
        "perihelion_distance" : ".3536265012455829",
        "perihelion_argument" : "111.2704877710451",
        "aphelion_distance" : "1.72451341565291",
        "perihelion_time" : "2458022.991311085227",
        "mean_anomaly" : "339.0708464948791",
        "mean_motion" : ".9305439520983694",
        "equinox" : "J2000"
      }
    }, {
      "links" : {
        "self" : "https://api.nasa.gov/neo/rest/v1/neo/2382875?api_key=t0TVs3DtDT2H8Oy2Zy8m2eVrNsAVKAexjcZXUckd"
      },
      "neo_reference_id" : "2382875",
      "name" : "382875 (2004 KE1)",
      "nasa_jpl_url" : "http://ssd.jpl.nasa.gov/sbdb.cgi?sstr=2382875",
      "absolute_magnitude_h" : 21.7,
      "estimated_diameter" : {
        "kilometers" : {
          "estimated_diameter_min" : 0.1214940408,
          "estimated_diameter_max" : 0.2716689341
        },
        "meters" : {
          "estimated_diameter_min" : 121.4940407996,
          "estimated_diameter_max" : 271.6689340891
        },
        "miles" : {
          "estimated_diameter_min" : 0.0754928736,
          "estimated_diameter_max" : 0.1688071972
        },
        "feet" : {
          "estimated_diameter_min" : 398.6025088171,
          "estimated_diameter_max" : 891.3023057169
        }
      },
      "is_potentially_hazardous_asteroid" : false,
      "close_approach_data" : [ {
        "close_approach_date" : "1995-03-22",
        "epoch_date_close_approach" : 795859200000,
        "relative_velocity" : {
          "kilometers_per_second" : "7.5148753568",
          "kilometers_per_hour" : "27053.5512844418",
          "miles_per_hour" : "16810.0246856022"
        },
        "miss_distance" : {
          "astronomical" : "0.4991803786",
          "lunar" : "194.1811676025",
          "kilometers" : "74676320",
          "miles" : "46401716"
        },
        "orbiting_body" : "Earth"
      } ],
      "orbital_data" : {
        "orbit_id" : "39",
        "orbit_determination_date" : "2017-04-06 09:22:12",
        "orbit_uncertainty" : "0",
        "minimum_orbit_intersection" : ".072723",
        "jupiter_tisserand_invariant" : "4.988",
        "epoch_osculation" : "2458000.5",
        "eccentricity" : ".1806949354384842",
        "semi_major_axis" : "1.298712853884236",
        "inclination" : "2.883848267500705",
        "ascending_node_longitude" : "42.7745945849694",
        "orbital_period" : "540.5901587784003",
        "perihelion_distance" : "1.064042018598494",
        "perihelion_argument" : "283.6789058830172",
        "aphelion_distance" : "1.533383689169977",
        "perihelion_time" : "2458116.955251423414",
        "mean_anomaly" : "282.4479213473536",
        "mean_motion" : ".6659388709803942",
        "equinox" : "J2000"
      }
    }, {
      "links" : {
        "self" : "https://api.nasa.gov/neo/rest/v1/neo/2396793?api_key=t0TVs3DtDT2H8Oy2Zy8m2eVrNsAVKAexjcZXUckd"
      },
      "neo_reference_id" : "2396793",
      "name" : "396793 (2004 JN2)",
      "nasa_jpl_url" : "http://ssd.jpl.nasa.gov/sbdb.cgi?sstr=2396793",
      "absolute_magnitude_h" : 20.1,
      "estimated_diameter" : {
        "kilometers" : {
          "estimated_diameter_min" : 0.2538370294,
          "estimated_diameter_max" : 0.5675968529
        },
        "meters" : {
          "estimated_diameter_min" : 253.8370293645,
          "estimated_diameter_max" : 567.5968528656
        },
        "miles" : {
          "estimated_diameter_min" : 0.1577269688,
          "estimated_diameter_max" : 0.3526882241
        },
        "feet" : {
          "estimated_diameter_min" : 832.7986794202,
          "estimated_diameter_max" : 1862.1944587557
        }
      },
      "is_potentially_hazardous_asteroid" : false,
      "close_approach_data" : [ {
        "close_approach_date" : "1995-03-22",
        "epoch_date_close_approach" : 795859200000,
        "relative_velocity" : {
          "kilometers_per_second" : "14.3828211868",
          "kilometers_per_hour" : "51778.1562725826",
          "miles_per_hour" : "32172.9327128167"
        },
        "miss_distance" : {
          "astronomical" : "0.4209661835",
          "lunar" : "163.7558441162",
          "kilometers" : "62975644",
          "miles" : "39131252"
        },
        "orbiting_body" : "Earth"
      } ],
      "orbital_data" : {
        "orbit_id" : "27",
        "orbit_determination_date" : "2017-04-06 09:21:55",
        "orbit_uncertainty" : "0",
        "minimum_orbit_intersection" : ".286119",
        "jupiter_tisserand_invariant" : "5.550",
        "epoch_osculation" : "2458000.5",
        "eccentricity" : ".6085291129034922",
        "semi_major_axis" : "1.067729565398203",
        "inclination" : "19.76609421451883",
        "ascending_node_longitude" : "228.3483095782694",
        "orbital_period" : "402.9863441432185",
        "perihelion_distance" : ".4179850401456034",
        "perihelion_argument" : "179.9055930928364",
        "aphelion_distance" : "1.717474090650803",
        "perihelion_time" : "2458175.961956843295",
        "mean_anomaly" : "203.2544790124766",
        "mean_motion" : ".8933305190908865",
        "equinox" : "J2000"
      }
    }, {
      "links" : {
        "self" : "https://api.nasa.gov/neo/rest/v1/neo/2419472?api_key=t0TVs3DtDT2H8Oy2Zy8m2eVrNsAVKAexjcZXUckd"
      },
      "neo_reference_id" : "2419472",
      "name" : "419472 (2010 DW1)",
      "nasa_jpl_url" : "http://ssd.jpl.nasa.gov/sbdb.cgi?sstr=2419472",
      "absolute_magnitude_h" : 19.9,
      "estimated_diameter" : {
        "kilometers" : {
          "estimated_diameter_min" : 0.2783267681,
          "estimated_diameter_max" : 0.6223575734
        },
        "meters" : {
          "estimated_diameter_min" : 278.3267680719,
          "estimated_diameter_max" : 622.3575733667
        },
        "miles" : {
          "estimated_diameter_min" : 0.1729441822,
          "estimated_diameter_max" : 0.3867149477
        },
        "feet" : {
          "estimated_diameter_min" : 913.1455937611,
          "estimated_diameter_max" : 2041.8556210042
        }
      },
      "is_potentially_hazardous_asteroid" : true,
      "close_approach_data" : [ {
        "close_approach_date" : "1995-03-22",
        "epoch_date_close_approach" : 795859200000,
        "relative_velocity" : {
          "kilometers_per_second" : "16.5382492667",
          "kilometers_per_hour" : "59537.6973600401",
          "miles_per_hour" : "36994.4097846316"
        },
        "miss_distance" : {
          "astronomical" : "0.3724623296",
          "lunar" : "144.8878479004",
          "kilometers" : "55719572",
          "miles" : "34622536"
        },
        "orbiting_body" : "Earth"
      } ],
      "orbital_data" : {
        "orbit_id" : "48",
        "orbit_determination_date" : "2017-09-18 06:55:42",
        "orbit_uncertainty" : "0",
        "minimum_orbit_intersection" : ".00632801",
        "jupiter_tisserand_invariant" : "5.118",
        "epoch_osculation" : "2458000.5",
        "eccentricity" : ".2001586683140727",
        "semi_major_axis" : "1.225054256082759",
        "inclination" : "23.76674096359197",
        "ascending_node_longitude" : "157.1413506175398",
        "orbital_period" : "495.2579002937377",
        "perihelion_distance" : ".9798490275727472",
        "perihelion_argument" : "9.6180260171084",
        "aphelion_distance" : "1.470259484592771",
        "perihelion_time" : "2458225.396086397149",
        "mean_anomaly" : "196.5243824380092",
        "mean_motion" : ".7268940077209951",
        "equinox" : "J2000"
      }
    }, {
      "links" : {
        "self" : "https://api.nasa.gov/neo/rest/v1/neo/3647009?api_key=t0TVs3DtDT2H8Oy2Zy8m2eVrNsAVKAexjcZXUckd"
      },
      "neo_reference_id" : "3647009",
      "name" : "(2013 QM48)",
      "nasa_jpl_url" : "http://ssd.jpl.nasa.gov/sbdb.cgi?sstr=3647009",
      "absolute_magnitude_h" : 27.4,
      "estimated_diameter" : {
        "kilometers" : {
          "estimated_diameter_min" : 0.0088014652,
          "estimated_diameter_max" : 0.0196806745
        },
        "meters" : {
          "estimated_diameter_min" : 8.801465209,
          "estimated_diameter_max" : 19.6806745089
        },
        "miles" : {
          "estimated_diameter_min" : 0.0054689752,
          "estimated_diameter_max" : 0.0122290004
        },
        "feet" : {
          "estimated_diameter_min" : 28.8761991163,
          "estimated_diameter_max" : 64.5691441559
        }
      },
      "is_potentially_hazardous_asteroid" : false,
      "close_approach_data" : [ {
        "close_approach_date" : "1995-03-22",
        "epoch_date_close_approach" : 795859200000,
        "relative_velocity" : {
          "kilometers_per_second" : "7.3391408326",
          "kilometers_per_hour" : "26420.9069973864",
          "miles_per_hour" : "16416.9241284594"
        },
        "miss_distance" : {
          "astronomical" : "0.071064889",
          "lunar" : "27.644241333",
          "kilometers" : "10631156",
          "miles" : "6605894"
        },
        "orbiting_body" : "Earth"
      } ],
      "orbital_data" : {
        "orbit_id" : "7",
        "orbit_determination_date" : "2017-04-06 08:44:59",
        "orbit_uncertainty" : "7",
        "minimum_orbit_intersection" : ".00184403",
        "jupiter_tisserand_invariant" : "5.435",
        "epoch_osculation" : "2458000.5",
        "eccentricity" : ".2216354711934581",
        "semi_major_axis" : "1.149622484484153",
        "inclination" : "7.430785914533306",
        "ascending_node_longitude" : "330.7831998198386",
        "orbital_period" : "450.2267560674101",
        "perihelion_distance" : ".894825363440914",
        "perihelion_argument" : "290.4836428426266",
        "aphelion_distance" : "1.404419605527393",
        "perihelion_time" : "2457820.163435951764",
        "mean_anomaly" : "144.1965902347316",
        "mean_motion" : ".7995970811341543",
        "equinox" : "J2000"
      }
    }, {
      "links" : {
        "self" : "https://api.nasa.gov/neo/rest/v1/neo/3713321?api_key=t0TVs3DtDT2H8Oy2Zy8m2eVrNsAVKAexjcZXUckd"
      },
      "neo_reference_id" : "3713321",
      "name" : "(2015 FS)",
      "nasa_jpl_url" : "http://ssd.jpl.nasa.gov/sbdb.cgi?sstr=3713321",
      "absolute_magnitude_h" : 23.9,
      "estimated_diameter" : {
        "kilometers" : {
          "estimated_diameter_min" : 0.04411182,
          "estimated_diameter_max" : 0.0986370281
        },
        "meters" : {
          "estimated_diameter_min" : 44.1118199997,
          "estimated_diameter_max" : 98.6370281305
        },
        "miles" : {
          "estimated_diameter_min" : 0.0274098057,
          "estimated_diameter_max" : 0.0612901888
        },
        "feet" : {
          "estimated_diameter_min" : 144.7238235278,
          "estimated_diameter_max" : 323.6123073718
        }
      },
      "is_potentially_hazardous_asteroid" : false,
      "close_approach_data" : [ {
        "close_approach_date" : "1995-03-22",
        "epoch_date_close_approach" : 795859200000,
        "relative_velocity" : {
          "kilometers_per_second" : "10.5995937061",
          "kilometers_per_hour" : "38158.5373419197",
          "miles_per_hour" : "23710.23116115"
        },
        "miss_distance" : {
          "astronomical" : "0.3935150166",
          "lunar" : "153.0773468018",
          "kilometers" : "58869008",
          "miles" : "36579508"
        },
        "orbiting_body" : "Earth"
      } ],
      "orbital_data" : {
        "orbit_id" : "11",
        "orbit_determination_date" : "2017-04-06 08:35:03",
        "orbit_uncertainty" : "5",
        "minimum_orbit_intersection" : ".110326",
        "jupiter_tisserand_invariant" : "4.698",
        "epoch_osculation" : "2458000.5",
        "eccentricity" : ".2254849824771856",
        "semi_major_axis" : "1.408325755715618",
        "inclination" : "8.113962312011777",
        "ascending_node_longitude" : "158.2260557876106",
        "orbital_period" : "610.4542330459966",
        "perihelion_distance" : "1.090769447365912",
        "perihelion_argument" : "28.41222819732559",
        "aphelion_distance" : "1.725882064065323",
        "perihelion_time" : "2457721.451415723968",
        "mean_anomaly" : "164.561870327472",
        "mean_motion" : ".589724799193709",
        "equinox" : "J2000"
      }
    }, {
      "links" : {
        "self" : "https://api.nasa.gov/neo/rest/v1/neo/3747315?api_key=t0TVs3DtDT2H8Oy2Zy8m2eVrNsAVKAexjcZXUckd"
      },
      "neo_reference_id" : "3747315",
      "name" : "(2016 EM157)",
      "nasa_jpl_url" : "http://ssd.jpl.nasa.gov/sbdb.cgi?sstr=3747315",
      "absolute_magnitude_h" : 26.9,
      "estimated_diameter" : {
        "kilometers" : {
          "estimated_diameter_min" : 0.0110803882,
          "estimated_diameter_max" : 0.0247765013
        },
        "meters" : {
          "estimated_diameter_min" : 11.0803882126,
          "estimated_diameter_max" : 24.7765012606
        },
        "miles" : {
          "estimated_diameter_min" : 0.0068850319,
          "estimated_diameter_max" : 0.0153953994
        },
        "feet" : {
          "estimated_diameter_min" : 36.3529808636,
          "estimated_diameter_max" : 81.2877363957
        }
      },
      "is_potentially_hazardous_asteroid" : false,
      "close_approach_data" : [ {
        "close_approach_date" : "1995-03-22",
        "epoch_date_close_approach" : 795859200000,
        "relative_velocity" : {
          "kilometers_per_second" : "22.8246286413",
          "kilometers_per_hour" : "82168.6631087621",
          "miles_per_hour" : "51056.411807775"
        },
        "miss_distance" : {
          "astronomical" : "0.4729642584",
          "lunar" : "183.9830932617",
          "kilometers" : "70754448",
          "miles" : "43964776"
        },
        "orbiting_body" : "Earth"
      } ],
      "orbital_data" : {
        "orbit_id" : "5",
        "orbit_determination_date" : "2017-04-06 08:27:26",
        "orbit_uncertainty" : "7",
        "minimum_orbit_intersection" : ".00602602",
        "jupiter_tisserand_invariant" : "6.938",
        "epoch_osculation" : "2458000.5",
        "eccentricity" : ".2997332703803507",
        "semi_major_axis" : ".8416315805242635",
        "inclination" : "10.27694002800109",
        "ascending_node_longitude" : "171.1772580572293",
        "orbital_period" : "282.0210086909677",
        "perihelion_distance" : ".5893665944383424",
        "perihelion_argument" : "218.2204921071237",
        "aphelion_distance" : "1.093896566610185",
        "perihelion_time" : "2457932.078607813163",
        "mean_anomaly" : "87.3399513801906",
        "mean_motion" : "1.276500646781531",
        "equinox" : "J2000"
      }
    }, {
      "links" : {
        "self" : "https://api.nasa.gov/neo/rest/v1/neo/3771614?api_key=t0TVs3DtDT2H8Oy2Zy8m2eVrNsAVKAexjcZXUckd"
      },
      "neo_reference_id" : "3771614",
      "name" : "(2017 FD1)",
      "nasa_jpl_url" : "http://ssd.jpl.nasa.gov/sbdb.cgi?sstr=3771614",
      "absolute_magnitude_h" : 21.424,
      "estimated_diameter" : {
        "kilometers" : {
          "estimated_diameter_min" : 0.1379605689,
          "estimated_diameter_max" : 0.3084892103
        },
        "meters" : {
          "estimated_diameter_min" : 137.9605689104,
          "estimated_diameter_max" : 308.4892102982
        },
        "miles" : {
          "estimated_diameter_min" : 0.0857246967,
          "estimated_diameter_max" : 0.1916862491
        },
        "feet" : {
          "estimated_diameter_min" : 452.6265529039,
          "estimated_diameter_max" : 1012.1037407146
        }
      },
      "is_potentially_hazardous_asteroid" : false,
      "close_approach_data" : [ {
        "close_approach_date" : "1995-03-22",
        "epoch_date_close_approach" : 795859200000,
        "relative_velocity" : {
          "kilometers_per_second" : "20.3742223265",
          "kilometers_per_hour" : "73347.2003754896",
          "miles_per_hour" : "45575.0979222036"
        },
        "miss_distance" : {
          "astronomical" : "0.2243809656",
          "lunar" : "87.2841949463",
          "kilometers" : "33566916",
          "miles" : "20857514"
        },
        "orbiting_body" : "Earth"
      } ],
      "orbital_data" : {
        "orbit_id" : "9",
        "orbit_determination_date" : "2017-06-15 06:20:02",
        "orbit_uncertainty" : "6",
        "minimum_orbit_intersection" : ".0890355",
        "jupiter_tisserand_invariant" : "4.955",
        "epoch_osculation" : "2458000.5",
        "eccentricity" : ".1478846210086852",
        "semi_major_axis" : "1.235912132943166",
        "inclination" : "39.40701510140626",
        "ascending_node_longitude" : "356.5439054824789",
        "orbital_period" : "501.8568085276265",
        "perihelion_distance" : "1.05313973556283",
        "perihelion_argument" : "218.6018120381645",
        "aphelion_distance" : "1.418684530323502",
        "perihelion_time" : "2457874.563840209925",
        "mean_anomaly" : "90.33855226043312",
        "mean_motion" : ".7173360884675185",
        "equinox" : "J2000"
      }
    } ]
  }
}