{
  "links" : {
    "next" : "https://api.nasa.gov/neo/rest/v1/feed?start_date=2000-01-16&end_date=2000-01-16&detailed=true&api_key=t0TVs3DtDT2H8Oy2Zy8m2eVrNsAVKAexjcZXUckd",
    "prev" : "https://api.nasa.gov/neo/rest/v1/feed?start_date=2000-01-14&end_date=2000-01-14&detailed=true&api_key=t0TVs3DtDT2H8Oy2Zy8m2eVrNsAVKAexjcZXUckd",
    "self" : "https://api.nasa.gov/neo/rest/v1/feed?start_date=2000-01-15&end_date=2000-01-15&detailed=true&api_key=t0TVs3DtDT2H8Oy2Zy8m2eVrNsAVKAexjcZXUckd"
  },
  "element_count" : 5,
  "near_earth_objects" : {
    "2000-01-15" : [ {
      "links" : {
        "self" : "https://api.nasa.gov/neo/rest/v1/neo/2138404?api_key=t0TVs3DtDT2H8Oy2Zy8m2eVrNsAVKAexjcZXUckd"
      },
      "neo_reference_id" : "2138404",
      "name" : "138404 (2000 HA24)",
      "nasa_jpl_url" : "http://ssd.jpl.nasa.gov/sbdb.cgi?sstr=2138404",
      "absolute_magnitude_h" : 19.1,
      "estimated_diameter" : {
        "kilometers" : {
          "estimated_diameter_min" : 0.4023045798,
          "estimated_diameter_max" : 0.8995803882
        },
        "meters" : {
          "estimated_diameter_min" : 402.3045798343,
          "estimated_diameter_max" : 899.5803881691
        },
        "miles" : {
          "estimated_diameter_min" : 0.2499803991,
          "estimated_diameter_max" : 0.5589731654
        },
        "feet" : {
          "estimated_diameter_min" : 1319.8969577037,
          "estimated_diameter_max" : 2951.3793207207
        }
      },
      "is_potentially_hazardous_asteroid" : true,
      "close_approach_data" : [ {
        "close_approach_date" : "2000-01-15",
        "epoch_date_close_approach" : 947923200000,
        "relative_velocity" : {
          "kilometers_per_second" : "8.0431643139",
          "kilometers_per_hour" : "28955.3915301387",
          "miles_per_hour" : "17991.7542538243"
        },
        "miss_distance" : {
          "astronomical" : "0.1939180554",
          "lunar" : "75.4341201782",
          "kilometers" : "29009728",
          "miles" : "18025808"
        },
        "orbiting_body" : "Earth"
      } ],
      "orbital_data" : {
        "orbit_id" : "81",
        "orbit_determination_date" : "2017-05-23 06:19:14",
        "orbit_uncertainty" : "0",
        "minimum_orbit_intersection" : ".0271362",
        "jupiter_tisserand_invariant" : "5.454",
        "epoch_osculation" : "2458000.5",
        "eccentricity" : ".3186827308000716",
        "semi_major_axis" : "1.139067554655481",
        "inclination" : "2.164580371175535",
        "ascending_node_longitude" : "309.4244756828483",
        "orbital_period" : "444.0405676523329",
        "perihelion_distance" : ".7760663957721126",
        "perihelion_argument" : "142.0919971946369",
        "aphelion_distance" : "1.50206871353885",
        "perihelion_time" : "2458208.483705540433",
        "mean_anomaly" : "191.3799696491259",
        "mean_motion" : ".8107367349414492",
        "equinox" : "J2000"
      }
    }, {
      "links" : {
        "self" : "https://api.nasa.gov/neo/rest/v1/neo/3025766?api_key=t0TVs3DtDT2H8Oy2Zy8m2eVrNsAVKAexjcZXUckd"
      },
      "neo_reference_id" : "3025766",
      "name" : "(2000 AA6)",
      "nasa_jpl_url" : "http://ssd.jpl.nasa.gov/sbdb.cgi?sstr=3025766",
      "absolute_magnitude_h" : 22.1,
      "estimated_diameter" : {
        "kilometers" : {
          "estimated_diameter_min" : 0.1010543415,
          "estimated_diameter_max" : 0.2259643771
        },
        "meters" : {
          "estimated_diameter_min" : 101.054341542,
          "estimated_diameter_max" : 225.9643771094
        },
        "miles" : {
          "estimated_diameter_min" : 0.0627922373,
          "estimated_diameter_max" : 0.140407711
        },
        "feet" : {
          "estimated_diameter_min" : 331.5431259047,
          "estimated_diameter_max" : 741.3529669956
        }
      },
      "is_potentially_hazardous_asteroid" : true,
      "close_approach_data" : [ {
        "close_approach_date" : "2000-01-15",
        "epoch_date_close_approach" : 947923200000,
        "relative_velocity" : {
          "kilometers_per_second" : "14.8701966766",
          "kilometers_per_hour" : "53532.7080358248",
          "miles_per_hour" : "33263.1429459268"
        },
        "miss_distance" : {
          "astronomical" : "0.0394373068",
          "lunar" : "15.3411121368",
          "kilometers" : "5899737",
          "miles" : "3665926.5"
        },
        "orbiting_body" : "Earth"
      } ],
      "orbital_data" : {
        "orbit_id" : "24",
        "orbit_determination_date" : "2017-04-06 09:17:11",
        "orbit_uncertainty" : "0",
        "minimum_orbit_intersection" : ".00767126",
        "jupiter_tisserand_invariant" : "4.894",
        "epoch_osculation" : "2458000.5",
        "eccentricity" : ".5194540869703551",
        "semi_major_axis" : "1.2865451823245",
        "inclination" : "2.031544612122285",
        "ascending_node_longitude" : "279.8360421373115",
        "orbital_period" : "533.0107782097747",
        "perihelion_distance" : ".6182440292940176",
        "perihelion_argument" : "287.5722268219922",
        "aphelion_distance" : "1.954846335354981",
        "perihelion_time" : "2458011.875329632395",
        "mean_anomaly" : "352.317005893546",
        "mean_motion" : ".6754084808737515",
        "equinox" : "J2000"
      }
    }, {
      "links" : {
        "self" : "https://api.nasa.gov/neo/rest/v1/neo/3184470?api_key=t0TVs3DtDT2H8Oy2Zy8m2eVrNsAVKAexjcZXUckd"
      },
      "neo_reference_id" : "3184470",
      "name" : "(2004 MO3)",
      "nasa_jpl_url" : "http://ssd.jpl.nasa.gov/sbdb.cgi?sstr=3184470",
      "absolute_magnitude_h" : 22.2,
      "estimated_diameter" : {
        "kilometers" : {
          "estimated_diameter_min" : 0.096506147,
          "estimated_diameter_max" : 0.2157943048
        },
        "meters" : {
          "estimated_diameter_min" : 96.5061469579,
          "estimated_diameter_max" : 215.7943048444
        },
        "miles" : {
          "estimated_diameter_min" : 0.059966121,
          "estimated_diameter_max" : 0.134088323
        },
        "feet" : {
          "estimated_diameter_min" : 316.6212271853,
          "estimated_diameter_max" : 707.9865871058
        }
      },
      "is_potentially_hazardous_asteroid" : false,
      "close_approach_data" : [ {
        "close_approach_date" : "2000-01-15",
        "epoch_date_close_approach" : 947923200000,
        "relative_velocity" : {
          "kilometers_per_second" : "11.5534629036",
          "kilometers_per_hour" : "41592.4664530604",
          "miles_per_hour" : "25843.9411691252"
        },
        "miss_distance" : {
          "astronomical" : "0.0801334028",
          "lunar" : "31.1718921661",
          "kilometers" : "11987786",
          "miles" : "7448865"
        },
        "orbiting_body" : "Earth"
      } ],
      "orbital_data" : {
        "orbit_id" : "28",
        "orbit_determination_date" : "2017-04-06 09:12:35",
        "orbit_uncertainty" : "0",
        "minimum_orbit_intersection" : ".0113589",
        "jupiter_tisserand_invariant" : "5.138",
        "epoch_osculation" : "2458000.5",
        "eccentricity" : ".3358420223023283",
        "semi_major_axis" : "1.232325884418131",
        "inclination" : "2.552887928472058",
        "ascending_node_longitude" : "252.6006177061786",
        "orbital_period" : "499.6740356377942",
        "perihelion_distance" : ".8184590672596405",
        "perihelion_argument" : "297.887130961073",
        "aphelion_distance" : "1.646192701576621",
        "perihelion_time" : "2458112.923008768252",
        "mean_anomaly" : "279.0026291742153",
        "mean_motion" : ".7204696948891663",
        "equinox" : "J2000"
      }
    }, {
      "links" : {
        "self" : "https://api.nasa.gov/neo/rest/v1/neo/3468662?api_key=t0TVs3DtDT2H8Oy2Zy8m2eVrNsAVKAexjcZXUckd"
      },
      "neo_reference_id" : "3468662",
      "name" : "(2009 SB170)",
      "nasa_jpl_url" : "http://ssd.jpl.nasa.gov/sbdb.cgi?sstr=3468662",
      "absolute_magnitude_h" : 20.8,
      "estimated_diameter" : {
        "kilometers" : {
          "estimated_diameter_min" : 0.1838886721,
          "estimated_diameter_max" : 0.411187571
        },
        "meters" : {
          "estimated_diameter_min" : 183.8886720703,
          "estimated_diameter_max" : 411.1875710413
        },
        "miles" : {
          "estimated_diameter_min" : 0.1142630881,
          "estimated_diameter_max" : 0.2555000322
        },
        "feet" : {
          "estimated_diameter_min" : 603.309310875,
          "estimated_diameter_max" : 1349.040630575
        }
      },
      "is_potentially_hazardous_asteroid" : false,
      "close_approach_data" : [ {
        "close_approach_date" : "2000-01-15",
        "epoch_date_close_approach" : 947923200000,
        "relative_velocity" : {
          "kilometers_per_second" : "33.9423615003",
          "kilometers_per_hour" : "122192.5014010494",
          "miles_per_hour" : "75925.668440002"
        },
        "miss_distance" : {
          "astronomical" : "0.4958011827",
          "lunar" : "192.8666534424",
          "kilometers" : "74170800",
          "miles" : "46087600"
        },
        "orbiting_body" : "Earth"
      } ],
      "orbital_data" : {
        "orbit_id" : "11",
        "orbit_determination_date" : "2017-04-06 08:59:46",
        "orbit_uncertainty" : "1",
        "minimum_orbit_intersection" : ".100775",
        "jupiter_tisserand_invariant" : "4.459",
        "epoch_osculation" : "2458000.5",
        "eccentricity" : ".7422720872832735",
        "semi_major_axis" : "1.345597044683845",
        "inclination" : "29.77096937341999",
        "ascending_node_longitude" : "189.8009669795238",
        "orbital_period" : "570.1261533286778",
        "perihelion_distance" : ".346797917684163",
        "perihelion_argument" : "44.9818771147273",
        "aphelion_distance" : "2.344396171683526",
        "perihelion_time" : "2457863.206795547526",
        "mean_anomaly" : "86.69231066549021",
        "mean_motion" : ".6314391962167362",
        "equinox" : "J2000"
      }
    }, {
      "links" : {
        "self" : "https://api.nasa.gov/neo/rest/v1/neo/3591722?api_key=t0TVs3DtDT2H8Oy2Zy8m2eVrNsAVKAexjcZXUckd"
      },
      "neo_reference_id" : "3591722",
      "name" : "(2011 YJ28)",
      "nasa_jpl_url" : "http://ssd.jpl.nasa.gov/sbdb.cgi?sstr=3591722",
      "absolute_magnitude_h" : 21.3,
      "estimated_diameter" : {
        "kilometers" : {
          "estimated_diameter_min" : 0.1460679643,
          "estimated_diameter_max" : 0.3266178974
        },
        "meters" : {
          "estimated_diameter_min" : 146.0679642714,
          "estimated_diameter_max" : 326.6178974458
        },
        "miles" : {
          "estimated_diameter_min" : 0.090762397,
          "estimated_diameter_max" : 0.2029508896
        },
        "feet" : {
          "estimated_diameter_min" : 479.2256199,
          "estimated_diameter_max" : 1071.581062656
        }
      },
      "is_potentially_hazardous_asteroid" : true,
      "close_approach_data" : [ {
        "close_approach_date" : "2000-01-15",
        "epoch_date_close_approach" : 947923200000,
        "relative_velocity" : {
          "kilometers_per_second" : "14.5327564686",
          "kilometers_per_hour" : "52317.9232867944",
          "miles_per_hour" : "32508.3229445084"
        },
        "miss_distance" : {
          "astronomical" : "0.1551609441",
          "lunar" : "60.3576087952",
          "kilometers" : "23211748",
          "miles" : "14423111"
        },
        "orbiting_body" : "Earth"
      } ],
      "orbital_data" : {
        "orbit_id" : "18",
        "orbit_determination_date" : "2017-04-06 08:51:40",
        "orbit_uncertainty" : "6",
        "minimum_orbit_intersection" : ".0196999",
        "jupiter_tisserand_invariant" : "5.710",
        "epoch_osculation" : "2458000.5",
        "eccentricity" : ".09258970181258734",
        "semi_major_axis" : "1.059755265613352",
        "inclination" : "27.07095324632146",
        "ascending_node_longitude" : "290.1176283125167",
        "orbital_period" : "398.4802503373492",
        "perihelion_distance" : ".9616328415758925",
        "perihelion_argument" : "306.0184645250985",
        "aphelion_distance" : "1.157877689650812",
        "perihelion_time" : "2458054.339401818089",
        "mean_anomaly" : "311.3597358009504",
        "mean_motion" : ".9034324780092058",
        "equinox" : "J2000"
      }
    } ]
  }
}