{
  "links" : {
    "next" : "https://api.nasa.gov/neo/rest/v1/feed?start_date=2007-10-23&end_date=2007-10-23&detailed=true&api_key=t0TVs3DtDT2H8Oy2Zy8m2eVrNsAVKAexjcZXUckd",
    "prev" : "https://api.nasa.gov/neo/rest/v1/feed?start_date=2007-10-21&end_date=2007-10-21&detailed=true&api_key=t0TVs3DtDT2H8Oy2Zy8m2eVrNsAVKAexjcZXUckd",
    "self" : "https://api.nasa.gov/neo/rest/v1/feed?start_date=2007-10-22&end_date=2007-10-22&detailed=true&api_key=t0TVs3DtDT2H8Oy2Zy8m2eVrNsAVKAexjcZXUckd"
  },
  "element_count" : 13,
  "near_earth_objects" : {
    "2007-10-22" : [ {
      "links" : {
        "self" : "https://api.nasa.gov/neo/rest/v1/neo/3392084?api_key=t0TVs3DtDT2H8Oy2Zy8m2eVrNsAVKAexjcZXUckd"
      },
      "neo_reference_id" : "3392084",
      "name" : "(2007 VG)",
      "nasa_jpl_url" : "http://ssd.jpl.nasa.gov/sbdb.cgi?sstr=3392084",
      "absolute_magnitude_h" : 21.0,
      "estimated_diameter" : {
        "kilometers" : {
          "estimated_diameter_min" : 0.1677084622,
          "estimated_diameter_max" : 0.3750075218
        },
        "meters" : {
          "estimated_diameter_min" : 167.7084621628,
          "estimated_diameter_max" : 375.0075217981
        },
        "miles" : {
          "estimated_diameter_min" : 0.1042091748,
          "estimated_diameter_max" : 0.2330187988
        },
        "feet" : {
          "estimated_diameter_min" : 550.2246310023,
          "estimated_diameter_max" : 1230.3396778159
        }
      },
      "is_potentially_hazardous_asteroid" : true,
      "close_approach_data" : [ {
        "close_approach_date" : "2007-10-22",
        "epoch_date_close_approach" : 1193036400000,
        "relative_velocity" : {
          "kilometers_per_second" : "31.5422177339",
          "kilometers_per_hour" : "113551.9838420839",
          "miles_per_hour" : "70556.7868489882"
        },
        "miss_distance" : {
          "astronomical" : "0.1523095305",
          "lunar" : "59.2484092712",
          "kilometers" : "22785182",
          "miles" : "14158056"
        },
        "orbiting_body" : "Earth"
      } ],
      "orbital_data" : {
        "orbit_id" : "15",
        "orbit_determination_date" : "2017-04-06 09:05:27",
        "orbit_uncertainty" : "7",
        "minimum_orbit_intersection" : ".00787483",
        "jupiter_tisserand_invariant" : "3.238",
        "epoch_osculation" : "2458000.5",
        "eccentricity" : ".6644071800761759",
        "semi_major_axis" : "1.954128756739944",
        "inclination" : "51.1372184611193",
        "ascending_node_longitude" : "33.4217883569677",
        "orbital_period" : "997.7648278543817",
        "perihelion_distance" : ".6557915799685943",
        "perihelion_argument" : "261.5544301459317",
        "aphelion_distance" : "3.252465933511294",
        "perihelion_time" : "2458330.636380379234",
        "mean_anomaly" : "240.8846597728841",
        "mean_motion" : ".3608064645595425",
        "equinox" : "J2000"
      }
    }, {
      "links" : {
        "self" : "https://api.nasa.gov/neo/rest/v1/neo/3392310?api_key=t0TVs3DtDT2H8Oy2Zy8m2eVrNsAVKAexjcZXUckd"
      },
      "neo_reference_id" : "3392310",
      "name" : "(2007 VN3)",
      "nasa_jpl_url" : "http://ssd.jpl.nasa.gov/sbdb.cgi?sstr=3392310",
      "absolute_magnitude_h" : 21.4,
      "estimated_diameter" : {
        "kilometers" : {
          "estimated_diameter_min" : 0.1394938229,
          "estimated_diameter_max" : 0.3119176705
        },
        "meters" : {
          "estimated_diameter_min" : 139.4938229344,
          "estimated_diameter_max" : 311.9176705226
        },
        "miles" : {
          "estimated_diameter_min" : 0.0866774163,
          "estimated_diameter_max" : 0.1938165949
        },
        "feet" : {
          "estimated_diameter_min" : 457.6569140361,
          "estimated_diameter_max" : 1023.3519701574
        }
      },
      "is_potentially_hazardous_asteroid" : true,
      "close_approach_data" : [ {
        "close_approach_date" : "2007-10-22",
        "epoch_date_close_approach" : 1193036400000,
        "relative_velocity" : {
          "kilometers_per_second" : "16.8770903781",
          "kilometers_per_hour" : "60757.5253611323",
          "miles_per_hour" : "37752.3634667547"
        },
        "miss_distance" : {
          "astronomical" : "0.135386106",
          "lunar" : "52.6651954651",
          "kilometers" : "20253474",
          "miles" : "12584925"
        },
        "orbiting_body" : "Earth"
      } ],
      "orbital_data" : {
        "orbit_id" : "11",
        "orbit_determination_date" : "2017-04-06 09:05:23",
        "orbit_uncertainty" : "7",
        "minimum_orbit_intersection" : ".028653",
        "jupiter_tisserand_invariant" : "3.353",
        "epoch_osculation" : "2458000.5",
        "eccentricity" : ".5768761815035125",
        "semi_major_axis" : "2.243342474908598",
        "inclination" : "15.61313817173619",
        "ascending_node_longitude" : "21.94674378044455",
        "orbital_period" : "1227.274740464846",
        "perihelion_distance" : ".9492116341786869",
        "perihelion_argument" : "320.25928295",
        "aphelion_distance" : "3.53747331563851",
        "perihelion_time" : "2458047.837717379886",
        "mean_anomaly" : "346.1142923463867",
        "mean_motion" : ".2933328521563521",
        "equinox" : "J2000"
      }
    }, {
      "links" : {
        "self" : "https://api.nasa.gov/neo/rest/v1/neo/2002340?api_key=t0TVs3DtDT2H8Oy2Zy8m2eVrNsAVKAexjcZXUckd"
      },
      "neo_reference_id" : "2002340",
      "name" : "2340 Hathor (1976 UA)",
      "nasa_jpl_url" : "http://ssd.jpl.nasa.gov/sbdb.cgi?sstr=2002340",
      "absolute_magnitude_h" : 20.2,
      "estimated_diameter" : {
        "kilometers" : {
          "estimated_diameter_min" : 0.2424124811,
          "estimated_diameter_max" : 0.5420507863
        },
        "meters" : {
          "estimated_diameter_min" : 242.4124811008,
          "estimated_diameter_max" : 542.0507863358
        },
        "miles" : {
          "estimated_diameter_min" : 0.1506280858,
          "estimated_diameter_max" : 0.3368146392
        },
        "feet" : {
          "estimated_diameter_min" : 795.3165644948,
          "estimated_diameter_max" : 1778.3819018419
        }
      },
      "is_potentially_hazardous_asteroid" : true,
      "close_approach_data" : [ {
        "close_approach_date" : "2007-10-22",
        "epoch_date_close_approach" : 1193036400000,
        "relative_velocity" : {
          "kilometers_per_second" : "15.069399215",
          "kilometers_per_hour" : "54249.8371740882",
          "miles_per_hour" : "33708.7391040883"
        },
        "miss_distance" : {
          "astronomical" : "0.0599836679",
          "lunar" : "23.3336467743",
          "kilometers" : "8973429",
          "miles" : "5575830"
        },
        "orbiting_body" : "Earth"
      } ],
      "orbital_data" : {
        "orbit_id" : "60",
        "orbit_determination_date" : "2014-10-24 19:08:05",
        "orbit_uncertainty" : "0",
        "minimum_orbit_intersection" : ".00687373",
        "jupiter_tisserand_invariant" : "6.882",
        "epoch_osculation" : "2453228.5",
        "eccentricity" : ".4498841655895494",
        "semi_major_axis" : ".8438292455376517",
        "inclination" : "5.854591233229053",
        "ascending_node_longitude" : "211.5421370750162",
        "orbital_period" : "283.1263476642372",
        "perihelion_distance" : ".4642038295088863",
        "perihelion_argument" : "39.92629416655726",
        "aphelion_distance" : "1.223454661566417",
        "perihelion_time" : "2453195.386460219392",
        "mean_anomaly" : "42.10443294792183",
        "mean_motion" : "1.271517126434761",
        "equinox" : "J2000"
      }
    }, {
      "links" : {
        "self" : "https://api.nasa.gov/neo/rest/v1/neo/3092237?api_key=t0TVs3DtDT2H8Oy2Zy8m2eVrNsAVKAexjcZXUckd"
      },
      "neo_reference_id" : "3092237",
      "name" : "(1999 UQ)",
      "nasa_jpl_url" : "http://ssd.jpl.nasa.gov/sbdb.cgi?sstr=3092237",
      "absolute_magnitude_h" : 21.8,
      "estimated_diameter" : {
        "kilometers" : {
          "estimated_diameter_min" : 0.1160259082,
          "estimated_diameter_max" : 0.2594418179
        },
        "meters" : {
          "estimated_diameter_min" : 116.0259082094,
          "estimated_diameter_max" : 259.4418179074
        },
        "miles" : {
          "estimated_diameter_min" : 0.0720951346,
          "estimated_diameter_max" : 0.1612096218
        },
        "feet" : {
          "estimated_diameter_min" : 380.6624406898,
          "estimated_diameter_max" : 851.1870938635
        }
      },
      "is_potentially_hazardous_asteroid" : false,
      "close_approach_data" : [ {
        "close_approach_date" : "2007-10-22",
        "epoch_date_close_approach" : 1193036400000,
        "relative_velocity" : {
          "kilometers_per_second" : "12.835159074",
          "kilometers_per_hour" : "46206.5726664796",
          "miles_per_hour" : "28710.96733268"
        },
        "miss_distance" : {
          "astronomical" : "0.1434870609",
          "lunar" : "55.8164672852",
          "kilometers" : "21465360",
          "miles" : "13337956"
        },
        "orbiting_body" : "Earth"
      } ],
      "orbital_data" : {
        "orbit_id" : "25",
        "orbit_determination_date" : "2017-04-06 09:17:16",
        "orbit_uncertainty" : "0",
        "minimum_orbit_intersection" : ".0732779",
        "jupiter_tisserand_invariant" : "5.587",
        "epoch_osculation" : "2454727.5",
        "eccentricity" : ".01604580508682486",
        "semi_major_axis" : "1.094269847743193",
        "inclination" : "24.81286050808693",
        "ascending_node_longitude" : "211.3604962893569",
        "orbital_period" : "418.1047251374934",
        "perihelion_distance" : "1.076711407053916",
        "perihelion_argument" : "7.18133979297567",
        "aphelion_distance" : "1.11182828843247",
        "perihelion_time" : "2454621.987226736844",
        "mean_anomaly" : "90.84948361261634",
        "mean_motion" : ".8610282983087892",
        "equinox" : "J2000"
      }
    }, {
      "links" : {
        "self" : "https://api.nasa.gov/neo/rest/v1/neo/3314048?api_key=t0TVs3DtDT2H8Oy2Zy8m2eVrNsAVKAexjcZXUckd"
      },
      "neo_reference_id" : "3314048",
      "name" : "(2006 BJ55)",
      "nasa_jpl_url" : "http://ssd.jpl.nasa.gov/sbdb.cgi?sstr=3314048",
      "absolute_magnitude_h" : 24.2,
      "estimated_diameter" : {
        "kilometers" : {
          "estimated_diameter_min" : 0.0384197891,
          "estimated_diameter_max" : 0.0859092601
        },
        "meters" : {
          "estimated_diameter_min" : 38.4197891064,
          "estimated_diameter_max" : 85.9092601232
        },
        "miles" : {
          "estimated_diameter_min" : 0.0238729428,
          "estimated_diameter_max" : 0.0533815229
        },
        "feet" : {
          "estimated_diameter_min" : 126.0491808919,
          "estimated_diameter_max" : 281.8545369825
        }
      },
      "is_potentially_hazardous_asteroid" : false,
      "close_approach_data" : [ {
        "close_approach_date" : "2007-10-22",
        "epoch_date_close_approach" : 1193036400000,
        "relative_velocity" : {
          "kilometers_per_second" : "3.8149979454",
          "kilometers_per_hour" : "13733.9926034377",
          "miles_per_hour" : "8533.7689040638"
        },
        "miss_distance" : {
          "astronomical" : "0.189376903",
          "lunar" : "73.6676177979",
          "kilometers" : "28330382",
          "miles" : "17603684"
        },
        "orbiting_body" : "Earth"
      } ],
      "orbital_data" : {
        "orbit_id" : "10",
        "orbit_determination_date" : "2017-04-06 09:09:14",
        "orbit_uncertainty" : "6",
        "minimum_orbit_intersection" : ".0274085",
        "jupiter_tisserand_invariant" : "5.937",
        "epoch_osculation" : "2458000.5",
        "eccentricity" : ".128312726834268",
        "semi_major_axis" : "1.028346942990704",
        "inclination" : "5.903973907216583",
        "ascending_node_longitude" : "307.4472584067585",
        "orbital_period" : "380.8973216999961",
        "perihelion_distance" : ".8963969426038833",
        "perihelion_argument" : "288.8073597080477",
        "aphelion_distance" : "1.160296943377525",
        "perihelion_time" : "2458047.711185224608",
        "mean_anomaly" : "315.3789808628657",
        "mean_motion" : ".9451366011009777",
        "equinox" : "J2000"
      }
    }, {
      "links" : {
        "self" : "https://api.nasa.gov/neo/rest/v1/neo/3388485?api_key=t0TVs3DtDT2H8Oy2Zy8m2eVrNsAVKAexjcZXUckd"
      },
      "neo_reference_id" : "3388485",
      "name" : "(2007 TN74)",
      "nasa_jpl_url" : "http://ssd.jpl.nasa.gov/sbdb.cgi?sstr=3388485",
      "absolute_magnitude_h" : 25.6,
      "estimated_diameter" : {
        "kilometers" : {
          "estimated_diameter_min" : 0.0201629919,
          "estimated_diameter_max" : 0.0450858206
        },
        "meters" : {
          "estimated_diameter_min" : 20.1629919443,
          "estimated_diameter_max" : 45.0858206172
        },
        "miles" : {
          "estimated_diameter_min" : 0.0125286985,
          "estimated_diameter_max" : 0.0280150214
        },
        "feet" : {
          "estimated_diameter_min" : 66.1515504905,
          "estimated_diameter_max" : 147.9193637137
        }
      },
      "is_potentially_hazardous_asteroid" : false,
      "close_approach_data" : [ {
        "close_approach_date" : "2007-10-22",
        "epoch_date_close_approach" : 1193036400000,
        "relative_velocity" : {
          "kilometers_per_second" : "8.8242447945",
          "kilometers_per_hour" : "31767.2812601925",
          "miles_per_hour" : "19738.9531808124"
        },
        "miss_distance" : {
          "astronomical" : "0.0486956408",
          "lunar" : "18.9426040649",
          "kilometers" : "7284764.5",
          "miles" : "4526543"
        },
        "orbiting_body" : "Earth"
      } ],
      "orbital_data" : {
        "orbit_id" : "7",
        "orbit_determination_date" : "2017-04-06 09:05:38",
        "orbit_uncertainty" : "7",
        "minimum_orbit_intersection" : ".0488276",
        "jupiter_tisserand_invariant" : "6.587",
        "epoch_osculation" : "2458000.5",
        "eccentricity" : ".2983804993468079",
        "semi_major_axis" : ".8962695113490006",
        "inclination" : "9.685183408148138",
        "ascending_node_longitude" : "14.85815635393738",
        "orbital_period" : "309.9248228270602",
        "perihelion_distance" : ".6288401670033663",
        "perihelion_argument" : "146.2426189112685",
        "aphelion_distance" : "1.163698855694635",
        "perihelion_time" : "2457894.346391270402",
        "mean_anomaly" : "123.3050608662596",
        "mean_motion" : "1.161572011935559",
        "equinox" : "J2000"
      }
    }, {
      "links" : {
        "self" : "https://api.nasa.gov/neo/rest/v1/neo/3389195?api_key=t0TVs3DtDT2H8Oy2Zy8m2eVrNsAVKAexjcZXUckd"
      },
      "neo_reference_id" : "3389195",
      "name" : "(2007 UW1)",
      "nasa_jpl_url" : "http://ssd.jpl.nasa.gov/sbdb.cgi?sstr=3389195",
      "absolute_magnitude_h" : 22.7,
      "estimated_diameter" : {
        "kilometers" : {
          "estimated_diameter_min" : 0.0766575574,
          "estimated_diameter_max" : 0.1714115092
        },
        "meters" : {
          "estimated_diameter_min" : 76.6575573531,
          "estimated_diameter_max" : 171.4115092306
        },
        "miles" : {
          "estimated_diameter_min" : 0.0476327831,
          "estimated_diameter_max" : 0.1065101409
        },
        "feet" : {
          "estimated_diameter_min" : 251.5011804664,
          "estimated_diameter_max" : 562.3737359442
        }
      },
      "is_potentially_hazardous_asteroid" : false,
      "close_approach_data" : [ {
        "close_approach_date" : "2007-10-22",
        "epoch_date_close_approach" : 1193036400000,
        "relative_velocity" : {
          "kilometers_per_second" : "5.2471566852",
          "kilometers_per_hour" : "18889.7640667111",
          "miles_per_hour" : "11737.3647891184"
        },
        "miss_distance" : {
          "astronomical" : "0.0345511514",
          "lunar" : "13.4403982162",
          "kilometers" : "5168778.5",
          "miles" : "3211730.25"
        },
        "orbiting_body" : "Earth"
      } ],
      "orbital_data" : {
        "orbit_id" : "10",
        "orbit_determination_date" : "2017-04-06 09:05:36",
        "orbit_uncertainty" : "1",
        "minimum_orbit_intersection" : ".000760421",
        "jupiter_tisserand_invariant" : "6.553",
        "epoch_osculation" : "2458000.5",
        "eccentricity" : ".1208443369170209",
        "semi_major_axis" : ".9077030428022967",
        "inclination" : "8.217600030768402",
        "ascending_node_longitude" : "25.97047257433292",
        "orbital_period" : "315.8741700289846",
        "perihelion_distance" : ".798012270477291",
        "perihelion_argument" : "146.5763744820354",
        "aphelion_distance" : "1.017393815127303",
        "perihelion_time" : "2457986.299377641829",
        "mean_anomaly" : "16.18436875820624",
        "mean_motion" : "1.139694328178105",
        "equinox" : "J2000"
      }
    }, {
      "links" : {
        "self" : "https://api.nasa.gov/neo/rest/v1/neo/3559843?api_key=t0TVs3DtDT2H8Oy2Zy8m2eVrNsAVKAexjcZXUckd"
      },
      "neo_reference_id" : "3559843",
      "name" : "(2011 EP51)",
      "nasa_jpl_url" : "http://ssd.jpl.nasa.gov/sbdb.cgi?sstr=3559843",
      "absolute_magnitude_h" : 25.1,
      "estimated_diameter" : {
        "kilometers" : {
          "estimated_diameter_min" : 0.0253837029,
          "estimated_diameter_max" : 0.0567596853
        },
        "meters" : {
          "estimated_diameter_min" : 25.3837029364,
          "estimated_diameter_max" : 56.7596852866
        },
        "miles" : {
          "estimated_diameter_min" : 0.0157726969,
          "estimated_diameter_max" : 0.0352688224
        },
        "feet" : {
          "estimated_diameter_min" : 83.279867942,
          "estimated_diameter_max" : 186.2194458756
        }
      },
      "is_potentially_hazardous_asteroid" : false,
      "close_approach_data" : [ {
        "close_approach_date" : "2007-10-22",
        "epoch_date_close_approach" : 1193036400000,
        "relative_velocity" : {
          "kilometers_per_second" : "10.1616306802",
          "kilometers_per_hour" : "36581.8704485526",
          "miles_per_hour" : "22730.5516684354"
        },
        "miss_distance" : {
          "astronomical" : "0.3526374561",
          "lunar" : "137.1759796143",
          "kilometers" : "52753816",
          "miles" : "32779700"
        },
        "orbiting_body" : "Earth"
      } ],
      "orbital_data" : {
        "orbit_id" : "27",
        "orbit_determination_date" : "2017-06-12 12:12:56",
        "orbit_uncertainty" : "0",
        "minimum_orbit_intersection" : ".0255378",
        "jupiter_tisserand_invariant" : "7.040",
        "epoch_osculation" : "2457703.5",
        "eccentricity" : ".3075680119413854",
        "semi_major_axis" : ".8282727481340162",
        "inclination" : "3.408069016843112",
        "ascending_node_longitude" : "160.1124108921875",
        "orbital_period" : "275.3331386362622",
        "perihelion_distance" : ".573522545645209",
        "perihelion_argument" : "169.6693163646154",
        "aphelion_distance" : "1.083022950622823",
        "perihelion_time" : "2457669.156806004292",
        "mean_anomaly" : "44.90396579101271",
        "mean_motion" : "1.307506977849076",
        "equinox" : "J2000"
      }
    }, {
      "links" : {
        "self" : "https://api.nasa.gov/neo/rest/v1/neo/3572706?api_key=t0TVs3DtDT2H8Oy2Zy8m2eVrNsAVKAexjcZXUckd"
      },
      "neo_reference_id" : "3572706",
      "name" : "(2011 OB)",
      "nasa_jpl_url" : "http://ssd.jpl.nasa.gov/sbdb.cgi?sstr=3572706",
      "absolute_magnitude_h" : 19.3,
      "estimated_diameter" : {
        "kilometers" : {
          "estimated_diameter_min" : 0.3669061375,
          "estimated_diameter_max" : 0.8204270649
        },
        "meters" : {
          "estimated_diameter_min" : 366.9061375314,
          "estimated_diameter_max" : 820.4270648822
        },
        "miles" : {
          "estimated_diameter_min" : 0.2279848336,
          "estimated_diameter_max" : 0.5097895857
        },
        "feet" : {
          "estimated_diameter_min" : 1203.7603322587,
          "estimated_diameter_max" : 2691.6899315481
        }
      },
      "is_potentially_hazardous_asteroid" : true,
      "close_approach_data" : [ {
        "close_approach_date" : "2007-10-22",
        "epoch_date_close_approach" : 1193036400000,
        "relative_velocity" : {
          "kilometers_per_second" : "25.8563024027",
          "kilometers_per_hour" : "93082.6886497711",
          "miles_per_hour" : "57837.9628446314"
        },
        "miss_distance" : {
          "astronomical" : "0.4963584894",
          "lunar" : "193.0834503174",
          "kilometers" : "74254176",
          "miles" : "46139404"
        },
        "orbiting_body" : "Earth"
      } ],
      "orbital_data" : {
        "orbit_id" : "18",
        "orbit_determination_date" : "2017-07-26 06:18:59",
        "orbit_uncertainty" : "1",
        "minimum_orbit_intersection" : ".0098717",
        "jupiter_tisserand_invariant" : "6.385",
        "epoch_osculation" : "2458000.5",
        "eccentricity" : ".5240616961374402",
        "semi_major_axis" : ".9039601857210088",
        "inclination" : "27.74348092172445",
        "ascending_node_longitude" : "106.26310539",
        "orbital_period" : "313.9224541758252",
        "perihelion_distance" : ".4302292775513414",
        "perihelion_argument" : "48.89168784064951",
        "aphelion_distance" : "1.377691093890676",
        "perihelion_time" : "2457892.000948875566",
        "mean_anomaly" : "124.4245446135538",
        "mean_motion" : "1.146780025484788",
        "equinox" : "J2000"
      }
    }, {
      "links" : {
        "self" : "https://api.nasa.gov/neo/rest/v1/neo/3603226?api_key=t0TVs3DtDT2H8Oy2Zy8m2eVrNsAVKAexjcZXUckd"
      },
      "neo_reference_id" : "3603226",
      "name" : "(2012 HC34)",
      "nasa_jpl_url" : "http://ssd.jpl.nasa.gov/sbdb.cgi?sstr=3603226",
      "absolute_magnitude_h" : 20.3,
      "estimated_diameter" : {
        "kilometers" : {
          "estimated_diameter_min" : 0.2315021222,
          "estimated_diameter_max" : 0.5176544822
        },
        "meters" : {
          "estimated_diameter_min" : 231.5021222103,
          "estimated_diameter_max" : 517.6544821978
        },
        "miles" : {
          "estimated_diameter_min" : 0.1438487052,
          "estimated_diameter_max" : 0.3216554833
        },
        "feet" : {
          "estimated_diameter_min" : 759.5214226325,
          "estimated_diameter_max" : 1698.3415313737
        }
      },
      "is_potentially_hazardous_asteroid" : false,
      "close_approach_data" : [ {
        "close_approach_date" : "2007-10-22",
        "epoch_date_close_approach" : 1193036400000,
        "relative_velocity" : {
          "kilometers_per_second" : "21.1413601505",
          "kilometers_per_hour" : "76108.8965417255",
          "miles_per_hour" : "47291.1085206072"
        },
        "miss_distance" : {
          "astronomical" : "0.4526188256",
          "lunar" : "176.0687255859",
          "kilometers" : "67710816",
          "miles" : "42073548"
        },
        "orbiting_body" : "Earth"
      } ],
      "orbital_data" : {
        "orbit_id" : "20",
        "orbit_determination_date" : "2017-05-16 06:22:30",
        "orbit_uncertainty" : "0",
        "minimum_orbit_intersection" : ".42161",
        "jupiter_tisserand_invariant" : "3.693",
        "epoch_osculation" : "2458000.5",
        "eccentricity" : ".3922990967844099",
        "semi_major_axis" : "1.8527257259447",
        "inclination" : "36.32754126280618",
        "ascending_node_longitude" : "45.16230622947657",
        "orbital_period" : "921.1176937993763",
        "perihelion_distance" : "1.125903097067354",
        "perihelion_argument" : "275.024272923849",
        "aphelion_distance" : "2.579548354822045",
        "perihelion_time" : "2458015.729726131305",
        "mean_anomaly" : "354.0477732170631",
        "mean_motion" : ".3908295350565806",
        "equinox" : "J2000"
      }
    }, {
      "links" : {
        "self" : "https://api.nasa.gov/neo/rest/v1/neo/3648711?api_key=t0TVs3DtDT2H8Oy2Zy8m2eVrNsAVKAexjcZXUckd"
      },
      "neo_reference_id" : "3648711",
      "name" : "(2013 SN24)",
      "nasa_jpl_url" : "http://ssd.jpl.nasa.gov/sbdb.cgi?sstr=3648711",
      "absolute_magnitude_h" : 25.0,
      "estimated_diameter" : {
        "kilometers" : {
          "estimated_diameter_min" : 0.02658,
          "estimated_diameter_max" : 0.0594346868
        },
        "meters" : {
          "estimated_diameter_min" : 26.58,
          "estimated_diameter_max" : 59.4346868419
        },
        "miles" : {
          "estimated_diameter_min" : 0.0165160412,
          "estimated_diameter_max" : 0.0369309908
        },
        "feet" : {
          "estimated_diameter_min" : 87.2047272,
          "estimated_diameter_max" : 194.9956979785
        }
      },
      "is_potentially_hazardous_asteroid" : false,
      "close_approach_data" : [ {
        "close_approach_date" : "2007-10-22",
        "epoch_date_close_approach" : 1193036400000,
        "relative_velocity" : {
          "kilometers_per_second" : "17.7197153827",
          "kilometers_per_hour" : "63790.9753777704",
          "miles_per_hour" : "39637.2313395929"
        },
        "miss_distance" : {
          "astronomical" : "0.3850273927",
          "lunar" : "149.7756500244",
          "kilometers" : "57599276",
          "miles" : "35790532"
        },
        "orbiting_body" : "Earth"
      } ],
      "orbital_data" : {
        "orbit_id" : "9",
        "orbit_determination_date" : "2017-04-06 08:44:30",
        "orbit_uncertainty" : "7",
        "minimum_orbit_intersection" : ".0450788",
        "jupiter_tisserand_invariant" : "7.006",
        "epoch_osculation" : "2458000.5",
        "eccentricity" : ".258478513481023",
        "semi_major_axis" : ".8332046598218676",
        "inclination" : "10.09147605662898",
        "ascending_node_longitude" : "189.4805644535385",
        "orbital_period" : "277.7959834092752",
        "perihelion_distance" : ".6178391579256498",
        "perihelion_argument" : "353.6647854204112",
        "aphelion_distance" : "1.048570161718085",
        "perihelion_time" : "2458089.676453205513",
        "mean_anomaly" : "244.434890814505",
        "mean_motion" : "1.295915065372324",
        "equinox" : "J2000"
      }
    }, {
      "links" : {
        "self" : "https://api.nasa.gov/neo/rest/v1/neo/3720359?api_key=t0TVs3DtDT2H8Oy2Zy8m2eVrNsAVKAexjcZXUckd"
      },
      "neo_reference_id" : "3720359",
      "name" : "(2015 KU121)",
      "nasa_jpl_url" : "http://ssd.jpl.nasa.gov/sbdb.cgi?sstr=3720359",
      "absolute_magnitude_h" : 22.9,
      "estimated_diameter" : {
        "kilometers" : {
          "estimated_diameter_min" : 0.0699125232,
          "estimated_diameter_max" : 0.1563291544
        },
        "meters" : {
          "estimated_diameter_min" : 69.9125232246,
          "estimated_diameter_max" : 156.3291544087
        },
        "miles" : {
          "estimated_diameter_min" : 0.0434416145,
          "estimated_diameter_max" : 0.097138403
        },
        "feet" : {
          "estimated_diameter_min" : 229.3718026961,
          "estimated_diameter_max" : 512.8909429502
        }
      },
      "is_potentially_hazardous_asteroid" : false,
      "close_approach_data" : [ {
        "close_approach_date" : "2007-10-22",
        "epoch_date_close_approach" : 1193036400000,
        "relative_velocity" : {
          "kilometers_per_second" : "19.3162617529",
          "kilometers_per_hour" : "69538.542310386",
          "miles_per_hour" : "43208.5459150285"
        },
        "miss_distance" : {
          "astronomical" : "0.4589433533",
          "lunar" : "178.5289764404",
          "kilometers" : "68656952",
          "miles" : "42661452"
        },
        "orbiting_body" : "Earth"
      } ],
      "orbital_data" : {
        "orbit_id" : "32",
        "orbit_determination_date" : "2017-04-14 06:13:06",
        "orbit_uncertainty" : "2",
        "minimum_orbit_intersection" : ".0031712",
        "jupiter_tisserand_invariant" : "5.596",
        "epoch_osculation" : "2458000.5",
        "eccentricity" : ".495415446276373",
        "semi_major_axis" : "1.078100163913362",
        "inclination" : "13.34269374393799",
        "ascending_node_longitude" : "75.18415322045496",
        "orbital_period" : "408.871740496298",
        "perihelion_distance" : ".5439926900775929",
        "perihelion_argument" : "294.3831255213416",
        "aphelion_distance" : "1.612207637749131",
        "perihelion_time" : "2458062.111384369758",
        "mean_anomaly" : "305.7529191276701",
        "mean_motion" : ".8804717087148739",
        "equinox" : "J2000"
      }
    }, {
      "links" : {
        "self" : "https://api.nasa.gov/neo/rest/v1/neo/2495168?api_key=t0TVs3DtDT2H8Oy2Zy8m2eVrNsAVKAexjcZXUckd"
      },
      "neo_reference_id" : "2495168",
      "name" : "495168 (2012 HC34)",
      "nasa_jpl_url" : "http://ssd.jpl.nasa.gov/sbdb.cgi?sstr=2495168",
      "absolute_magnitude_h" : 20.3,
      "estimated_diameter" : {
        "kilometers" : {
          "estimated_diameter_min" : 0.2315021222,
          "estimated_diameter_max" : 0.5176544822
        },
        "meters" : {
          "estimated_diameter_min" : 231.5021222103,
          "estimated_diameter_max" : 517.6544821978
        },
        "miles" : {
          "estimated_diameter_min" : 0.1438487052,
          "estimated_diameter_max" : 0.3216554833
        },
        "feet" : {
          "estimated_diameter_min" : 759.5214226325,
          "estimated_diameter_max" : 1698.3415313737
        }
      },
      "is_potentially_hazardous_asteroid" : false,
      "close_approach_data" : [ {
        "close_approach_date" : "2007-10-22",
        "epoch_date_close_approach" : 1193036400000,
        "relative_velocity" : {
          "kilometers_per_second" : "21.1413601954",
          "kilometers_per_hour" : "76108.896703418",
          "miles_per_hour" : "47291.1086210766"
        },
        "miss_distance" : {
          "astronomical" : "0.4526188256",
          "lunar" : "176.0687255859",
          "kilometers" : "67710816",
          "miles" : "42073548"
        },
        "orbiting_body" : "Earth"
      } ],
      "orbital_data" : {
        "orbit_id" : "21",
        "orbit_determination_date" : "2017-06-12 13:24:40",
        "orbit_uncertainty" : "0",
        "minimum_orbit_intersection" : ".42161",
        "jupiter_tisserand_invariant" : "3.693",
        "epoch_osculation" : "2458000.5",
        "eccentricity" : ".3922990967973123",
        "semi_major_axis" : "1.852725725956279",
        "inclination" : "36.32754126235442",
        "ascending_node_longitude" : "45.1623062292467",
        "orbital_period" : "921.1176938080113",
        "perihelion_distance" : "1.125903097050486",
        "perihelion_argument" : "275.0242729257336",
        "aphelion_distance" : "2.579548354862072",
        "perihelion_time" : "2458015.729726157928",
        "mean_anomaly" : "354.0477732067137",
        "mean_motion" : ".3908295350529168",
        "equinox" : "J2000"
      }
    } ]
  }
}