{
  "links" : {
    "next" : "https://api.nasa.gov/neo/rest/v1/feed?start_date=1999-06-23&end_date=1999-06-23&detailed=true&api_key=t0TVs3DtDT2H8Oy2Zy8m2eVrNsAVKAexjcZXUckd",
    "prev" : "https://api.nasa.gov/neo/rest/v1/feed?start_date=1999-06-21&end_date=1999-06-21&detailed=true&api_key=t0TVs3DtDT2H8Oy2Zy8m2eVrNsAVKAexjcZXUckd",
    "self" : "https://api.nasa.gov/neo/rest/v1/feed?start_date=1999-06-22&end_date=1999-06-22&detailed=true&api_key=t0TVs3DtDT2H8Oy2Zy8m2eVrNsAVKAexjcZXUckd"
  },
  "element_count" : 7,
  "near_earth_objects" : {
    "1999-06-22" : [ {
      "links" : {
        "self" : "https://api.nasa.gov/neo/rest/v1/neo/2322652?api_key=t0TVs3DtDT2H8Oy2Zy8m2eVrNsAVKAexjcZXUckd"
      },
      "neo_reference_id" : "2322652",
      "name" : "322652 (1999 JO8)",
      "nasa_jpl_url" : "http://ssd.jpl.nasa.gov/sbdb.cgi?sstr=2322652",
      "absolute_magnitude_h" : 16.9,
      "estimated_diameter" : {
        "kilometers" : {
          "estimated_diameter_min" : 1.1080388213,
          "estimated_diameter_max" : 2.4776501261
        },
        "meters" : {
          "estimated_diameter_min" : 1108.0388212642,
          "estimated_diameter_max" : 2477.6501260554
        },
        "miles" : {
          "estimated_diameter_min" : 0.6885031904,
          "estimated_diameter_max" : 1.5395399365
        },
        "feet" : {
          "estimated_diameter_min" : 3635.2980863563,
          "estimated_diameter_max" : 8128.7736395675
        }
      },
      "is_potentially_hazardous_asteroid" : false,
      "close_approach_data" : [ {
        "close_approach_date" : "1999-06-22",
        "epoch_date_close_approach" : 930034800000,
        "relative_velocity" : {
          "kilometers_per_second" : "14.3559218255",
          "kilometers_per_hour" : "51681.3185717251",
          "miles_per_hour" : "32112.7615314144"
        },
        "miss_distance" : {
          "astronomical" : "0.1873842259",
          "lunar" : "72.8924636841",
          "kilometers" : "28032282",
          "miles" : "17418452"
        },
        "orbiting_body" : "Earth"
      } ],
      "orbital_data" : {
        "orbit_id" : "43",
        "orbit_determination_date" : "2017-04-06 09:23:44",
        "orbit_uncertainty" : "0",
        "minimum_orbit_intersection" : ".146698",
        "jupiter_tisserand_invariant" : "3.027",
        "epoch_osculation" : "2458000.5",
        "eccentricity" : ".5741583937651772",
        "semi_major_axis" : "2.652063747054818",
        "inclination" : "24.35434447399415",
        "ascending_node_longitude" : "80.04526089242319",
        "orbital_period" : "1577.518151929718",
        "perihelion_distance" : "1.129359085882967",
        "perihelion_argument" : "205.9054055406318",
        "aphelion_distance" : "4.17476840822667",
        "perihelion_time" : "2457658.022508308244",
        "mean_anomaly" : "78.15561225600723",
        "mean_motion" : ".2282065658386407",
        "equinox" : "J2000"
      }
    }, {
      "links" : {
        "self" : "https://api.nasa.gov/neo/rest/v1/neo/3127406?api_key=t0TVs3DtDT2H8Oy2Zy8m2eVrNsAVKAexjcZXUckd"
      },
      "neo_reference_id" : "3127406",
      "name" : "(2002 LT38)",
      "nasa_jpl_url" : "http://ssd.jpl.nasa.gov/sbdb.cgi?sstr=3127406",
      "absolute_magnitude_h" : 20.3,
      "estimated_diameter" : {
        "kilometers" : {
          "estimated_diameter_min" : 0.2315021222,
          "estimated_diameter_max" : 0.5176544822
        },
        "meters" : {
          "estimated_diameter_min" : 231.5021222103,
          "estimated_diameter_max" : 517.6544821978
        },
        "miles" : {
          "estimated_diameter_min" : 0.1438487052,
          "estimated_diameter_max" : 0.3216554833
        },
        "feet" : {
          "estimated_diameter_min" : 759.5214226325,
          "estimated_diameter_max" : 1698.3415313737
        }
      },
      "is_potentially_hazardous_asteroid" : true,
      "close_approach_data" : [ {
        "close_approach_date" : "1999-06-22",
        "epoch_date_close_approach" : 930034800000,
        "relative_velocity" : {
          "kilometers_per_second" : "19.7651086698",
          "kilometers_per_hour" : "71154.3912111878",
          "miles_per_hour" : "44212.5715834184"
        },
        "miss_distance" : {
          "astronomical" : "0.3910428411",
          "lunar" : "152.1156616211",
          "kilometers" : "58499176",
          "miles" : "36349704"
        },
        "orbiting_body" : "Earth"
      } ],
      "orbital_data" : {
        "orbit_id" : "41",
        "orbit_determination_date" : "2016-05-20 06:15:37",
        "orbit_uncertainty" : "0",
        "minimum_orbit_intersection" : ".0343186",
        "jupiter_tisserand_invariant" : "6.918",
        "epoch_osculation" : "2457600.5",
        "eccentricity" : ".3138109672334449",
        "semi_major_axis" : ".8450462997233098",
        "inclination" : "6.195929677948871",
        "ascending_node_longitude" : "259.4271794188552",
        "orbital_period" : "283.7390978006489",
        "perihelion_distance" : ".5798615030500943",
        "perihelion_argument" : "162.7105668266063",
        "aphelion_distance" : "1.110231096396525",
        "perihelion_time" : "2457667.660609129143",
        "mean_anomaly" : "274.7885523218287",
        "mean_motion" : "1.268771215495056",
        "equinox" : "J2000"
      }
    }, {
      "links" : {
        "self" : "https://api.nasa.gov/neo/rest/v1/neo/3278744?api_key=t0TVs3DtDT2H8Oy2Zy8m2eVrNsAVKAexjcZXUckd"
      },
      "neo_reference_id" : "3278744",
      "name" : "(2005 KR)",
      "nasa_jpl_url" : "http://ssd.jpl.nasa.gov/sbdb.cgi?sstr=3278744",
      "absolute_magnitude_h" : 21.6,
      "estimated_diameter" : {
        "kilometers" : {
          "estimated_diameter_min" : 0.1272198785,
          "estimated_diameter_max" : 0.2844722965
        },
        "meters" : {
          "estimated_diameter_min" : 127.2198785394,
          "estimated_diameter_max" : 284.4722965033
        },
        "miles" : {
          "estimated_diameter_min" : 0.0790507431,
          "estimated_diameter_max" : 0.1767628354
        },
        "feet" : {
          "estimated_diameter_min" : 417.3880663071,
          "estimated_diameter_max" : 933.3080892598
        }
      },
      "is_potentially_hazardous_asteroid" : false,
      "close_approach_data" : [ {
        "close_approach_date" : "1999-06-22",
        "epoch_date_close_approach" : 930034800000,
        "relative_velocity" : {
          "kilometers_per_second" : "15.1881602545",
          "kilometers_per_hour" : "54677.3769161554",
          "miles_per_hour" : "33974.3956732633"
        },
        "miss_distance" : {
          "astronomical" : "0.2770578709",
          "lunar" : "107.7755050659",
          "kilometers" : "41447264",
          "miles" : "25754136"
        },
        "orbiting_body" : "Earth"
      } ],
      "orbital_data" : {
        "orbit_id" : "7",
        "orbit_determination_date" : "2017-04-06 09:10:56",
        "orbit_uncertainty" : "7",
        "minimum_orbit_intersection" : ".137746",
        "jupiter_tisserand_invariant" : "5.392",
        "epoch_osculation" : "2458000.5",
        "eccentricity" : ".3069641023835923",
        "semi_major_axis" : "1.139902383865402",
        "inclination" : "21.73170527815746",
        "ascending_node_longitude" : "63.34951543781257",
        "orbital_period" : "444.5288169420361",
        "perihelion_distance" : ".7899932717972421",
        "perihelion_argument" : "320.7662819463708",
        "aphelion_distance" : "1.489811495933563",
        "perihelion_time" : "2458106.075854930752",
        "mean_anomaly" : "274.4997887054265",
        "mean_motion" : ".8098462603087931",
        "equinox" : "J2000"
      }
    }, {
      "links" : {
        "self" : "https://api.nasa.gov/neo/rest/v1/neo/3336867?api_key=t0TVs3DtDT2H8Oy2Zy8m2eVrNsAVKAexjcZXUckd"
      },
      "neo_reference_id" : "3336867",
      "name" : "(2006 MB)",
      "nasa_jpl_url" : "http://ssd.jpl.nasa.gov/sbdb.cgi?sstr=3336867",
      "absolute_magnitude_h" : 22.6,
      "estimated_diameter" : {
        "kilometers" : {
          "estimated_diameter_min" : 0.0802703167,
          "estimated_diameter_max" : 0.1794898848
        },
        "meters" : {
          "estimated_diameter_min" : 80.2703167283,
          "estimated_diameter_max" : 179.4898847799
        },
        "miles" : {
          "estimated_diameter_min" : 0.049877647,
          "estimated_diameter_max" : 0.1115298092
        },
        "feet" : {
          "estimated_diameter_min" : 263.3540659348,
          "estimated_diameter_max" : 588.8775935812
        }
      },
      "is_potentially_hazardous_asteroid" : false,
      "close_approach_data" : [ {
        "close_approach_date" : "1999-06-22",
        "epoch_date_close_approach" : 930034800000,
        "relative_velocity" : {
          "kilometers_per_second" : "7.9055902618",
          "kilometers_per_hour" : "28460.1249425179",
          "miles_per_hour" : "17684.014856644"
        },
        "miss_distance" : {
          "astronomical" : "0.2582561131",
          "lunar" : "100.4616241455",
          "kilometers" : "38634564",
          "miles" : "24006406"
        },
        "orbiting_body" : "Earth"
      } ],
      "orbital_data" : {
        "orbit_id" : "19",
        "orbit_determination_date" : "2017-04-06 09:08:29",
        "orbit_uncertainty" : "5",
        "minimum_orbit_intersection" : ".0629166",
        "jupiter_tisserand_invariant" : "5.565",
        "epoch_osculation" : "2458000.5",
        "eccentricity" : ".08304171744278538",
        "semi_major_axis" : "1.113856715797869",
        "inclination" : "14.42883020903167",
        "ascending_node_longitude" : "257.6305000334739",
        "orbital_period" : "429.3805998866342",
        "perihelion_distance" : "1.021360141132834",
        "perihelion_argument" : "287.0378725630641",
        "aphelion_distance" : "1.206353290462905",
        "perihelion_time" : "2458114.291274157706",
        "mean_anomaly" : "264.5954598144637",
        "mean_motion" : ".8384170130067539",
        "equinox" : "J2000"
      }
    }, {
      "links" : {
        "self" : "https://api.nasa.gov/neo/rest/v1/neo/3463448?api_key=t0TVs3DtDT2H8Oy2Zy8m2eVrNsAVKAexjcZXUckd"
      },
      "neo_reference_id" : "3463448",
      "name" : "(2009 MN8)",
      "nasa_jpl_url" : "http://ssd.jpl.nasa.gov/sbdb.cgi?sstr=3463448",
      "absolute_magnitude_h" : 22.7,
      "estimated_diameter" : {
        "kilometers" : {
          "estimated_diameter_min" : 0.0766575574,
          "estimated_diameter_max" : 0.1714115092
        },
        "meters" : {
          "estimated_diameter_min" : 76.6575573531,
          "estimated_diameter_max" : 171.4115092306
        },
        "miles" : {
          "estimated_diameter_min" : 0.0476327831,
          "estimated_diameter_max" : 0.1065101409
        },
        "feet" : {
          "estimated_diameter_min" : 251.5011804664,
          "estimated_diameter_max" : 562.3737359442
        }
      },
      "is_potentially_hazardous_asteroid" : false,
      "close_approach_data" : [ {
        "close_approach_date" : "1999-06-22",
        "epoch_date_close_approach" : 930034800000,
        "relative_velocity" : {
          "kilometers_per_second" : "8.6187465463",
          "kilometers_per_hour" : "31027.4875668502",
          "miles_per_hour" : "19279.2741495242"
        },
        "miss_distance" : {
          "astronomical" : "0.0363308617",
          "lunar" : "14.1327047348",
          "kilometers" : "5435019.5",
          "miles" : "3377164.5"
        },
        "orbiting_body" : "Earth"
      } ],
      "orbital_data" : {
        "orbit_id" : "22",
        "orbit_determination_date" : "2017-04-06 09:00:23",
        "orbit_uncertainty" : "6",
        "minimum_orbit_intersection" : ".0273587",
        "jupiter_tisserand_invariant" : "3.432",
        "epoch_osculation" : "2458000.5",
        "eccentricity" : ".5423504551980337",
        "semi_major_axis" : "2.228789864103305",
        "inclination" : "3.514984100599012",
        "ascending_node_longitude" : "282.828334730862",
        "orbital_period" : "1215.352092125266",
        "perihelion_distance" : "1.020004666766114",
        "perihelion_argument" : "325.0909680172658",
        "aphelion_distance" : "3.437575061440497",
        "perihelion_time" : "2457411.755482542397",
        "mean_anomaly" : "174.3922832387669",
        "mean_motion" : ".2962104581319098",
        "equinox" : "J2000"
      }
    }, {
      "links" : {
        "self" : "https://api.nasa.gov/neo/rest/v1/neo/3619728?api_key=t0TVs3DtDT2H8Oy2Zy8m2eVrNsAVKAexjcZXUckd"
      },
      "neo_reference_id" : "3619728",
      "name" : "(2012 XH55)",
      "nasa_jpl_url" : "http://ssd.jpl.nasa.gov/sbdb.cgi?sstr=3619728",
      "absolute_magnitude_h" : 19.0,
      "estimated_diameter" : {
        "kilometers" : {
          "estimated_diameter_min" : 0.4212646106,
          "estimated_diameter_max" : 0.9419763057
        },
        "meters" : {
          "estimated_diameter_min" : 421.2646105562,
          "estimated_diameter_max" : 941.9763057186
        },
        "miles" : {
          "estimated_diameter_min" : 0.2617616123,
          "estimated_diameter_max" : 0.5853167591
        },
        "feet" : {
          "estimated_diameter_min" : 1382.1017848971,
          "estimated_diameter_max" : 3090.4735428537
        }
      },
      "is_potentially_hazardous_asteroid" : false,
      "close_approach_data" : [ {
        "close_approach_date" : "1999-06-22",
        "epoch_date_close_approach" : 930034800000,
        "relative_velocity" : {
          "kilometers_per_second" : "19.3314376638",
          "kilometers_per_hour" : "69593.1755898492",
          "miles_per_hour" : "43242.4929102594"
        },
        "miss_distance" : {
          "astronomical" : "0.2729092367",
          "lunar" : "106.1616897583",
          "kilometers" : "40826640",
          "miles" : "25368498"
        },
        "orbiting_body" : "Earth"
      } ],
      "orbital_data" : {
        "orbit_id" : "22",
        "orbit_determination_date" : "2017-04-06 08:47:46",
        "orbit_uncertainty" : "4",
        "minimum_orbit_intersection" : ".0723948",
        "jupiter_tisserand_invariant" : "3.402",
        "epoch_osculation" : "2458000.5",
        "eccentricity" : ".7076937472314243",
        "semi_major_axis" : "1.972655780319456",
        "inclination" : "28.49980162382593",
        "ascending_node_longitude" : "107.9103020199953",
        "orbital_period" : "1011.988065800937",
        "perihelion_distance" : ".5766196191474509",
        "perihelion_argument" : "77.47282878244877",
        "aphelion_distance" : "3.368691941491461",
        "perihelion_time" : "2458377.194265923278",
        "mean_anomaly" : "225.9965069597418",
        "mean_motion" : ".3557354203728465",
        "equinox" : "J2000"
      }
    }, {
      "links" : {
        "self" : "https://api.nasa.gov/neo/rest/v1/neo/2467336?api_key=t0TVs3DtDT2H8Oy2Zy8m2eVrNsAVKAexjcZXUckd"
      },
      "neo_reference_id" : "2467336",
      "name" : "467336 (2002 LT38)",
      "nasa_jpl_url" : "http://ssd.jpl.nasa.gov/sbdb.cgi?sstr=2467336",
      "absolute_magnitude_h" : 20.5,
      "estimated_diameter" : {
        "kilometers" : {
          "estimated_diameter_min" : 0.2111324448,
          "estimated_diameter_max" : 0.4721064988
        },
        "meters" : {
          "estimated_diameter_min" : 211.1324447897,
          "estimated_diameter_max" : 472.1064988055
        },
        "miles" : {
          "estimated_diameter_min" : 0.1311915784,
          "estimated_diameter_max" : 0.2933532873
        },
        "feet" : {
          "estimated_diameter_min" : 692.6917701639,
          "estimated_diameter_max" : 1548.9058855411
        }
      },
      "is_potentially_hazardous_asteroid" : true,
      "close_approach_data" : [ {
        "close_approach_date" : "1999-06-22",
        "epoch_date_close_approach" : 930034800000,
        "relative_velocity" : {
          "kilometers_per_second" : "19.7651122641",
          "kilometers_per_hour" : "71154.4041508957",
          "miles_per_hour" : "44212.5796236496"
        },
        "miss_distance" : {
          "astronomical" : "0.3910433873",
          "lunar" : "152.1158752441",
          "kilometers" : "58499260",
          "miles" : "36349756"
        },
        "orbiting_body" : "Earth"
      } ],
      "orbital_data" : {
        "orbit_id" : "70",
        "orbit_determination_date" : "2017-04-06 09:19:27",
        "orbit_uncertainty" : "0",
        "minimum_orbit_intersection" : ".0345092",
        "jupiter_tisserand_invariant" : "6.918",
        "epoch_osculation" : "2458000.5",
        "eccentricity" : ".3137955089528067",
        "semi_major_axis" : ".8450563792782531",
        "inclination" : "6.195574898296003",
        "ascending_node_longitude" : "259.4157105519243",
        "orbital_period" : "283.7441743964906",
        "perihelion_distance" : ".5798814826488176",
        "perihelion_argument" : "162.7225541658695",
        "aphelion_distance" : "1.110231275907689",
        "perihelion_time" : "2457951.406669513856",
        "mean_anomaly" : "62.2870901670582",
        "mean_motion" : "1.268748515333228",
        "equinox" : "J2000"
      }
    } ]
  }
}