{
  "links" : {
    "next" : "https://api.nasa.gov/neo/rest/v1/feed?start_date=2000-10-16&end_date=2000-10-16&detailed=true&api_key=t0TVs3DtDT2H8Oy2Zy8m2eVrNsAVKAexjcZXUckd",
    "prev" : "https://api.nasa.gov/neo/rest/v1/feed?start_date=2000-10-14&end_date=2000-10-14&detailed=true&api_key=t0TVs3DtDT2H8Oy2Zy8m2eVrNsAVKAexjcZXUckd",
    "self" : "https://api.nasa.gov/neo/rest/v1/feed?start_date=2000-10-15&end_date=2000-10-15&detailed=true&api_key=t0TVs3DtDT2H8Oy2Zy8m2eVrNsAVKAexjcZXUckd"
  },
  "element_count" : 9,
  "near_earth_objects" : {
    "2000-10-15" : [ {
      "links" : {
        "self" : "https://api.nasa.gov/neo/rest/v1/neo/3145495?api_key=t0TVs3DtDT2H8Oy2Zy8m2eVrNsAVKAexjcZXUckd"
      },
      "neo_reference_id" : "3145495",
      "name" : "(2002 XV90)",
      "nasa_jpl_url" : "http://ssd.jpl.nasa.gov/sbdb.cgi?sstr=3145495",
      "absolute_magnitude_h" : 25.5,
      "estimated_diameter" : {
        "kilometers" : {
          "estimated_diameter_min" : 0.0211132445,
          "estimated_diameter_max" : 0.0472106499
        },
        "meters" : {
          "estimated_diameter_min" : 21.113244479,
          "estimated_diameter_max" : 47.2106498806
        },
        "miles" : {
          "estimated_diameter_min" : 0.0131191578,
          "estimated_diameter_max" : 0.0293353287
        },
        "feet" : {
          "estimated_diameter_min" : 69.2691770164,
          "estimated_diameter_max" : 154.8905885541
        }
      },
      "is_potentially_hazardous_asteroid" : false,
      "close_approach_data" : [ {
        "close_approach_date" : "2000-10-15",
        "epoch_date_close_approach" : 971593200000,
        "relative_velocity" : {
          "kilometers_per_second" : "14.588461395",
          "kilometers_per_hour" : "52518.4610219622",
          "miles_per_hour" : "32632.929294452"
        },
        "miss_distance" : {
          "astronomical" : "0.3101979866",
          "lunar" : "120.6670150757",
          "kilometers" : "46404956",
          "miles" : "28834704"
        },
        "orbiting_body" : "Earth"
      } ],
      "orbital_data" : {
        "orbit_id" : "9",
        "orbit_determination_date" : "2017-04-06 09:14:30",
        "orbit_uncertainty" : "8",
        "minimum_orbit_intersection" : ".000852474",
        "jupiter_tisserand_invariant" : "4.296",
        "epoch_osculation" : "2452630.5",
        "eccentricity" : ".377270938199526",
        "semi_major_axis" : "1.581480425771216",
        "inclination" : "9.975201449251136",
        "ascending_node_longitude" : "79.16120691190459",
        "orbital_period" : "726.4306473033315",
        "perihelion_distance" : ".9848338217963233",
        "perihelion_argument" : "356.0788989379644",
        "aphelion_distance" : "2.178127029746108",
        "perihelion_time" : "2452616.587465233328",
        "mean_anomaly" : "6.894687792419837",
        "mean_motion" : ".4955738050650785",
        "equinox" : "J2000"
      }
    }, {
      "links" : {
        "self" : "https://api.nasa.gov/neo/rest/v1/neo/2395289?api_key=t0TVs3DtDT2H8Oy2Zy8m2eVrNsAVKAexjcZXUckd"
      },
      "neo_reference_id" : "2395289",
      "name" : "395289 (2011 BJ2)",
      "nasa_jpl_url" : "http://ssd.jpl.nasa.gov/sbdb.cgi?sstr=2395289",
      "absolute_magnitude_h" : 18.3,
      "estimated_diameter" : {
        "kilometers" : {
          "estimated_diameter_min" : 0.5815070396,
          "estimated_diameter_max" : 1.30028927
        },
        "meters" : {
          "estimated_diameter_min" : 581.5070396458,
          "estimated_diameter_max" : 1300.2892700427
        },
        "miles" : {
          "estimated_diameter_min" : 0.3613316107,
          "estimated_diameter_max" : 0.807962044
        },
        "feet" : {
          "estimated_diameter_min" : 1907.8315559515,
          "estimated_diameter_max" : 4266.0410487267
        }
      },
      "is_potentially_hazardous_asteroid" : false,
      "close_approach_data" : [ {
        "close_approach_date" : "2000-10-15",
        "epoch_date_close_approach" : 971593200000,
        "relative_velocity" : {
          "kilometers_per_second" : "32.8228046528",
          "kilometers_per_hour" : "118162.0967501066",
          "miles_per_hour" : "73421.3317278649"
        },
        "miss_distance" : {
          "astronomical" : "0.4101960686",
          "lunar" : "159.5662689209",
          "kilometers" : "61364460",
          "miles" : "38130108"
        },
        "orbiting_body" : "Earth"
      } ],
      "orbital_data" : {
        "orbit_id" : "48",
        "orbit_determination_date" : "2017-05-14 06:18:27",
        "orbit_uncertainty" : "0",
        "minimum_orbit_intersection" : ".0938502",
        "jupiter_tisserand_invariant" : "4.634",
        "epoch_osculation" : "2458000.5",
        "eccentricity" : ".3472492763451782",
        "semi_major_axis" : "1.290400870088459",
        "inclination" : "49.90123941966606",
        "ascending_node_longitude" : "34.01261060053654",
        "orbital_period" : "535.4086677220515",
        "perihelion_distance" : ".8423101017550536",
        "perihelion_argument" : "84.12432760940136",
        "aphelion_distance" : "1.738491638421865",
        "perihelion_time" : "2457775.861082671893",
        "mean_anomaly" : "151.0435207972777",
        "mean_motion" : ".6723835860402767",
        "equinox" : "J2000"
      }
    }, {
      "links" : {
        "self" : "https://api.nasa.gov/neo/rest/v1/neo/2439898?api_key=t0TVs3DtDT2H8Oy2Zy8m2eVrNsAVKAexjcZXUckd"
      },
      "neo_reference_id" : "2439898",
      "name" : "439898 (2000 TG2)",
      "nasa_jpl_url" : "http://ssd.jpl.nasa.gov/sbdb.cgi?sstr=2439898",
      "absolute_magnitude_h" : 20.0,
      "estimated_diameter" : {
        "kilometers" : {
          "estimated_diameter_min" : 0.2658,
          "estimated_diameter_max" : 0.5943468684
        },
        "meters" : {
          "estimated_diameter_min" : 265.8,
          "estimated_diameter_max" : 594.3468684194
        },
        "miles" : {
          "estimated_diameter_min" : 0.1651604118,
          "estimated_diameter_max" : 0.369309908
        },
        "feet" : {
          "estimated_diameter_min" : 872.047272,
          "estimated_diameter_max" : 1949.9569797852
        }
      },
      "is_potentially_hazardous_asteroid" : false,
      "close_approach_data" : [ {
        "close_approach_date" : "2000-10-15",
        "epoch_date_close_approach" : 971593200000,
        "relative_velocity" : {
          "kilometers_per_second" : "6.4608422383",
          "kilometers_per_hour" : "23259.0320577833",
          "miles_per_hour" : "14452.2580027932"
        },
        "miss_distance" : {
          "astronomical" : "0.2490703081",
          "lunar" : "96.888343811",
          "kilometers" : "37260388",
          "miles" : "23152532"
        },
        "orbiting_body" : "Earth"
      } ],
      "orbital_data" : {
        "orbit_id" : "49",
        "orbit_determination_date" : "2017-04-06 09:20:31",
        "orbit_uncertainty" : "0",
        "minimum_orbit_intersection" : ".162998",
        "jupiter_tisserand_invariant" : "4.445",
        "epoch_osculation" : "2458000.5",
        "eccentricity" : ".2456406472626395",
        "semi_major_axis" : "1.52178988792615",
        "inclination" : "12.00216353594434",
        "ascending_node_longitude" : "206.8602557495668",
        "orbital_period" : "685.6941870993381",
        "perihelion_distance" : "1.147976434858231",
        "perihelion_argument" : "200.3366264066778",
        "aphelion_distance" : "1.895603340994069",
        "perihelion_time" : "2458041.365965074644",
        "mean_anomaly" : "338.5447394718246",
        "mean_motion" : ".5250153884531122",
        "equinox" : "J2000"
      }
    }, {
      "links" : {
        "self" : "https://api.nasa.gov/neo/rest/v1/neo/3092347?api_key=t0TVs3DtDT2H8Oy2Zy8m2eVrNsAVKAexjcZXUckd"
      },
      "neo_reference_id" : "3092347",
      "name" : "(2001 TD)",
      "nasa_jpl_url" : "http://ssd.jpl.nasa.gov/sbdb.cgi?sstr=3092347",
      "absolute_magnitude_h" : 25.1,
      "estimated_diameter" : {
        "kilometers" : {
          "estimated_diameter_min" : 0.0253837029,
          "estimated_diameter_max" : 0.0567596853
        },
        "meters" : {
          "estimated_diameter_min" : 25.3837029364,
          "estimated_diameter_max" : 56.7596852866
        },
        "miles" : {
          "estimated_diameter_min" : 0.0157726969,
          "estimated_diameter_max" : 0.0352688224
        },
        "feet" : {
          "estimated_diameter_min" : 83.279867942,
          "estimated_diameter_max" : 186.2194458756
        }
      },
      "is_potentially_hazardous_asteroid" : false,
      "close_approach_data" : [ {
        "close_approach_date" : "2000-10-15",
        "epoch_date_close_approach" : 971593200000,
        "relative_velocity" : {
          "kilometers_per_second" : "17.3853677314",
          "kilometers_per_hour" : "62587.323832864",
          "miles_per_hour" : "38889.3290782593"
        },
        "miss_distance" : {
          "astronomical" : "0.3781443098",
          "lunar" : "147.0981445312",
          "kilometers" : "56569588",
          "miles" : "35150712"
        },
        "orbiting_body" : "Earth"
      } ],
      "orbital_data" : {
        "orbit_id" : "11",
        "orbit_determination_date" : "2017-04-06 09:16:02",
        "orbit_uncertainty" : "4",
        "minimum_orbit_intersection" : ".00497131",
        "jupiter_tisserand_invariant" : "6.292",
        "epoch_osculation" : "2458000.5",
        "eccentricity" : ".1657861677273728",
        "semi_major_axis" : ".9533338651727158",
        "inclination" : "9.016836811229497",
        "ascending_node_longitude" : "13.07065262779992",
        "orbital_period" : "339.9898547165654",
        "perihelion_distance" : ".7952842971010073",
        "perihelion_argument" : "241.4467927227719",
        "aphelion_distance" : "1.111383433244424",
        "perihelion_time" : "2457879.165317652984",
        "mean_anomaly" : "128.475850202472",
        "mean_motion" : "1.058855124662811",
        "equinox" : "J2000"
      }
    }, {
      "links" : {
        "self" : "https://api.nasa.gov/neo/rest/v1/neo/3180192?api_key=t0TVs3DtDT2H8Oy2Zy8m2eVrNsAVKAexjcZXUckd"
      },
      "neo_reference_id" : "3180192",
      "name" : "(2004 HT59)",
      "nasa_jpl_url" : "http://ssd.jpl.nasa.gov/sbdb.cgi?sstr=3180192",
      "absolute_magnitude_h" : 27.2,
      "estimated_diameter" : {
        "kilometers" : {
          "estimated_diameter_min" : 0.0096506147,
          "estimated_diameter_max" : 0.0215794305
        },
        "meters" : {
          "estimated_diameter_min" : 9.6506146958,
          "estimated_diameter_max" : 21.5794304844
        },
        "miles" : {
          "estimated_diameter_min" : 0.0059966121,
          "estimated_diameter_max" : 0.0134088323
        },
        "feet" : {
          "estimated_diameter_min" : 31.6621227185,
          "estimated_diameter_max" : 70.7986587106
        }
      },
      "is_potentially_hazardous_asteroid" : false,
      "close_approach_data" : [ {
        "close_approach_date" : "2000-10-15",
        "epoch_date_close_approach" : 971593200000,
        "relative_velocity" : {
          "kilometers_per_second" : "7.9853363708",
          "kilometers_per_hour" : "28747.2109348789",
          "miles_per_hour" : "17862.3989278418"
        },
        "miss_distance" : {
          "astronomical" : "0.1953090905",
          "lunar" : "75.9752349854",
          "kilometers" : "29217824",
          "miles" : "18155114"
        },
        "orbiting_body" : "Earth"
      } ],
      "orbital_data" : {
        "orbit_id" : "7",
        "orbit_determination_date" : "2017-04-06 09:12:50",
        "orbit_uncertainty" : "7",
        "minimum_orbit_intersection" : ".00758817",
        "jupiter_tisserand_invariant" : "6.139",
        "epoch_osculation" : "2458000.5",
        "eccentricity" : ".2232929950433721",
        "semi_major_axis" : ".9801342882847766",
        "inclination" : "11.12695928575858",
        "ascending_node_longitude" : "214.6634803636377",
        "orbital_period" : "354.4270015401303",
        "perihelion_distance" : ".7612771675089649",
        "perihelion_argument" : "112.1874296501164",
        "aphelion_distance" : "1.198991409060588",
        "perihelion_time" : "2458167.132512619432",
        "mean_anomaly" : "190.747363258656",
        "mean_motion" : "1.015723966954134",
        "equinox" : "J2000"
      }
    }, {
      "links" : {
        "self" : "https://api.nasa.gov/neo/rest/v1/neo/3252349?api_key=t0TVs3DtDT2H8Oy2Zy8m2eVrNsAVKAexjcZXUckd"
      },
      "neo_reference_id" : "3252349",
      "name" : "(2004 RZ164)",
      "nasa_jpl_url" : "http://ssd.jpl.nasa.gov/sbdb.cgi?sstr=3252349",
      "absolute_magnitude_h" : 19.0,
      "estimated_diameter" : {
        "kilometers" : {
          "estimated_diameter_min" : 0.4212646106,
          "estimated_diameter_max" : 0.9419763057
        },
        "meters" : {
          "estimated_diameter_min" : 421.2646105562,
          "estimated_diameter_max" : 941.9763057186
        },
        "miles" : {
          "estimated_diameter_min" : 0.2617616123,
          "estimated_diameter_max" : 0.5853167591
        },
        "feet" : {
          "estimated_diameter_min" : 1382.1017848971,
          "estimated_diameter_max" : 3090.4735428537
        }
      },
      "is_potentially_hazardous_asteroid" : true,
      "close_approach_data" : [ {
        "close_approach_date" : "2000-10-15",
        "epoch_date_close_approach" : 971593200000,
        "relative_velocity" : {
          "kilometers_per_second" : "15.1865388329",
          "kilometers_per_hour" : "54671.5397983115",
          "miles_per_hour" : "33970.7687152342"
        },
        "miss_distance" : {
          "astronomical" : "0.2722792782",
          "lunar" : "105.9166412354",
          "kilometers" : "40732404",
          "miles" : "25309942"
        },
        "orbiting_body" : "Earth"
      } ],
      "orbital_data" : {
        "orbit_id" : "62",
        "orbit_determination_date" : "2017-04-06 09:12:17",
        "orbit_uncertainty" : "0",
        "minimum_orbit_intersection" : ".0140013",
        "jupiter_tisserand_invariant" : "3.112",
        "epoch_osculation" : "2458000.5",
        "eccentricity" : ".6134106601298899",
        "semi_major_axis" : "2.553441042723828",
        "inclination" : "13.8698320072988",
        "ascending_node_longitude" : "74.93795898279072",
        "orbital_period" : "1490.346249390509",
        "perihelion_distance" : ".9871330871038503",
        "perihelion_argument" : "345.3869725804823",
        "aphelion_distance" : "4.119748998343805",
        "perihelion_time" : "2457816.419040451288",
        "mean_anomaly" : "44.46560352309919",
        "mean_motion" : ".2415546052786225",
        "equinox" : "J2000"
      }
    }, {
      "links" : {
        "self" : "https://api.nasa.gov/neo/rest/v1/neo/3387609?api_key=t0TVs3DtDT2H8Oy2Zy8m2eVrNsAVKAexjcZXUckd"
      },
      "neo_reference_id" : "3387609",
      "name" : "(2007 TF15)",
      "nasa_jpl_url" : "http://ssd.jpl.nasa.gov/sbdb.cgi?sstr=3387609",
      "absolute_magnitude_h" : 24.6,
      "estimated_diameter" : {
        "kilometers" : {
          "estimated_diameter_min" : 0.0319561887,
          "estimated_diameter_max" : 0.0714562102
        },
        "meters" : {
          "estimated_diameter_min" : 31.9561886721,
          "estimated_diameter_max" : 71.4562101727
        },
        "miles" : {
          "estimated_diameter_min" : 0.0198566489,
          "estimated_diameter_max" : 0.0444008168
        },
        "feet" : {
          "estimated_diameter_min" : 104.8431420431,
          "estimated_diameter_max" : 234.436392583
        }
      },
      "is_potentially_hazardous_asteroid" : false,
      "close_approach_data" : [ {
        "close_approach_date" : "2000-10-15",
        "epoch_date_close_approach" : 971593200000,
        "relative_velocity" : {
          "kilometers_per_second" : "3.4671839925",
          "kilometers_per_hour" : "12481.8623729359",
          "miles_per_hour" : "7755.7438727834"
        },
        "miss_distance" : {
          "astronomical" : "0.1620282384",
          "lunar" : "63.0289840698",
          "kilometers" : "24239080",
          "miles" : "15061466"
        },
        "orbiting_body" : "Earth"
      } ],
      "orbital_data" : {
        "orbit_id" : "14",
        "orbit_determination_date" : "2017-04-06 09:05:50",
        "orbit_uncertainty" : "2",
        "minimum_orbit_intersection" : ".060889",
        "jupiter_tisserand_invariant" : "5.612",
        "epoch_osculation" : "2458000.5",
        "eccentricity" : ".04480030915963613",
        "semi_major_axis" : "1.108847210117364",
        "inclination" : "4.253321090336998",
        "ascending_node_longitude" : "193.1304697380354",
        "orbital_period" : "426.4871878894671",
        "perihelion_distance" : "1.059170512293306",
        "perihelion_argument" : "28.89696960210244",
        "aphelion_distance" : "1.158523907941422",
        "perihelion_time" : "2458043.330359212648",
        "mean_anomaly" : "323.8466763964092",
        "mean_motion" : ".8441050756565786",
        "equinox" : "J2000"
      }
    }, {
      "links" : {
        "self" : "https://api.nasa.gov/neo/rest/v1/neo/3471518?api_key=t0TVs3DtDT2H8Oy2Zy8m2eVrNsAVKAexjcZXUckd"
      },
      "neo_reference_id" : "3471518",
      "name" : "(2009 TK8)",
      "nasa_jpl_url" : "http://ssd.jpl.nasa.gov/sbdb.cgi?sstr=3471518",
      "absolute_magnitude_h" : 20.2,
      "estimated_diameter" : {
        "kilometers" : {
          "estimated_diameter_min" : 0.2424124811,
          "estimated_diameter_max" : 0.5420507863
        },
        "meters" : {
          "estimated_diameter_min" : 242.4124811008,
          "estimated_diameter_max" : 542.0507863358
        },
        "miles" : {
          "estimated_diameter_min" : 0.1506280858,
          "estimated_diameter_max" : 0.3368146392
        },
        "feet" : {
          "estimated_diameter_min" : 795.3165644948,
          "estimated_diameter_max" : 1778.3819018419
        }
      },
      "is_potentially_hazardous_asteroid" : false,
      "close_approach_data" : [ {
        "close_approach_date" : "2000-10-15",
        "epoch_date_close_approach" : 971593200000,
        "relative_velocity" : {
          "kilometers_per_second" : "16.3901867259",
          "kilometers_per_hour" : "59004.6722133692",
          "miles_per_hour" : "36663.208687246"
        },
        "miss_distance" : {
          "astronomical" : "0.1244973351",
          "lunar" : "48.4294624329",
          "kilometers" : "18624536",
          "miles" : "11572750"
        },
        "orbiting_body" : "Earth"
      } ],
      "orbital_data" : {
        "orbit_id" : "31",
        "orbit_determination_date" : "2017-04-06 08:59:39",
        "orbit_uncertainty" : "2",
        "minimum_orbit_intersection" : ".0742667",
        "jupiter_tisserand_invariant" : "6.340",
        "epoch_osculation" : "2458000.5",
        "eccentricity" : ".3402001414022144",
        "semi_major_axis" : ".9293548639771085",
        "inclination" : "21.16690941826835",
        "ascending_node_longitude" : "29.26630926472012",
        "orbital_period" : "327.2433208792217",
        "perihelion_distance" : ".6131882078392604",
        "perihelion_argument" : "222.2190545430578",
        "aphelion_distance" : "1.245521520114957",
        "perihelion_time" : "2457972.809965736461",
        "mean_anomaly" : "30.46177476775219",
        "mean_motion" : "1.100098847037639",
        "equinox" : "J2000"
      }
    }, {
      "links" : {
        "self" : "https://api.nasa.gov/neo/rest/v1/neo/3647012?api_key=t0TVs3DtDT2H8Oy2Zy8m2eVrNsAVKAexjcZXUckd"
      },
      "neo_reference_id" : "3647012",
      "name" : "(2013 RR5)",
      "nasa_jpl_url" : "http://ssd.jpl.nasa.gov/sbdb.cgi?sstr=3647012",
      "absolute_magnitude_h" : 22.1,
      "estimated_diameter" : {
        "kilometers" : {
          "estimated_diameter_min" : 0.1010543415,
          "estimated_diameter_max" : 0.2259643771
        },
        "meters" : {
          "estimated_diameter_min" : 101.054341542,
          "estimated_diameter_max" : 225.9643771094
        },
        "miles" : {
          "estimated_diameter_min" : 0.0627922373,
          "estimated_diameter_max" : 0.140407711
        },
        "feet" : {
          "estimated_diameter_min" : 331.5431259047,
          "estimated_diameter_max" : 741.3529669956
        }
      },
      "is_potentially_hazardous_asteroid" : false,
      "close_approach_data" : [ {
        "close_approach_date" : "2000-10-15",
        "epoch_date_close_approach" : 971593200000,
        "relative_velocity" : {
          "kilometers_per_second" : "8.4910508773",
          "kilometers_per_hour" : "30567.7831582405",
          "miles_per_hour" : "18993.6317074078"
        },
        "miss_distance" : {
          "astronomical" : "0.2670472486",
          "lunar" : "103.8813858032",
          "kilometers" : "39949700",
          "miles" : "24823594"
        },
        "orbiting_body" : "Earth"
      } ],
      "orbital_data" : {
        "orbit_id" : "16",
        "orbit_determination_date" : "2017-04-06 08:44:57",
        "orbit_uncertainty" : "5",
        "minimum_orbit_intersection" : ".198861",
        "jupiter_tisserand_invariant" : "3.130",
        "epoch_osculation" : "2458000.5",
        "eccentricity" : ".5594272734266887",
        "semi_major_axis" : "2.665777248596538",
        "inclination" : "6.93976137405172",
        "ascending_node_longitude" : "355.5516063153786",
        "orbital_period" : "1589.769689644834",
        "perihelion_distance" : "1.174468750851277",
        "perihelion_argument" : "42.91687518349914",
        "aphelion_distance" : "4.157085746341799",
        "perihelion_time" : "2458194.554525985809",
        "mean_anomaly" : "316.0567610453699",
        "mean_motion" : ".2264478951541885",
        "equinox" : "J2000"
      }
    } ]
  }
}