{
  "links" : {
    "next" : "https://api.nasa.gov/neo/rest/v1/feed?start_date=2000-07-23&end_date=2000-07-23&detailed=true&api_key=t0TVs3DtDT2H8Oy2Zy8m2eVrNsAVKAexjcZXUckd",
    "prev" : "https://api.nasa.gov/neo/rest/v1/feed?start_date=2000-07-21&end_date=2000-07-21&detailed=true&api_key=t0TVs3DtDT2H8Oy2Zy8m2eVrNsAVKAexjcZXUckd",
    "self" : "https://api.nasa.gov/neo/rest/v1/feed?start_date=2000-07-22&end_date=2000-07-22&detailed=true&api_key=t0TVs3DtDT2H8Oy2Zy8m2eVrNsAVKAexjcZXUckd"
  },
  "element_count" : 6,
  "near_earth_objects" : {
    "2000-07-22" : [ {
      "links" : {
        "self" : "https://api.nasa.gov/neo/rest/v1/neo/2277810?api_key=t0TVs3DtDT2H8Oy2Zy8m2eVrNsAVKAexjcZXUckd"
      },
      "neo_reference_id" : "2277810",
      "name" : "277810 (2006 FV35)",
      "nasa_jpl_url" : "http://ssd.jpl.nasa.gov/sbdb.cgi?sstr=2277810",
      "absolute_magnitude_h" : 21.8,
      "estimated_diameter" : {
        "kilometers" : {
          "estimated_diameter_min" : 0.1160259082,
          "estimated_diameter_max" : 0.2594418179
        },
        "meters" : {
          "estimated_diameter_min" : 116.0259082094,
          "estimated_diameter_max" : 259.4418179074
        },
        "miles" : {
          "estimated_diameter_min" : 0.0720951346,
          "estimated_diameter_max" : 0.1612096218
        },
        "feet" : {
          "estimated_diameter_min" : 380.6624406898,
          "estimated_diameter_max" : 851.1870938635
        }
      },
      "is_potentially_hazardous_asteroid" : false,
      "close_approach_data" : [ {
        "close_approach_date" : "2000-07-22",
        "epoch_date_close_approach" : 964249200000,
        "relative_velocity" : {
          "kilometers_per_second" : "11.2844090859",
          "kilometers_per_hour" : "40623.872709307",
          "miles_per_hour" : "25242.0946842913"
        },
        "miss_distance" : {
          "astronomical" : "0.3364749842",
          "lunar" : "130.8887634277",
          "kilometers" : "50335940",
          "miles" : "31277304"
        },
        "orbiting_body" : "Earth"
      } ],
      "orbital_data" : {
        "orbit_id" : "51",
        "orbit_determination_date" : "2017-04-06 09:24:24",
        "orbit_uncertainty" : "1",
        "minimum_orbit_intersection" : ".104736",
        "jupiter_tisserand_invariant" : "6.003",
        "epoch_osculation" : "2458000.5",
        "eccentricity" : ".3775352983208624",
        "semi_major_axis" : "1.001342942840337",
        "inclination" : "7.104126563177385",
        "ascending_node_longitude" : "179.5057827726986",
        "orbital_period" : "365.9929240029879",
        "perihelion_distance" : ".6233006361936202",
        "perihelion_argument" : "170.8521652770838",
        "aphelion_distance" : "1.379385249487054",
        "perihelion_time" : "2457994.548482506686",
        "mean_anomaly" : "5.854064811306019",
        "mean_motion" : ".983625574130119",
        "equinox" : "J2000"
      }
    }, {
      "links" : {
        "self" : "https://api.nasa.gov/neo/rest/v1/neo/2458418?api_key=t0TVs3DtDT2H8Oy2Zy8m2eVrNsAVKAexjcZXUckd"
      },
      "neo_reference_id" : "2458418",
      "name" : "458418 (2011 AM12)",
      "nasa_jpl_url" : "http://ssd.jpl.nasa.gov/sbdb.cgi?sstr=2458418",
      "absolute_magnitude_h" : 19.5,
      "estimated_diameter" : {
        "kilometers" : {
          "estimated_diameter_min" : 0.3346223745,
          "estimated_diameter_max" : 0.7482383761
        },
        "meters" : {
          "estimated_diameter_min" : 334.6223744549,
          "estimated_diameter_max" : 748.2383760735
        },
        "miles" : {
          "estimated_diameter_min" : 0.2079246394,
          "estimated_diameter_max" : 0.464933628
        },
        "feet" : {
          "estimated_diameter_min" : 1097.8424710066,
          "estimated_diameter_max" : 2454.8503937571
        }
      },
      "is_potentially_hazardous_asteroid" : true,
      "close_approach_data" : [ {
        "close_approach_date" : "2000-07-22",
        "epoch_date_close_approach" : 964249200000,
        "relative_velocity" : {
          "kilometers_per_second" : "25.7017795994",
          "kilometers_per_hour" : "92526.4065577795",
          "miles_per_hour" : "57492.3107858603"
        },
        "miss_distance" : {
          "astronomical" : "0.1077849223",
          "lunar" : "41.9283332825",
          "kilometers" : "16124395",
          "miles" : "10019234"
        },
        "orbiting_body" : "Earth"
      } ],
      "orbital_data" : {
        "orbit_id" : "26",
        "orbit_determination_date" : "2017-04-06 09:19:48",
        "orbit_uncertainty" : "0",
        "minimum_orbit_intersection" : ".00803028",
        "jupiter_tisserand_invariant" : "3.594",
        "epoch_osculation" : "2458000.5",
        "eccentricity" : ".5374951507131843",
        "semi_major_axis" : "1.854462055451618",
        "inclination" : "38.50091552904151",
        "ascending_node_longitude" : "124.7942812859417",
        "orbital_period" : "922.4128707956813",
        "perihelion_distance" : ".8576976934647692",
        "perihelion_argument" : "237.7160546006993",
        "aphelion_distance" : "2.851226417438468",
        "perihelion_time" : "2458244.067896178250",
        "mean_anomaly" : "264.9401353771952",
        "mean_motion" : ".3902807640676793",
        "equinox" : "J2000"
      }
    }, {
      "links" : {
        "self" : "https://api.nasa.gov/neo/rest/v1/neo/3157487?api_key=t0TVs3DtDT2H8Oy2Zy8m2eVrNsAVKAexjcZXUckd"
      },
      "neo_reference_id" : "3157487",
      "name" : "(2003 OQ13)",
      "nasa_jpl_url" : "http://ssd.jpl.nasa.gov/sbdb.cgi?sstr=3157487",
      "absolute_magnitude_h" : 20.3,
      "estimated_diameter" : {
        "kilometers" : {
          "estimated_diameter_min" : 0.2315021222,
          "estimated_diameter_max" : 0.5176544822
        },
        "meters" : {
          "estimated_diameter_min" : 231.5021222103,
          "estimated_diameter_max" : 517.6544821978
        },
        "miles" : {
          "estimated_diameter_min" : 0.1438487052,
          "estimated_diameter_max" : 0.3216554833
        },
        "feet" : {
          "estimated_diameter_min" : 759.5214226325,
          "estimated_diameter_max" : 1698.3415313737
        }
      },
      "is_potentially_hazardous_asteroid" : false,
      "close_approach_data" : [ {
        "close_approach_date" : "2000-07-22",
        "epoch_date_close_approach" : 964249200000,
        "relative_velocity" : {
          "kilometers_per_second" : "8.8284864232",
          "kilometers_per_hour" : "31782.5511236663",
          "miles_per_hour" : "19748.441280147"
        },
        "miss_distance" : {
          "astronomical" : "0.0975623746",
          "lunar" : "37.9517631531",
          "kilometers" : "14595123",
          "miles" : "9068989"
        },
        "orbiting_body" : "Earth"
      } ],
      "orbital_data" : {
        "orbit_id" : "22",
        "orbit_determination_date" : "2017-04-06 09:13:59",
        "orbit_uncertainty" : "0",
        "minimum_orbit_intersection" : ".0918922",
        "jupiter_tisserand_invariant" : "4.944",
        "epoch_osculation" : "2458000.5",
        "eccentricity" : ".1606478853566789",
        "semi_major_axis" : "1.302280557165506",
        "inclination" : "16.15094099703231",
        "ascending_node_longitude" : "123.7551334570639",
        "orbital_period" : "542.8192765170264",
        "perihelion_distance" : "1.09307193951575",
        "perihelion_argument" : "152.8497354479894",
        "aphelion_distance" : "1.511489174815262",
        "perihelion_time" : "2458240.949250411850",
        "mean_anomaly" : "200.5330578831223",
        "mean_motion" : ".6632041557365511",
        "equinox" : "J2000"
      }
    }, {
      "links" : {
        "self" : "https://api.nasa.gov/neo/rest/v1/neo/3617157?api_key=t0TVs3DtDT2H8Oy2Zy8m2eVrNsAVKAexjcZXUckd"
      },
      "neo_reference_id" : "3617157",
      "name" : "(2012 VE37)",
      "nasa_jpl_url" : "http://ssd.jpl.nasa.gov/sbdb.cgi?sstr=3617157",
      "absolute_magnitude_h" : 20.7,
      "estimated_diameter" : {
        "kilometers" : {
          "estimated_diameter_min" : 0.1925550782,
          "estimated_diameter_max" : 0.4305662442
        },
        "meters" : {
          "estimated_diameter_min" : 192.5550781879,
          "estimated_diameter_max" : 430.566244241
        },
        "miles" : {
          "estimated_diameter_min" : 0.1196481415,
          "estimated_diameter_max" : 0.2675413778
        },
        "feet" : {
          "estimated_diameter_min" : 631.7424027221,
          "estimated_diameter_max" : 1412.6189567557
        }
      },
      "is_potentially_hazardous_asteroid" : false,
      "close_approach_data" : [ {
        "close_approach_date" : "2000-07-22",
        "epoch_date_close_approach" : 964249200000,
        "relative_velocity" : {
          "kilometers_per_second" : "13.8559990103",
          "kilometers_per_hour" : "49881.5964369713",
          "miles_per_hour" : "30994.4841860725"
        },
        "miss_distance" : {
          "astronomical" : "0.3338057901",
          "lunar" : "129.8504486084",
          "kilometers" : "49936636",
          "miles" : "31029188"
        },
        "orbiting_body" : "Earth"
      } ],
      "orbital_data" : {
        "orbit_id" : "23",
        "orbit_determination_date" : "2017-04-06 08:48:04",
        "orbit_uncertainty" : "2",
        "minimum_orbit_intersection" : ".150696",
        "jupiter_tisserand_invariant" : "5.722",
        "epoch_osculation" : "2458000.5",
        "eccentricity" : ".5368817156753035",
        "semi_major_axis" : "1.040160950836738",
        "inclination" : "17.46286399925969",
        "ascending_node_longitude" : "48.27373593708926",
        "orbital_period" : "387.4799592685064",
        "perihelion_distance" : ".4817175549730549",
        "perihelion_argument" : "149.8829951829548",
        "aphelion_distance" : "1.59860434670042",
        "perihelion_time" : "2457897.934949730724",
        "mean_anomaly" : "95.29116852041635",
        "mean_motion" : ".9290803082554678",
        "equinox" : "J2000"
      }
    }, {
      "links" : {
        "self" : "https://api.nasa.gov/neo/rest/v1/neo/3623682?api_key=t0TVs3DtDT2H8Oy2Zy8m2eVrNsAVKAexjcZXUckd"
      },
      "neo_reference_id" : "3623682",
      "name" : "(2013 AF53)",
      "nasa_jpl_url" : "http://ssd.jpl.nasa.gov/sbdb.cgi?sstr=3623682",
      "absolute_magnitude_h" : 26.5,
      "estimated_diameter" : {
        "kilometers" : {
          "estimated_diameter_min" : 0.0133215567,
          "estimated_diameter_max" : 0.0297879063
        },
        "meters" : {
          "estimated_diameter_min" : 13.3215566698,
          "estimated_diameter_max" : 29.7879062798
        },
        "miles" : {
          "estimated_diameter_min" : 0.008277629,
          "estimated_diameter_max" : 0.0185093411
        },
        "feet" : {
          "estimated_diameter_min" : 43.7058959846,
          "estimated_diameter_max" : 97.7293544391
        }
      },
      "is_potentially_hazardous_asteroid" : false,
      "close_approach_data" : [ {
        "close_approach_date" : "2000-07-22",
        "epoch_date_close_approach" : 964249200000,
        "relative_velocity" : {
          "kilometers_per_second" : "8.722789601",
          "kilometers_per_hour" : "31402.0425635258",
          "miles_per_hour" : "19512.0080584308"
        },
        "miss_distance" : {
          "astronomical" : "0.0871166888",
          "lunar" : "33.8883934021",
          "kilometers" : "13032471",
          "miles" : "8098002"
        },
        "orbiting_body" : "Earth"
      } ],
      "orbital_data" : {
        "orbit_id" : "7",
        "orbit_determination_date" : "2017-04-06 08:47:19",
        "orbit_uncertainty" : "7",
        "minimum_orbit_intersection" : ".0200872",
        "jupiter_tisserand_invariant" : "6.076",
        "epoch_osculation" : "2458000.5",
        "eccentricity" : ".1944668036041747",
        "semi_major_axis" : ".9928418174587027",
        "inclination" : "12.93289524955619",
        "ascending_node_longitude" : "107.308006136735",
        "orbital_period" : "361.342061746365",
        "perihelion_distance" : ".7997670427329493",
        "perihelion_argument" : "105.9025698631637",
        "aphelion_distance" : "1.185916592184456",
        "perihelion_time" : "2457830.558526909266",
        "mean_anomaly" : "169.3102929035901",
        "mean_motion" : ".9962858966933469",
        "equinox" : "J2000"
      }
    }, {
      "links" : {
        "self" : "https://api.nasa.gov/neo/rest/v1/neo/3297629?api_key=t0TVs3DtDT2H8Oy2Zy8m2eVrNsAVKAexjcZXUckd"
      },
      "neo_reference_id" : "3297629",
      "name" : "(2005 VL1)",
      "nasa_jpl_url" : "http://ssd.jpl.nasa.gov/sbdb.cgi?sstr=3297629",
      "absolute_magnitude_h" : 26.6,
      "estimated_diameter" : {
        "kilometers" : {
          "estimated_diameter_min" : 0.0127219879,
          "estimated_diameter_max" : 0.0284472297
        },
        "meters" : {
          "estimated_diameter_min" : 12.7219878539,
          "estimated_diameter_max" : 28.4472296503
        },
        "miles" : {
          "estimated_diameter_min" : 0.0079050743,
          "estimated_diameter_max" : 0.0176762835
        },
        "feet" : {
          "estimated_diameter_min" : 41.7388066307,
          "estimated_diameter_max" : 93.330808926
        }
      },
      "is_potentially_hazardous_asteroid" : false,
      "close_approach_data" : [ {
        "close_approach_date" : "2000-07-22",
        "epoch_date_close_approach" : 964249200000,
        "relative_velocity" : {
          "kilometers_per_second" : "8.8686833925",
          "kilometers_per_hour" : "31927.2602130122",
          "miles_per_hour" : "19838.3578806909"
        },
        "miss_distance" : {
          "astronomical" : "0.2949890062",
          "lunar" : "114.7507324219",
          "kilometers" : "44129728",
          "miles" : "27420942"
        },
        "orbiting_body" : "Earth"
      } ],
      "orbital_data" : {
        "orbit_id" : "19",
        "orbit_determination_date" : "2017-08-01 06:17:53",
        "orbit_uncertainty" : "0",
        "minimum_orbit_intersection" : "7.6176E-5",
        "jupiter_tisserand_invariant" : "6.641",
        "epoch_osculation" : "2458000.5",
        "eccentricity" : ".2242450120308154",
        "semi_major_axis" : ".8918499535206449",
        "inclination" : ".2367120538241126",
        "ascending_node_longitude" : "37.82348969237319",
        "orbital_period" : "307.6352647528209",
        "perihelion_distance" : ".6918570499637257",
        "perihelion_argument" : "228.137680829079",
        "aphelion_distance" : "1.091842857077564",
        "perihelion_time" : "2457883.439248170646",
        "mean_anomaly" : "136.9864755018505",
        "mean_motion" : "1.17021694599692",
        "equinox" : "J2000"
      }
    } ]
  }
}