{
  "links" : {
    "next" : "https://api.nasa.gov/neo/rest/v1/feed?start_date=2005-08-09&end_date=2005-08-09&detailed=true&api_key=t0TVs3DtDT2H8Oy2Zy8m2eVrNsAVKAexjcZXUckd",
    "prev" : "https://api.nasa.gov/neo/rest/v1/feed?start_date=2005-08-07&end_date=2005-08-07&detailed=true&api_key=t0TVs3DtDT2H8Oy2Zy8m2eVrNsAVKAexjcZXUckd",
    "self" : "https://api.nasa.gov/neo/rest/v1/feed?start_date=2005-08-08&end_date=2005-08-08&detailed=true&api_key=t0TVs3DtDT2H8Oy2Zy8m2eVrNsAVKAexjcZXUckd"
  },
  "element_count" : 8,
  "near_earth_objects" : {
    "2005-08-08" : [ {
      "links" : {
        "self" : "https://api.nasa.gov/neo/rest/v1/neo/3422247?api_key=t0TVs3DtDT2H8Oy2Zy8m2eVrNsAVKAexjcZXUckd"
      },
      "neo_reference_id" : "3422247",
      "name" : "(2008 OM8)",
      "nasa_jpl_url" : "http://ssd.jpl.nasa.gov/sbdb.cgi?sstr=3422247",
      "absolute_magnitude_h" : 22.0,
      "estimated_diameter" : {
        "kilometers" : {
          "estimated_diameter_min" : 0.1058168859,
          "estimated_diameter_max" : 0.2366137501
        },
        "meters" : {
          "estimated_diameter_min" : 105.8168859331,
          "estimated_diameter_max" : 236.6137501138
        },
        "miles" : {
          "estimated_diameter_min" : 0.0657515442,
          "estimated_diameter_max" : 0.1470249225
        },
        "feet" : {
          "estimated_diameter_min" : 347.1682720448,
          "estimated_diameter_max" : 776.2918559233
        }
      },
      "is_potentially_hazardous_asteroid" : false,
      "close_approach_data" : [ {
        "close_approach_date" : "2005-08-08",
        "epoch_date_close_approach" : 1123484400000,
        "relative_velocity" : {
          "kilometers_per_second" : "10.8452574152",
          "kilometers_per_hour" : "39042.9266947067",
          "miles_per_hour" : "24259.7563120526"
        },
        "miss_distance" : {
          "astronomical" : "0.3416721917",
          "lunar" : "132.9104766846",
          "kilometers" : "51113432",
          "miles" : "31760414"
        },
        "orbiting_body" : "Earth"
      } ],
      "orbital_data" : {
        "orbit_id" : "16",
        "orbit_determination_date" : "2017-04-06 09:03:11",
        "orbit_uncertainty" : "7",
        "minimum_orbit_intersection" : ".161276",
        "jupiter_tisserand_invariant" : "3.601",
        "epoch_osculation" : "2458000.5",
        "eccentricity" : ".447131318612634",
        "semi_major_axis" : "2.100744106921112",
        "inclination" : "8.425314348072643",
        "ascending_node_longitude" : "129.6359753769718",
        "orbital_period" : "1112.136662215179",
        "perihelion_distance" : "1.161435624325755",
        "perihelion_argument" : "206.4988016839675",
        "aphelion_distance" : "3.040052589516469",
        "perihelion_time" : "2458041.627630701501",
        "mean_anomaly" : "346.686935557857",
        "mean_motion" : ".3237012250661208",
        "equinox" : "J2000"
      }
    }, {
      "links" : {
        "self" : "https://api.nasa.gov/neo/rest/v1/neo/2100085?api_key=t0TVs3DtDT2H8Oy2Zy8m2eVrNsAVKAexjcZXUckd"
      },
      "neo_reference_id" : "2100085",
      "name" : "100085 (1992 UY4)",
      "nasa_jpl_url" : "http://ssd.jpl.nasa.gov/sbdb.cgi?sstr=2100085",
      "absolute_magnitude_h" : 17.8,
      "estimated_diameter" : {
        "kilometers" : {
          "estimated_diameter_min" : 0.7320739893,
          "estimated_diameter_max" : 1.6369672047
        },
        "meters" : {
          "estimated_diameter_min" : 732.0739893473,
          "estimated_diameter_max" : 1636.96720474
        },
        "miles" : {
          "estimated_diameter_min" : 0.4548895468,
          "estimated_diameter_max" : 1.017163949
        },
        "feet" : {
          "estimated_diameter_min" : 2401.8176272101,
          "estimated_diameter_max" : 5370.6274839991
        }
      },
      "is_potentially_hazardous_asteroid" : true,
      "close_approach_data" : [ {
        "close_approach_date" : "2005-08-08",
        "epoch_date_close_approach" : 1123484400000,
        "relative_velocity" : {
          "kilometers_per_second" : "10.4904923118",
          "kilometers_per_hour" : "37765.7723223655",
          "miles_per_hour" : "23466.1822521943"
        },
        "miss_distance" : {
          "astronomical" : "0.0402798166",
          "lunar" : "15.6688489914",
          "kilometers" : "6025775",
          "miles" : "3744243"
        },
        "orbiting_body" : "Earth"
      } ],
      "orbital_data" : {
        "orbit_id" : "92",
        "orbit_determination_date" : "2017-04-06 09:28:11",
        "orbit_uncertainty" : "0",
        "minimum_orbit_intersection" : ".0255891",
        "jupiter_tisserand_invariant" : "3.081",
        "epoch_osculation" : "2458000.5",
        "eccentricity" : ".6188075761421378",
        "semi_major_axis" : "2.65492484432063",
        "inclination" : "2.640715843308767",
        "ascending_node_longitude" : "305.3536427083114",
        "orbital_period" : "1580.071625588854",
        "perihelion_distance" : "1.012037236567038",
        "perihelion_argument" : "42.00462292367838",
        "aphelion_distance" : "4.297812452074222",
        "perihelion_time" : "2458329.714264367576",
        "mean_anomaly" : "284.9925552405518",
        "mean_motion" : ".2278377727755454",
        "equinox" : "J2000"
      }
    }, {
      "links" : {
        "self" : "https://api.nasa.gov/neo/rest/v1/neo/2099942?api_key=t0TVs3DtDT2H8Oy2Zy8m2eVrNsAVKAexjcZXUckd"
      },
      "neo_reference_id" : "2099942",
      "name" : "99942 Apophis (2004 MN4)",
      "nasa_jpl_url" : "http://ssd.jpl.nasa.gov/sbdb.cgi?sstr=2099942",
      "absolute_magnitude_h" : 19.7,
      "estimated_diameter" : {
        "kilometers" : {
          "estimated_diameter_min" : 0.3051792326,
          "estimated_diameter_max" : 0.6824015094
        },
        "meters" : {
          "estimated_diameter_min" : 305.1792325939,
          "estimated_diameter_max" : 682.4015094011
        },
        "miles" : {
          "estimated_diameter_min" : 0.1896295249,
          "estimated_diameter_max" : 0.4240245083
        },
        "feet" : {
          "estimated_diameter_min" : 1001.2442334633,
          "estimated_diameter_max" : 2238.8501681036
        }
      },
      "is_potentially_hazardous_asteroid" : true,
      "close_approach_data" : [ {
        "close_approach_date" : "2005-08-08",
        "epoch_date_close_approach" : 1123484400000,
        "relative_velocity" : {
          "kilometers_per_second" : "8.0992609494",
          "kilometers_per_hour" : "29157.3394179858",
          "miles_per_hour" : "18117.2368178035"
        },
        "miss_distance" : {
          "astronomical" : "0.267890681",
          "lunar" : "104.2094802856",
          "kilometers" : "40075876",
          "miles" : "24901996"
        },
        "orbiting_body" : "Earth"
      } ],
      "orbital_data" : {
        "orbit_id" : "193",
        "orbit_determination_date" : "2014-10-09 14:48:04",
        "orbit_uncertainty" : "0",
        "minimum_orbit_intersection" : ".000659446",
        "jupiter_tisserand_invariant" : "6.467",
        "epoch_osculation" : "2454441.5",
        "eccentricity" : ".1910795219761208",
        "semi_major_axis" : ".9222788903126814",
        "inclination" : "3.331290217797427",
        "ascending_node_longitude" : "204.4571896287176",
        "orbital_period" : "323.513068841623",
        "perihelion_distance" : ".7460502808230671",
        "perihelion_argument" : "126.3936405969297",
        "aphelion_distance" : "1.098507499802296",
        "perihelion_time" : "2454571.318624804064",
        "mean_anomaly" : "215.5399783483177",
        "mean_motion" : "1.112783484416944",
        "equinox" : "J2000"
      }
    }, {
      "links" : {
        "self" : "https://api.nasa.gov/neo/rest/v1/neo/2137175?api_key=t0TVs3DtDT2H8Oy2Zy8m2eVrNsAVKAexjcZXUckd"
      },
      "neo_reference_id" : "2137175",
      "name" : "137175 (1999 JA11)",
      "nasa_jpl_url" : "http://ssd.jpl.nasa.gov/sbdb.cgi?sstr=2137175",
      "absolute_magnitude_h" : 18.3,
      "estimated_diameter" : {
        "kilometers" : {
          "estimated_diameter_min" : 0.5815070396,
          "estimated_diameter_max" : 1.30028927
        },
        "meters" : {
          "estimated_diameter_min" : 581.5070396458,
          "estimated_diameter_max" : 1300.2892700427
        },
        "miles" : {
          "estimated_diameter_min" : 0.3613316107,
          "estimated_diameter_max" : 0.807962044
        },
        "feet" : {
          "estimated_diameter_min" : 1907.8315559515,
          "estimated_diameter_max" : 4266.0410487267
        }
      },
      "is_potentially_hazardous_asteroid" : false,
      "close_approach_data" : [ {
        "close_approach_date" : "2005-08-08",
        "epoch_date_close_approach" : 1123484400000,
        "relative_velocity" : {
          "kilometers_per_second" : "10.6775768133",
          "kilometers_per_hour" : "38439.2765278436",
          "miles_per_hour" : "23884.6715736482"
        },
        "miss_distance" : {
          "astronomical" : "0.4818555861",
          "lunar" : "187.4418182373",
          "kilometers" : "72084568",
          "miles" : "44791272"
        },
        "orbiting_body" : "Earth"
      } ],
      "orbital_data" : {
        "orbit_id" : "68",
        "orbit_determination_date" : "2017-04-06 09:27:54",
        "orbit_uncertainty" : "0",
        "minimum_orbit_intersection" : ".104956",
        "jupiter_tisserand_invariant" : "5.013",
        "epoch_osculation" : "2458000.5",
        "eccentricity" : ".3411008587657278",
        "semi_major_axis" : "1.26121243550978",
        "inclination" : "16.43149011376786",
        "ascending_node_longitude" : "116.263827235875",
        "orbital_period" : "517.3456398145159",
        "perihelion_distance" : ".8310117906713791",
        "perihelion_argument" : "328.29043808804",
        "aphelion_distance" : "1.691413080348181",
        "perihelion_time" : "2457875.981740771231",
        "mean_anomaly" : "86.64724291177626",
        "mean_motion" : ".6958597353387783",
        "equinox" : "J2000"
      }
    }, {
      "links" : {
        "self" : "https://api.nasa.gov/neo/rest/v1/neo/3724110?api_key=t0TVs3DtDT2H8Oy2Zy8m2eVrNsAVKAexjcZXUckd"
      },
      "neo_reference_id" : "3724110",
      "name" : "(2015 NY13)",
      "nasa_jpl_url" : "http://ssd.jpl.nasa.gov/sbdb.cgi?sstr=3724110",
      "absolute_magnitude_h" : 21.1,
      "estimated_diameter" : {
        "kilometers" : {
          "estimated_diameter_min" : 0.160160338,
          "estimated_diameter_max" : 0.358129403
        },
        "meters" : {
          "estimated_diameter_min" : 160.1603379786,
          "estimated_diameter_max" : 358.1294030194
        },
        "miles" : {
          "estimated_diameter_min" : 0.0995189894,
          "estimated_diameter_max" : 0.2225312253
        },
        "feet" : {
          "estimated_diameter_min" : 525.4604432536,
          "estimated_diameter_max" : 1174.9652706022
        }
      },
      "is_potentially_hazardous_asteroid" : false,
      "close_approach_data" : [ {
        "close_approach_date" : "2005-08-08",
        "epoch_date_close_approach" : 1123484400000,
        "relative_velocity" : {
          "kilometers_per_second" : "17.2866215379",
          "kilometers_per_hour" : "62231.8375365113",
          "miles_per_hour" : "38668.4437181728"
        },
        "miss_distance" : {
          "astronomical" : "0.4021120321",
          "lunar" : "156.421585083",
          "kilometers" : "60155104",
          "miles" : "37378648"
        },
        "orbiting_body" : "Earth"
      } ],
      "orbital_data" : {
        "orbit_id" : "15",
        "orbit_determination_date" : "2017-07-26 06:19:35",
        "orbit_uncertainty" : "1",
        "minimum_orbit_intersection" : ".316524",
        "jupiter_tisserand_invariant" : "4.189",
        "epoch_osculation" : "2458000.5",
        "eccentricity" : ".1938734486389059",
        "semi_major_axis" : "1.589584468757383",
        "inclination" : "32.36162590534845",
        "ascending_node_longitude" : "308.4406749638867",
        "orbital_period" : "732.0215105666493",
        "perihelion_distance" : "1.281406245896546",
        "perihelion_argument" : "42.72053405036652",
        "aphelion_distance" : "1.897762691618221",
        "perihelion_time" : "2458014.374666935925",
        "mean_anomaly" : "353.1765938229514",
        "mean_motion" : ".4917888269722132",
        "equinox" : "J2000"
      }
    }, {
      "links" : {
        "self" : "https://api.nasa.gov/neo/rest/v1/neo/3285304?api_key=t0TVs3DtDT2H8Oy2Zy8m2eVrNsAVKAexjcZXUckd"
      },
      "neo_reference_id" : "3285304",
      "name" : "(2005 OD3)",
      "nasa_jpl_url" : "http://ssd.jpl.nasa.gov/sbdb.cgi?sstr=3285304",
      "absolute_magnitude_h" : 21.2,
      "estimated_diameter" : {
        "kilometers" : {
          "estimated_diameter_min" : 0.1529519353,
          "estimated_diameter_max" : 0.3420109247
        },
        "meters" : {
          "estimated_diameter_min" : 152.9519353442,
          "estimated_diameter_max" : 342.0109247198
        },
        "miles" : {
          "estimated_diameter_min" : 0.095039897,
          "estimated_diameter_max" : 0.2125156703
        },
        "feet" : {
          "estimated_diameter_min" : 501.8108275547,
          "estimated_diameter_max" : 1122.0831222578
        }
      },
      "is_potentially_hazardous_asteroid" : true,
      "close_approach_data" : [ {
        "close_approach_date" : "2005-08-08",
        "epoch_date_close_approach" : 1123484400000,
        "relative_velocity" : {
          "kilometers_per_second" : "16.1532627301",
          "kilometers_per_hour" : "58151.7458281865",
          "miles_per_hour" : "36133.2334008529"
        },
        "miss_distance" : {
          "astronomical" : "0.0981124057",
          "lunar" : "38.165725708",
          "kilometers" : "14677407",
          "miles" : "9120118"
        },
        "orbiting_body" : "Earth"
      } ],
      "orbital_data" : {
        "orbit_id" : "13",
        "orbit_determination_date" : "2017-04-06 09:10:42",
        "orbit_uncertainty" : "0",
        "minimum_orbit_intersection" : ".00757218",
        "jupiter_tisserand_invariant" : "3.228",
        "epoch_osculation" : "2458000.5",
        "eccentricity" : ".6036870749386383",
        "semi_major_axis" : "2.371348584852375",
        "inclination" : "16.2093792689577",
        "ascending_node_longitude" : "323.8193222180477",
        "orbital_period" : "1333.802496250719",
        "perihelion_distance" : ".9397960940029654",
        "perihelion_argument" : "38.26504023252007",
        "aphelion_distance" : "3.802901075701784",
        "perihelion_time" : "2457627.799108490915",
        "mean_anomaly" : "100.5938445312744",
        "mean_motion" : ".2699050279272605",
        "equinox" : "J2000"
      }
    }, {
      "links" : {
        "self" : "https://api.nasa.gov/neo/rest/v1/neo/3285298?api_key=t0TVs3DtDT2H8Oy2Zy8m2eVrNsAVKAexjcZXUckd"
      },
      "neo_reference_id" : "3285298",
      "name" : "(2005 OK3)",
      "nasa_jpl_url" : "http://ssd.jpl.nasa.gov/sbdb.cgi?sstr=3285298",
      "absolute_magnitude_h" : 21.5,
      "estimated_diameter" : {
        "kilometers" : {
          "estimated_diameter_min" : 0.1332155667,
          "estimated_diameter_max" : 0.2978790628
        },
        "meters" : {
          "estimated_diameter_min" : 133.2155666981,
          "estimated_diameter_max" : 297.8790627982
        },
        "miles" : {
          "estimated_diameter_min" : 0.0827762899,
          "estimated_diameter_max" : 0.1850934111
        },
        "feet" : {
          "estimated_diameter_min" : 437.0589598459,
          "estimated_diameter_max" : 977.2935443908
        }
      },
      "is_potentially_hazardous_asteroid" : false,
      "close_approach_data" : [ {
        "close_approach_date" : "2005-08-08",
        "epoch_date_close_approach" : 1123484400000,
        "relative_velocity" : {
          "kilometers_per_second" : "7.4245242483",
          "kilometers_per_hour" : "26728.2872939134",
          "miles_per_hour" : "16607.918291043"
        },
        "miss_distance" : {
          "astronomical" : "0.0587168501",
          "lunar" : "22.8408546448",
          "kilometers" : "8783916",
          "miles" : "5458072"
        },
        "orbiting_body" : "Earth"
      } ],
      "orbital_data" : {
        "orbit_id" : "20",
        "orbit_determination_date" : "2017-04-06 09:10:42",
        "orbit_uncertainty" : "6",
        "minimum_orbit_intersection" : ".0589485",
        "jupiter_tisserand_invariant" : "3.527",
        "epoch_osculation" : "2458000.5",
        "eccentricity" : ".5010778981865419",
        "semi_major_axis" : "2.144581843880339",
        "inclination" : "7.714397405578673",
        "ascending_node_longitude" : "134.7255397029267",
        "orbital_period" : "1147.129277749838",
        "perihelion_distance" : "1.06997928105976",
        "perihelion_argument" : "189.3855738046275",
        "aphelion_distance" : "3.219184406700918",
        "perihelion_time" : "2458183.453247944695",
        "mean_anomaly" : "302.5843533613887",
        "mean_motion" : ".3138268780883713",
        "equinox" : "J2000"
      }
    }, {
      "links" : {
        "self" : "https://api.nasa.gov/neo/rest/v1/neo/3693553?api_key=t0TVs3DtDT2H8Oy2Zy8m2eVrNsAVKAexjcZXUckd"
      },
      "neo_reference_id" : "3693553",
      "name" : "(2014 UY)",
      "nasa_jpl_url" : "http://ssd.jpl.nasa.gov/sbdb.cgi?sstr=3693553",
      "absolute_magnitude_h" : 25.3,
      "estimated_diameter" : {
        "kilometers" : {
          "estimated_diameter_min" : 0.0231502122,
          "estimated_diameter_max" : 0.0517654482
        },
        "meters" : {
          "estimated_diameter_min" : 23.150212221,
          "estimated_diameter_max" : 51.7654482198
        },
        "miles" : {
          "estimated_diameter_min" : 0.0143848705,
          "estimated_diameter_max" : 0.0321655483
        },
        "feet" : {
          "estimated_diameter_min" : 75.9521422633,
          "estimated_diameter_max" : 169.8341531374
        }
      },
      "is_potentially_hazardous_asteroid" : false,
      "close_approach_data" : [ {
        "close_approach_date" : "2005-08-08",
        "epoch_date_close_approach" : 1123484400000,
        "relative_velocity" : {
          "kilometers_per_second" : "5.691788499",
          "kilometers_per_hour" : "20490.4385964104",
          "miles_per_hour" : "12731.9616934195"
        },
        "miss_distance" : {
          "astronomical" : "0.3397634831",
          "lunar" : "132.1679992676",
          "kilometers" : "50827896",
          "miles" : "31582990"
        },
        "orbiting_body" : "Earth"
      } ],
      "orbital_data" : {
        "orbit_id" : "28",
        "orbit_determination_date" : "2017-04-10 11:58:20",
        "orbit_uncertainty" : "4",
        "minimum_orbit_intersection" : ".0333433",
        "jupiter_tisserand_invariant" : "5.365",
        "epoch_osculation" : "2458000.5",
        "eccentricity" : ".1728052416651662",
        "semi_major_axis" : "1.174261513065247",
        "inclination" : "3.564463694704387",
        "ascending_node_longitude" : "218.8265891770118",
        "orbital_period" : "464.7781117985807",
        "perihelion_distance" : ".9713429685219035",
        "perihelion_argument" : "245.6357342965719",
        "aphelion_distance" : "1.377180057608591",
        "perihelion_time" : "2457955.606674860559",
        "mean_anomaly" : "34.7727154956956",
        "mean_motion" : ".7745631536022332",
        "equinox" : "J2000"
      }
    } ]
  }
}