{
  "links" : {
    "next" : "https://api.nasa.gov/neo/rest/v1/feed?start_date=2004-10-09&end_date=2004-10-09&detailed=true&api_key=t0TVs3DtDT2H8Oy2Zy8m2eVrNsAVKAexjcZXUckd",
    "prev" : "https://api.nasa.gov/neo/rest/v1/feed?start_date=2004-10-07&end_date=2004-10-07&detailed=true&api_key=t0TVs3DtDT2H8Oy2Zy8m2eVrNsAVKAexjcZXUckd",
    "self" : "https://api.nasa.gov/neo/rest/v1/feed?start_date=2004-10-08&end_date=2004-10-08&detailed=true&api_key=t0TVs3DtDT2H8Oy2Zy8m2eVrNsAVKAexjcZXUckd"
  },
  "element_count" : 5,
  "near_earth_objects" : {
    "2004-10-08" : [ {
      "links" : {
        "self" : "https://api.nasa.gov/neo/rest/v1/neo/2065909?api_key=t0TVs3DtDT2H8Oy2Zy8m2eVrNsAVKAexjcZXUckd"
      },
      "neo_reference_id" : "2065909",
      "name" : "65909 (1998 FH12)",
      "nasa_jpl_url" : "http://ssd.jpl.nasa.gov/sbdb.cgi?sstr=2065909",
      "absolute_magnitude_h" : 19.2,
      "estimated_diameter" : {
        "kilometers" : {
          "estimated_diameter_min" : 0.3841978911,
          "estimated_diameter_max" : 0.8590926012
        },
        "meters" : {
          "estimated_diameter_min" : 384.1978910643,
          "estimated_diameter_max" : 859.0926012318
        },
        "miles" : {
          "estimated_diameter_min" : 0.2387294278,
          "estimated_diameter_max" : 0.5338152287
        },
        "feet" : {
          "estimated_diameter_min" : 1260.4918089193,
          "estimated_diameter_max" : 2818.5453698252
        }
      },
      "is_potentially_hazardous_asteroid" : true,
      "close_approach_data" : [ {
        "close_approach_date" : "2004-10-08",
        "epoch_date_close_approach" : 1097218800000,
        "relative_velocity" : {
          "kilometers_per_second" : "21.4238665557",
          "kilometers_per_hour" : "77125.919600565",
          "miles_per_hour" : "47923.0470984733"
        },
        "miss_distance" : {
          "astronomical" : "0.4886344507",
          "lunar" : "190.0787963867",
          "kilometers" : "73098672",
          "miles" : "45421408"
        },
        "orbiting_body" : "Earth"
      } ],
      "orbital_data" : {
        "orbit_id" : "79",
        "orbit_determination_date" : "2017-04-06 09:28:54",
        "orbit_uncertainty" : "0",
        "minimum_orbit_intersection" : ".0128834",
        "jupiter_tisserand_invariant" : "5.538",
        "epoch_osculation" : "2458000.5",
        "eccentricity" : ".5398258734009305",
        "semi_major_axis" : "1.091105354255674",
        "inclination" : "3.559532996748471",
        "ascending_node_longitude" : "108.6336067246379",
        "orbital_period" : "416.2923760154814",
        "perihelion_distance" : ".5020984534221733",
        "perihelion_argument" : "284.4565745265057",
        "aphelion_distance" : "1.680112255089175",
        "perihelion_time" : "2457875.040090891271",
        "mean_anomaly" : "108.4948221042195",
        "mean_motion" : ".8647768269160232",
        "equinox" : "J2000"
      }
    }, {
      "links" : {
        "self" : "https://api.nasa.gov/neo/rest/v1/neo/2163001?api_key=t0TVs3DtDT2H8Oy2Zy8m2eVrNsAVKAexjcZXUckd"
      },
      "neo_reference_id" : "2163001",
      "name" : "163001 (2001 SE170)",
      "nasa_jpl_url" : "http://ssd.jpl.nasa.gov/sbdb.cgi?sstr=2163001",
      "absolute_magnitude_h" : 18.2,
      "estimated_diameter" : {
        "kilometers" : {
          "estimated_diameter_min" : 0.6089126221,
          "estimated_diameter_max" : 1.3615700154
        },
        "meters" : {
          "estimated_diameter_min" : 608.9126221057,
          "estimated_diameter_max" : 1361.5700153859
        },
        "miles" : {
          "estimated_diameter_min" : 0.3783606449,
          "estimated_diameter_max" : 0.846040122
        },
        "feet" : {
          "estimated_diameter_min" : 1997.7448871092,
          "estimated_diameter_max" : 4467.0933692788
        }
      },
      "is_potentially_hazardous_asteroid" : false,
      "close_approach_data" : [ {
        "close_approach_date" : "2004-10-08",
        "epoch_date_close_approach" : 1097218800000,
        "relative_velocity" : {
          "kilometers_per_second" : "12.76674276",
          "kilometers_per_hour" : "45960.2739361768",
          "miles_per_hour" : "28557.9268799538"
        },
        "miss_distance" : {
          "astronomical" : "0.2794024819",
          "lunar" : "108.6875686646",
          "kilometers" : "41798020",
          "miles" : "25972084"
        },
        "orbiting_body" : "Earth"
      } ],
      "orbital_data" : {
        "orbit_id" : "84",
        "orbit_determination_date" : "2017-04-06 09:26:20",
        "orbit_uncertainty" : "0",
        "minimum_orbit_intersection" : ".264276",
        "jupiter_tisserand_invariant" : "3.521",
        "epoch_osculation" : "2458000.5",
        "eccentricity" : ".4535700855592222",
        "semi_major_axis" : "2.123386461080232",
        "inclination" : "19.97813110930718",
        "ascending_node_longitude" : "216.552501843222",
        "orbital_period" : "1130.16536230208",
        "perihelion_distance" : "1.160281882252777",
        "perihelion_argument" : "124.9630957141017",
        "aphelion_distance" : "3.086491039907687",
        "perihelion_time" : "2457779.278658204452",
        "mean_anomaly" : "70.46728355236081",
        "mean_motion" : ".3185374565600747",
        "equinox" : "J2000"
      }
    }, {
      "links" : {
        "self" : "https://api.nasa.gov/neo/rest/v1/neo/3134264?api_key=t0TVs3DtDT2H8Oy2Zy8m2eVrNsAVKAexjcZXUckd"
      },
      "neo_reference_id" : "3134264",
      "name" : "(2002 RR25)",
      "nasa_jpl_url" : "http://ssd.jpl.nasa.gov/sbdb.cgi?sstr=3134264",
      "absolute_magnitude_h" : 20.8,
      "estimated_diameter" : {
        "kilometers" : {
          "estimated_diameter_min" : 0.1838886721,
          "estimated_diameter_max" : 0.411187571
        },
        "meters" : {
          "estimated_diameter_min" : 183.8886720703,
          "estimated_diameter_max" : 411.1875710413
        },
        "miles" : {
          "estimated_diameter_min" : 0.1142630881,
          "estimated_diameter_max" : 0.2555000322
        },
        "feet" : {
          "estimated_diameter_min" : 603.309310875,
          "estimated_diameter_max" : 1349.040630575
        }
      },
      "is_potentially_hazardous_asteroid" : false,
      "close_approach_data" : [ {
        "close_approach_date" : "2004-10-08",
        "epoch_date_close_approach" : 1097218800000,
        "relative_velocity" : {
          "kilometers_per_second" : "20.0839438785",
          "kilometers_per_hour" : "72302.1979625644",
          "miles_per_hour" : "44925.7740617945"
        },
        "miss_distance" : {
          "astronomical" : "0.385219756",
          "lunar" : "149.850479126",
          "kilometers" : "57628056",
          "miles" : "35808412"
        },
        "orbiting_body" : "Earth"
      } ],
      "orbital_data" : {
        "orbit_id" : "30",
        "orbit_determination_date" : "2017-04-06 09:14:53",
        "orbit_uncertainty" : "2",
        "minimum_orbit_intersection" : ".140707",
        "jupiter_tisserand_invariant" : "6.179",
        "epoch_osculation" : "2458000.5",
        "eccentricity" : ".3098234527237039",
        "semi_major_axis" : ".9668267569172769",
        "inclination" : "13.54184723806724",
        "ascending_node_longitude" : "349.9000618056678",
        "orbital_period" : "347.2333404665642",
        "perihelion_distance" : ".6672811529035051",
        "perihelion_argument" : "156.1118599773118",
        "aphelion_distance" : "1.266372360931049",
        "perihelion_time" : "2457872.896819847254",
        "mean_anomaly" : "132.2947410328301",
        "mean_motion" : "1.036766802163299",
        "equinox" : "J2000"
      }
    }, {
      "links" : {
        "self" : "https://api.nasa.gov/neo/rest/v1/neo/3611400?api_key=t0TVs3DtDT2H8Oy2Zy8m2eVrNsAVKAexjcZXUckd"
      },
      "neo_reference_id" : "3611400",
      "name" : "(2012 UC)",
      "nasa_jpl_url" : "http://ssd.jpl.nasa.gov/sbdb.cgi?sstr=3611400",
      "absolute_magnitude_h" : 25.0,
      "estimated_diameter" : {
        "kilometers" : {
          "estimated_diameter_min" : 0.02658,
          "estimated_diameter_max" : 0.0594346868
        },
        "meters" : {
          "estimated_diameter_min" : 26.58,
          "estimated_diameter_max" : 59.4346868419
        },
        "miles" : {
          "estimated_diameter_min" : 0.0165160412,
          "estimated_diameter_max" : 0.0369309908
        },
        "feet" : {
          "estimated_diameter_min" : 87.2047272,
          "estimated_diameter_max" : 194.9956979785
        }
      },
      "is_potentially_hazardous_asteroid" : false,
      "close_approach_data" : [ {
        "close_approach_date" : "2004-10-08",
        "epoch_date_close_approach" : 1097218800000,
        "relative_velocity" : {
          "kilometers_per_second" : "20.8003287985",
          "kilometers_per_hour" : "74881.1836747447",
          "miles_per_hour" : "46528.2554894546"
        },
        "miss_distance" : {
          "astronomical" : "0.3667318696",
          "lunar" : "142.658706665",
          "kilometers" : "54862308",
          "miles" : "34089860"
        },
        "orbiting_body" : "Earth"
      } ],
      "orbital_data" : {
        "orbit_id" : "5",
        "orbit_determination_date" : "2017-04-06 08:48:30",
        "orbit_uncertainty" : "6",
        "minimum_orbit_intersection" : ".0187898",
        "jupiter_tisserand_invariant" : "6.384",
        "epoch_osculation" : "2458000.5",
        "eccentricity" : ".326860711970322",
        "semi_major_axis" : ".9302337444493961",
        "inclination" : "8.333753551706272",
        "ascending_node_longitude" : "20.49127086505545",
        "orbital_period" : "327.7076361182716",
        "perihelion_distance" : ".626176880439848",
        "perihelion_argument" : "128.46312989278",
        "aphelion_distance" : "1.234290608458944",
        "perihelion_time" : "2457939.712985574642",
        "mean_anomaly" : "66.77697673554127",
        "mean_motion" : "1.098540163006986",
        "equinox" : "J2000"
      }
    }, {
      "links" : {
        "self" : "https://api.nasa.gov/neo/rest/v1/neo/3739705?api_key=t0TVs3DtDT2H8Oy2Zy8m2eVrNsAVKAexjcZXUckd"
      },
      "neo_reference_id" : "3739705",
      "name" : "(2016 AH164)",
      "nasa_jpl_url" : "http://ssd.jpl.nasa.gov/sbdb.cgi?sstr=3739705",
      "absolute_magnitude_h" : 29.7,
      "estimated_diameter" : {
        "kilometers" : {
          "estimated_diameter_min" : 0.0030517923,
          "estimated_diameter_max" : 0.0068240151
        },
        "meters" : {
          "estimated_diameter_min" : 3.0517923259,
          "estimated_diameter_max" : 6.824015094
        },
        "miles" : {
          "estimated_diameter_min" : 0.0018962952,
          "estimated_diameter_max" : 0.0042402451
        },
        "feet" : {
          "estimated_diameter_min" : 10.0124423346,
          "estimated_diameter_max" : 22.388501681
        }
      },
      "is_potentially_hazardous_asteroid" : false,
      "close_approach_data" : [ {
        "close_approach_date" : "2004-10-08",
        "epoch_date_close_approach" : 1097218800000,
        "relative_velocity" : {
          "kilometers_per_second" : "15.0417722152",
          "kilometers_per_hour" : "54150.3799748838",
          "miles_per_hour" : "33646.9402682827"
        },
        "miss_distance" : {
          "astronomical" : "0.2690033507",
          "lunar" : "104.6423110962",
          "kilometers" : "40242332",
          "miles" : "25005424"
        },
        "orbiting_body" : "Earth"
      } ],
      "orbital_data" : {
        "orbit_id" : "6",
        "orbit_determination_date" : "2017-04-06 08:29:14",
        "orbit_uncertainty" : "6",
        "minimum_orbit_intersection" : ".000179728",
        "jupiter_tisserand_invariant" : "5.436",
        "epoch_osculation" : "2458000.5",
        "eccentricity" : ".2487680318553807",
        "semi_major_axis" : "1.149567785696142",
        "inclination" : "1.73763566346357",
        "ascending_node_longitude" : "291.0302138398737",
        "orbital_period" : "450.1946239127912",
        "perihelion_distance" : ".8635920701641645",
        "perihelion_argument" : "112.8902122871813",
        "aphelion_distance" : "1.435543501228119",
        "perihelion_time" : "2457796.143644188251",
        "mean_anomaly" : "163.4144083126167",
        "mean_motion" : ".7996541515114514",
        "equinox" : "J2000"
      }
    } ]
  }
}