{
  "links" : {
    "next" : "https://api.nasa.gov/neo/rest/v1/feed?start_date=1996-12-16&end_date=1996-12-16&detailed=true&api_key=t0TVs3DtDT2H8Oy2Zy8m2eVrNsAVKAexjcZXUckd",
    "prev" : "https://api.nasa.gov/neo/rest/v1/feed?start_date=1996-12-14&end_date=1996-12-14&detailed=true&api_key=t0TVs3DtDT2H8Oy2Zy8m2eVrNsAVKAexjcZXUckd",
    "self" : "https://api.nasa.gov/neo/rest/v1/feed?start_date=1996-12-15&end_date=1996-12-15&detailed=true&api_key=t0TVs3DtDT2H8Oy2Zy8m2eVrNsAVKAexjcZXUckd"
  },
  "element_count" : 7,
  "near_earth_objects" : {
    "1996-12-15" : [ {
      "links" : {
        "self" : "https://api.nasa.gov/neo/rest/v1/neo/2155338?api_key=t0TVs3DtDT2H8Oy2Zy8m2eVrNsAVKAexjcZXUckd"
      },
      "neo_reference_id" : "2155338",
      "name" : "155338 (2006 MZ1)",
      "nasa_jpl_url" : "http://ssd.jpl.nasa.gov/sbdb.cgi?sstr=2155338",
      "absolute_magnitude_h" : 20.5,
      "estimated_diameter" : {
        "kilometers" : {
          "estimated_diameter_min" : 0.2111324448,
          "estimated_diameter_max" : 0.4721064988
        },
        "meters" : {
          "estimated_diameter_min" : 211.1324447897,
          "estimated_diameter_max" : 472.1064988055
        },
        "miles" : {
          "estimated_diameter_min" : 0.1311915784,
          "estimated_diameter_max" : 0.2933532873
        },
        "feet" : {
          "estimated_diameter_min" : 692.6917701639,
          "estimated_diameter_max" : 1548.9058855411
        }
      },
      "is_potentially_hazardous_asteroid" : true,
      "close_approach_data" : [ {
        "close_approach_date" : "1996-12-15",
        "epoch_date_close_approach" : 850636800000,
        "relative_velocity" : {
          "kilometers_per_second" : "19.9917799837",
          "kilometers_per_hour" : "71970.4079414406",
          "miles_per_hour" : "44719.6126456135"
        },
        "miss_distance" : {
          "astronomical" : "0.2537883976",
          "lunar" : "98.7236938477",
          "kilometers" : "37966208",
          "miles" : "23591106"
        },
        "orbiting_body" : "Earth"
      } ],
      "orbital_data" : {
        "orbit_id" : "24",
        "orbit_determination_date" : "2017-04-06 09:26:51",
        "orbit_uncertainty" : "0",
        "minimum_orbit_intersection" : ".0129026",
        "jupiter_tisserand_invariant" : "4.277",
        "epoch_osculation" : "2458000.5",
        "eccentricity" : ".4825763357530656",
        "semi_major_axis" : "1.569400633183634",
        "inclination" : "2.081420508852393",
        "ascending_node_longitude" : "226.64506141",
        "orbital_period" : "718.1235383931547",
        "perihelion_distance" : ".812045026293335",
        "perihelion_argument" : "138.613654939632",
        "aphelion_distance" : "2.326756240073933",
        "perihelion_time" : "2458284.581372064617",
        "mean_anomaly" : "217.5881607054742",
        "mean_motion" : ".5013065033427563",
        "equinox" : "J2000"
      }
    }, {
      "links" : {
        "self" : "https://api.nasa.gov/neo/rest/v1/neo/3102683?api_key=t0TVs3DtDT2H8Oy2Zy8m2eVrNsAVKAexjcZXUckd"
      },
      "neo_reference_id" : "3102683",
      "name" : "(2001 XX4)",
      "nasa_jpl_url" : "http://ssd.jpl.nasa.gov/sbdb.cgi?sstr=3102683",
      "absolute_magnitude_h" : 22.1,
      "estimated_diameter" : {
        "kilometers" : {
          "estimated_diameter_min" : 0.1010543415,
          "estimated_diameter_max" : 0.2259643771
        },
        "meters" : {
          "estimated_diameter_min" : 101.054341542,
          "estimated_diameter_max" : 225.9643771094
        },
        "miles" : {
          "estimated_diameter_min" : 0.0627922373,
          "estimated_diameter_max" : 0.140407711
        },
        "feet" : {
          "estimated_diameter_min" : 331.5431259047,
          "estimated_diameter_max" : 741.3529669956
        }
      },
      "is_potentially_hazardous_asteroid" : true,
      "close_approach_data" : [ {
        "close_approach_date" : "1996-12-15",
        "epoch_date_close_approach" : 850636800000,
        "relative_velocity" : {
          "kilometers_per_second" : "11.739294092",
          "kilometers_per_hour" : "42261.4587310286",
          "miles_per_hour" : "26259.6269542883"
        },
        "miss_distance" : {
          "astronomical" : "0.3254290461",
          "lunar" : "126.5919036865",
          "kilometers" : "48683492",
          "miles" : "30250520"
        },
        "orbiting_body" : "Earth"
      } ],
      "orbital_data" : {
        "orbit_id" : "12",
        "orbit_determination_date" : "2017-04-06 09:15:45",
        "orbit_uncertainty" : "1",
        "minimum_orbit_intersection" : ".0113586",
        "jupiter_tisserand_invariant" : "5.900",
        "epoch_osculation" : "2458000.5",
        "eccentricity" : ".5567337012305469",
        "semi_major_axis" : "1.006605851989085",
        "inclination" : ".8481960586753917",
        "ascending_node_longitude" : "127.0622179919935",
        "orbital_period" : "368.882118331136",
        "perihelion_distance" : ".4461944503308738",
        "perihelion_argument" : "186.8452503669185",
        "aphelion_distance" : "1.567017253647297",
        "perihelion_time" : "2458094.414798558509",
        "mean_anomaly" : "268.3465264350019",
        "mean_motion" : ".9759215264450343",
        "equinox" : "J2000"
      }
    }, {
      "links" : {
        "self" : "https://api.nasa.gov/neo/rest/v1/neo/3363352?api_key=t0TVs3DtDT2H8Oy2Zy8m2eVrNsAVKAexjcZXUckd"
      },
      "neo_reference_id" : "3363352",
      "name" : "(2006 XJ1)",
      "nasa_jpl_url" : "http://ssd.jpl.nasa.gov/sbdb.cgi?sstr=3363352",
      "absolute_magnitude_h" : 21.4,
      "estimated_diameter" : {
        "kilometers" : {
          "estimated_diameter_min" : 0.1394938229,
          "estimated_diameter_max" : 0.3119176705
        },
        "meters" : {
          "estimated_diameter_min" : 139.4938229344,
          "estimated_diameter_max" : 311.9176705226
        },
        "miles" : {
          "estimated_diameter_min" : 0.0866774163,
          "estimated_diameter_max" : 0.1938165949
        },
        "feet" : {
          "estimated_diameter_min" : 457.6569140361,
          "estimated_diameter_max" : 1023.3519701574
        }
      },
      "is_potentially_hazardous_asteroid" : false,
      "close_approach_data" : [ {
        "close_approach_date" : "1996-12-15",
        "epoch_date_close_approach" : 850636800000,
        "relative_velocity" : {
          "kilometers_per_second" : "15.9410804078",
          "kilometers_per_hour" : "57387.8894679043",
          "miles_per_hour" : "35658.6027640987"
        },
        "miss_distance" : {
          "astronomical" : "0.4189530834",
          "lunar" : "162.9727478027",
          "kilometers" : "62674492",
          "miles" : "38944124"
        },
        "orbiting_body" : "Earth"
      } ],
      "orbital_data" : {
        "orbit_id" : "29",
        "orbit_determination_date" : "2017-04-06 09:07:25",
        "orbit_uncertainty" : "1",
        "minimum_orbit_intersection" : ".114266",
        "jupiter_tisserand_invariant" : "5.050",
        "epoch_osculation" : "2458000.5",
        "eccentricity" : ".1606764170278495",
        "semi_major_axis" : "1.262109555589648",
        "inclination" : "17.40842962638525",
        "ascending_node_longitude" : "269.5907587363369",
        "orbital_period" : "517.897731999401",
        "perihelion_distance" : "1.059318314300892",
        "perihelion_argument" : "135.1723582020947",
        "aphelion_distance" : "1.464900796878404",
        "perihelion_time" : "2458185.609704857334",
        "mean_anomaly" : "231.3269249290371",
        "mean_motion" : ".6951179311216146",
        "equinox" : "J2000"
      }
    }, {
      "links" : {
        "self" : "https://api.nasa.gov/neo/rest/v1/neo/3574100?api_key=t0TVs3DtDT2H8Oy2Zy8m2eVrNsAVKAexjcZXUckd"
      },
      "neo_reference_id" : "3574100",
      "name" : "(2011 OR15)",
      "nasa_jpl_url" : "http://ssd.jpl.nasa.gov/sbdb.cgi?sstr=3574100",
      "absolute_magnitude_h" : 21.0,
      "estimated_diameter" : {
        "kilometers" : {
          "estimated_diameter_min" : 0.1677084622,
          "estimated_diameter_max" : 0.3750075218
        },
        "meters" : {
          "estimated_diameter_min" : 167.7084621628,
          "estimated_diameter_max" : 375.0075217981
        },
        "miles" : {
          "estimated_diameter_min" : 0.1042091748,
          "estimated_diameter_max" : 0.2330187988
        },
        "feet" : {
          "estimated_diameter_min" : 550.2246310023,
          "estimated_diameter_max" : 1230.3396778159
        }
      },
      "is_potentially_hazardous_asteroid" : true,
      "close_approach_data" : [ {
        "close_approach_date" : "1996-12-15",
        "epoch_date_close_approach" : 850636800000,
        "relative_velocity" : {
          "kilometers_per_second" : "10.2196279707",
          "kilometers_per_hour" : "36790.6606944718",
          "miles_per_hour" : "22860.2858076289"
        },
        "miss_distance" : {
          "astronomical" : "0.0931183459",
          "lunar" : "36.2230377197",
          "kilometers" : "13930307",
          "miles" : "8655891"
        },
        "orbiting_body" : "Earth"
      } ],
      "orbital_data" : {
        "orbit_id" : "25",
        "orbit_determination_date" : "2017-04-06 08:53:08",
        "orbit_uncertainty" : "1",
        "minimum_orbit_intersection" : ".038891",
        "jupiter_tisserand_invariant" : "4.150",
        "epoch_osculation" : "2458000.5",
        "eccentricity" : ".4435059330287279",
        "semi_major_axis" : "1.655481881766309",
        "inclination" : "5.012612969816466",
        "ascending_node_longitude" : "146.1467036415265",
        "orbital_period" : "778.0098132714858",
        "perihelion_distance" : ".9212658451813878",
        "perihelion_argument" : "251.0305337194464",
        "aphelion_distance" : "2.38969791835123",
        "perihelion_time" : "2458180.624759291612",
        "mean_anomaly" : "276.6528336290373",
        "mean_motion" : ".4627190992440328",
        "equinox" : "J2000"
      }
    }, {
      "links" : {
        "self" : "https://api.nasa.gov/neo/rest/v1/neo/3739077?api_key=t0TVs3DtDT2H8Oy2Zy8m2eVrNsAVKAexjcZXUckd"
      },
      "neo_reference_id" : "3739077",
      "name" : "(2015 YO10)",
      "nasa_jpl_url" : "http://ssd.jpl.nasa.gov/sbdb.cgi?sstr=3739077",
      "absolute_magnitude_h" : 26.6,
      "estimated_diameter" : {
        "kilometers" : {
          "estimated_diameter_min" : 0.0127219879,
          "estimated_diameter_max" : 0.0284472297
        },
        "meters" : {
          "estimated_diameter_min" : 12.7219878539,
          "estimated_diameter_max" : 28.4472296503
        },
        "miles" : {
          "estimated_diameter_min" : 0.0079050743,
          "estimated_diameter_max" : 0.0176762835
        },
        "feet" : {
          "estimated_diameter_min" : 41.7388066307,
          "estimated_diameter_max" : 93.330808926
        }
      },
      "is_potentially_hazardous_asteroid" : false,
      "close_approach_data" : [ {
        "close_approach_date" : "1996-12-15",
        "epoch_date_close_approach" : 850636800000,
        "relative_velocity" : {
          "kilometers_per_second" : "3.0209512068",
          "kilometers_per_hour" : "10875.4243444537",
          "miles_per_hour" : "6757.5657544746"
        },
        "miss_distance" : {
          "astronomical" : "0.0749716319",
          "lunar" : "29.1639652252",
          "kilometers" : "11215596",
          "miles" : "6969048.5"
        },
        "orbiting_body" : "Earth"
      } ],
      "orbital_data" : {
        "orbit_id" : "5",
        "orbit_determination_date" : "2017-04-06 08:29:33",
        "orbit_uncertainty" : "7",
        "minimum_orbit_intersection" : ".0376738",
        "jupiter_tisserand_invariant" : "5.562",
        "epoch_osculation" : "2458000.5",
        "eccentricity" : ".09991692661055757",
        "semi_major_axis" : "1.121779464128334",
        "inclination" : "2.427118889958919",
        "ascending_node_longitude" : "298.0422246342689",
        "orbital_period" : "433.9699467829618",
        "perihelion_distance" : "1.009694707737793",
        "perihelion_argument" : "132.0263553535771",
        "aphelion_distance" : "1.233864220518875",
        "perihelion_time" : "2457793.388906357377",
        "mean_anomaly" : "171.8091178065685",
        "mean_motion" : ".8295505314796467",
        "equinox" : "J2000"
      }
    }, {
      "links" : {
        "self" : "https://api.nasa.gov/neo/rest/v1/neo/3363696?api_key=t0TVs3DtDT2H8Oy2Zy8m2eVrNsAVKAexjcZXUckd"
      },
      "neo_reference_id" : "3363696",
      "name" : "(2006 XO4)",
      "nasa_jpl_url" : "http://ssd.jpl.nasa.gov/sbdb.cgi?sstr=3363696",
      "absolute_magnitude_h" : 23.4,
      "estimated_diameter" : {
        "kilometers" : {
          "estimated_diameter_min" : 0.0555334912,
          "estimated_diameter_max" : 0.1241766613
        },
        "meters" : {
          "estimated_diameter_min" : 55.5334911581,
          "estimated_diameter_max" : 124.1766612574
        },
        "miles" : {
          "estimated_diameter_min" : 0.0345069009,
          "estimated_diameter_max" : 0.0771597762
        },
        "feet" : {
          "estimated_diameter_min" : 182.1964991311,
          "estimated_diameter_max" : 407.4037573197
        }
      },
      "is_potentially_hazardous_asteroid" : false,
      "close_approach_data" : [ {
        "close_approach_date" : "1996-12-15",
        "epoch_date_close_approach" : 850636800000,
        "relative_velocity" : {
          "kilometers_per_second" : "7.7170789666",
          "kilometers_per_hour" : "27781.4842797931",
          "miles_per_hour" : "17262.3339404081"
        },
        "miss_distance" : {
          "astronomical" : "0.0612079633",
          "lunar" : "23.8098983765",
          "kilometers" : "9156581",
          "miles" : "5689636"
        },
        "orbiting_body" : "Earth"
      } ],
      "orbital_data" : {
        "orbit_id" : "15",
        "orbit_determination_date" : "2017-04-06 09:07:21",
        "orbit_uncertainty" : "1",
        "minimum_orbit_intersection" : ".0278239",
        "jupiter_tisserand_invariant" : "6.960",
        "epoch_osculation" : "2458000.5",
        "eccentricity" : ".3011819062927717",
        "semi_major_axis" : ".838919366243091",
        "inclination" : "8.466375200143919",
        "ascending_node_longitude" : "266.7082220417842",
        "orbital_period" : "280.6588601146776",
        "perihelion_distance" : ".586252032292073",
        "perihelion_argument" : "29.05896389291751",
        "aphelion_distance" : "1.091586700194109",
        "perihelion_time" : "2457913.771735763210",
        "mean_anomaly" : "111.2459984783204",
        "mean_motion" : "1.282696009856605",
        "equinox" : "J2000"
      }
    }, {
      "links" : {
        "self" : "https://api.nasa.gov/neo/rest/v1/neo/3603128?api_key=t0TVs3DtDT2H8Oy2Zy8m2eVrNsAVKAexjcZXUckd"
      },
      "neo_reference_id" : "3603128",
      "name" : "(2012 HL31)",
      "nasa_jpl_url" : "http://ssd.jpl.nasa.gov/sbdb.cgi?sstr=3603128",
      "absolute_magnitude_h" : 22.3,
      "estimated_diameter" : {
        "kilometers" : {
          "estimated_diameter_min" : 0.0921626549,
          "estimated_diameter_max" : 0.2060819612
        },
        "meters" : {
          "estimated_diameter_min" : 92.1626548503,
          "estimated_diameter_max" : 206.0819612321
        },
        "miles" : {
          "estimated_diameter_min" : 0.057267201,
          "estimated_diameter_max" : 0.1280533543
        },
        "feet" : {
          "estimated_diameter_min" : 302.370924539,
          "estimated_diameter_max" : 676.1219416887
        }
      },
      "is_potentially_hazardous_asteroid" : false,
      "close_approach_data" : [ {
        "close_approach_date" : "1996-12-15",
        "epoch_date_close_approach" : 850636800000,
        "relative_velocity" : {
          "kilometers_per_second" : "18.4396968582",
          "kilometers_per_hour" : "66382.9086893458",
          "miles_per_hour" : "41247.7579019993"
        },
        "miss_distance" : {
          "astronomical" : "0.4494821351",
          "lunar" : "174.8485565186",
          "kilometers" : "67241576",
          "miles" : "41781976"
        },
        "orbiting_body" : "Earth"
      } ],
      "orbital_data" : {
        "orbit_id" : "14",
        "orbit_determination_date" : "2017-05-03 06:19:10",
        "orbit_uncertainty" : "1",
        "minimum_orbit_intersection" : ".14639",
        "jupiter_tisserand_invariant" : "6.583",
        "epoch_osculation" : "2458000.5",
        "eccentricity" : ".3741253428397709",
        "semi_major_axis" : ".887616302242528",
        "inclination" : "19.80932507185338",
        "ascending_node_longitude" : "37.519513630256",
        "orbital_period" : "305.447329092136",
        "perihelion_distance" : ".5555365488558726",
        "perihelion_argument" : "17.49316240881426",
        "aphelion_distance" : "1.219696055629183",
        "perihelion_time" : "2458059.109995780296",
        "mean_anomaly" : "290.9223015843031",
        "mean_motion" : "1.178599272974518",
        "equinox" : "J2000"
      }
    } ]
  }
}