{
  "links" : {
    "next" : "https://api.nasa.gov/neo/rest/v1/feed?start_date=2003-06-09&end_date=2003-06-09&detailed=true&api_key=t0TVs3DtDT2H8Oy2Zy8m2eVrNsAVKAexjcZXUckd",
    "prev" : "https://api.nasa.gov/neo/rest/v1/feed?start_date=2003-06-07&end_date=2003-06-07&detailed=true&api_key=t0TVs3DtDT2H8Oy2Zy8m2eVrNsAVKAexjcZXUckd",
    "self" : "https://api.nasa.gov/neo/rest/v1/feed?start_date=2003-06-08&end_date=2003-06-08&detailed=true&api_key=t0TVs3DtDT2H8Oy2Zy8m2eVrNsAVKAexjcZXUckd"
  },
  "element_count" : 9,
  "near_earth_objects" : {
    "2003-06-08" : [ {
      "links" : {
        "self" : "https://api.nasa.gov/neo/rest/v1/neo/3036363?api_key=t0TVs3DtDT2H8Oy2Zy8m2eVrNsAVKAexjcZXUckd"
      },
      "neo_reference_id" : "3036363",
      "name" : "(2000 HB24)",
      "nasa_jpl_url" : "http://ssd.jpl.nasa.gov/sbdb.cgi?sstr=3036363",
      "absolute_magnitude_h" : 23.7,
      "estimated_diameter" : {
        "kilometers" : {
          "estimated_diameter_min" : 0.0483676488,
          "estimated_diameter_max" : 0.1081533507
        },
        "meters" : {
          "estimated_diameter_min" : 48.3676488219,
          "estimated_diameter_max" : 108.1533506775
        },
        "miles" : {
          "estimated_diameter_min" : 0.0300542543,
          "estimated_diameter_max" : 0.0672033557
        },
        "feet" : {
          "estimated_diameter_min" : 158.6865169607,
          "estimated_diameter_max" : 354.8338390368
        }
      },
      "is_potentially_hazardous_asteroid" : false,
      "close_approach_data" : [ {
        "close_approach_date" : "2003-06-08",
        "epoch_date_close_approach" : 1055055600000,
        "relative_velocity" : {
          "kilometers_per_second" : "8.5946613634",
          "kilometers_per_hour" : "30940.7809082614",
          "miles_per_hour" : "19225.3980038028"
        },
        "miss_distance" : {
          "astronomical" : "0.1516370849",
          "lunar" : "58.9868278503",
          "kilometers" : "22684586",
          "miles" : "14095548"
        },
        "orbiting_body" : "Earth"
      } ],
      "orbital_data" : {
        "orbit_id" : "18",
        "orbit_determination_date" : "2017-06-24 06:18:41",
        "orbit_uncertainty" : "0",
        "minimum_orbit_intersection" : ".0160056",
        "jupiter_tisserand_invariant" : "7.097",
        "epoch_osculation" : "2458000.5",
        "eccentricity" : ".4303784483447433",
        "semi_major_axis" : ".8151717350145623",
        "inclination" : "2.669858628180247",
        "ascending_node_longitude" : "55.10226069127798",
        "orbital_period" : "268.8265112225945",
        "perihelion_distance" : ".4643393885645027",
        "perihelion_argument" : "17.91144392759839",
        "aphelion_distance" : "1.166004081464622",
        "perihelion_time" : "2458038.451581217942",
        "mean_anomaly" : "309.1770020139639",
        "mean_motion" : "1.339153636160206",
        "equinox" : "J2000"
      }
    }, {
      "links" : {
        "self" : "https://api.nasa.gov/neo/rest/v1/neo/3182829?api_key=t0TVs3DtDT2H8Oy2Zy8m2eVrNsAVKAexjcZXUckd"
      },
      "neo_reference_id" : "3182829",
      "name" : "(2004 KH15)",
      "nasa_jpl_url" : "http://ssd.jpl.nasa.gov/sbdb.cgi?sstr=3182829",
      "absolute_magnitude_h" : 19.7,
      "estimated_diameter" : {
        "kilometers" : {
          "estimated_diameter_min" : 0.3051792326,
          "estimated_diameter_max" : 0.6824015094
        },
        "meters" : {
          "estimated_diameter_min" : 305.1792325939,
          "estimated_diameter_max" : 682.4015094011
        },
        "miles" : {
          "estimated_diameter_min" : 0.1896295249,
          "estimated_diameter_max" : 0.4240245083
        },
        "feet" : {
          "estimated_diameter_min" : 1001.2442334633,
          "estimated_diameter_max" : 2238.8501681036
        }
      },
      "is_potentially_hazardous_asteroid" : false,
      "close_approach_data" : [ {
        "close_approach_date" : "2003-06-08",
        "epoch_date_close_approach" : 1055055600000,
        "relative_velocity" : {
          "kilometers_per_second" : "17.3824895152",
          "kilometers_per_hour" : "62576.9622546588",
          "miles_per_hour" : "38882.8907965129"
        },
        "miss_distance" : {
          "astronomical" : "0.2142850261",
          "lunar" : "83.356880188",
          "kilometers" : "32056584",
          "miles" : "19919038"
        },
        "orbiting_body" : "Earth"
      } ],
      "orbital_data" : {
        "orbit_id" : "17",
        "orbit_determination_date" : "2017-07-01 06:47:31",
        "orbit_uncertainty" : "1",
        "minimum_orbit_intersection" : ".106311",
        "jupiter_tisserand_invariant" : "6.107",
        "epoch_osculation" : "2458000.5",
        "eccentricity" : ".1701686609803043",
        "semi_major_axis" : ".9610593223650911",
        "inclination" : "35.07094862186194",
        "ascending_node_longitude" : "78.10656163766139",
        "orbital_period" : "344.1309398018544",
        "perihelion_distance" : ".7975171443555849",
        "perihelion_argument" : "350.0974128318675",
        "aphelion_distance" : "1.124601500374597",
        "perihelion_time" : "2458134.566577402546",
        "mean_anomaly" : "219.7511520100278",
        "mean_motion" : "1.046113436377685",
        "equinox" : "J2000"
      }
    }, {
      "links" : {
        "self" : "https://api.nasa.gov/neo/rest/v1/neo/3276601?api_key=t0TVs3DtDT2H8Oy2Zy8m2eVrNsAVKAexjcZXUckd"
      },
      "neo_reference_id" : "3276601",
      "name" : "(2005 GB120)",
      "nasa_jpl_url" : "http://ssd.jpl.nasa.gov/sbdb.cgi?sstr=3276601",
      "absolute_magnitude_h" : 20.4,
      "estimated_diameter" : {
        "kilometers" : {
          "estimated_diameter_min" : 0.2210828104,
          "estimated_diameter_max" : 0.4943561926
        },
        "meters" : {
          "estimated_diameter_min" : 221.0828103591,
          "estimated_diameter_max" : 494.3561926196
        },
        "miles" : {
          "estimated_diameter_min" : 0.137374447,
          "estimated_diameter_max" : 0.3071786018
        },
        "feet" : {
          "estimated_diameter_min" : 725.3373275385,
          "estimated_diameter_max" : 1621.9035709942
        }
      },
      "is_potentially_hazardous_asteroid" : false,
      "close_approach_data" : [ {
        "close_approach_date" : "2003-06-08",
        "epoch_date_close_approach" : 1055055600000,
        "relative_velocity" : {
          "kilometers_per_second" : "14.072076023",
          "kilometers_per_hour" : "50659.4736826326",
          "miles_per_hour" : "31477.8268557447"
        },
        "miss_distance" : {
          "astronomical" : "0.2135265752",
          "lunar" : "83.0618362427",
          "kilometers" : "31943122",
          "miles" : "19848536"
        },
        "orbiting_body" : "Earth"
      } ],
      "orbital_data" : {
        "orbit_id" : "38",
        "orbit_determination_date" : "2017-05-06 06:47:19",
        "orbit_uncertainty" : "0",
        "minimum_orbit_intersection" : ".0735488",
        "jupiter_tisserand_invariant" : "7.284",
        "epoch_osculation" : "2457800.5",
        "eccentricity" : ".3947704038455475",
        "semi_major_axis" : ".7912044312904624",
        "inclination" : "9.152548924024464",
        "ascending_node_longitude" : "160.9785643250936",
        "orbital_period" : "257.0582184277254",
        "perihelion_distance" : ".4788603384255398",
        "perihelion_argument" : "243.708352923736",
        "aphelion_distance" : "1.103548524155385",
        "perihelion_time" : "2457756.873725846833",
        "mean_anomaly" : "61.09689389120246",
        "mean_motion" : "1.400460962508451",
        "equinox" : "J2000"
      }
    }, {
      "links" : {
        "self" : "https://api.nasa.gov/neo/rest/v1/neo/3560773?api_key=t0TVs3DtDT2H8Oy2Zy8m2eVrNsAVKAexjcZXUckd"
      },
      "neo_reference_id" : "3560773",
      "name" : "(2011 FC29)",
      "nasa_jpl_url" : "http://ssd.jpl.nasa.gov/sbdb.cgi?sstr=3560773",
      "absolute_magnitude_h" : 20.8,
      "estimated_diameter" : {
        "kilometers" : {
          "estimated_diameter_min" : 0.1838886721,
          "estimated_diameter_max" : 0.411187571
        },
        "meters" : {
          "estimated_diameter_min" : 183.8886720703,
          "estimated_diameter_max" : 411.1875710413
        },
        "miles" : {
          "estimated_diameter_min" : 0.1142630881,
          "estimated_diameter_max" : 0.2555000322
        },
        "feet" : {
          "estimated_diameter_min" : 603.309310875,
          "estimated_diameter_max" : 1349.040630575
        }
      },
      "is_potentially_hazardous_asteroid" : false,
      "close_approach_data" : [ {
        "close_approach_date" : "2003-06-08",
        "epoch_date_close_approach" : 1055055600000,
        "relative_velocity" : {
          "kilometers_per_second" : "25.2929758285",
          "kilometers_per_hour" : "91054.7129825053",
          "miles_per_hour" : "56577.8576307128"
        },
        "miss_distance" : {
          "astronomical" : "0.4098945365",
          "lunar" : "159.4489746094",
          "kilometers" : "61319348",
          "miles" : "38102076"
        },
        "orbiting_body" : "Earth"
      } ],
      "orbital_data" : {
        "orbit_id" : "16",
        "orbit_determination_date" : "2017-04-21 06:19:36",
        "orbit_uncertainty" : "0",
        "minimum_orbit_intersection" : ".113472",
        "jupiter_tisserand_invariant" : "5.467",
        "epoch_osculation" : "2458000.5",
        "eccentricity" : ".4410302755210337",
        "semi_major_axis" : "1.121573950831696",
        "inclination" : "6.695729698949756",
        "ascending_node_longitude" : "21.80264433175816",
        "orbital_period" : "433.8506953895454",
        "perihelion_distance" : ".626925882279179",
        "perihelion_argument" : "357.9992093677456",
        "aphelion_distance" : "1.616222019384214",
        "perihelion_time" : "2458064.934718857123",
        "mean_anomaly" : "306.5334525562151",
        "mean_motion" : ".8297785478406656",
        "equinox" : "J2000"
      }
    }, {
      "links" : {
        "self" : "https://api.nasa.gov/neo/rest/v1/neo/3634713?api_key=t0TVs3DtDT2H8Oy2Zy8m2eVrNsAVKAexjcZXUckd"
      },
      "neo_reference_id" : "3634713",
      "name" : "(2013 GJ69)",
      "nasa_jpl_url" : "http://ssd.jpl.nasa.gov/sbdb.cgi?sstr=3634713",
      "absolute_magnitude_h" : 26.5,
      "estimated_diameter" : {
        "kilometers" : {
          "estimated_diameter_min" : 0.0133215567,
          "estimated_diameter_max" : 0.0297879063
        },
        "meters" : {
          "estimated_diameter_min" : 13.3215566698,
          "estimated_diameter_max" : 29.7879062798
        },
        "miles" : {
          "estimated_diameter_min" : 0.008277629,
          "estimated_diameter_max" : 0.0185093411
        },
        "feet" : {
          "estimated_diameter_min" : 43.7058959846,
          "estimated_diameter_max" : 97.7293544391
        }
      },
      "is_potentially_hazardous_asteroid" : false,
      "close_approach_data" : [ {
        "close_approach_date" : "2003-06-08",
        "epoch_date_close_approach" : 1055055600000,
        "relative_velocity" : {
          "kilometers_per_second" : "14.9257379906",
          "kilometers_per_hour" : "53732.6567661132",
          "miles_per_hour" : "33387.3833111441"
        },
        "miss_distance" : {
          "astronomical" : "0.2700829076",
          "lunar" : "105.0622558594",
          "kilometers" : "40403832",
          "miles" : "25105776"
        },
        "orbiting_body" : "Earth"
      } ],
      "orbital_data" : {
        "orbit_id" : "10",
        "orbit_determination_date" : "2017-04-06 08:46:08",
        "orbit_uncertainty" : "4",
        "minimum_orbit_intersection" : ".0201697",
        "jupiter_tisserand_invariant" : "3.436",
        "epoch_osculation" : "2458000.5",
        "eccentricity" : ".5412607014484346",
        "semi_major_axis" : "2.219015134749112",
        "inclination" : "6.624843455711059",
        "ascending_node_longitude" : "201.7008045475995",
        "orbital_period" : "1207.365670917767",
        "perihelion_distance" : "1.017949446390115",
        "perihelion_argument" : "11.06933484984238",
        "aphelion_distance" : "3.420080823108109",
        "perihelion_time" : "2457611.271046948487",
        "mean_anomaly" : "116.0563253318541",
        "mean_motion" : ".2981698160478172",
        "equinox" : "J2000"
      }
    }, {
      "links" : {
        "self" : "https://api.nasa.gov/neo/rest/v1/neo/3669253?api_key=t0TVs3DtDT2H8Oy2Zy8m2eVrNsAVKAexjcZXUckd"
      },
      "neo_reference_id" : "3669253",
      "name" : "(2014 HQ124)",
      "nasa_jpl_url" : "http://ssd.jpl.nasa.gov/sbdb.cgi?sstr=3669253",
      "absolute_magnitude_h" : 18.9,
      "estimated_diameter" : {
        "kilometers" : {
          "estimated_diameter_min" : 0.4411182,
          "estimated_diameter_max" : 0.9863702813
        },
        "meters" : {
          "estimated_diameter_min" : 441.1181999969,
          "estimated_diameter_max" : 986.3702813054
        },
        "miles" : {
          "estimated_diameter_min" : 0.2740980571,
          "estimated_diameter_max" : 0.6129018881
        },
        "feet" : {
          "estimated_diameter_min" : 1447.2382352778,
          "estimated_diameter_max" : 3236.1230737181
        }
      },
      "is_potentially_hazardous_asteroid" : true,
      "close_approach_data" : [ {
        "close_approach_date" : "2003-06-08",
        "epoch_date_close_approach" : 1055055600000,
        "relative_velocity" : {
          "kilometers_per_second" : "13.5600031355",
          "kilometers_per_hour" : "48816.0112879768",
          "miles_per_hour" : "30332.3710139098"
        },
        "miss_distance" : {
          "astronomical" : "0.0447097177",
          "lunar" : "17.392080307",
          "kilometers" : "6688478.5",
          "miles" : "4156027.75"
        },
        "orbiting_body" : "Earth"
      } ],
      "orbital_data" : {
        "orbit_id" : "46",
        "orbit_determination_date" : "2017-09-18 06:53:52",
        "orbit_uncertainty" : "1",
        "minimum_orbit_intersection" : ".00780919",
        "jupiter_tisserand_invariant" : "6.815",
        "epoch_osculation" : "2458000.5",
        "eccentricity" : ".2591852622152756",
        "semi_major_axis" : ".8508260810584923",
        "inclination" : "26.37052472766208",
        "ascending_node_longitude" : "257.563390477906",
        "orbital_period" : "286.6550638939651",
        "perihelion_distance" : ".6303045001397517",
        "perihelion_argument" : "144.5011455144463",
        "aphelion_distance" : "1.071347661977233",
        "perihelion_time" : "2458062.635208456209",
        "mean_anomaly" : "281.9665798316067",
        "mean_motion" : "1.255864784349895",
        "equinox" : "J2000"
      }
    }, {
      "links" : {
        "self" : "https://api.nasa.gov/neo/rest/v1/neo/3735678?api_key=t0TVs3DtDT2H8Oy2Zy8m2eVrNsAVKAexjcZXUckd"
      },
      "neo_reference_id" : "3735678",
      "name" : "(2015 XT1)",
      "nasa_jpl_url" : "http://ssd.jpl.nasa.gov/sbdb.cgi?sstr=3735678",
      "absolute_magnitude_h" : 23.3,
      "estimated_diameter" : {
        "kilometers" : {
          "estimated_diameter_min" : 0.058150704,
          "estimated_diameter_max" : 0.130028927
        },
        "meters" : {
          "estimated_diameter_min" : 58.1507039646,
          "estimated_diameter_max" : 130.0289270043
        },
        "miles" : {
          "estimated_diameter_min" : 0.0361331611,
          "estimated_diameter_max" : 0.0807962044
        },
        "feet" : {
          "estimated_diameter_min" : 190.7831555951,
          "estimated_diameter_max" : 426.6041048727
        }
      },
      "is_potentially_hazardous_asteroid" : false,
      "close_approach_data" : [ {
        "close_approach_date" : "2003-06-08",
        "epoch_date_close_approach" : 1055055600000,
        "relative_velocity" : {
          "kilometers_per_second" : "16.538628419",
          "kilometers_per_hour" : "59539.0623084086",
          "miles_per_hour" : "36995.2579104665"
        },
        "miss_distance" : {
          "astronomical" : "0.4598724859",
          "lunar" : "178.8903961182",
          "kilometers" : "68795944",
          "miles" : "42747820"
        },
        "orbiting_body" : "Earth"
      } ],
      "orbital_data" : {
        "orbit_id" : "15",
        "orbit_determination_date" : "2017-04-06 08:30:16",
        "orbit_uncertainty" : "6",
        "minimum_orbit_intersection" : ".0485347",
        "jupiter_tisserand_invariant" : "7.021",
        "epoch_osculation" : "2458000.5",
        "eccentricity" : ".3300272165303476",
        "semi_major_axis" : ".8298855011061081",
        "inclination" : "4.977297292677525",
        "ascending_node_longitude" : "143.8828765846776",
        "orbital_period" : "276.1376932132466",
        "perihelion_distance" : ".5560006991371665",
        "perihelion_argument" : "102.3412275502733",
        "aphelion_distance" : "1.10377030307505",
        "perihelion_time" : "2458042.420887140630",
        "mean_anomaly" : "305.3478473184306",
        "mean_motion" : "1.303697426493641",
        "equinox" : "J2000"
      }
    }, {
      "links" : {
        "self" : "https://api.nasa.gov/neo/rest/v1/neo/3764726?api_key=t0TVs3DtDT2H8Oy2Zy8m2eVrNsAVKAexjcZXUckd"
      },
      "neo_reference_id" : "3764726",
      "name" : "(2016 WG7)",
      "nasa_jpl_url" : "http://ssd.jpl.nasa.gov/sbdb.cgi?sstr=3764726",
      "absolute_magnitude_h" : 26.0,
      "estimated_diameter" : {
        "kilometers" : {
          "estimated_diameter_min" : 0.0167708462,
          "estimated_diameter_max" : 0.0375007522
        },
        "meters" : {
          "estimated_diameter_min" : 16.7708462163,
          "estimated_diameter_max" : 37.5007521798
        },
        "miles" : {
          "estimated_diameter_min" : 0.0104209175,
          "estimated_diameter_max" : 0.0233018799
        },
        "feet" : {
          "estimated_diameter_min" : 55.0224631002,
          "estimated_diameter_max" : 123.0339677816
        }
      },
      "is_potentially_hazardous_asteroid" : false,
      "close_approach_data" : [ {
        "close_approach_date" : "2003-06-08",
        "epoch_date_close_approach" : 1055055600000,
        "relative_velocity" : {
          "kilometers_per_second" : "5.2102489014",
          "kilometers_per_hour" : "18756.8960449654",
          "miles_per_hour" : "11654.8057674953"
        },
        "miss_distance" : {
          "astronomical" : "0.1788852256",
          "lunar" : "69.5863494873",
          "kilometers" : "26760848",
          "miles" : "16628420"
        },
        "orbiting_body" : "Earth"
      } ],
      "orbital_data" : {
        "orbit_id" : "10",
        "orbit_determination_date" : "2017-07-13 14:43:02",
        "orbit_uncertainty" : "2",
        "minimum_orbit_intersection" : ".00367107",
        "jupiter_tisserand_invariant" : "6.288",
        "epoch_osculation" : "2458000.5",
        "eccentricity" : ".2189220225641773",
        "semi_major_axis" : ".9539094194196382",
        "inclination" : "4.529484214388064",
        "ascending_node_longitude" : "67.3422082981063",
        "orbital_period" : "340.2977932212168",
        "perihelion_distance" : ".7450776399772708",
        "perihelion_argument" : "113.7344042294203",
        "aphelion_distance" : "1.162741198862006",
        "perihelion_time" : "2458146.800560555208",
        "mean_anomaly" : "205.22908214795",
        "mean_motion" : "1.057896957227623",
        "equinox" : "J2000"
      }
    }, {
      "links" : {
        "self" : "https://api.nasa.gov/neo/rest/v1/neo/2488803?api_key=t0TVs3DtDT2H8Oy2Zy8m2eVrNsAVKAexjcZXUckd"
      },
      "neo_reference_id" : "2488803",
      "name" : "488803 (2005 GB120)",
      "nasa_jpl_url" : "http://ssd.jpl.nasa.gov/sbdb.cgi?sstr=2488803",
      "absolute_magnitude_h" : 20.4,
      "estimated_diameter" : {
        "kilometers" : {
          "estimated_diameter_min" : 0.2210828104,
          "estimated_diameter_max" : 0.4943561926
        },
        "meters" : {
          "estimated_diameter_min" : 221.0828103591,
          "estimated_diameter_max" : 494.3561926196
        },
        "miles" : {
          "estimated_diameter_min" : 0.137374447,
          "estimated_diameter_max" : 0.3071786018
        },
        "feet" : {
          "estimated_diameter_min" : 725.3373275385,
          "estimated_diameter_max" : 1621.9035709942
        }
      },
      "is_potentially_hazardous_asteroid" : false,
      "close_approach_data" : [ {
        "close_approach_date" : "2003-06-08",
        "epoch_date_close_approach" : 1055055600000,
        "relative_velocity" : {
          "kilometers_per_second" : "14.0720770219",
          "kilometers_per_hour" : "50659.477278889",
          "miles_per_hour" : "31477.8290903185"
        },
        "miss_distance" : {
          "astronomical" : "0.2135266559",
          "lunar" : "83.0618667603",
          "kilometers" : "31943132",
          "miles" : "19848542"
        },
        "orbiting_body" : "Earth"
      } ],
      "orbital_data" : {
        "orbit_id" : "43",
        "orbit_determination_date" : "2017-06-07 06:17:28",
        "orbit_uncertainty" : "0",
        "minimum_orbit_intersection" : ".072888",
        "jupiter_tisserand_invariant" : "7.285",
        "epoch_osculation" : "2458000.5",
        "eccentricity" : ".3948496256040924",
        "semi_major_axis" : ".7911236536082649",
        "inclination" : "9.147184157930885",
        "ascending_node_longitude" : "160.9370815963151",
        "orbital_period" : "257.0188530571775",
        "perihelion_distance" : ".4787487751744999",
        "perihelion_argument" : "243.7218517346957",
        "aphelion_distance" : "1.10349853204203",
        "perihelion_time" : "2458013.877151624931",
        "mean_anomaly" : "341.2629520064671",
        "mean_motion" : "1.400675459087481",
        "equinox" : "J2000"
      }
    } ]
  }
}