{
  "links" : {
    "next" : "https://api.nasa.gov/neo/rest/v1/feed?start_date=2004-03-09&end_date=2004-03-09&detailed=true&api_key=t0TVs3DtDT2H8Oy2Zy8m2eVrNsAVKAexjcZXUckd",
    "prev" : "https://api.nasa.gov/neo/rest/v1/feed?start_date=2004-03-07&end_date=2004-03-07&detailed=true&api_key=t0TVs3DtDT2H8Oy2Zy8m2eVrNsAVKAexjcZXUckd",
    "self" : "https://api.nasa.gov/neo/rest/v1/feed?start_date=2004-03-08&end_date=2004-03-08&detailed=true&api_key=t0TVs3DtDT2H8Oy2Zy8m2eVrNsAVKAexjcZXUckd"
  },
  "element_count" : 8,
  "near_earth_objects" : {
    "2004-03-08" : [ {
      "links" : {
        "self" : "https://api.nasa.gov/neo/rest/v1/neo/2085989?api_key=t0TVs3DtDT2H8Oy2Zy8m2eVrNsAVKAexjcZXUckd"
      },
      "neo_reference_id" : "2085989",
      "name" : "85989 (1999 JD6)",
      "nasa_jpl_url" : "http://ssd.jpl.nasa.gov/sbdb.cgi?sstr=2085989",
      "absolute_magnitude_h" : 17.1,
      "estimated_diameter" : {
        "kilometers" : {
          "estimated_diameter_min" : 1.0105434154,
          "estimated_diameter_max" : 2.2596437711
        },
        "meters" : {
          "estimated_diameter_min" : 1010.5434154201,
          "estimated_diameter_max" : 2259.643771094
        },
        "miles" : {
          "estimated_diameter_min" : 0.6279223726,
          "estimated_diameter_max" : 1.4040771097
        },
        "feet" : {
          "estimated_diameter_min" : 3315.4312590467,
          "estimated_diameter_max" : 7413.5296699562
        }
      },
      "is_potentially_hazardous_asteroid" : true,
      "close_approach_data" : [ {
        "close_approach_date" : "2004-03-08",
        "epoch_date_close_approach" : 1078732800000,
        "relative_velocity" : {
          "kilometers_per_second" : "16.1329289851",
          "kilometers_per_hour" : "58078.5443463838",
          "miles_per_hour" : "36087.748846785"
        },
        "miss_distance" : {
          "astronomical" : "0.4733926365",
          "lunar" : "184.1497344971",
          "kilometers" : "70818528",
          "miles" : "44004596"
        },
        "orbiting_body" : "Earth"
      } ],
      "orbital_data" : {
        "orbit_id" : "289",
        "orbit_determination_date" : "2017-04-06 09:28:33",
        "orbit_uncertainty" : "0",
        "minimum_orbit_intersection" : ".0480717",
        "jupiter_tisserand_invariant" : "6.502",
        "epoch_osculation" : "2458000.5",
        "eccentricity" : ".6328373731114443",
        "semi_major_axis" : ".8830625113464621",
        "inclination" : "17.05627108732804",
        "ascending_node_longitude" : "130.2027845779737",
        "orbital_period" : "303.0997645114537",
        "perihelion_distance" : ".324227551372772",
        "perihelion_argument" : "309.1887641469194",
        "aphelion_distance" : "1.441897471320152",
        "perihelion_time" : "2457890.639144911038",
        "mean_anomaly" : "130.4847857462841",
        "mean_motion" : "1.187727745616233",
        "equinox" : "J2000"
      }
    }, {
      "links" : {
        "self" : "https://api.nasa.gov/neo/rest/v1/neo/2088188?api_key=t0TVs3DtDT2H8Oy2Zy8m2eVrNsAVKAexjcZXUckd"
      },
      "neo_reference_id" : "2088188",
      "name" : "88188 (2000 XH44)",
      "nasa_jpl_url" : "http://ssd.jpl.nasa.gov/sbdb.cgi?sstr=2088188",
      "absolute_magnitude_h" : 16.0,
      "estimated_diameter" : {
        "kilometers" : {
          "estimated_diameter_min" : 1.6770846216,
          "estimated_diameter_max" : 3.750075218
        },
        "meters" : {
          "estimated_diameter_min" : 1677.0846216284,
          "estimated_diameter_max" : 3750.0752179805
        },
        "miles" : {
          "estimated_diameter_min" : 1.0420917484,
          "estimated_diameter_max" : 2.3301879883
        },
        "feet" : {
          "estimated_diameter_min" : 5502.2463100232,
          "estimated_diameter_max" : 12303.3967781592
        }
      },
      "is_potentially_hazardous_asteroid" : false,
      "close_approach_data" : [ {
        "close_approach_date" : "2004-03-08",
        "epoch_date_close_approach" : 1078732800000,
        "relative_velocity" : {
          "kilometers_per_second" : "6.3246437547",
          "kilometers_per_hour" : "22768.7175169449",
          "miles_per_hour" : "14147.5956149039"
        },
        "miss_distance" : {
          "astronomical" : "0.2488628239",
          "lunar" : "96.8076324463",
          "kilometers" : "37229348",
          "miles" : "23133244"
        },
        "orbiting_body" : "Earth"
      } ],
      "orbital_data" : {
        "orbit_id" : "211",
        "orbit_determination_date" : "2017-09-02 06:19:38",
        "orbit_uncertainty" : "0",
        "minimum_orbit_intersection" : ".233996",
        "jupiter_tisserand_invariant" : "3.712",
        "epoch_osculation" : "2458000.5",
        "eccentricity" : ".3916804313186327",
        "semi_major_axis" : "2.007988860560579",
        "inclination" : "11.36691752759855",
        "ascending_node_longitude" : "340.22868739891",
        "orbital_period" : "1039.298679957853",
        "perihelion_distance" : "1.221498917573202",
        "perihelion_argument" : "195.0392146577685",
        "aphelion_distance" : "2.794478803547956",
        "perihelion_time" : "2458281.465407998728",
        "mean_anomaly" : "262.6771140673016",
        "mean_motion" : ".3463874311998542",
        "equinox" : "J2000"
      }
    }, {
      "links" : {
        "self" : "https://api.nasa.gov/neo/rest/v1/neo/2411165?api_key=t0TVs3DtDT2H8Oy2Zy8m2eVrNsAVKAexjcZXUckd"
      },
      "neo_reference_id" : "2411165",
      "name" : "411165 (2010 DF1)",
      "nasa_jpl_url" : "http://ssd.jpl.nasa.gov/sbdb.cgi?sstr=2411165",
      "absolute_magnitude_h" : 21.8,
      "estimated_diameter" : {
        "kilometers" : {
          "estimated_diameter_min" : 0.1160259082,
          "estimated_diameter_max" : 0.2594418179
        },
        "meters" : {
          "estimated_diameter_min" : 116.0259082094,
          "estimated_diameter_max" : 259.4418179074
        },
        "miles" : {
          "estimated_diameter_min" : 0.0720951346,
          "estimated_diameter_max" : 0.1612096218
        },
        "feet" : {
          "estimated_diameter_min" : 380.6624406898,
          "estimated_diameter_max" : 851.1870938635
        }
      },
      "is_potentially_hazardous_asteroid" : true,
      "close_approach_data" : [ {
        "close_approach_date" : "2004-03-08",
        "epoch_date_close_approach" : 1078732800000,
        "relative_velocity" : {
          "kilometers_per_second" : "23.6047992518",
          "kilometers_per_hour" : "84977.2773066283",
          "miles_per_hour" : "52801.5754464436"
        },
        "miss_distance" : {
          "astronomical" : "0.3089955264",
          "lunar" : "120.199256897",
          "kilometers" : "46225072",
          "miles" : "28722928"
        },
        "orbiting_body" : "Earth"
      } ],
      "orbital_data" : {
        "orbit_id" : "18",
        "orbit_determination_date" : "2017-04-06 09:21:38",
        "orbit_uncertainty" : "0",
        "minimum_orbit_intersection" : ".0436135",
        "jupiter_tisserand_invariant" : "4.155",
        "epoch_osculation" : "2458000.5",
        "eccentricity" : ".5029971333722685",
        "semi_major_axis" : "1.598458759402439",
        "inclination" : "20.07496488649296",
        "ascending_node_longitude" : "154.9054497924404",
        "orbital_period" : "738.1601241636142",
        "perihelion_distance" : ".7944385856092195",
        "perihelion_argument" : "101.7625655179864",
        "aphelion_distance" : "2.402478933195658",
        "perihelion_time" : "2458292.552328171119",
        "mean_anomaly" : "217.5663535594904",
        "mean_motion" : ".4876990617827054",
        "equinox" : "J2000"
      }
    }, {
      "links" : {
        "self" : "https://api.nasa.gov/neo/rest/v1/neo/3293831?api_key=t0TVs3DtDT2H8Oy2Zy8m2eVrNsAVKAexjcZXUckd"
      },
      "neo_reference_id" : "3293831",
      "name" : "(2005 TE49)",
      "nasa_jpl_url" : "http://ssd.jpl.nasa.gov/sbdb.cgi?sstr=3293831",
      "absolute_magnitude_h" : 26.7,
      "estimated_diameter" : {
        "kilometers" : {
          "estimated_diameter_min" : 0.0121494041,
          "estimated_diameter_max" : 0.0271668934
        },
        "meters" : {
          "estimated_diameter_min" : 12.14940408,
          "estimated_diameter_max" : 27.1668934089
        },
        "miles" : {
          "estimated_diameter_min" : 0.0075492874,
          "estimated_diameter_max" : 0.0168807197
        },
        "feet" : {
          "estimated_diameter_min" : 39.8602508817,
          "estimated_diameter_max" : 89.1302305717
        }
      },
      "is_potentially_hazardous_asteroid" : false,
      "close_approach_data" : [ {
        "close_approach_date" : "2004-03-08",
        "epoch_date_close_approach" : 1078732800000,
        "relative_velocity" : {
          "kilometers_per_second" : "13.6042550374",
          "kilometers_per_hour" : "48975.318134694",
          "miles_per_hour" : "30431.3580931936"
        },
        "miss_distance" : {
          "astronomical" : "0.370076028",
          "lunar" : "143.9595794678",
          "kilometers" : "55362588",
          "miles" : "34400716"
        },
        "orbiting_body" : "Earth"
      } ],
      "orbital_data" : {
        "orbit_id" : "7",
        "orbit_determination_date" : "2017-04-06 09:10:15",
        "orbit_uncertainty" : "7",
        "minimum_orbit_intersection" : ".00838777",
        "jupiter_tisserand_invariant" : "6.284",
        "epoch_osculation" : "2458000.5",
        "eccentricity" : ".3627397110667183",
        "semi_major_axis" : ".9475486854876304",
        "inclination" : "4.743318896552867",
        "ascending_node_longitude" : "195.1037170743857",
        "orbital_period" : "336.8997797551634",
        "perihelion_distance" : ".6038351490921986",
        "perihelion_argument" : "304.7642773627976",
        "aphelion_distance" : "1.291262221883062",
        "perihelion_time" : "2458112.519341793919",
        "mean_anomaly" : "240.2998236593744",
        "mean_motion" : "1.068567038724764",
        "equinox" : "J2000"
      }
    }, {
      "links" : {
        "self" : "https://api.nasa.gov/neo/rest/v1/neo/3370167?api_key=t0TVs3DtDT2H8Oy2Zy8m2eVrNsAVKAexjcZXUckd"
      },
      "neo_reference_id" : "3370167",
      "name" : "(2007 EF)",
      "nasa_jpl_url" : "http://ssd.jpl.nasa.gov/sbdb.cgi?sstr=3370167",
      "absolute_magnitude_h" : 21.4,
      "estimated_diameter" : {
        "kilometers" : {
          "estimated_diameter_min" : 0.1394938229,
          "estimated_diameter_max" : 0.3119176705
        },
        "meters" : {
          "estimated_diameter_min" : 139.4938229344,
          "estimated_diameter_max" : 311.9176705226
        },
        "miles" : {
          "estimated_diameter_min" : 0.0866774163,
          "estimated_diameter_max" : 0.1938165949
        },
        "feet" : {
          "estimated_diameter_min" : 457.6569140361,
          "estimated_diameter_max" : 1023.3519701574
        }
      },
      "is_potentially_hazardous_asteroid" : true,
      "close_approach_data" : [ {
        "close_approach_date" : "2004-03-08",
        "epoch_date_close_approach" : 1078732800000,
        "relative_velocity" : {
          "kilometers_per_second" : "21.7382896631",
          "kilometers_per_hour" : "78257.8427872486",
          "miles_per_hour" : "48626.3801474434"
        },
        "miss_distance" : {
          "astronomical" : "0.2603922096",
          "lunar" : "101.2925720215",
          "kilometers" : "38954120",
          "miles" : "24204970"
        },
        "orbiting_body" : "Earth"
      } ],
      "orbital_data" : {
        "orbit_id" : "26",
        "orbit_determination_date" : "2017-04-06 09:06:52",
        "orbit_uncertainty" : "1",
        "minimum_orbit_intersection" : ".02399",
        "jupiter_tisserand_invariant" : "7.016",
        "epoch_osculation" : "2458000.5",
        "eccentricity" : ".4101333687361926",
        "semi_major_axis" : ".8203222078396782",
        "inclination" : "21.73466211109749",
        "ascending_node_longitude" : "158.3762559267166",
        "orbital_period" : "271.3783079653338",
        "perihelion_distance" : ".4838806972892799",
        "perihelion_argument" : "226.0087131127022",
        "aphelion_distance" : "1.156763718390077",
        "perihelion_time" : "2457895.460838374853",
        "mean_anomaly" : "139.3409018891939",
        "mean_motion" : "1.326561443687632",
        "equinox" : "J2000"
      }
    }, {
      "links" : {
        "self" : "https://api.nasa.gov/neo/rest/v1/neo/3557958?api_key=t0TVs3DtDT2H8Oy2Zy8m2eVrNsAVKAexjcZXUckd"
      },
      "neo_reference_id" : "3557958",
      "name" : "(2011 DT9)",
      "nasa_jpl_url" : "http://ssd.jpl.nasa.gov/sbdb.cgi?sstr=3557958",
      "absolute_magnitude_h" : 25.2,
      "estimated_diameter" : {
        "kilometers" : {
          "estimated_diameter_min" : 0.0242412481,
          "estimated_diameter_max" : 0.0542050786
        },
        "meters" : {
          "estimated_diameter_min" : 24.2412481101,
          "estimated_diameter_max" : 54.2050786336
        },
        "miles" : {
          "estimated_diameter_min" : 0.0150628086,
          "estimated_diameter_max" : 0.0336814639
        },
        "feet" : {
          "estimated_diameter_min" : 79.5316564495,
          "estimated_diameter_max" : 177.8381901842
        }
      },
      "is_potentially_hazardous_asteroid" : false,
      "close_approach_data" : [ {
        "close_approach_date" : "2004-03-08",
        "epoch_date_close_approach" : 1078732800000,
        "relative_velocity" : {
          "kilometers_per_second" : "10.0517445127",
          "kilometers_per_hour" : "36186.2802455522",
          "miles_per_hour" : "22484.7473003544"
        },
        "miss_distance" : {
          "astronomical" : "0.2713793331",
          "lunar" : "105.5665588379",
          "kilometers" : "40597768",
          "miles" : "25226284"
        },
        "orbiting_body" : "Earth"
      } ],
      "orbital_data" : {
        "orbit_id" : "10",
        "orbit_determination_date" : "2017-04-06 08:54:20",
        "orbit_uncertainty" : "6",
        "minimum_orbit_intersection" : ".0245253",
        "jupiter_tisserand_invariant" : "5.611",
        "epoch_osculation" : "2458000.5",
        "eccentricity" : ".08330196422673723",
        "semi_major_axis" : "1.104434646156715",
        "inclination" : "11.59502774318295",
        "ascending_node_longitude" : "338.4524763027444",
        "orbital_period" : "423.9439675296337",
        "perihelion_distance" : "1.012433070771799",
        "perihelion_argument" : "171.2065065510339",
        "aphelion_distance" : "1.196436221541631",
        "perihelion_time" : "2458155.138416488608",
        "mean_anomaly" : "228.6858778524608",
        "mean_motion" : ".8491688231766995",
        "equinox" : "J2000"
      }
    }, {
      "links" : {
        "self" : "https://api.nasa.gov/neo/rest/v1/neo/3704145?api_key=t0TVs3DtDT2H8Oy2Zy8m2eVrNsAVKAexjcZXUckd"
      },
      "neo_reference_id" : "3704145",
      "name" : "(2015 AB246)",
      "nasa_jpl_url" : "http://ssd.jpl.nasa.gov/sbdb.cgi?sstr=3704145",
      "absolute_magnitude_h" : 22.6,
      "estimated_diameter" : {
        "kilometers" : {
          "estimated_diameter_min" : 0.0802703167,
          "estimated_diameter_max" : 0.1794898848
        },
        "meters" : {
          "estimated_diameter_min" : 80.2703167283,
          "estimated_diameter_max" : 179.4898847799
        },
        "miles" : {
          "estimated_diameter_min" : 0.049877647,
          "estimated_diameter_max" : 0.1115298092
        },
        "feet" : {
          "estimated_diameter_min" : 263.3540659348,
          "estimated_diameter_max" : 588.8775935812
        }
      },
      "is_potentially_hazardous_asteroid" : false,
      "close_approach_data" : [ {
        "close_approach_date" : "2004-03-08",
        "epoch_date_close_approach" : 1078732800000,
        "relative_velocity" : {
          "kilometers_per_second" : "10.4513561697",
          "kilometers_per_hour" : "37624.8822107944",
          "miles_per_hour" : "23378.6386159239"
        },
        "miss_distance" : {
          "astronomical" : "0.3922049664",
          "lunar" : "152.5677337646",
          "kilometers" : "58673028",
          "miles" : "36457728"
        },
        "orbiting_body" : "Earth"
      } ],
      "orbital_data" : {
        "orbit_id" : "13",
        "orbit_determination_date" : "2017-04-06 08:36:20",
        "orbit_uncertainty" : "3",
        "minimum_orbit_intersection" : ".219768",
        "jupiter_tisserand_invariant" : "5.683",
        "epoch_osculation" : "2458000.5",
        "eccentricity" : ".2637787069234288",
        "semi_major_axis" : "1.071696704384449",
        "inclination" : "19.04018666598828",
        "ascending_node_longitude" : "126.9876864732698",
        "orbital_period" : "405.2343669032975",
        "perihelion_distance" : ".7890059334878188",
        "perihelion_argument" : "192.8493975362576",
        "aphelion_distance" : "1.354387475281079",
        "perihelion_time" : "2458085.367619187805",
        "mean_anomaly" : "284.6057457044344",
        "mean_motion" : ".8883748008616161",
        "equinox" : "J2000"
      }
    }, {
      "links" : {
        "self" : "https://api.nasa.gov/neo/rest/v1/neo/3778076?api_key=t0TVs3DtDT2H8Oy2Zy8m2eVrNsAVKAexjcZXUckd"
      },
      "neo_reference_id" : "3778076",
      "name" : "(2017 OM1)",
      "nasa_jpl_url" : "http://ssd.jpl.nasa.gov/sbdb.cgi?sstr=3778076",
      "absolute_magnitude_h" : 23.331,
      "estimated_diameter" : {
        "kilometers" : {
          "estimated_diameter_min" : 0.0573264405,
          "estimated_diameter_max" : 0.1281858179
        },
        "meters" : {
          "estimated_diameter_min" : 57.3264405141,
          "estimated_diameter_max" : 128.1858178976
        },
        "miles" : {
          "estimated_diameter_min" : 0.0356209877,
          "estimated_diameter_max" : 0.0796509499
        },
        "feet" : {
          "estimated_diameter_min" : 188.0788790963,
          "estimated_diameter_max" : 420.5571587912
        }
      },
      "is_potentially_hazardous_asteroid" : false,
      "close_approach_data" : [ {
        "close_approach_date" : "2004-03-08",
        "epoch_date_close_approach" : 1078732800000,
        "relative_velocity" : {
          "kilometers_per_second" : "17.2549809944",
          "kilometers_per_hour" : "62117.9315798508",
          "miles_per_hour" : "38597.6669863801"
        },
        "miss_distance" : {
          "astronomical" : "0.2328324631",
          "lunar" : "90.5718307495",
          "kilometers" : "34831240",
          "miles" : "21643130"
        },
        "orbiting_body" : "Earth"
      } ],
      "orbital_data" : {
        "orbit_id" : "5",
        "orbit_determination_date" : "2017-08-01 06:18:31",
        "orbit_uncertainty" : "7",
        "minimum_orbit_intersection" : ".00237486",
        "jupiter_tisserand_invariant" : "6.034",
        "epoch_osculation" : "2458000.5",
        "eccentricity" : ".4467803741744122",
        "semi_major_axis" : ".9827817257453653",
        "inclination" : "17.91359254303554",
        "ascending_node_longitude" : "123.0000072594535",
        "orbital_period" : "355.8639831956311",
        "perihelion_distance" : ".5436941385850764",
        "perihelion_argument" : "299.7937418511922",
        "aphelion_distance" : "1.421869312905654",
        "perihelion_time" : "2458027.623115071938",
        "mean_anomaly" : "332.5616474636887",
        "mean_motion" : "1.011622465322924",
        "equinox" : "J2000"
      }
    } ]
  }
}