{
  "links" : {
    "next" : "https://api.nasa.gov/neo/rest/v1/feed?start_date=2001-12-23&end_date=2001-12-23&detailed=true&api_key=t0TVs3DtDT2H8Oy2Zy8m2eVrNsAVKAexjcZXUckd",
    "prev" : "https://api.nasa.gov/neo/rest/v1/feed?start_date=2001-12-21&end_date=2001-12-21&detailed=true&api_key=t0TVs3DtDT2H8Oy2Zy8m2eVrNsAVKAexjcZXUckd",
    "self" : "https://api.nasa.gov/neo/rest/v1/feed?start_date=2001-12-22&end_date=2001-12-22&detailed=true&api_key=t0TVs3DtDT2H8Oy2Zy8m2eVrNsAVKAexjcZXUckd"
  },
  "element_count" : 9,
  "near_earth_objects" : {
    "2001-12-22" : [ {
      "links" : {
        "self" : "https://api.nasa.gov/neo/rest/v1/neo/2163364?api_key=t0TVs3DtDT2H8Oy2Zy8m2eVrNsAVKAexjcZXUckd"
      },
      "neo_reference_id" : "2163364",
      "name" : "163364 (2002 OD20)",
      "nasa_jpl_url" : "http://ssd.jpl.nasa.gov/sbdb.cgi?sstr=2163364",
      "absolute_magnitude_h" : 18.8,
      "estimated_diameter" : {
        "kilometers" : {
          "estimated_diameter_min" : 0.4619074603,
          "estimated_diameter_max" : 1.0328564805
        },
        "meters" : {
          "estimated_diameter_min" : 461.9074602816,
          "estimated_diameter_max" : 1032.8564805039
        },
        "miles" : {
          "estimated_diameter_min" : 0.2870159005,
          "estimated_diameter_max" : 0.6417870641
        },
        "feet" : {
          "estimated_diameter_min" : 1515.4444719902,
          "estimated_diameter_max" : 3388.6368554964
        }
      },
      "is_potentially_hazardous_asteroid" : true,
      "close_approach_data" : [ {
        "close_approach_date" : "2001-12-22",
        "epoch_date_close_approach" : 1009008000000,
        "relative_velocity" : {
          "kilometers_per_second" : "22.2181484799",
          "kilometers_per_hour" : "79985.3345276936",
          "miles_per_hour" : "49699.7763347216"
        },
        "miss_distance" : {
          "astronomical" : "0.4333559758",
          "lunar" : "168.5754852295",
          "kilometers" : "64829132",
          "miles" : "40282956"
        },
        "orbiting_body" : "Earth"
      } ],
      "orbital_data" : {
        "orbit_id" : "97",
        "orbit_determination_date" : "2017-04-06 09:26:15",
        "orbit_uncertainty" : "0",
        "minimum_orbit_intersection" : ".0264909",
        "jupiter_tisserand_invariant" : "4.760",
        "epoch_osculation" : "2458000.5",
        "eccentricity" : ".3690662035616815",
        "semi_major_axis" : "1.365668476552759",
        "inclination" : "4.188515649583878",
        "ascending_node_longitude" : "259.9748990491643",
        "orbital_period" : "582.9299296217683",
        "perihelion_distance" : ".8616463965875669",
        "perihelion_argument" : "275.2561275910415",
        "aphelion_distance" : "1.869690556517951",
        "perihelion_time" : "2458133.473436548769",
        "mean_anomaly" : "277.8796031478131",
        "mean_motion" : ".6175699371510818",
        "equinox" : "J2000"
      }
    }, {
      "links" : {
        "self" : "https://api.nasa.gov/neo/rest/v1/neo/2363163?api_key=t0TVs3DtDT2H8Oy2Zy8m2eVrNsAVKAexjcZXUckd"
      },
      "neo_reference_id" : "2363163",
      "name" : "363163 (2001 SE286)",
      "nasa_jpl_url" : "http://ssd.jpl.nasa.gov/sbdb.cgi?sstr=2363163",
      "absolute_magnitude_h" : 17.8,
      "estimated_diameter" : {
        "kilometers" : {
          "estimated_diameter_min" : 0.7320739893,
          "estimated_diameter_max" : 1.6369672047
        },
        "meters" : {
          "estimated_diameter_min" : 732.0739893473,
          "estimated_diameter_max" : 1636.96720474
        },
        "miles" : {
          "estimated_diameter_min" : 0.4548895468,
          "estimated_diameter_max" : 1.017163949
        },
        "feet" : {
          "estimated_diameter_min" : 2401.8176272101,
          "estimated_diameter_max" : 5370.6274839991
        }
      },
      "is_potentially_hazardous_asteroid" : false,
      "close_approach_data" : [ {
        "close_approach_date" : "2001-12-22",
        "epoch_date_close_approach" : 1009008000000,
        "relative_velocity" : {
          "kilometers_per_second" : "15.7768583323",
          "kilometers_per_hour" : "56796.6899961997",
          "miles_per_hour" : "35291.254403472"
        },
        "miss_distance" : {
          "astronomical" : "0.1436686297",
          "lunar" : "55.8871002197",
          "kilometers" : "21492522",
          "miles" : "13354834"
        },
        "orbiting_body" : "Earth"
      } ],
      "orbital_data" : {
        "orbit_id" : "44",
        "orbit_determination_date" : "2017-04-06 09:22:45",
        "orbit_uncertainty" : "0",
        "minimum_orbit_intersection" : ".14011",
        "jupiter_tisserand_invariant" : "3.550",
        "epoch_osculation" : "2458000.5",
        "eccentricity" : ".4564350395580016",
        "semi_major_axis" : "2.035572510199275",
        "inclination" : "26.81424345669269",
        "ascending_node_longitude" : "268.5374567484448",
        "orbital_period" : "1060.78725381268",
        "perihelion_distance" : "1.106465890983289",
        "perihelion_argument" : "199.1939789942688",
        "aphelion_distance" : "2.964679129415262",
        "perihelion_time" : "2457583.994719913000",
        "mean_anomaly" : "141.3496441368419",
        "mean_motion" : ".3393705935908342",
        "equinox" : "J2000"
      }
    }, {
      "links" : {
        "self" : "https://api.nasa.gov/neo/rest/v1/neo/3102700?api_key=t0TVs3DtDT2H8Oy2Zy8m2eVrNsAVKAexjcZXUckd"
      },
      "neo_reference_id" : "3102700",
      "name" : "(2001 XG105)",
      "nasa_jpl_url" : "http://ssd.jpl.nasa.gov/sbdb.cgi?sstr=3102700",
      "absolute_magnitude_h" : 21.4,
      "estimated_diameter" : {
        "kilometers" : {
          "estimated_diameter_min" : 0.1394938229,
          "estimated_diameter_max" : 0.3119176705
        },
        "meters" : {
          "estimated_diameter_min" : 139.4938229344,
          "estimated_diameter_max" : 311.9176705226
        },
        "miles" : {
          "estimated_diameter_min" : 0.0866774163,
          "estimated_diameter_max" : 0.1938165949
        },
        "feet" : {
          "estimated_diameter_min" : 457.6569140361,
          "estimated_diameter_max" : 1023.3519701574
        }
      },
      "is_potentially_hazardous_asteroid" : false,
      "close_approach_data" : [ {
        "close_approach_date" : "2001-12-22",
        "epoch_date_close_approach" : 1009008000000,
        "relative_velocity" : {
          "kilometers_per_second" : "12.4598948464",
          "kilometers_per_hour" : "44855.6214472085",
          "miles_per_hour" : "27871.5387820168"
        },
        "miss_distance" : {
          "astronomical" : "0.1112336029",
          "lunar" : "43.2698707581",
          "kilometers" : "16640310",
          "miles" : "10339809"
        },
        "orbiting_body" : "Earth"
      } ],
      "orbital_data" : {
        "orbit_id" : "17",
        "orbit_determination_date" : "2017-04-06 09:15:43",
        "orbit_uncertainty" : "6",
        "minimum_orbit_intersection" : ".080203",
        "jupiter_tisserand_invariant" : "4.402",
        "epoch_osculation" : "2458000.5",
        "eccentricity" : ".3344801857184057",
        "semi_major_axis" : "1.502751680715481",
        "inclination" : "21.9631376510329",
        "ascending_node_longitude" : "83.337269580056",
        "orbital_period" : "672.8670481475552",
        "perihelion_distance" : "1.000111019461121",
        "perihelion_argument" : "42.82809721182242",
        "aphelion_distance" : "2.005392341969842",
        "perihelion_time" : "2457685.240987656266",
        "mean_anomaly" : "168.6711286519356",
        "mean_motion" : ".5350239709183298",
        "equinox" : "J2000"
      }
    }, {
      "links" : {
        "self" : "https://api.nasa.gov/neo/rest/v1/neo/3154513?api_key=t0TVs3DtDT2H8Oy2Zy8m2eVrNsAVKAexjcZXUckd"
      },
      "neo_reference_id" : "3154513",
      "name" : "(2003 KZ18)",
      "nasa_jpl_url" : "http://ssd.jpl.nasa.gov/sbdb.cgi?sstr=3154513",
      "absolute_magnitude_h" : 21.2,
      "estimated_diameter" : {
        "kilometers" : {
          "estimated_diameter_min" : 0.1529519353,
          "estimated_diameter_max" : 0.3420109247
        },
        "meters" : {
          "estimated_diameter_min" : 152.9519353442,
          "estimated_diameter_max" : 342.0109247198
        },
        "miles" : {
          "estimated_diameter_min" : 0.095039897,
          "estimated_diameter_max" : 0.2125156703
        },
        "feet" : {
          "estimated_diameter_min" : 501.8108275547,
          "estimated_diameter_max" : 1122.0831222578
        }
      },
      "is_potentially_hazardous_asteroid" : false,
      "close_approach_data" : [ {
        "close_approach_date" : "2001-12-22",
        "epoch_date_close_approach" : 1009008000000,
        "relative_velocity" : {
          "kilometers_per_second" : "18.2071157293",
          "kilometers_per_hour" : "65545.6166254066",
          "miles_per_hour" : "40727.4971748255"
        },
        "miss_distance" : {
          "astronomical" : "0.3189616834",
          "lunar" : "124.0760955811",
          "kilometers" : "47715988",
          "miles" : "29649340"
        },
        "orbiting_body" : "Earth"
      } ],
      "orbital_data" : {
        "orbit_id" : "32",
        "orbit_determination_date" : "2016-05-18 06:16:37",
        "orbit_uncertainty" : "0",
        "minimum_orbit_intersection" : ".158693",
        "jupiter_tisserand_invariant" : "6.222",
        "epoch_osculation" : "2457600.5",
        "eccentricity" : ".3304930658794457",
        "semi_major_axis" : ".9485854363354138",
        "inclination" : "23.89902642774379",
        "ascending_node_longitude" : "249.9915501477144",
        "orbital_period" : "337.4528542211346",
        "perihelion_distance" : ".6350845272323311",
        "perihelion_argument" : "154.6064272693837",
        "aphelion_distance" : "1.262086345438496",
        "perihelion_time" : "2457644.054204535895",
        "mean_anomaly" : "313.5356911734779",
        "mean_motion" : "1.066815691427194",
        "equinox" : "J2000"
      }
    }, {
      "links" : {
        "self" : "https://api.nasa.gov/neo/rest/v1/neo/3364640?api_key=t0TVs3DtDT2H8Oy2Zy8m2eVrNsAVKAexjcZXUckd"
      },
      "neo_reference_id" : "3364640",
      "name" : "(2006 YH14)",
      "nasa_jpl_url" : "http://ssd.jpl.nasa.gov/sbdb.cgi?sstr=3364640",
      "absolute_magnitude_h" : 23.2,
      "estimated_diameter" : {
        "kilometers" : {
          "estimated_diameter_min" : 0.0608912622,
          "estimated_diameter_max" : 0.1361570015
        },
        "meters" : {
          "estimated_diameter_min" : 60.8912622106,
          "estimated_diameter_max" : 136.1570015386
        },
        "miles" : {
          "estimated_diameter_min" : 0.0378360645,
          "estimated_diameter_max" : 0.0846040122
        },
        "feet" : {
          "estimated_diameter_min" : 199.7744887109,
          "estimated_diameter_max" : 446.7093369279
        }
      },
      "is_potentially_hazardous_asteroid" : false,
      "close_approach_data" : [ {
        "close_approach_date" : "2001-12-22",
        "epoch_date_close_approach" : 1009008000000,
        "relative_velocity" : {
          "kilometers_per_second" : "13.4551008547",
          "kilometers_per_hour" : "48438.3630770867",
          "miles_per_hour" : "30097.715101982"
        },
        "miss_distance" : {
          "astronomical" : "0.3616342238",
          "lunar" : "140.6757202148",
          "kilometers" : "54099712",
          "miles" : "33616000"
        },
        "orbiting_body" : "Earth"
      } ],
      "orbital_data" : {
        "orbit_id" : "11",
        "orbit_determination_date" : "2017-04-06 09:07:16",
        "orbit_uncertainty" : "6",
        "minimum_orbit_intersection" : ".0910316",
        "jupiter_tisserand_invariant" : "3.879",
        "epoch_osculation" : "2458000.5",
        "eccentricity" : ".4211284183170601",
        "semi_major_axis" : "1.853272540180447",
        "inclination" : "8.349558505329266",
        "ascending_node_longitude" : "293.2433555828434",
        "orbital_period" : "921.5255124713362",
        "perihelion_distance" : "1.072806806623815",
        "perihelion_argument" : "185.1393209021663",
        "aphelion_distance" : "2.633738273737078",
        "perihelion_time" : "2457802.448053268049",
        "mean_anomaly" : "77.37029507983377",
        "mean_motion" : ".3906565744821934",
        "equinox" : "J2000"
      }
    }, {
      "links" : {
        "self" : "https://api.nasa.gov/neo/rest/v1/neo/3398652?api_key=t0TVs3DtDT2H8Oy2Zy8m2eVrNsAVKAexjcZXUckd"
      },
      "neo_reference_id" : "3398652",
      "name" : "(2007 YQ56)",
      "nasa_jpl_url" : "http://ssd.jpl.nasa.gov/sbdb.cgi?sstr=3398652",
      "absolute_magnitude_h" : 19.9,
      "estimated_diameter" : {
        "kilometers" : {
          "estimated_diameter_min" : 0.2783267681,
          "estimated_diameter_max" : 0.6223575734
        },
        "meters" : {
          "estimated_diameter_min" : 278.3267680719,
          "estimated_diameter_max" : 622.3575733667
        },
        "miles" : {
          "estimated_diameter_min" : 0.1729441822,
          "estimated_diameter_max" : 0.3867149477
        },
        "feet" : {
          "estimated_diameter_min" : 913.1455937611,
          "estimated_diameter_max" : 2041.8556210042
        }
      },
      "is_potentially_hazardous_asteroid" : true,
      "close_approach_data" : [ {
        "close_approach_date" : "2001-12-22",
        "epoch_date_close_approach" : 1009008000000,
        "relative_velocity" : {
          "kilometers_per_second" : "22.2252969274",
          "kilometers_per_hour" : "80011.0689384935",
          "miles_per_hour" : "49715.76669681"
        },
        "miss_distance" : {
          "astronomical" : "0.3108945187",
          "lunar" : "120.9379653931",
          "kilometers" : "46509160",
          "miles" : "28899452"
        },
        "orbiting_body" : "Earth"
      } ],
      "orbital_data" : {
        "orbit_id" : "38",
        "orbit_determination_date" : "2017-04-06 09:04:50",
        "orbit_uncertainty" : "0",
        "minimum_orbit_intersection" : ".0118426",
        "jupiter_tisserand_invariant" : "5.364",
        "epoch_osculation" : "2458000.5",
        "eccentricity" : ".2879114227017446",
        "semi_major_axis" : "1.14080069834479",
        "inclination" : "26.45624870771064",
        "ascending_node_longitude" : "276.0329455216811",
        "orbital_period" : "445.0543952832541",
        "perihelion_distance" : ".8123511462651979",
        "perihelion_argument" : "273.090794382848",
        "aphelion_distance" : "1.469250250424382",
        "perihelion_time" : "2458111.312733884790",
        "mean_anomaly" : "270.3647000876495",
        "mean_motion" : ".8088898881020569",
        "equinox" : "J2000"
      }
    }, {
      "links" : {
        "self" : "https://api.nasa.gov/neo/rest/v1/neo/3591611?api_key=t0TVs3DtDT2H8Oy2Zy8m2eVrNsAVKAexjcZXUckd"
      },
      "neo_reference_id" : "3591611",
      "name" : "(2011 YG6)",
      "nasa_jpl_url" : "http://ssd.jpl.nasa.gov/sbdb.cgi?sstr=3591611",
      "absolute_magnitude_h" : 21.1,
      "estimated_diameter" : {
        "kilometers" : {
          "estimated_diameter_min" : 0.160160338,
          "estimated_diameter_max" : 0.358129403
        },
        "meters" : {
          "estimated_diameter_min" : 160.1603379786,
          "estimated_diameter_max" : 358.1294030194
        },
        "miles" : {
          "estimated_diameter_min" : 0.0995189894,
          "estimated_diameter_max" : 0.2225312253
        },
        "feet" : {
          "estimated_diameter_min" : 525.4604432536,
          "estimated_diameter_max" : 1174.9652706022
        }
      },
      "is_potentially_hazardous_asteroid" : true,
      "close_approach_data" : [ {
        "close_approach_date" : "2001-12-22",
        "epoch_date_close_approach" : 1009008000000,
        "relative_velocity" : {
          "kilometers_per_second" : "14.2519115825",
          "kilometers_per_hour" : "51306.881696834",
          "miles_per_hour" : "31880.1010187911"
        },
        "miss_distance" : {
          "astronomical" : "0.3754473905",
          "lunar" : "146.049041748",
          "kilometers" : "56166132",
          "miles" : "34900016"
        },
        "orbiting_body" : "Earth"
      } ],
      "orbital_data" : {
        "orbit_id" : "29",
        "orbit_determination_date" : "2017-04-06 08:51:44",
        "orbit_uncertainty" : "0",
        "minimum_orbit_intersection" : ".0251613",
        "jupiter_tisserand_invariant" : "5.265",
        "epoch_osculation" : "2458000.5",
        "eccentricity" : ".298940661947774",
        "semi_major_axis" : "1.164543014531287",
        "inclination" : "28.05590626610807",
        "ascending_node_longitude" : "92.84124882123473",
        "orbital_period" : "459.0201270252338",
        "perihelion_distance" : ".8164137549006482",
        "perihelion_argument" : "267.3293825244826",
        "aphelion_distance" : "1.512672274161927",
        "perihelion_time" : "2458137.970440438150",
        "mean_anomaly" : "252.1847743835131",
        "mean_motion" : ".7842793350545382",
        "equinox" : "J2000"
      }
    }, {
      "links" : {
        "self" : "https://api.nasa.gov/neo/rest/v1/neo/3701710?api_key=t0TVs3DtDT2H8Oy2Zy8m2eVrNsAVKAexjcZXUckd"
      },
      "neo_reference_id" : "3701710",
      "name" : "(2014 WF497)",
      "nasa_jpl_url" : "http://ssd.jpl.nasa.gov/sbdb.cgi?sstr=3701710",
      "absolute_magnitude_h" : 20.1,
      "estimated_diameter" : {
        "kilometers" : {
          "estimated_diameter_min" : 0.2538370294,
          "estimated_diameter_max" : 0.5675968529
        },
        "meters" : {
          "estimated_diameter_min" : 253.8370293645,
          "estimated_diameter_max" : 567.5968528656
        },
        "miles" : {
          "estimated_diameter_min" : 0.1577269688,
          "estimated_diameter_max" : 0.3526882241
        },
        "feet" : {
          "estimated_diameter_min" : 832.7986794202,
          "estimated_diameter_max" : 1862.1944587557
        }
      },
      "is_potentially_hazardous_asteroid" : false,
      "close_approach_data" : [ {
        "close_approach_date" : "2001-12-22",
        "epoch_date_close_approach" : 1009008000000,
        "relative_velocity" : {
          "kilometers_per_second" : "20.2369992029",
          "kilometers_per_hour" : "72853.1971304731",
          "miles_per_hour" : "45268.1435169876"
        },
        "miss_distance" : {
          "astronomical" : "0.3778092289",
          "lunar" : "146.9677886963",
          "kilometers" : "56519456",
          "miles" : "35119560"
        },
        "orbiting_body" : "Earth"
      } ],
      "orbital_data" : {
        "orbit_id" : "13",
        "orbit_determination_date" : "2017-04-06 08:36:58",
        "orbit_uncertainty" : "1",
        "minimum_orbit_intersection" : ".0777111",
        "jupiter_tisserand_invariant" : "5.481",
        "epoch_osculation" : "2458000.5",
        "eccentricity" : ".2217424647990114",
        "semi_major_axis" : "1.109813737903412",
        "inclination" : "28.39933563774212",
        "ascending_node_longitude" : "102.3092149494593",
        "orbital_period" : "427.0449313642279",
        "perihelion_distance" : ".8637209041929056",
        "perihelion_argument" : "234.3787414369752",
        "aphelion_distance" : "1.355906571613919",
        "perihelion_time" : "2458162.836539307005",
        "mean_anomaly" : "223.149870521055",
        "mean_motion" : ".8430026293719312",
        "equinox" : "J2000"
      }
    }, {
      "links" : {
        "self" : "https://api.nasa.gov/neo/rest/v1/neo/2467352?api_key=t0TVs3DtDT2H8Oy2Zy8m2eVrNsAVKAexjcZXUckd"
      },
      "neo_reference_id" : "2467352",
      "name" : "467352 (2003 KZ18)",
      "nasa_jpl_url" : "http://ssd.jpl.nasa.gov/sbdb.cgi?sstr=2467352",
      "absolute_magnitude_h" : 21.3,
      "estimated_diameter" : {
        "kilometers" : {
          "estimated_diameter_min" : 0.1460679643,
          "estimated_diameter_max" : 0.3266178974
        },
        "meters" : {
          "estimated_diameter_min" : 146.0679642714,
          "estimated_diameter_max" : 326.6178974458
        },
        "miles" : {
          "estimated_diameter_min" : 0.090762397,
          "estimated_diameter_max" : 0.2029508896
        },
        "feet" : {
          "estimated_diameter_min" : 479.2256199,
          "estimated_diameter_max" : 1071.581062656
        }
      },
      "is_potentially_hazardous_asteroid" : false,
      "close_approach_data" : [ {
        "close_approach_date" : "2001-12-22",
        "epoch_date_close_approach" : 1009008000000,
        "relative_velocity" : {
          "kilometers_per_second" : "18.2070945222",
          "kilometers_per_hour" : "65545.5402798343",
          "miles_per_hour" : "40727.4497366559"
        },
        "miss_distance" : {
          "astronomical" : "0.3189615519",
          "lunar" : "124.0760498047",
          "kilometers" : "47715972",
          "miles" : "29649330"
        },
        "orbiting_body" : "Earth"
      } ],
      "orbital_data" : {
        "orbit_id" : "38",
        "orbit_determination_date" : "2017-04-06 09:19:26",
        "orbit_uncertainty" : "0",
        "minimum_orbit_intersection" : ".159331",
        "jupiter_tisserand_invariant" : "6.222",
        "epoch_osculation" : "2458000.5",
        "eccentricity" : ".3306227599692891",
        "semi_major_axis" : ".9487013434463354",
        "inclination" : "23.89932941585244",
        "ascending_node_longitude" : "249.9855551551862",
        "orbital_period" : "337.5147058667853",
        "perihelion_distance" : ".6350390868895355",
        "perihelion_argument" : "154.606472342588",
        "aphelion_distance" : "1.262363600003135",
        "perihelion_time" : "2457981.510822181740",
        "mean_anomaly" : "20.25424046936739",
        "mean_motion" : "1.066620190890555",
        "equinox" : "J2000"
      }
    } ]
  }
}