{
  "links" : {
    "next" : "https://api.nasa.gov/neo/rest/v1/feed?start_date=2006-03-23&end_date=2006-03-23&detailed=true&api_key=t0TVs3DtDT2H8Oy2Zy8m2eVrNsAVKAexjcZXUckd",
    "prev" : "https://api.nasa.gov/neo/rest/v1/feed?start_date=2006-03-21&end_date=2006-03-21&detailed=true&api_key=t0TVs3DtDT2H8Oy2Zy8m2eVrNsAVKAexjcZXUckd",
    "self" : "https://api.nasa.gov/neo/rest/v1/feed?start_date=2006-03-22&end_date=2006-03-22&detailed=true&api_key=t0TVs3DtDT2H8Oy2Zy8m2eVrNsAVKAexjcZXUckd"
  },
  "element_count" : 7,
  "near_earth_objects" : {
    "2006-03-22" : [ {
      "links" : {
        "self" : "https://api.nasa.gov/neo/rest/v1/neo/3325676?api_key=t0TVs3DtDT2H8Oy2Zy8m2eVrNsAVKAexjcZXUckd"
      },
      "neo_reference_id" : "3325676",
      "name" : "(2006 EF1)",
      "nasa_jpl_url" : "http://ssd.jpl.nasa.gov/sbdb.cgi?sstr=3325676",
      "absolute_magnitude_h" : 22.8,
      "estimated_diameter" : {
        "kilometers" : {
          "estimated_diameter_min" : 0.0732073989,
          "estimated_diameter_max" : 0.1636967205
        },
        "meters" : {
          "estimated_diameter_min" : 73.2073989347,
          "estimated_diameter_max" : 163.696720474
        },
        "miles" : {
          "estimated_diameter_min" : 0.0454889547,
          "estimated_diameter_max" : 0.1017163949
        },
        "feet" : {
          "estimated_diameter_min" : 240.181762721,
          "estimated_diameter_max" : 537.0627483999
        }
      },
      "is_potentially_hazardous_asteroid" : false,
      "close_approach_data" : [ {
        "close_approach_date" : "2006-03-22",
        "epoch_date_close_approach" : 1143014400000,
        "relative_velocity" : {
          "kilometers_per_second" : "9.2276725966",
          "kilometers_per_hour" : "33219.6213478653",
          "miles_per_hour" : "20641.3808314"
        },
        "miss_distance" : {
          "astronomical" : "0.1953253103",
          "lunar" : "75.9815444946",
          "kilometers" : "29220252",
          "miles" : "18156622"
        },
        "orbiting_body" : "Earth"
      } ],
      "orbital_data" : {
        "orbit_id" : "10",
        "orbit_determination_date" : "2017-04-06 09:13:45",
        "orbit_uncertainty" : "9",
        "minimum_orbit_intersection" : ".0284074",
        "jupiter_tisserand_invariant" : "5.010",
        "epoch_osculation" : "2453801.5",
        "eccentricity" : ".3445676066441473",
        "semi_major_axis" : "1.26590703615702",
        "inclination" : "13.7320985206949",
        "ascending_node_longitude" : "328.3012863992401",
        "orbital_period" : "520.2368932842751",
        "perihelion_distance" : ".8297164784744098",
        "perihelion_argument" : "296.4222967191378",
        "aphelion_distance" : "1.702097593839631",
        "perihelion_time" : "2453889.420856610664",
        "mean_anomaly" : "299.1594314274371",
        "mean_motion" : ".6919924454555817",
        "equinox" : "J2000"
      }
    }, {
      "links" : {
        "self" : "https://api.nasa.gov/neo/rest/v1/neo/2299582?api_key=t0TVs3DtDT2H8Oy2Zy8m2eVrNsAVKAexjcZXUckd"
      },
      "neo_reference_id" : "2299582",
      "name" : "299582 (2006 GQ2)",
      "nasa_jpl_url" : "http://ssd.jpl.nasa.gov/sbdb.cgi?sstr=2299582",
      "absolute_magnitude_h" : 18.0,
      "estimated_diameter" : {
        "kilometers" : {
          "estimated_diameter_min" : 0.6676594135,
          "estimated_diameter_max" : 1.4929318344
        },
        "meters" : {
          "estimated_diameter_min" : 667.6594134952,
          "estimated_diameter_max" : 1492.931834393
        },
        "miles" : {
          "estimated_diameter_min" : 0.4148641974,
          "estimated_diameter_max" : 0.9276645469
        },
        "feet" : {
          "estimated_diameter_min" : 2190.4837101717,
          "estimated_diameter_max" : 4898.07047955
        }
      },
      "is_potentially_hazardous_asteroid" : false,
      "close_approach_data" : [ {
        "close_approach_date" : "2006-03-22",
        "epoch_date_close_approach" : 1143014400000,
        "relative_velocity" : {
          "kilometers_per_second" : "20.0097857515",
          "kilometers_per_hour" : "72035.2287055742",
          "miles_per_hour" : "44759.8897476386"
        },
        "miss_distance" : {
          "astronomical" : "0.1804538416",
          "lunar" : "70.1965408325",
          "kilometers" : "26995510",
          "miles" : "16774232"
        },
        "orbiting_body" : "Earth"
      } ],
      "orbital_data" : {
        "orbit_id" : "51",
        "orbit_determination_date" : "2017-09-03 06:20:36",
        "orbit_uncertainty" : "0",
        "minimum_orbit_intersection" : ".125466",
        "jupiter_tisserand_invariant" : "4.825",
        "epoch_osculation" : "2458000.5",
        "eccentricity" : ".4657800545694917",
        "semi_major_axis" : "1.29053397612119",
        "inclination" : "25.84253227599533",
        "ascending_node_longitude" : "13.93183410104399",
        "orbital_period" : "535.4915117006888",
        "perihelion_distance" : ".6894289902996792",
        "perihelion_argument" : "64.48220906338129",
        "aphelion_distance" : "1.891638961942701",
        "perihelion_time" : "2458035.945967411320",
        "mean_anomaly" : "336.1704004839435",
        "mean_motion" : ".6722795639778896",
        "equinox" : "J2000"
      }
    }, {
      "links" : {
        "self" : "https://api.nasa.gov/neo/rest/v1/neo/2322756?api_key=t0TVs3DtDT2H8Oy2Zy8m2eVrNsAVKAexjcZXUckd"
      },
      "neo_reference_id" : "2322756",
      "name" : "322756 (2001 CK32)",
      "nasa_jpl_url" : "http://ssd.jpl.nasa.gov/sbdb.cgi?sstr=2322756",
      "absolute_magnitude_h" : 19.0,
      "estimated_diameter" : {
        "kilometers" : {
          "estimated_diameter_min" : 0.4212646106,
          "estimated_diameter_max" : 0.9419763057
        },
        "meters" : {
          "estimated_diameter_min" : 421.2646105562,
          "estimated_diameter_max" : 941.9763057186
        },
        "miles" : {
          "estimated_diameter_min" : 0.2617616123,
          "estimated_diameter_max" : 0.5853167591
        },
        "feet" : {
          "estimated_diameter_min" : 1382.1017848971,
          "estimated_diameter_max" : 3090.4735428537
        }
      },
      "is_potentially_hazardous_asteroid" : false,
      "close_approach_data" : [ {
        "close_approach_date" : "2006-03-22",
        "epoch_date_close_approach" : 1143014400000,
        "relative_velocity" : {
          "kilometers_per_second" : "15.34613868",
          "kilometers_per_hour" : "55246.0992480997",
          "miles_per_hour" : "34327.777613354"
        },
        "miss_distance" : {
          "astronomical" : "0.2709133698",
          "lunar" : "105.3852996826",
          "kilometers" : "40528064",
          "miles" : "25182970"
        },
        "orbiting_body" : "Earth"
      } ],
      "orbital_data" : {
        "orbit_id" : "39",
        "orbit_determination_date" : "2017-04-23 06:19:36",
        "orbit_uncertainty" : "0",
        "minimum_orbit_intersection" : ".0761733",
        "jupiter_tisserand_invariant" : "7.858",
        "epoch_osculation" : "2458000.5",
        "eccentricity" : ".3825529705450617",
        "semi_major_axis" : ".7252225269692176",
        "inclination" : "8.130289343745979",
        "ascending_node_longitude" : "109.4300345097225",
        "orbital_period" : "225.5824740897019",
        "perihelion_distance" : ".4477864949709474",
        "perihelion_argument" : "234.113856643077",
        "aphelion_distance" : "1.002658558967488",
        "perihelion_time" : "2457953.297112845186",
        "mean_anomaly" : "75.32960813691552",
        "mean_motion" : "1.595868657140658",
        "equinox" : "J2000"
      }
    }, {
      "links" : {
        "self" : "https://api.nasa.gov/neo/rest/v1/neo/3072291?api_key=t0TVs3DtDT2H8Oy2Zy8m2eVrNsAVKAexjcZXUckd"
      },
      "neo_reference_id" : "3072291",
      "name" : "(2001 FO127)",
      "nasa_jpl_url" : "http://ssd.jpl.nasa.gov/sbdb.cgi?sstr=3072291",
      "absolute_magnitude_h" : 27.5,
      "estimated_diameter" : {
        "kilometers" : {
          "estimated_diameter_min" : 0.008405334,
          "estimated_diameter_max" : 0.0187948982
        },
        "meters" : {
          "estimated_diameter_min" : 8.4053340207,
          "estimated_diameter_max" : 18.7948982439
        },
        "miles" : {
          "estimated_diameter_min" : 0.0052228308,
          "estimated_diameter_max" : 0.0116786047
        },
        "feet" : {
          "estimated_diameter_min" : 27.5765560686,
          "estimated_diameter_max" : 61.6630539546
        }
      },
      "is_potentially_hazardous_asteroid" : false,
      "close_approach_data" : [ {
        "close_approach_date" : "2006-03-22",
        "epoch_date_close_approach" : 1143014400000,
        "relative_velocity" : {
          "kilometers_per_second" : "4.9829782148",
          "kilometers_per_hour" : "17938.7215733623",
          "miles_per_hour" : "11146.4239687372"
        },
        "miss_distance" : {
          "astronomical" : "0.0265523634",
          "lunar" : "10.3288698196",
          "kilometers" : "3972177.25",
          "miles" : "2468196.5"
        },
        "orbiting_body" : "Earth"
      } ],
      "orbital_data" : {
        "orbit_id" : "15",
        "orbit_determination_date" : "2017-04-06 09:16:26",
        "orbit_uncertainty" : "6",
        "minimum_orbit_intersection" : ".017912",
        "jupiter_tisserand_invariant" : "6.665",
        "epoch_osculation" : "2458000.5",
        "eccentricity" : ".158516791292177",
        "semi_major_axis" : ".88855079195061",
        "inclination" : "7.298970345630948",
        "ascending_node_longitude" : "189.1403375547427",
        "orbital_period" : "305.9298222018328",
        "perihelion_distance" : ".7477005715104766",
        "perihelion_argument" : "200.9260752535374",
        "aphelion_distance" : "1.029401012390744",
        "perihelion_time" : "2457981.127835258892",
        "mean_anomaly" : "22.79601006729512",
        "mean_motion" : "1.176740460962629",
        "equinox" : "J2000"
      }
    }, {
      "links" : {
        "self" : "https://api.nasa.gov/neo/rest/v1/neo/3292769?api_key=t0TVs3DtDT2H8Oy2Zy8m2eVrNsAVKAexjcZXUckd"
      },
      "neo_reference_id" : "3292769",
      "name" : "(2005 TS15)",
      "nasa_jpl_url" : "http://ssd.jpl.nasa.gov/sbdb.cgi?sstr=3292769",
      "absolute_magnitude_h" : 21.1,
      "estimated_diameter" : {
        "kilometers" : {
          "estimated_diameter_min" : 0.160160338,
          "estimated_diameter_max" : 0.358129403
        },
        "meters" : {
          "estimated_diameter_min" : 160.1603379786,
          "estimated_diameter_max" : 358.1294030194
        },
        "miles" : {
          "estimated_diameter_min" : 0.0995189894,
          "estimated_diameter_max" : 0.2225312253
        },
        "feet" : {
          "estimated_diameter_min" : 525.4604432536,
          "estimated_diameter_max" : 1174.9652706022
        }
      },
      "is_potentially_hazardous_asteroid" : true,
      "close_approach_data" : [ {
        "close_approach_date" : "2006-03-22",
        "epoch_date_close_approach" : 1143014400000,
        "relative_velocity" : {
          "kilometers_per_second" : "17.7025261521",
          "kilometers_per_hour" : "63729.0941476475",
          "miles_per_hour" : "39598.7807496868"
        },
        "miss_distance" : {
          "astronomical" : "0.3885155952",
          "lunar" : "151.1325683594",
          "kilometers" : "58121104",
          "miles" : "36114780"
        },
        "orbiting_body" : "Earth"
      } ],
      "orbital_data" : {
        "orbit_id" : "21",
        "orbit_determination_date" : "2017-04-06 09:10:19",
        "orbit_uncertainty" : "1",
        "minimum_orbit_intersection" : ".0051042",
        "jupiter_tisserand_invariant" : "4.892",
        "epoch_osculation" : "2458000.5",
        "eccentricity" : ".3529594731946024",
        "semi_major_axis" : "1.260418234268797",
        "inclination" : "33.99808309599398",
        "ascending_node_longitude" : "16.23037268167162",
        "orbital_period" : "516.8570482252533",
        "perihelion_distance" : ".8155416782964117",
        "perihelion_argument" : "106.0817105100445",
        "aphelion_distance" : "1.705294790241183",
        "perihelion_time" : "2457886.146344243735",
        "mean_anomaly" : "79.64932705012491",
        "mean_motion" : ".6965175404614143",
        "equinox" : "J2000"
      }
    }, {
      "links" : {
        "self" : "https://api.nasa.gov/neo/rest/v1/neo/3725759?api_key=t0TVs3DtDT2H8Oy2Zy8m2eVrNsAVKAexjcZXUckd"
      },
      "neo_reference_id" : "3725759",
      "name" : "(2015 PM57)",
      "nasa_jpl_url" : "http://ssd.jpl.nasa.gov/sbdb.cgi?sstr=3725759",
      "absolute_magnitude_h" : 18.6,
      "estimated_diameter" : {
        "kilometers" : {
          "estimated_diameter_min" : 0.5064714588,
          "estimated_diameter_max" : 1.1325046106
        },
        "meters" : {
          "estimated_diameter_min" : 506.4714588346,
          "estimated_diameter_max" : 1132.5046106177
        },
        "miles" : {
          "estimated_diameter_min" : 0.3147066768,
          "estimated_diameter_max" : 0.7037055224
        },
        "feet" : {
          "estimated_diameter_min" : 1661.651821003,
          "estimated_diameter_max" : 3715.566426699
        }
      },
      "is_potentially_hazardous_asteroid" : false,
      "close_approach_data" : [ {
        "close_approach_date" : "2006-03-22",
        "epoch_date_close_approach" : 1143014400000,
        "relative_velocity" : {
          "kilometers_per_second" : "24.2335084207",
          "kilometers_per_hour" : "87240.6303145884",
          "miles_per_hour" : "54207.9349863063"
        },
        "miss_distance" : {
          "astronomical" : "0.281378631",
          "lunar" : "109.4562835693",
          "kilometers" : "42093644",
          "miles" : "26155778"
        },
        "orbiting_body" : "Earth"
      } ],
      "orbital_data" : {
        "orbit_id" : "29",
        "orbit_determination_date" : "2017-04-06 08:32:30",
        "orbit_uncertainty" : "3",
        "minimum_orbit_intersection" : ".26948",
        "jupiter_tisserand_invariant" : "3.203",
        "epoch_osculation" : "2458000.5",
        "eccentricity" : ".7365619440862365",
        "semi_major_axis" : "2.201194759463794",
        "inclination" : "17.39557828939225",
        "ascending_node_longitude" : "112.9261735013228",
        "orbital_period" : "1192.850816445147",
        "perihelion_distance" : ".579878468120706",
        "perihelion_argument" : "341.8009552185193",
        "aphelion_distance" : "3.822511050806881",
        "perihelion_time" : "2458554.648383473669",
        "mean_anomaly" : "192.7591218447269",
        "mean_motion" : ".3017980077951806",
        "equinox" : "J2000"
      }
    }, {
      "links" : {
        "self" : "https://api.nasa.gov/neo/rest/v1/neo/3763944?api_key=t0TVs3DtDT2H8Oy2Zy8m2eVrNsAVKAexjcZXUckd"
      },
      "neo_reference_id" : "3763944",
      "name" : "(2016 WY)",
      "nasa_jpl_url" : "http://ssd.jpl.nasa.gov/sbdb.cgi?sstr=3763944",
      "absolute_magnitude_h" : 29.4,
      "estimated_diameter" : {
        "kilometers" : {
          "estimated_diameter_min" : 0.0035039264,
          "estimated_diameter_max" : 0.0078350176
        },
        "meters" : {
          "estimated_diameter_min" : 3.5039264111,
          "estimated_diameter_max" : 7.8350176433
        },
        "miles" : {
          "estimated_diameter_min" : 0.0021772383,
          "estimated_diameter_max" : 0.0048684527
        },
        "feet" : {
          "estimated_diameter_min" : 11.4958219265,
          "estimated_diameter_max" : 25.705439285
        }
      },
      "is_potentially_hazardous_asteroid" : false,
      "close_approach_data" : [ {
        "close_approach_date" : "2006-03-22",
        "epoch_date_close_approach" : 1143014400000,
        "relative_velocity" : {
          "kilometers_per_second" : "5.7774949641",
          "kilometers_per_hour" : "20798.9818706542",
          "miles_per_hour" : "12923.6784851295"
        },
        "miss_distance" : {
          "astronomical" : "0.2412806994",
          "lunar" : "93.8581924438",
          "kilometers" : "36095080",
          "miles" : "22428442"
        },
        "orbiting_body" : "Earth"
      } ],
      "orbital_data" : {
        "orbit_id" : "11",
        "orbit_determination_date" : "2017-04-06 08:22:06",
        "orbit_uncertainty" : "6",
        "minimum_orbit_intersection" : ".0040083",
        "jupiter_tisserand_invariant" : "6.940",
        "epoch_osculation" : "2458000.5",
        "eccentricity" : ".1732532216266498",
        "semi_major_axis" : ".8465819333192335",
        "inclination" : "1.900167220415758",
        "ascending_node_longitude" : "236.3703819156611",
        "orbital_period" : "284.5128728835478",
        "perihelion_distance" : ".6999088860007586",
        "perihelion_argument" : "2.225319050558626",
        "aphelion_distance" : ".9932549806377083",
        "perihelion_time" : "2458140.371138911477",
        "mean_anomaly" : "183.0181661103898",
        "mean_motion" : "1.265320603427843",
        "equinox" : "J2000"
      }
    } ]
  }
}