{
  "links" : {
    "next" : "https://api.nasa.gov/neo/rest/v1/feed?start_date=2008-07-23&end_date=2008-07-23&detailed=true&api_key=t0TVs3DtDT2H8Oy2Zy8m2eVrNsAVKAexjcZXUckd",
    "prev" : "https://api.nasa.gov/neo/rest/v1/feed?start_date=2008-07-21&end_date=2008-07-21&detailed=true&api_key=t0TVs3DtDT2H8Oy2Zy8m2eVrNsAVKAexjcZXUckd",
    "self" : "https://api.nasa.gov/neo/rest/v1/feed?start_date=2008-07-22&end_date=2008-07-22&detailed=true&api_key=t0TVs3DtDT2H8Oy2Zy8m2eVrNsAVKAexjcZXUckd"
  },
  "element_count" : 6,
  "near_earth_objects" : {
    "2008-07-22" : [ {
      "links" : {
        "self" : "https://api.nasa.gov/neo/rest/v1/neo/3423200?api_key=t0TVs3DtDT2H8Oy2Zy8m2eVrNsAVKAexjcZXUckd"
      },
      "neo_reference_id" : "3423200",
      "name" : "(2008 PK3)",
      "nasa_jpl_url" : "http://ssd.jpl.nasa.gov/sbdb.cgi?sstr=3423200",
      "absolute_magnitude_h" : 22.0,
      "estimated_diameter" : {
        "kilometers" : {
          "estimated_diameter_min" : 0.1058168859,
          "estimated_diameter_max" : 0.2366137501
        },
        "meters" : {
          "estimated_diameter_min" : 105.8168859331,
          "estimated_diameter_max" : 236.6137501138
        },
        "miles" : {
          "estimated_diameter_min" : 0.0657515442,
          "estimated_diameter_max" : 0.1470249225
        },
        "feet" : {
          "estimated_diameter_min" : 347.1682720448,
          "estimated_diameter_max" : 776.2918559233
        }
      },
      "is_potentially_hazardous_asteroid" : false,
      "close_approach_data" : [ {
        "close_approach_date" : "2008-07-22",
        "epoch_date_close_approach" : 1216710000000,
        "relative_velocity" : {
          "kilometers_per_second" : "17.1210318275",
          "kilometers_per_hour" : "61635.7145788333",
          "miles_per_hour" : "38298.0360948312"
        },
        "miss_distance" : {
          "astronomical" : "0.04379746",
          "lunar" : "17.0372123718",
          "kilometers" : "6552006.5",
          "miles" : "4071228.25"
        },
        "orbiting_body" : "Earth"
      } ],
      "orbital_data" : {
        "orbit_id" : "8",
        "orbit_determination_date" : "2017-04-06 09:03:07",
        "orbit_uncertainty" : "8",
        "minimum_orbit_intersection" : ".000320917",
        "jupiter_tisserand_invariant" : "3.674",
        "epoch_osculation" : "2454685.5",
        "eccentricity" : ".5983448162196453",
        "semi_major_axis" : "1.891514992135772",
        "inclination" : "17.08345383085665",
        "ascending_node_longitude" : "122.8350625027551",
        "orbital_period" : "950.1958048399462",
        "perihelion_distance" : ".7597368017895896",
        "perihelion_argument" : "108.989730624255",
        "aphelion_distance" : "3.023293182481954",
        "perihelion_time" : "2454623.942818249447",
        "mean_anomaly" : "23.32212510023855",
        "mean_motion" : ".3788692795382732",
        "equinox" : "J2000"
      }
    }, {
      "links" : {
        "self" : "https://api.nasa.gov/neo/rest/v1/neo/3170231?api_key=t0TVs3DtDT2H8Oy2Zy8m2eVrNsAVKAexjcZXUckd"
      },
      "neo_reference_id" : "3170231",
      "name" : "(2003 YL118)",
      "nasa_jpl_url" : "http://ssd.jpl.nasa.gov/sbdb.cgi?sstr=3170231",
      "absolute_magnitude_h" : 21.6,
      "estimated_diameter" : {
        "kilometers" : {
          "estimated_diameter_min" : 0.1272198785,
          "estimated_diameter_max" : 0.2844722965
        },
        "meters" : {
          "estimated_diameter_min" : 127.2198785394,
          "estimated_diameter_max" : 284.4722965033
        },
        "miles" : {
          "estimated_diameter_min" : 0.0790507431,
          "estimated_diameter_max" : 0.1767628354
        },
        "feet" : {
          "estimated_diameter_min" : 417.3880663071,
          "estimated_diameter_max" : 933.3080892598
        }
      },
      "is_potentially_hazardous_asteroid" : true,
      "close_approach_data" : [ {
        "close_approach_date" : "2008-07-22",
        "epoch_date_close_approach" : 1216710000000,
        "relative_velocity" : {
          "kilometers_per_second" : "14.6614532789",
          "kilometers_per_hour" : "52781.2318039039",
          "miles_per_hour" : "32796.2048394869"
        },
        "miss_distance" : {
          "astronomical" : "0.3764765482",
          "lunar" : "146.4493865967",
          "kilometers" : "56320092",
          "miles" : "34995684"
        },
        "orbiting_body" : "Earth"
      } ],
      "orbital_data" : {
        "orbit_id" : "26",
        "orbit_determination_date" : "2017-04-06 09:13:21",
        "orbit_uncertainty" : "0",
        "minimum_orbit_intersection" : ".0212139",
        "jupiter_tisserand_invariant" : "5.412",
        "epoch_osculation" : "2455713.5",
        "eccentricity" : ".4862072148864076",
        "semi_major_axis" : "1.130047953480842",
        "inclination" : "7.612151869425832",
        "ascending_node_longitude" : "278.8182347787312",
        "orbital_period" : "438.7768808682202",
        "perihelion_distance" : ".5806104853308371",
        "perihelion_argument" : "65.60857109513117",
        "aphelion_distance" : "1.679485421630847",
        "perihelion_time" : "2455570.117177803591",
        "mean_anomaly" : "117.640236396616",
        "mean_motion" : ".8204625532859842",
        "equinox" : "J2000"
      }
    }, {
      "links" : {
        "self" : "https://api.nasa.gov/neo/rest/v1/neo/3370284?api_key=t0TVs3DtDT2H8Oy2Zy8m2eVrNsAVKAexjcZXUckd"
      },
      "neo_reference_id" : "3370284",
      "name" : "(2007 ES)",
      "nasa_jpl_url" : "http://ssd.jpl.nasa.gov/sbdb.cgi?sstr=3370284",
      "absolute_magnitude_h" : 18.8,
      "estimated_diameter" : {
        "kilometers" : {
          "estimated_diameter_min" : 0.4619074603,
          "estimated_diameter_max" : 1.0328564805
        },
        "meters" : {
          "estimated_diameter_min" : 461.9074602816,
          "estimated_diameter_max" : 1032.8564805039
        },
        "miles" : {
          "estimated_diameter_min" : 0.2870159005,
          "estimated_diameter_max" : 0.6417870641
        },
        "feet" : {
          "estimated_diameter_min" : 1515.4444719902,
          "estimated_diameter_max" : 3388.6368554964
        }
      },
      "is_potentially_hazardous_asteroid" : false,
      "close_approach_data" : [ {
        "close_approach_date" : "2008-07-22",
        "epoch_date_close_approach" : 1216710000000,
        "relative_velocity" : {
          "kilometers_per_second" : "28.0971772626",
          "kilometers_per_hour" : "101149.8381454198",
          "miles_per_hour" : "62850.5758187471"
        },
        "miss_distance" : {
          "astronomical" : "0.407960596",
          "lunar" : "158.6966705322",
          "kilometers" : "61030036",
          "miles" : "37922308"
        },
        "orbiting_body" : "Earth"
      } ],
      "orbital_data" : {
        "orbit_id" : "20",
        "orbit_determination_date" : "2017-04-06 09:06:50",
        "orbit_uncertainty" : "1",
        "minimum_orbit_intersection" : ".35414",
        "jupiter_tisserand_invariant" : "4.036",
        "epoch_osculation" : "2458000.5",
        "eccentricity" : ".5950583803938772",
        "semi_major_axis" : "1.56966186250079",
        "inclination" : "35.20072454484011",
        "ascending_node_longitude" : "334.5304616137541",
        "orbital_period" : "718.3028451205977",
        "perihelion_distance" : ".6356214168350331",
        "perihelion_argument" : "19.30872544001352",
        "aphelion_distance" : "2.503702308166547",
        "perihelion_time" : "2458282.785446427649",
        "mean_anomaly" : "218.5237947973159",
        "mean_motion" : ".5011813644418445",
        "equinox" : "J2000"
      }
    }, {
      "links" : {
        "self" : "https://api.nasa.gov/neo/rest/v1/neo/3398088?api_key=t0TVs3DtDT2H8Oy2Zy8m2eVrNsAVKAexjcZXUckd"
      },
      "neo_reference_id" : "3398088",
      "name" : "(2007 YF)",
      "nasa_jpl_url" : "http://ssd.jpl.nasa.gov/sbdb.cgi?sstr=3398088",
      "absolute_magnitude_h" : 24.8,
      "estimated_diameter" : {
        "kilometers" : {
          "estimated_diameter_min" : 0.0291443905,
          "estimated_diameter_max" : 0.0651688382
        },
        "meters" : {
          "estimated_diameter_min" : 29.1443904535,
          "estimated_diameter_max" : 65.1688382168
        },
        "miles" : {
          "estimated_diameter_min" : 0.018109479,
          "estimated_diameter_max" : 0.0404940262
        },
        "feet" : {
          "estimated_diameter_min" : 95.6180819754,
          "estimated_diameter_max" : 213.8085311752
        }
      },
      "is_potentially_hazardous_asteroid" : false,
      "close_approach_data" : [ {
        "close_approach_date" : "2008-07-22",
        "epoch_date_close_approach" : 1216710000000,
        "relative_velocity" : {
          "kilometers_per_second" : "5.0863936568",
          "kilometers_per_hour" : "18311.0171644288",
          "miles_per_hour" : "11377.7539708641"
        },
        "miss_distance" : {
          "astronomical" : "0.1748782903",
          "lunar" : "68.0276489258",
          "kilometers" : "26161420",
          "miles" : "16255952"
        },
        "orbiting_body" : "Earth"
      } ],
      "orbital_data" : {
        "orbit_id" : "9",
        "orbit_determination_date" : "2017-04-06 09:04:54",
        "orbit_uncertainty" : "6",
        "minimum_orbit_intersection" : ".0147691",
        "jupiter_tisserand_invariant" : "6.309",
        "epoch_osculation" : "2458000.5",
        "eccentricity" : ".120079697142792",
        "semi_major_axis" : ".9530153275651997",
        "inclination" : "1.65292830286542",
        "ascending_node_longitude" : "277.3130502566006",
        "orbital_period" : "339.8194676489028",
        "perihelion_distance" : ".8385775356587318",
        "perihelion_argument" : "34.95666452569318",
        "aphelion_distance" : "1.067453119471668",
        "perihelion_time" : "2458077.991854019082",
        "mean_anomaly" : "277.9062116720971",
        "mean_motion" : "1.059386039566007",
        "equinox" : "J2000"
      }
    }, {
      "links" : {
        "self" : "https://api.nasa.gov/neo/rest/v1/neo/3429819?api_key=t0TVs3DtDT2H8Oy2Zy8m2eVrNsAVKAexjcZXUckd"
      },
      "neo_reference_id" : "3429819",
      "name" : "(2008 TD2)",
      "nasa_jpl_url" : "http://ssd.jpl.nasa.gov/sbdb.cgi?sstr=3429819",
      "absolute_magnitude_h" : 21.8,
      "estimated_diameter" : {
        "kilometers" : {
          "estimated_diameter_min" : 0.1160259082,
          "estimated_diameter_max" : 0.2594418179
        },
        "meters" : {
          "estimated_diameter_min" : 116.0259082094,
          "estimated_diameter_max" : 259.4418179074
        },
        "miles" : {
          "estimated_diameter_min" : 0.0720951346,
          "estimated_diameter_max" : 0.1612096218
        },
        "feet" : {
          "estimated_diameter_min" : 380.6624406898,
          "estimated_diameter_max" : 851.1870938635
        }
      },
      "is_potentially_hazardous_asteroid" : true,
      "close_approach_data" : [ {
        "close_approach_date" : "2008-07-22",
        "epoch_date_close_approach" : 1216710000000,
        "relative_velocity" : {
          "kilometers_per_second" : "7.1171079669",
          "kilometers_per_hour" : "25621.5886809621",
          "miles_per_hour" : "15920.2588112345"
        },
        "miss_distance" : {
          "astronomical" : "0.1057134172",
          "lunar" : "41.1225204468",
          "kilometers" : "15814503",
          "miles" : "9826676"
        },
        "orbiting_body" : "Earth"
      } ],
      "orbital_data" : {
        "orbit_id" : "22",
        "orbit_determination_date" : "2017-04-06 09:02:42",
        "orbit_uncertainty" : "2",
        "minimum_orbit_intersection" : ".040166",
        "jupiter_tisserand_invariant" : "4.420",
        "epoch_osculation" : "2458000.5",
        "eccentricity" : ".3341903439847442",
        "semi_major_axis" : "1.530302372220687",
        "inclination" : "4.01629452218004",
        "ascending_node_longitude" : "16.02490819643261",
        "orbital_period" : "691.4556092733211",
        "perihelion_distance" : "1.018890096047585",
        "perihelion_argument" : "315.9461726153972",
        "aphelion_distance" : "2.041714648393788",
        "perihelion_time" : "2458152.985065217976",
        "mean_anomaly" : "280.6100540045335",
        "mean_motion" : ".5206407977199559",
        "equinox" : "J2000"
      }
    }, {
      "links" : {
        "self" : "https://api.nasa.gov/neo/rest/v1/neo/3674340?api_key=t0TVs3DtDT2H8Oy2Zy8m2eVrNsAVKAexjcZXUckd"
      },
      "neo_reference_id" : "3674340",
      "name" : "(2014 NF3)",
      "nasa_jpl_url" : "http://ssd.jpl.nasa.gov/sbdb.cgi?sstr=3674340",
      "absolute_magnitude_h" : 20.5,
      "estimated_diameter" : {
        "kilometers" : {
          "estimated_diameter_min" : 0.2111324448,
          "estimated_diameter_max" : 0.4721064988
        },
        "meters" : {
          "estimated_diameter_min" : 211.1324447897,
          "estimated_diameter_max" : 472.1064988055
        },
        "miles" : {
          "estimated_diameter_min" : 0.1311915784,
          "estimated_diameter_max" : 0.2933532873
        },
        "feet" : {
          "estimated_diameter_min" : 692.6917701639,
          "estimated_diameter_max" : 1548.9058855411
        }
      },
      "is_potentially_hazardous_asteroid" : false,
      "close_approach_data" : [ {
        "close_approach_date" : "2008-07-22",
        "epoch_date_close_approach" : 1216710000000,
        "relative_velocity" : {
          "kilometers_per_second" : "24.1487992939",
          "kilometers_per_hour" : "86935.6774581116",
          "miles_per_hour" : "54018.4491405694"
        },
        "miss_distance" : {
          "astronomical" : "0.3843585073",
          "lunar" : "149.5154571533",
          "kilometers" : "57499212",
          "miles" : "35728356"
        },
        "orbiting_body" : "Earth"
      } ],
      "orbital_data" : {
        "orbit_id" : "17",
        "orbit_determination_date" : "2017-08-30 06:17:41",
        "orbit_uncertainty" : "1",
        "minimum_orbit_intersection" : ".214787",
        "jupiter_tisserand_invariant" : "4.851",
        "epoch_osculation" : "2458000.5",
        "eccentricity" : ".4938435095565019",
        "semi_major_axis" : "1.298940042010108",
        "inclination" : "13.52608070814935",
        "ascending_node_longitude" : "354.3228123692824",
        "orbital_period" : "540.7320158128302",
        "perihelion_distance" : ".6574669329603663",
        "perihelion_argument" : "195.246542627296",
        "aphelion_distance" : "1.94041315105985",
        "perihelion_time" : "2457858.199639068243",
        "mean_anomaly" : "94.73848123904061",
        "mean_motion" : ".6657641668560105",
        "equinox" : "J2000"
      }
    } ]
  }
}