{
  "links" : {
    "next" : "https://api.nasa.gov/neo/rest/v1/feed?start_date=1999-10-16&end_date=1999-10-16&detailed=true&api_key=t0TVs3DtDT2H8Oy2Zy8m2eVrNsAVKAexjcZXUckd",
    "prev" : "https://api.nasa.gov/neo/rest/v1/feed?start_date=1999-10-14&end_date=1999-10-14&detailed=true&api_key=t0TVs3DtDT2H8Oy2Zy8m2eVrNsAVKAexjcZXUckd",
    "self" : "https://api.nasa.gov/neo/rest/v1/feed?start_date=1999-10-15&end_date=1999-10-15&detailed=true&api_key=t0TVs3DtDT2H8Oy2Zy8m2eVrNsAVKAexjcZXUckd"
  },
  "element_count" : 12,
  "near_earth_objects" : {
    "1999-10-15" : [ {
      "links" : {
        "self" : "https://api.nasa.gov/neo/rest/v1/neo/3023216?api_key=t0TVs3DtDT2H8Oy2Zy8m2eVrNsAVKAexjcZXUckd"
      },
      "neo_reference_id" : "3023216",
      "name" : "(1999 TM12)",
      "nasa_jpl_url" : "http://ssd.jpl.nasa.gov/sbdb.cgi?sstr=3023216",
      "absolute_magnitude_h" : 21.6,
      "estimated_diameter" : {
        "kilometers" : {
          "estimated_diameter_min" : 0.1272198785,
          "estimated_diameter_max" : 0.2844722965
        },
        "meters" : {
          "estimated_diameter_min" : 127.2198785394,
          "estimated_diameter_max" : 284.4722965033
        },
        "miles" : {
          "estimated_diameter_min" : 0.0790507431,
          "estimated_diameter_max" : 0.1767628354
        },
        "feet" : {
          "estimated_diameter_min" : 417.3880663071,
          "estimated_diameter_max" : 933.3080892598
        }
      },
      "is_potentially_hazardous_asteroid" : false,
      "close_approach_data" : [ {
        "close_approach_date" : "1999-10-15",
        "epoch_date_close_approach" : 939970800000,
        "relative_velocity" : {
          "kilometers_per_second" : "19.2503799305",
          "kilometers_per_hour" : "69301.3677498256",
          "miles_per_hour" : "43061.1748665513"
        },
        "miss_distance" : {
          "astronomical" : "0.0732814877",
          "lunar" : "28.5065002441",
          "kilometers" : "10962755",
          "miles" : "6811940"
        },
        "orbiting_body" : "Earth"
      } ],
      "orbital_data" : {
        "orbit_id" : "11",
        "orbit_determination_date" : "2017-04-06 09:17:18",
        "orbit_uncertainty" : "9",
        "minimum_orbit_intersection" : ".0661258",
        "jupiter_tisserand_invariant" : "4.139",
        "epoch_osculation" : "2451464.5",
        "eccentricity" : ".4630771993033642",
        "semi_major_axis" : "1.586845712032507",
        "inclination" : "28.58744918763476",
        "ascending_node_longitude" : "199.1262833536933",
        "orbital_period" : "730.1304833107203",
        "perihelion_distance" : ".8520136439779411",
        "perihelion_argument" : "250.7549369779768",
        "aphelion_distance" : "2.321677780087074",
        "perihelion_time" : "2451517.213092436831",
        "mean_anomaly" : "334.0091480755457",
        "mean_motion" : ".493062552829746",
        "equinox" : "J2000"
      }
    }, {
      "links" : {
        "self" : "https://api.nasa.gov/neo/rest/v1/neo/2137805?api_key=t0TVs3DtDT2H8Oy2Zy8m2eVrNsAVKAexjcZXUckd"
      },
      "neo_reference_id" : "2137805",
      "name" : "137805 (1999 YK5)",
      "nasa_jpl_url" : "http://ssd.jpl.nasa.gov/sbdb.cgi?sstr=2137805",
      "absolute_magnitude_h" : 16.6,
      "estimated_diameter" : {
        "kilometers" : {
          "estimated_diameter_min" : 1.2721987854,
          "estimated_diameter_max" : 2.844722965
        },
        "meters" : {
          "estimated_diameter_min" : 1272.1987853936,
          "estimated_diameter_max" : 2844.7229650327
        },
        "miles" : {
          "estimated_diameter_min" : 0.7905074315,
          "estimated_diameter_max" : 1.7676283535
        },
        "feet" : {
          "estimated_diameter_min" : 4173.8806630706,
          "estimated_diameter_max" : 9333.0808925979
        }
      },
      "is_potentially_hazardous_asteroid" : false,
      "close_approach_data" : [ {
        "close_approach_date" : "1999-10-15",
        "epoch_date_close_approach" : 939970800000,
        "relative_velocity" : {
          "kilometers_per_second" : "12.9168275578",
          "kilometers_per_hour" : "46500.5792081534",
          "miles_per_hour" : "28893.6515640885"
        },
        "miss_distance" : {
          "astronomical" : "0.4050753242",
          "lunar" : "157.5742950439",
          "kilometers" : "60598404",
          "miles" : "37654104"
        },
        "orbiting_body" : "Earth"
      } ],
      "orbital_data" : {
        "orbit_id" : "154",
        "orbit_determination_date" : "2017-04-06 09:27:52",
        "orbit_uncertainty" : "0",
        "minimum_orbit_intersection" : ".113515",
        "jupiter_tisserand_invariant" : "6.909",
        "epoch_osculation" : "2458000.5",
        "eccentricity" : ".5582690272640618",
        "semi_major_axis" : ".8293063345350434",
        "inclination" : "16.74546069046597",
        "ascending_node_longitude" : "349.5743177256604",
        "orbital_period" : "275.8486741602037",
        "perihelion_distance" : ".3663302938502401",
        "perihelion_argument" : "292.8382840671751",
        "aphelion_distance" : "1.292282375219847",
        "perihelion_time" : "2458048.149688760053",
        "mean_anomaly" : "297.8141366608244",
        "mean_motion" : "1.305063368877836",
        "equinox" : "J2000"
      }
    }, {
      "links" : {
        "self" : "https://api.nasa.gov/neo/rest/v1/neo/2162181?api_key=t0TVs3DtDT2H8Oy2Zy8m2eVrNsAVKAexjcZXUckd"
      },
      "neo_reference_id" : "2162181",
      "name" : "162181 (1999 LF6)",
      "nasa_jpl_url" : "http://ssd.jpl.nasa.gov/sbdb.cgi?sstr=2162181",
      "absolute_magnitude_h" : 18.2,
      "estimated_diameter" : {
        "kilometers" : {
          "estimated_diameter_min" : 0.6089126221,
          "estimated_diameter_max" : 1.3615700154
        },
        "meters" : {
          "estimated_diameter_min" : 608.9126221057,
          "estimated_diameter_max" : 1361.5700153859
        },
        "miles" : {
          "estimated_diameter_min" : 0.3783606449,
          "estimated_diameter_max" : 0.846040122
        },
        "feet" : {
          "estimated_diameter_min" : 1997.7448871092,
          "estimated_diameter_max" : 4467.0933692788
        }
      },
      "is_potentially_hazardous_asteroid" : false,
      "close_approach_data" : [ {
        "close_approach_date" : "1999-10-15",
        "epoch_date_close_approach" : 939970800000,
        "relative_velocity" : {
          "kilometers_per_second" : "10.8220537068",
          "kilometers_per_hour" : "38959.3933446413",
          "miles_per_hour" : "24207.8519368411"
        },
        "miss_distance" : {
          "astronomical" : "0.0871761905",
          "lunar" : "33.9115371704",
          "kilometers" : "13041372",
          "miles" : "8103533"
        },
        "orbiting_body" : "Earth"
      } ],
      "orbital_data" : {
        "orbit_id" : "190",
        "orbit_determination_date" : "2017-04-06 09:26:35",
        "orbit_uncertainty" : "0",
        "minimum_orbit_intersection" : ".0645512",
        "jupiter_tisserand_invariant" : "4.637",
        "epoch_osculation" : "2458000.5",
        "eccentricity" : ".2804674520411286",
        "semi_major_axis" : "1.409489151219319",
        "inclination" : "18.94432474624503",
        "ascending_node_longitude" : "208.5261853233034",
        "orbital_period" : "611.2108190397286",
        "perihelion_distance" : "1.014173320297224",
        "perihelion_argument" : "140.8565066160479",
        "aphelion_distance" : "1.804804982141414",
        "perihelion_time" : "2458152.732127695848",
        "mean_anomaly" : "270.3360669292358",
        "mean_motion" : ".5889948096232899",
        "equinox" : "J2000"
      }
    }, {
      "links" : {
        "self" : "https://api.nasa.gov/neo/rest/v1/neo/2209215?api_key=t0TVs3DtDT2H8Oy2Zy8m2eVrNsAVKAexjcZXUckd"
      },
      "neo_reference_id" : "2209215",
      "name" : "209215 (2003 WP25)",
      "nasa_jpl_url" : "http://ssd.jpl.nasa.gov/sbdb.cgi?sstr=2209215",
      "absolute_magnitude_h" : 24.2,
      "estimated_diameter" : {
        "kilometers" : {
          "estimated_diameter_min" : 0.0384197891,
          "estimated_diameter_max" : 0.0859092601
        },
        "meters" : {
          "estimated_diameter_min" : 38.4197891064,
          "estimated_diameter_max" : 85.9092601232
        },
        "miles" : {
          "estimated_diameter_min" : 0.0238729428,
          "estimated_diameter_max" : 0.0533815229
        },
        "feet" : {
          "estimated_diameter_min" : 126.0491808919,
          "estimated_diameter_max" : 281.8545369825
        }
      },
      "is_potentially_hazardous_asteroid" : false,
      "close_approach_data" : [ {
        "close_approach_date" : "1999-10-15",
        "epoch_date_close_approach" : 939970800000,
        "relative_velocity" : {
          "kilometers_per_second" : "13.193835114",
          "kilometers_per_hour" : "47497.8064105044",
          "miles_per_hour" : "29513.2897665715"
        },
        "miss_distance" : {
          "astronomical" : "0.3015047899",
          "lunar" : "117.2853622437",
          "kilometers" : "45104476",
          "miles" : "28026622"
        },
        "orbiting_body" : "Earth"
      } ],
      "orbital_data" : {
        "orbit_id" : "23",
        "orbit_determination_date" : "2017-04-06 09:25:27",
        "orbit_uncertainty" : "1",
        "minimum_orbit_intersection" : ".0223369",
        "jupiter_tisserand_invariant" : "6.126",
        "epoch_osculation" : "2458000.5",
        "eccentricity" : ".1210463763734535",
        "semi_major_axis" : ".9889007909809722",
        "inclination" : "2.561980310222299",
        "ascending_node_longitude" : "40.76996508539975",
        "orbital_period" : "359.1927095144085",
        "perihelion_distance" : ".8691979336398835",
        "perihelion_argument" : "226.4150054207777",
        "aphelion_distance" : "1.108603648322061",
        "perihelion_time" : "2457858.100290258996",
        "mean_anomaly" : "142.7197550197077",
        "mean_motion" : "1.002247513560848",
        "equinox" : "J2000"
      }
    }, {
      "links" : {
        "self" : "https://api.nasa.gov/neo/rest/v1/neo/2349507?api_key=t0TVs3DtDT2H8Oy2Zy8m2eVrNsAVKAexjcZXUckd"
      },
      "neo_reference_id" : "2349507",
      "name" : "349507 (2008 QY)",
      "nasa_jpl_url" : "http://ssd.jpl.nasa.gov/sbdb.cgi?sstr=2349507",
      "absolute_magnitude_h" : 18.6,
      "estimated_diameter" : {
        "kilometers" : {
          "estimated_diameter_min" : 0.5064714588,
          "estimated_diameter_max" : 1.1325046106
        },
        "meters" : {
          "estimated_diameter_min" : 506.4714588346,
          "estimated_diameter_max" : 1132.5046106177
        },
        "miles" : {
          "estimated_diameter_min" : 0.3147066768,
          "estimated_diameter_max" : 0.7037055224
        },
        "feet" : {
          "estimated_diameter_min" : 1661.651821003,
          "estimated_diameter_max" : 3715.566426699
        }
      },
      "is_potentially_hazardous_asteroid" : true,
      "close_approach_data" : [ {
        "close_approach_date" : "1999-10-15",
        "epoch_date_close_approach" : 939970800000,
        "relative_velocity" : {
          "kilometers_per_second" : "28.7916288336",
          "kilometers_per_hour" : "103649.8638009773",
          "miles_per_hour" : "64403.9945378906"
        },
        "miss_distance" : {
          "astronomical" : "0.2935467474",
          "lunar" : "114.1896820068",
          "kilometers" : "43913968",
          "miles" : "27286874"
        },
        "orbiting_body" : "Earth"
      } ],
      "orbital_data" : {
        "orbit_id" : "73",
        "orbit_determination_date" : "2017-04-06 09:23:07",
        "orbit_uncertainty" : "0",
        "minimum_orbit_intersection" : ".0303685",
        "jupiter_tisserand_invariant" : "5.207",
        "epoch_osculation" : "2458000.5",
        "eccentricity" : ".5814409312834139",
        "semi_major_axis" : "1.167365617407996",
        "inclination" : "13.57854064413534",
        "ascending_node_longitude" : "1.982712839338932",
        "orbital_period" : "460.6899875816701",
        "perihelion_distance" : ".4886114656740535",
        "perihelion_argument" : "254.8088939963733",
        "aphelion_distance" : "1.846119769141939",
        "perihelion_time" : "2457863.857960464044",
        "mean_anomaly" : "106.7770855867012",
        "mean_motion" : ".7814365619052661",
        "equinox" : "J2000"
      }
    }, {
      "links" : {
        "self" : "https://api.nasa.gov/neo/rest/v1/neo/2374267?api_key=t0TVs3DtDT2H8Oy2Zy8m2eVrNsAVKAexjcZXUckd"
      },
      "neo_reference_id" : "2374267",
      "name" : "374267 (2005 LW)",
      "nasa_jpl_url" : "http://ssd.jpl.nasa.gov/sbdb.cgi?sstr=2374267",
      "absolute_magnitude_h" : 18.9,
      "estimated_diameter" : {
        "kilometers" : {
          "estimated_diameter_min" : 0.4411182,
          "estimated_diameter_max" : 0.9863702813
        },
        "meters" : {
          "estimated_diameter_min" : 441.1181999969,
          "estimated_diameter_max" : 986.3702813054
        },
        "miles" : {
          "estimated_diameter_min" : 0.2740980571,
          "estimated_diameter_max" : 0.6129018881
        },
        "feet" : {
          "estimated_diameter_min" : 1447.2382352778,
          "estimated_diameter_max" : 3236.1230737181
        }
      },
      "is_potentially_hazardous_asteroid" : false,
      "close_approach_data" : [ {
        "close_approach_date" : "1999-10-15",
        "epoch_date_close_approach" : 939970800000,
        "relative_velocity" : {
          "kilometers_per_second" : "25.6462477466",
          "kilometers_per_hour" : "92326.4918878025",
          "miles_per_hour" : "57368.0915843959"
        },
        "miss_distance" : {
          "astronomical" : "0.2040933581",
          "lunar" : "79.3923110962",
          "kilometers" : "30531932",
          "miles" : "18971662"
        },
        "orbiting_body" : "Earth"
      } ],
      "orbital_data" : {
        "orbit_id" : "44",
        "orbit_determination_date" : "2017-04-06 09:22:27",
        "orbit_uncertainty" : "0",
        "minimum_orbit_intersection" : ".0519766",
        "jupiter_tisserand_invariant" : "4.361",
        "epoch_osculation" : "2458000.5",
        "eccentricity" : ".6404381208827098",
        "semi_major_axis" : "1.467074579137636",
        "inclination" : "3.132150764319822",
        "ascending_node_longitude" : "138.1423816404462",
        "orbital_period" : "649.0478485920388",
        "perihelion_distance" : ".5275040924799359",
        "perihelion_argument" : "354.715847655905",
        "aphelion_distance" : "2.406645065795335",
        "perihelion_time" : "2458007.673060253537",
        "mean_anomaly" : "356.0214001219249",
        "mean_motion" : ".5546586446298802",
        "equinox" : "J2000"
      }
    }, {
      "links" : {
        "self" : "https://api.nasa.gov/neo/rest/v1/neo/3024691?api_key=t0TVs3DtDT2H8Oy2Zy8m2eVrNsAVKAexjcZXUckd"
      },
      "neo_reference_id" : "3024691",
      "name" : "(1999 TZ4)",
      "nasa_jpl_url" : "http://ssd.jpl.nasa.gov/sbdb.cgi?sstr=3024691",
      "absolute_magnitude_h" : 19.5,
      "estimated_diameter" : {
        "kilometers" : {
          "estimated_diameter_min" : 0.3346223745,
          "estimated_diameter_max" : 0.7482383761
        },
        "meters" : {
          "estimated_diameter_min" : 334.6223744549,
          "estimated_diameter_max" : 748.2383760735
        },
        "miles" : {
          "estimated_diameter_min" : 0.2079246394,
          "estimated_diameter_max" : 0.464933628
        },
        "feet" : {
          "estimated_diameter_min" : 1097.8424710066,
          "estimated_diameter_max" : 2454.8503937571
        }
      },
      "is_potentially_hazardous_asteroid" : false,
      "close_approach_data" : [ {
        "close_approach_date" : "1999-10-15",
        "epoch_date_close_approach" : 939970800000,
        "relative_velocity" : {
          "kilometers_per_second" : "16.0017228546",
          "kilometers_per_hour" : "57606.202276664",
          "miles_per_hour" : "35794.2538535194"
        },
        "miss_distance" : {
          "astronomical" : "0.3641479806",
          "lunar" : "141.6535644531",
          "kilometers" : "54475764",
          "miles" : "33849672"
        },
        "orbiting_body" : "Earth"
      } ],
      "orbital_data" : {
        "orbit_id" : "21",
        "orbit_determination_date" : "2017-03-07 06:47:45",
        "orbit_uncertainty" : "0",
        "minimum_orbit_intersection" : ".365406",
        "jupiter_tisserand_invariant" : "4.339",
        "epoch_osculation" : "2457800.5",
        "eccentricity" : ".1569587318515895",
        "semi_major_axis" : "1.514698274790169",
        "inclination" : "32.00938486813397",
        "ascending_node_longitude" : "15.10021444205947",
        "orbital_period" : "680.9067241999672",
        "perihelion_distance" : "1.276953154441314",
        "perihelion_argument" : "61.5733236642342",
        "aphelion_distance" : "1.752443395139025",
        "perihelion_time" : "2457670.548568173663",
        "mean_anomaly" : "68.70620276580267",
        "mean_motion" : ".5287067776030304",
        "equinox" : "J2000"
      }
    }, {
      "links" : {
        "self" : "https://api.nasa.gov/neo/rest/v1/neo/3648642?api_key=t0TVs3DtDT2H8Oy2Zy8m2eVrNsAVKAexjcZXUckd"
      },
      "neo_reference_id" : "3648642",
      "name" : "(2013 SM20)",
      "nasa_jpl_url" : "http://ssd.jpl.nasa.gov/sbdb.cgi?sstr=3648642",
      "absolute_magnitude_h" : 24.8,
      "estimated_diameter" : {
        "kilometers" : {
          "estimated_diameter_min" : 0.0291443905,
          "estimated_diameter_max" : 0.0651688382
        },
        "meters" : {
          "estimated_diameter_min" : 29.1443904535,
          "estimated_diameter_max" : 65.1688382168
        },
        "miles" : {
          "estimated_diameter_min" : 0.018109479,
          "estimated_diameter_max" : 0.0404940262
        },
        "feet" : {
          "estimated_diameter_min" : 95.6180819754,
          "estimated_diameter_max" : 213.8085311752
        }
      },
      "is_potentially_hazardous_asteroid" : false,
      "close_approach_data" : [ {
        "close_approach_date" : "1999-10-15",
        "epoch_date_close_approach" : 939970800000,
        "relative_velocity" : {
          "kilometers_per_second" : "12.4327719216",
          "kilometers_per_hour" : "44757.9789178316",
          "miles_per_hour" : "27810.8675114716"
        },
        "miss_distance" : {
          "astronomical" : "0.2027743322",
          "lunar" : "78.8792114258",
          "kilometers" : "30334608",
          "miles" : "18849052"
        },
        "orbiting_body" : "Earth"
      } ],
      "orbital_data" : {
        "orbit_id" : "9",
        "orbit_determination_date" : "2017-04-06 08:44:32",
        "orbit_uncertainty" : "7",
        "minimum_orbit_intersection" : ".0339205",
        "jupiter_tisserand_invariant" : "6.921",
        "epoch_osculation" : "2458000.5",
        "eccentricity" : ".2708913254721323",
        "semi_major_axis" : ".8465119760892049",
        "inclination" : "3.979160662267147",
        "ascending_node_longitude" : "341.4454343620654",
        "orbital_period" : "284.4776075645287",
        "perihelion_distance" : ".6171992248583662",
        "perihelion_argument" : "182.9431475133184",
        "aphelion_distance" : "1.075824727320044",
        "perihelion_time" : "2458100.539829884073",
        "mean_anomaly" : "233.4018502665548",
        "mean_motion" : "1.265477459129504",
        "equinox" : "J2000"
      }
    }, {
      "links" : {
        "self" : "https://api.nasa.gov/neo/rest/v1/neo/3729280?api_key=t0TVs3DtDT2H8Oy2Zy8m2eVrNsAVKAexjcZXUckd"
      },
      "neo_reference_id" : "3729280",
      "name" : "(2015 TB25)",
      "nasa_jpl_url" : "http://ssd.jpl.nasa.gov/sbdb.cgi?sstr=3729280",
      "absolute_magnitude_h" : 24.5,
      "estimated_diameter" : {
        "kilometers" : {
          "estimated_diameter_min" : 0.0334622374,
          "estimated_diameter_max" : 0.0748238376
        },
        "meters" : {
          "estimated_diameter_min" : 33.4622374455,
          "estimated_diameter_max" : 74.8238376074
        },
        "miles" : {
          "estimated_diameter_min" : 0.0207924639,
          "estimated_diameter_max" : 0.0464933628
        },
        "feet" : {
          "estimated_diameter_min" : 109.7842471007,
          "estimated_diameter_max" : 245.4850393757
        }
      },
      "is_potentially_hazardous_asteroid" : false,
      "close_approach_data" : [ {
        "close_approach_date" : "1999-10-15",
        "epoch_date_close_approach" : 939970800000,
        "relative_velocity" : {
          "kilometers_per_second" : "9.497839755",
          "kilometers_per_hour" : "34192.2231180107",
          "miles_per_hour" : "21245.7177479661"
        },
        "miss_distance" : {
          "astronomical" : "0.0496166176",
          "lunar" : "19.300863266",
          "kilometers" : "7422540",
          "miles" : "4612152.5"
        },
        "orbiting_body" : "Earth"
      } ],
      "orbital_data" : {
        "orbit_id" : "10",
        "orbit_determination_date" : "2017-04-06 08:31:31",
        "orbit_uncertainty" : "7",
        "minimum_orbit_intersection" : ".0224502",
        "jupiter_tisserand_invariant" : "4.987",
        "epoch_osculation" : "2458000.5",
        "eccentricity" : ".2078023736248548",
        "semi_major_axis" : "1.282211033771427",
        "inclination" : "16.91082803456882",
        "ascending_node_longitude" : "18.22646160779768",
        "orbital_period" : "530.3196160080068",
        "perihelion_distance" : "1.015764537465745",
        "perihelion_argument" : "13.22336638966342",
        "aphelion_distance" : "1.548657530077108",
        "perihelion_time" : "2457849.882218717374",
        "mean_anomaly" : "102.2447588680687",
        "mean_motion" : ".6788359116525018",
        "equinox" : "J2000"
      }
    }, {
      "links" : {
        "self" : "https://api.nasa.gov/neo/rest/v1/neo/3752777?api_key=t0TVs3DtDT2H8Oy2Zy8m2eVrNsAVKAexjcZXUckd"
      },
      "neo_reference_id" : "3752777",
      "name" : "(2016 JV5)",
      "nasa_jpl_url" : "http://ssd.jpl.nasa.gov/sbdb.cgi?sstr=3752777",
      "absolute_magnitude_h" : 23.2,
      "estimated_diameter" : {
        "kilometers" : {
          "estimated_diameter_min" : 0.0608912622,
          "estimated_diameter_max" : 0.1361570015
        },
        "meters" : {
          "estimated_diameter_min" : 60.8912622106,
          "estimated_diameter_max" : 136.1570015386
        },
        "miles" : {
          "estimated_diameter_min" : 0.0378360645,
          "estimated_diameter_max" : 0.0846040122
        },
        "feet" : {
          "estimated_diameter_min" : 199.7744887109,
          "estimated_diameter_max" : 446.7093369279
        }
      },
      "is_potentially_hazardous_asteroid" : false,
      "close_approach_data" : [ {
        "close_approach_date" : "1999-10-15",
        "epoch_date_close_approach" : 939970800000,
        "relative_velocity" : {
          "kilometers_per_second" : "13.4932987401",
          "kilometers_per_hour" : "48575.8754642452",
          "miles_per_hour" : "30183.1599516583"
        },
        "miss_distance" : {
          "astronomical" : "0.3817748553",
          "lunar" : "148.5104064941",
          "kilometers" : "57112704",
          "miles" : "35488188"
        },
        "orbiting_body" : "Earth"
      } ],
      "orbital_data" : {
        "orbit_id" : "11",
        "orbit_determination_date" : "2017-04-06 08:26:09",
        "orbit_uncertainty" : "6",
        "minimum_orbit_intersection" : ".0646605",
        "jupiter_tisserand_invariant" : "6.587",
        "epoch_osculation" : "2458000.5",
        "eccentricity" : ".3210186450839018",
        "semi_major_axis" : ".8956201189638118",
        "inclination" : "8.450479814445819",
        "ascending_node_longitude" : "70.27609261238204",
        "orbital_period" : "309.5880496410178",
        "perihelion_distance" : ".608109361864166",
        "perihelion_argument" : "338.574296044691",
        "aphelion_distance" : "1.183130876063458",
        "perihelion_time" : "2457979.264498449304",
        "mean_anomaly" : "24.69339681268349",
        "mean_motion" : "1.16283558237289",
        "equinox" : "J2000"
      }
    }, {
      "links" : {
        "self" : "https://api.nasa.gov/neo/rest/v1/neo/3760530?api_key=t0TVs3DtDT2H8Oy2Zy8m2eVrNsAVKAexjcZXUckd"
      },
      "neo_reference_id" : "3760530",
      "name" : "(2016 TP11)",
      "nasa_jpl_url" : "http://ssd.jpl.nasa.gov/sbdb.cgi?sstr=3760530",
      "absolute_magnitude_h" : 24.3,
      "estimated_diameter" : {
        "kilometers" : {
          "estimated_diameter_min" : 0.0366906138,
          "estimated_diameter_max" : 0.0820427065
        },
        "meters" : {
          "estimated_diameter_min" : 36.6906137531,
          "estimated_diameter_max" : 82.0427064882
        },
        "miles" : {
          "estimated_diameter_min" : 0.0227984834,
          "estimated_diameter_max" : 0.0509789586
        },
        "feet" : {
          "estimated_diameter_min" : 120.3760332259,
          "estimated_diameter_max" : 269.1689931548
        }
      },
      "is_potentially_hazardous_asteroid" : false,
      "close_approach_data" : [ {
        "close_approach_date" : "1999-10-15",
        "epoch_date_close_approach" : 939970800000,
        "relative_velocity" : {
          "kilometers_per_second" : "16.231311383",
          "kilometers_per_hour" : "58432.72097893",
          "miles_per_hour" : "36307.8204327135"
        },
        "miss_distance" : {
          "astronomical" : "0.3483004668",
          "lunar" : "135.4888763428",
          "kilometers" : "52105008",
          "miles" : "32376550"
        },
        "orbiting_body" : "Earth"
      } ],
      "orbital_data" : {
        "orbit_id" : "17",
        "orbit_determination_date" : "2017-04-06 08:23:16",
        "orbit_uncertainty" : "5",
        "minimum_orbit_intersection" : ".00796069",
        "jupiter_tisserand_invariant" : "5.898",
        "epoch_osculation" : "2458000.5",
        "eccentricity" : ".1775604273052976",
        "semi_major_axis" : "1.036546754603182",
        "inclination" : "1.537551332024034",
        "ascending_node_longitude" : "168.6154966654634",
        "orbital_period" : "385.4621781702726",
        "perihelion_distance" : ".8524970699339214",
        "perihelion_argument" : "108.1192411696545",
        "aphelion_distance" : "1.220596439272442",
        "perihelion_time" : "2457970.525395845247",
        "mean_anomaly" : "27.99459481844238",
        "mean_motion" : ".9339437703301072",
        "equinox" : "J2000"
      }
    }, {
      "links" : {
        "self" : "https://api.nasa.gov/neo/rest/v1/neo/2483408?api_key=t0TVs3DtDT2H8Oy2Zy8m2eVrNsAVKAexjcZXUckd"
      },
      "neo_reference_id" : "2483408",
      "name" : "483408 (1999 TZ4)",
      "nasa_jpl_url" : "http://ssd.jpl.nasa.gov/sbdb.cgi?sstr=2483408",
      "absolute_magnitude_h" : 19.5,
      "estimated_diameter" : {
        "kilometers" : {
          "estimated_diameter_min" : 0.3346223745,
          "estimated_diameter_max" : 0.7482383761
        },
        "meters" : {
          "estimated_diameter_min" : 334.6223744549,
          "estimated_diameter_max" : 748.2383760735
        },
        "miles" : {
          "estimated_diameter_min" : 0.2079246394,
          "estimated_diameter_max" : 0.464933628
        },
        "feet" : {
          "estimated_diameter_min" : 1097.8424710066,
          "estimated_diameter_max" : 2454.8503937571
        }
      },
      "is_potentially_hazardous_asteroid" : false,
      "close_approach_data" : [ {
        "close_approach_date" : "1999-10-15",
        "epoch_date_close_approach" : 939970800000,
        "relative_velocity" : {
          "kilometers_per_second" : "16.0017335889",
          "kilometers_per_hour" : "57606.2409198996",
          "miles_per_hour" : "35794.2778649232"
        },
        "miss_distance" : {
          "astronomical" : "0.364148307",
          "lunar" : "141.6537017822",
          "kilometers" : "54475812",
          "miles" : "33849700"
        },
        "orbiting_body" : "Earth"
      } ],
      "orbital_data" : {
        "orbit_id" : "27",
        "orbit_determination_date" : "2017-04-23 06:19:52",
        "orbit_uncertainty" : "0",
        "minimum_orbit_intersection" : ".364596",
        "jupiter_tisserand_invariant" : "4.339",
        "epoch_osculation" : "2458000.5",
        "eccentricity" : ".1570848308864059",
        "semi_major_axis" : "1.514619112256417",
        "inclination" : "32.0087139480495",
        "ascending_node_longitude" : "15.09939548675791",
        "orbital_period" : "680.8533456510954",
        "perihelion_distance" : "1.276695425150299",
        "perihelion_argument" : "61.58255897057085",
        "aphelion_distance" : "1.752542799362534",
        "perihelion_time" : "2457670.606362204135",
        "mean_anomaly" : "174.4306763932261",
        "mean_motion" : ".5287482279399456",
        "equinox" : "J2000"
      }
    } ]
  }
}