{
  "links" : {
    "next" : "https://api.nasa.gov/neo/rest/v1/feed?start_date=1997-09-16&end_date=1997-09-16&detailed=true&api_key=t0TVs3DtDT2H8Oy2Zy8m2eVrNsAVKAexjcZXUckd",
    "prev" : "https://api.nasa.gov/neo/rest/v1/feed?start_date=1997-09-14&end_date=1997-09-14&detailed=true&api_key=t0TVs3DtDT2H8Oy2Zy8m2eVrNsAVKAexjcZXUckd",
    "self" : "https://api.nasa.gov/neo/rest/v1/feed?start_date=1997-09-15&end_date=1997-09-15&detailed=true&api_key=t0TVs3DtDT2H8Oy2Zy8m2eVrNsAVKAexjcZXUckd"
  },
  "element_count" : 6,
  "near_earth_objects" : {
    "1997-09-15" : [ {
      "links" : {
        "self" : "https://api.nasa.gov/neo/rest/v1/neo/3427795?api_key=t0TVs3DtDT2H8Oy2Zy8m2eVrNsAVKAexjcZXUckd"
      },
      "neo_reference_id" : "3427795",
      "name" : "(2008 SW11)",
      "nasa_jpl_url" : "http://ssd.jpl.nasa.gov/sbdb.cgi?sstr=3427795",
      "absolute_magnitude_h" : 21.2,
      "estimated_diameter" : {
        "kilometers" : {
          "estimated_diameter_min" : 0.1529519353,
          "estimated_diameter_max" : 0.3420109247
        },
        "meters" : {
          "estimated_diameter_min" : 152.9519353442,
          "estimated_diameter_max" : 342.0109247198
        },
        "miles" : {
          "estimated_diameter_min" : 0.095039897,
          "estimated_diameter_max" : 0.2125156703
        },
        "feet" : {
          "estimated_diameter_min" : 501.8108275547,
          "estimated_diameter_max" : 1122.0831222578
        }
      },
      "is_potentially_hazardous_asteroid" : false,
      "close_approach_data" : [ {
        "close_approach_date" : "1997-09-15",
        "epoch_date_close_approach" : 874306800000,
        "relative_velocity" : {
          "kilometers_per_second" : "24.0357728949",
          "kilometers_per_hour" : "86528.7824216803",
          "miles_per_hour" : "53765.6203886269"
        },
        "miss_distance" : {
          "astronomical" : "0.3867209347",
          "lunar" : "150.4344329834",
          "kilometers" : "57852628",
          "miles" : "35947956"
        },
        "orbiting_body" : "Earth"
      } ],
      "orbital_data" : {
        "orbit_id" : "27",
        "orbit_determination_date" : "2017-04-06 09:02:52",
        "orbit_uncertainty" : "0",
        "minimum_orbit_intersection" : ".105029",
        "jupiter_tisserand_invariant" : "5.434",
        "epoch_osculation" : "2458000.5",
        "eccentricity" : ".4083850816142954",
        "semi_major_axis" : "1.134000628113477",
        "inclination" : "7.435930600824059",
        "ascending_node_longitude" : "28.85794682083624",
        "orbital_period" : "441.0810193133242",
        "perihelion_distance" : ".6708916890506925",
        "perihelion_argument" : "206.9486778237651",
        "aphelion_distance" : "1.597109567176262",
        "perihelion_time" : "2458148.587079236350",
        "mean_anomaly" : "239.1347934035315",
        "mean_motion" : ".8161765848833139",
        "equinox" : "J2000"
      }
    }, {
      "links" : {
        "self" : "https://api.nasa.gov/neo/rest/v1/neo/3512702?api_key=t0TVs3DtDT2H8Oy2Zy8m2eVrNsAVKAexjcZXUckd"
      },
      "neo_reference_id" : "3512702",
      "name" : "(2010 FV9)",
      "nasa_jpl_url" : "http://ssd.jpl.nasa.gov/sbdb.cgi?sstr=3512702",
      "absolute_magnitude_h" : 25.4,
      "estimated_diameter" : {
        "kilometers" : {
          "estimated_diameter_min" : 0.022108281,
          "estimated_diameter_max" : 0.0494356193
        },
        "meters" : {
          "estimated_diameter_min" : 22.1082810359,
          "estimated_diameter_max" : 49.435619262
        },
        "miles" : {
          "estimated_diameter_min" : 0.0137374447,
          "estimated_diameter_max" : 0.0307178602
        },
        "feet" : {
          "estimated_diameter_min" : 72.5337327539,
          "estimated_diameter_max" : 162.1903570994
        }
      },
      "is_potentially_hazardous_asteroid" : false,
      "close_approach_data" : [ {
        "close_approach_date" : "1997-09-15",
        "epoch_date_close_approach" : 874306800000,
        "relative_velocity" : {
          "kilometers_per_second" : "19.9651254551",
          "kilometers_per_hour" : "71874.4516384244",
          "miles_per_hour" : "44659.9891305532"
        },
        "miss_distance" : {
          "astronomical" : "0.4115809491",
          "lunar" : "160.1049957275",
          "kilometers" : "61571636",
          "miles" : "38258840"
        },
        "orbiting_body" : "Earth"
      } ],
      "orbital_data" : {
        "orbit_id" : "19",
        "orbit_determination_date" : "2017-04-06 08:58:01",
        "orbit_uncertainty" : "2",
        "minimum_orbit_intersection" : ".00275724",
        "jupiter_tisserand_invariant" : "5.434",
        "epoch_osculation" : "2458000.5",
        "eccentricity" : ".2872667398455212",
        "semi_major_axis" : "1.147483890315155",
        "inclination" : ".6395508975079185",
        "ascending_node_longitude" : "30.49504127651142",
        "orbital_period" : "448.9710337747432",
        "perihelion_distance" : ".8178499341190644",
        "perihelion_argument" : "64.78066441226306",
        "aphelion_distance" : "1.477117846511244",
        "perihelion_time" : "2457899.923652849335",
        "mean_anomaly" : "80.64548100090906",
        "mean_motion" : ".8018334656765818",
        "equinox" : "J2000"
      }
    }, {
      "links" : {
        "self" : "https://api.nasa.gov/neo/rest/v1/neo/3629117?api_key=t0TVs3DtDT2H8Oy2Zy8m2eVrNsAVKAexjcZXUckd"
      },
      "neo_reference_id" : "3629117",
      "name" : "(2013 ET)",
      "nasa_jpl_url" : "http://ssd.jpl.nasa.gov/sbdb.cgi?sstr=3629117",
      "absolute_magnitude_h" : 23.1,
      "estimated_diameter" : {
        "kilometers" : {
          "estimated_diameter_min" : 0.063760979,
          "estimated_diameter_max" : 0.1425738833
        },
        "meters" : {
          "estimated_diameter_min" : 63.7609789875,
          "estimated_diameter_max" : 142.5738833281
        },
        "miles" : {
          "estimated_diameter_min" : 0.0396192233,
          "estimated_diameter_max" : 0.0885912765
        },
        "feet" : {
          "estimated_diameter_min" : 209.1895703015,
          "estimated_diameter_max" : 467.7620993781
        }
      },
      "is_potentially_hazardous_asteroid" : false,
      "close_approach_data" : [ {
        "close_approach_date" : "1997-09-15",
        "epoch_date_close_approach" : 874306800000,
        "relative_velocity" : {
          "kilometers_per_second" : "18.5683928148",
          "kilometers_per_hour" : "66846.2141332184",
          "miles_per_hour" : "41535.6378873879"
        },
        "miss_distance" : {
          "astronomical" : "0.225963018",
          "lunar" : "87.8996124268",
          "kilometers" : "33803584",
          "miles" : "21004574"
        },
        "orbiting_body" : "Earth"
      } ],
      "orbital_data" : {
        "orbit_id" : "29",
        "orbit_determination_date" : "2017-04-06 08:46:37",
        "orbit_uncertainty" : "3",
        "minimum_orbit_intersection" : ".00375179",
        "jupiter_tisserand_invariant" : "5.202",
        "epoch_osculation" : "2458000.5",
        "eccentricity" : ".3842149695148284",
        "semi_major_axis" : "1.205597143786944",
        "inclination" : "4.851525323911034",
        "ascending_node_longitude" : "171.3162136928918",
        "orbital_period" : "483.5058605176577",
        "perihelion_distance" : ".742388673939679",
        "perihelion_argument" : "81.91076405609235",
        "aphelion_distance" : "1.668805613634209",
        "perihelion_time" : "2457870.019762328441",
        "mean_anomaly" : "97.15060229356997",
        "mean_motion" : ".7445618127866577",
        "equinox" : "J2000"
      }
    }, {
      "links" : {
        "self" : "https://api.nasa.gov/neo/rest/v1/neo/3738932?api_key=t0TVs3DtDT2H8Oy2Zy8m2eVrNsAVKAexjcZXUckd"
      },
      "neo_reference_id" : "3738932",
      "name" : "(2015 YQ1)",
      "nasa_jpl_url" : "http://ssd.jpl.nasa.gov/sbdb.cgi?sstr=3738932",
      "absolute_magnitude_h" : 28.0,
      "estimated_diameter" : {
        "kilometers" : {
          "estimated_diameter_min" : 0.0066765941,
          "estimated_diameter_max" : 0.0149293183
        },
        "meters" : {
          "estimated_diameter_min" : 6.676594135,
          "estimated_diameter_max" : 14.9293183439
        },
        "miles" : {
          "estimated_diameter_min" : 0.004148642,
          "estimated_diameter_max" : 0.0092766455
        },
        "feet" : {
          "estimated_diameter_min" : 21.9048371017,
          "estimated_diameter_max" : 48.9807047955
        }
      },
      "is_potentially_hazardous_asteroid" : false,
      "close_approach_data" : [ {
        "close_approach_date" : "1997-09-15",
        "epoch_date_close_approach" : 874306800000,
        "relative_velocity" : {
          "kilometers_per_second" : "9.3331089649",
          "kilometers_per_hour" : "33599.1922735504",
          "miles_per_hour" : "20877.2314435292"
        },
        "miss_distance" : {
          "astronomical" : "0.3366062271",
          "lunar" : "130.9398193359",
          "kilometers" : "50355576",
          "miles" : "31289504"
        },
        "orbiting_body" : "Earth"
      } ],
      "orbital_data" : {
        "orbit_id" : "8",
        "orbit_determination_date" : "2017-04-06 08:29:39",
        "orbit_uncertainty" : "6",
        "minimum_orbit_intersection" : ".000615632",
        "jupiter_tisserand_invariant" : "5.990",
        "epoch_osculation" : "2458000.5",
        "eccentricity" : ".403957410850079",
        "semi_major_axis" : "1.003000184879345",
        "inclination" : "2.484442826425956",
        "ascending_node_longitude" : "88.87947254444529",
        "orbital_period" : "366.9018879396638",
        "perihelion_distance" : ".5978308271133341",
        "perihelion_argument" : "111.9793427923618",
        "aphelion_distance" : "1.408169542645356",
        "perihelion_time" : "2458176.955131839705",
        "mean_anomaly" : "186.8642120676685",
        "mean_motion" : ".9811887369170507",
        "equinox" : "J2000"
      }
    }, {
      "links" : {
        "self" : "https://api.nasa.gov/neo/rest/v1/neo/3747306?api_key=t0TVs3DtDT2H8Oy2Zy8m2eVrNsAVKAexjcZXUckd"
      },
      "neo_reference_id" : "3747306",
      "name" : "(2016 EE157)",
      "nasa_jpl_url" : "http://ssd.jpl.nasa.gov/sbdb.cgi?sstr=3747306",
      "absolute_magnitude_h" : 20.8,
      "estimated_diameter" : {
        "kilometers" : {
          "estimated_diameter_min" : 0.1838886721,
          "estimated_diameter_max" : 0.411187571
        },
        "meters" : {
          "estimated_diameter_min" : 183.8886720703,
          "estimated_diameter_max" : 411.1875710413
        },
        "miles" : {
          "estimated_diameter_min" : 0.1142630881,
          "estimated_diameter_max" : 0.2555000322
        },
        "feet" : {
          "estimated_diameter_min" : 603.309310875,
          "estimated_diameter_max" : 1349.040630575
        }
      },
      "is_potentially_hazardous_asteroid" : false,
      "close_approach_data" : [ {
        "close_approach_date" : "1997-09-15",
        "epoch_date_close_approach" : 874306800000,
        "relative_velocity" : {
          "kilometers_per_second" : "18.8302357689",
          "kilometers_per_hour" : "67788.8487680134",
          "miles_per_hour" : "42121.3543914359"
        },
        "miss_distance" : {
          "astronomical" : "0.3302083673",
          "lunar" : "128.4510498047",
          "kilometers" : "49398468",
          "miles" : "30694786"
        },
        "orbiting_body" : "Earth"
      } ],
      "orbital_data" : {
        "orbit_id" : "25",
        "orbit_determination_date" : "2017-04-06 08:27:29",
        "orbit_uncertainty" : "3",
        "minimum_orbit_intersection" : ".246075",
        "jupiter_tisserand_invariant" : "5.060",
        "epoch_osculation" : "2458000.5",
        "eccentricity" : ".4796976571226825",
        "semi_major_axis" : "1.21926488550087",
        "inclination" : "21.18611845778351",
        "ascending_node_longitude" : "172.6347353174506",
        "orbital_period" : "491.7513110933501",
        "perihelion_distance" : ".6343863765141468",
        "perihelion_argument" : "144.0981009413979",
        "aphelion_distance" : "1.804143394487593",
        "perihelion_time" : "2458062.361009722908",
        "mean_anomaly" : "314.712955516616",
        "mean_motion" : ".7320773567427469",
        "equinox" : "J2000"
      }
    }, {
      "links" : {
        "self" : "https://api.nasa.gov/neo/rest/v1/neo/3760958?api_key=t0TVs3DtDT2H8Oy2Zy8m2eVrNsAVKAexjcZXUckd"
      },
      "neo_reference_id" : "3760958",
      "name" : "(2016 TH56)",
      "nasa_jpl_url" : "http://ssd.jpl.nasa.gov/sbdb.cgi?sstr=3760958",
      "absolute_magnitude_h" : 22.4,
      "estimated_diameter" : {
        "kilometers" : {
          "estimated_diameter_min" : 0.0880146521,
          "estimated_diameter_max" : 0.1968067451
        },
        "meters" : {
          "estimated_diameter_min" : 88.0146520901,
          "estimated_diameter_max" : 196.8067450894
        },
        "miles" : {
          "estimated_diameter_min" : 0.0546897524,
          "estimated_diameter_max" : 0.122290004
        },
        "feet" : {
          "estimated_diameter_min" : 288.7619911632,
          "estimated_diameter_max" : 645.6914415591
        }
      },
      "is_potentially_hazardous_asteroid" : false,
      "close_approach_data" : [ {
        "close_approach_date" : "1997-09-15",
        "epoch_date_close_approach" : 874306800000,
        "relative_velocity" : {
          "kilometers_per_second" : "8.8107907531",
          "kilometers_per_hour" : "31718.8467111595",
          "miles_per_hour" : "19708.8578356091"
        },
        "miss_distance" : {
          "astronomical" : "0.4035645988",
          "lunar" : "156.9866333008",
          "kilometers" : "60372404",
          "miles" : "37513672"
        },
        "orbiting_body" : "Earth"
      } ],
      "orbital_data" : {
        "orbit_id" : "9",
        "orbit_determination_date" : "2017-04-24 06:22:06",
        "orbit_uncertainty" : "3",
        "minimum_orbit_intersection" : ".0518773",
        "jupiter_tisserand_invariant" : "5.182",
        "epoch_osculation" : "2458000.5",
        "eccentricity" : ".1890170104784331",
        "semi_major_axis" : "1.222292110944413",
        "inclination" : "13.70494915885895",
        "ascending_node_longitude" : "3.758694481389148",
        "orbital_period" : "493.5838485434683",
        "perihelion_distance" : ".9912581102023269",
        "perihelion_argument" : "129.0754122462184",
        "aphelion_distance" : "1.453326111686499",
        "perihelion_time" : "2457795.707021821356",
        "mean_anomaly" : "149.3676755466587",
        "mean_motion" : ".7293593602431179",
        "equinox" : "J2000"
      }
    } ]
  }
}