{
  "links" : {
    "next" : "https://api.nasa.gov/neo/rest/v1/feed?start_date=2005-02-16&end_date=2005-02-16&detailed=true&api_key=t0TVs3DtDT2H8Oy2Zy8m2eVrNsAVKAexjcZXUckd",
    "prev" : "https://api.nasa.gov/neo/rest/v1/feed?start_date=2005-02-14&end_date=2005-02-14&detailed=true&api_key=t0TVs3DtDT2H8Oy2Zy8m2eVrNsAVKAexjcZXUckd",
    "self" : "https://api.nasa.gov/neo/rest/v1/feed?start_date=2005-02-15&end_date=2005-02-15&detailed=true&api_key=t0TVs3DtDT2H8Oy2Zy8m2eVrNsAVKAexjcZXUckd"
  },
  "element_count" : 7,
  "near_earth_objects" : {
    "2005-02-15" : [ {
      "links" : {
        "self" : "https://api.nasa.gov/neo/rest/v1/neo/3273524?api_key=t0TVs3DtDT2H8Oy2Zy8m2eVrNsAVKAexjcZXUckd"
      },
      "neo_reference_id" : "3273524",
      "name" : "(2005 EO33)",
      "nasa_jpl_url" : "http://ssd.jpl.nasa.gov/sbdb.cgi?sstr=3273524",
      "absolute_magnitude_h" : 21.3,
      "estimated_diameter" : {
        "kilometers" : {
          "estimated_diameter_min" : 0.1460679643,
          "estimated_diameter_max" : 0.3266178974
        },
        "meters" : {
          "estimated_diameter_min" : 146.0679642714,
          "estimated_diameter_max" : 326.6178974458
        },
        "miles" : {
          "estimated_diameter_min" : 0.090762397,
          "estimated_diameter_max" : 0.2029508896
        },
        "feet" : {
          "estimated_diameter_min" : 479.2256199,
          "estimated_diameter_max" : 1071.581062656
        }
      },
      "is_potentially_hazardous_asteroid" : true,
      "close_approach_data" : [ {
        "close_approach_date" : "2005-02-15",
        "epoch_date_close_approach" : 1108454400000,
        "relative_velocity" : {
          "kilometers_per_second" : "14.6244853389",
          "kilometers_per_hour" : "52648.1472198913",
          "miles_per_hour" : "32713.511254493"
        },
        "miss_distance" : {
          "astronomical" : "0.0793148762",
          "lunar" : "30.8534851074",
          "kilometers" : "11865336",
          "miles" : "7372778"
        },
        "orbiting_body" : "Earth"
      } ],
      "orbital_data" : {
        "orbit_id" : "10",
        "orbit_determination_date" : "2017-04-06 09:11:22",
        "orbit_uncertainty" : "8",
        "minimum_orbit_intersection" : ".0411356",
        "jupiter_tisserand_invariant" : "3.649",
        "epoch_osculation" : "2453441.5",
        "eccentricity" : ".5727800587084907",
        "semi_major_axis" : "1.967782015942096",
        "inclination" : "4.611162827004524",
        "ascending_node_longitude" : "289.7459804589637",
        "orbital_period" : "1008.239963570944",
        "perihelion_distance" : ".8406757173252701",
        "perihelion_argument" : "158.4744318176092",
        "aphelion_distance" : "3.094888314558922",
        "perihelion_time" : "2453378.515414518978",
        "mean_anomaly" : "22.48914107000923",
        "mean_motion" : ".3570578562716026",
        "equinox" : "J2000"
      }
    }, {
      "links" : {
        "self" : "https://api.nasa.gov/neo/rest/v1/neo/2164202?api_key=t0TVs3DtDT2H8Oy2Zy8m2eVrNsAVKAexjcZXUckd"
      },
      "neo_reference_id" : "2164202",
      "name" : "164202 (2004 EW)",
      "nasa_jpl_url" : "http://ssd.jpl.nasa.gov/sbdb.cgi?sstr=2164202",
      "absolute_magnitude_h" : 20.8,
      "estimated_diameter" : {
        "kilometers" : {
          "estimated_diameter_min" : 0.1838886721,
          "estimated_diameter_max" : 0.411187571
        },
        "meters" : {
          "estimated_diameter_min" : 183.8886720703,
          "estimated_diameter_max" : 411.1875710413
        },
        "miles" : {
          "estimated_diameter_min" : 0.1142630881,
          "estimated_diameter_max" : 0.2555000322
        },
        "feet" : {
          "estimated_diameter_min" : 603.309310875,
          "estimated_diameter_max" : 1349.040630575
        }
      },
      "is_potentially_hazardous_asteroid" : true,
      "close_approach_data" : [ {
        "close_approach_date" : "2005-02-15",
        "epoch_date_close_approach" : 1108454400000,
        "relative_velocity" : {
          "kilometers_per_second" : "6.982016989",
          "kilometers_per_hour" : "25135.2611602399",
          "miles_per_hour" : "15618.0738025946"
        },
        "miss_distance" : {
          "astronomical" : "0.0591848859",
          "lunar" : "23.0229206085",
          "kilometers" : "8853933",
          "miles" : "5501579"
        },
        "orbiting_body" : "Earth"
      } ],
      "orbital_data" : {
        "orbit_id" : "73",
        "orbit_determination_date" : "2017-05-28 06:20:23",
        "orbit_uncertainty" : "0",
        "minimum_orbit_intersection" : ".0241636",
        "jupiter_tisserand_invariant" : "6.099",
        "epoch_osculation" : "2458000.5",
        "eccentricity" : ".2792445622055008",
        "semi_major_axis" : ".9882461226873593",
        "inclination" : "4.669720186458235",
        "ascending_node_longitude" : "342.9446180859713",
        "orbital_period" : "358.8360814924976",
        "perihelion_distance" : ".7122837668062439",
        "perihelion_argument" : "56.11674907775181",
        "aphelion_distance" : "1.264208478568475",
        "perihelion_time" : "2458009.864908087411",
        "mean_anomaly" : "350.6047159542996",
        "mean_motion" : "1.003243593851157",
        "equinox" : "J2000"
      }
    }, {
      "links" : {
        "self" : "https://api.nasa.gov/neo/rest/v1/neo/3179348?api_key=t0TVs3DtDT2H8Oy2Zy8m2eVrNsAVKAexjcZXUckd"
      },
      "neo_reference_id" : "3179348",
      "name" : "(2004 GD)",
      "nasa_jpl_url" : "http://ssd.jpl.nasa.gov/sbdb.cgi?sstr=3179348",
      "absolute_magnitude_h" : 23.7,
      "estimated_diameter" : {
        "kilometers" : {
          "estimated_diameter_min" : 0.0483676488,
          "estimated_diameter_max" : 0.1081533507
        },
        "meters" : {
          "estimated_diameter_min" : 48.3676488219,
          "estimated_diameter_max" : 108.1533506775
        },
        "miles" : {
          "estimated_diameter_min" : 0.0300542543,
          "estimated_diameter_max" : 0.0672033557
        },
        "feet" : {
          "estimated_diameter_min" : 158.6865169607,
          "estimated_diameter_max" : 354.8338390368
        }
      },
      "is_potentially_hazardous_asteroid" : false,
      "close_approach_data" : [ {
        "close_approach_date" : "2005-02-15",
        "epoch_date_close_approach" : 1108454400000,
        "relative_velocity" : {
          "kilometers_per_second" : "8.9040182824",
          "kilometers_per_hour" : "32054.4658166309",
          "miles_per_hour" : "19917.3984958949"
        },
        "miss_distance" : {
          "astronomical" : "0.4022935828",
          "lunar" : "156.4922027588",
          "kilometers" : "60182264",
          "miles" : "37395524"
        },
        "orbiting_body" : "Earth"
      } ],
      "orbital_data" : {
        "orbit_id" : "17",
        "orbit_determination_date" : "2017-04-06 09:12:58",
        "orbit_uncertainty" : "7",
        "minimum_orbit_intersection" : ".00709691",
        "jupiter_tisserand_invariant" : "5.742",
        "epoch_osculation" : "2458000.5",
        "eccentricity" : ".307743936109016",
        "semi_major_axis" : "1.06502186540257",
        "inclination" : "6.219566678457151",
        "ascending_node_longitude" : "26.5807378024219",
        "orbital_period" : "401.4543915568394",
        "perihelion_distance" : ".7372678445014162",
        "perihelion_argument" : "281.2682697976887",
        "aphelion_distance" : "1.392775886303723",
        "perihelion_time" : "2457999.008521969918",
        "mean_anomaly" : "1.337467224476838",
        "mean_motion" : ".896739474200097",
        "equinox" : "J2000"
      }
    }, {
      "links" : {
        "self" : "https://api.nasa.gov/neo/rest/v1/neo/3367721?api_key=t0TVs3DtDT2H8Oy2Zy8m2eVrNsAVKAexjcZXUckd"
      },
      "neo_reference_id" : "3367721",
      "name" : "(2007 CS5)",
      "nasa_jpl_url" : "http://ssd.jpl.nasa.gov/sbdb.cgi?sstr=3367721",
      "absolute_magnitude_h" : 24.6,
      "estimated_diameter" : {
        "kilometers" : {
          "estimated_diameter_min" : 0.0319561887,
          "estimated_diameter_max" : 0.0714562102
        },
        "meters" : {
          "estimated_diameter_min" : 31.9561886721,
          "estimated_diameter_max" : 71.4562101727
        },
        "miles" : {
          "estimated_diameter_min" : 0.0198566489,
          "estimated_diameter_max" : 0.0444008168
        },
        "feet" : {
          "estimated_diameter_min" : 104.8431420431,
          "estimated_diameter_max" : 234.436392583
        }
      },
      "is_potentially_hazardous_asteroid" : false,
      "close_approach_data" : [ {
        "close_approach_date" : "2005-02-15",
        "epoch_date_close_approach" : 1108454400000,
        "relative_velocity" : {
          "kilometers_per_second" : "18.5629143456",
          "kilometers_per_hour" : "66826.4916443278",
          "miles_per_hour" : "41523.3830997769"
        },
        "miss_distance" : {
          "astronomical" : "0.4426056211",
          "lunar" : "172.1735839844",
          "kilometers" : "66212860",
          "miles" : "41142764"
        },
        "orbiting_body" : "Earth"
      } ],
      "orbital_data" : {
        "orbit_id" : "9",
        "orbit_determination_date" : "2017-04-06 09:07:06",
        "orbit_uncertainty" : "6",
        "minimum_orbit_intersection" : ".000535153",
        "jupiter_tisserand_invariant" : "6.163",
        "epoch_osculation" : "2458000.5",
        "eccentricity" : ".1728085159740721",
        "semi_major_axis" : ".9803422898631016",
        "inclination" : ".7509654073569197",
        "ascending_node_longitude" : "125.2627554134832",
        "orbital_period" : "354.5398309060209",
        "perihelion_distance" : ".8109307936052353",
        "perihelion_argument" : "261.4133042919115",
        "aphelion_distance" : "1.149753786120968",
        "perihelion_time" : "2457951.266702117017",
        "mean_anomaly" : "49.991526177977",
        "mean_motion" : "1.015400721211001",
        "equinox" : "J2000"
      }
    }, {
      "links" : {
        "self" : "https://api.nasa.gov/neo/rest/v1/neo/3662636?api_key=t0TVs3DtDT2H8Oy2Zy8m2eVrNsAVKAexjcZXUckd"
      },
      "neo_reference_id" : "3662636",
      "name" : "(2014 DH23)",
      "nasa_jpl_url" : "http://ssd.jpl.nasa.gov/sbdb.cgi?sstr=3662636",
      "absolute_magnitude_h" : 21.3,
      "estimated_diameter" : {
        "kilometers" : {
          "estimated_diameter_min" : 0.1460679643,
          "estimated_diameter_max" : 0.3266178974
        },
        "meters" : {
          "estimated_diameter_min" : 146.0679642714,
          "estimated_diameter_max" : 326.6178974458
        },
        "miles" : {
          "estimated_diameter_min" : 0.090762397,
          "estimated_diameter_max" : 0.2029508896
        },
        "feet" : {
          "estimated_diameter_min" : 479.2256199,
          "estimated_diameter_max" : 1071.581062656
        }
      },
      "is_potentially_hazardous_asteroid" : false,
      "close_approach_data" : [ {
        "close_approach_date" : "2005-02-15",
        "epoch_date_close_approach" : 1108454400000,
        "relative_velocity" : {
          "kilometers_per_second" : "14.4081666215",
          "kilometers_per_hour" : "51869.3998375004",
          "miles_per_hour" : "32229.6279156958"
        },
        "miss_distance" : {
          "astronomical" : "0.3920581729",
          "lunar" : "152.5106201172",
          "kilometers" : "58651068",
          "miles" : "36444084"
        },
        "orbiting_body" : "Earth"
      } ],
      "orbital_data" : {
        "orbit_id" : "20",
        "orbit_determination_date" : "2017-04-06 08:42:18",
        "orbit_uncertainty" : "0",
        "minimum_orbit_intersection" : ".28258",
        "jupiter_tisserand_invariant" : "3.566",
        "epoch_osculation" : "2458000.5",
        "eccentricity" : ".3948231884635338",
        "semi_major_axis" : "2.073542244218074",
        "inclination" : "24.39846820660764",
        "ascending_node_longitude" : "333.3312658024105",
        "orbital_period" : "1090.605687902159",
        "perihelion_distance" : "1.254859683942062",
        "perihelion_argument" : "160.3636469544654",
        "aphelion_distance" : "2.892224804494085",
        "perihelion_time" : "2457781.959795401589",
        "mean_anomaly" : "72.1383305883566",
        "mean_motion" : ".3300918049423344",
        "equinox" : "J2000"
      }
    }, {
      "links" : {
        "self" : "https://api.nasa.gov/neo/rest/v1/neo/3724645?api_key=t0TVs3DtDT2H8Oy2Zy8m2eVrNsAVKAexjcZXUckd"
      },
      "neo_reference_id" : "3724645",
      "name" : "(2015 OM35)",
      "nasa_jpl_url" : "http://ssd.jpl.nasa.gov/sbdb.cgi?sstr=3724645",
      "absolute_magnitude_h" : 22.1,
      "estimated_diameter" : {
        "kilometers" : {
          "estimated_diameter_min" : 0.1010543415,
          "estimated_diameter_max" : 0.2259643771
        },
        "meters" : {
          "estimated_diameter_min" : 101.054341542,
          "estimated_diameter_max" : 225.9643771094
        },
        "miles" : {
          "estimated_diameter_min" : 0.0627922373,
          "estimated_diameter_max" : 0.140407711
        },
        "feet" : {
          "estimated_diameter_min" : 331.5431259047,
          "estimated_diameter_max" : 741.3529669956
        }
      },
      "is_potentially_hazardous_asteroid" : false,
      "close_approach_data" : [ {
        "close_approach_date" : "2005-02-15",
        "epoch_date_close_approach" : 1108454400000,
        "relative_velocity" : {
          "kilometers_per_second" : "7.6669590314",
          "kilometers_per_hour" : "27601.052513063",
          "miles_per_hour" : "17150.220657353"
        },
        "miss_distance" : {
          "astronomical" : "0.2765711282",
          "lunar" : "107.5861663818",
          "kilometers" : "41374452",
          "miles" : "25708892"
        },
        "orbiting_body" : "Earth"
      } ],
      "orbital_data" : {
        "orbit_id" : "15",
        "orbit_determination_date" : "2017-04-06 08:32:40",
        "orbit_uncertainty" : "5",
        "minimum_orbit_intersection" : ".130496",
        "jupiter_tisserand_invariant" : "5.423",
        "epoch_osculation" : "2458000.5",
        "eccentricity" : ".03393085066214367",
        "semi_major_axis" : "1.152757872265612",
        "inclination" : "14.97734738642182",
        "ascending_node_longitude" : "297.9274854271929",
        "orbital_period" : "452.0698796324372",
        "perihelion_distance" : "1.113643817052157",
        "perihelion_argument" : "84.12317113574427",
        "aphelion_distance" : "1.191871927479067",
        "perihelion_time" : "2457775.421169242075",
        "mean_anomaly" : "179.2386149210707",
        "mean_motion" : ".7963370625194138",
        "equinox" : "J2000"
      }
    }, {
      "links" : {
        "self" : "https://api.nasa.gov/neo/rest/v1/neo/3742340?api_key=t0TVs3DtDT2H8Oy2Zy8m2eVrNsAVKAexjcZXUckd"
      },
      "neo_reference_id" : "3742340",
      "name" : "(2016 CJ136)",
      "nasa_jpl_url" : "http://ssd.jpl.nasa.gov/sbdb.cgi?sstr=3742340",
      "absolute_magnitude_h" : 21.6,
      "estimated_diameter" : {
        "kilometers" : {
          "estimated_diameter_min" : 0.1272198785,
          "estimated_diameter_max" : 0.2844722965
        },
        "meters" : {
          "estimated_diameter_min" : 127.2198785394,
          "estimated_diameter_max" : 284.4722965033
        },
        "miles" : {
          "estimated_diameter_min" : 0.0790507431,
          "estimated_diameter_max" : 0.1767628354
        },
        "feet" : {
          "estimated_diameter_min" : 417.3880663071,
          "estimated_diameter_max" : 933.3080892598
        }
      },
      "is_potentially_hazardous_asteroid" : false,
      "close_approach_data" : [ {
        "close_approach_date" : "2005-02-15",
        "epoch_date_close_approach" : 1108454400000,
        "relative_velocity" : {
          "kilometers_per_second" : "15.9090064597",
          "kilometers_per_hour" : "57272.4232548372",
          "miles_per_hour" : "35586.8565496515"
        },
        "miss_distance" : {
          "astronomical" : "0.3668972534",
          "lunar" : "142.7230377197",
          "kilometers" : "54887048",
          "miles" : "34105232"
        },
        "orbiting_body" : "Earth"
      } ],
      "orbital_data" : {
        "orbit_id" : "9",
        "orbit_determination_date" : "2017-04-06 08:28:30",
        "orbit_uncertainty" : "3",
        "minimum_orbit_intersection" : ".334879",
        "jupiter_tisserand_invariant" : "5.611",
        "epoch_osculation" : "2458000.5",
        "eccentricity" : ".3794037751586797",
        "semi_major_axis" : "1.066915003114141",
        "inclination" : "28.89741196620628",
        "ascending_node_longitude" : "127.2412920293152",
        "orbital_period" : "402.5252795534224",
        "perihelion_distance" : ".6621234231592017",
        "perihelion_argument" : "160.9155530730892",
        "aphelion_distance" : "1.471706583069081",
        "perihelion_time" : "2457965.658648468590",
        "mean_anomaly" : "31.1604939824478",
        "mean_motion" : ".8943537667979471",
        "equinox" : "J2000"
      }
    } ]
  }
}