{
  "links" : {
    "next" : "https://api.nasa.gov/neo/rest/v1/feed?start_date=1996-06-09&end_date=1996-06-09&detailed=true&api_key=t0TVs3DtDT2H8Oy2Zy8m2eVrNsAVKAexjcZXUckd",
    "prev" : "https://api.nasa.gov/neo/rest/v1/feed?start_date=1996-06-07&end_date=1996-06-07&detailed=true&api_key=t0TVs3DtDT2H8Oy2Zy8m2eVrNsAVKAexjcZXUckd",
    "self" : "https://api.nasa.gov/neo/rest/v1/feed?start_date=1996-06-08&end_date=1996-06-08&detailed=true&api_key=t0TVs3DtDT2H8Oy2Zy8m2eVrNsAVKAexjcZXUckd"
  },
  "element_count" : 6,
  "near_earth_objects" : {
    "1996-06-08" : [ {
      "links" : {
        "self" : "https://api.nasa.gov/neo/rest/v1/neo/2461353?api_key=t0TVs3DtDT2H8Oy2Zy8m2eVrNsAVKAexjcZXUckd"
      },
      "neo_reference_id" : "2461353",
      "name" : "461353 (1999 LS7)",
      "nasa_jpl_url" : "http://ssd.jpl.nasa.gov/sbdb.cgi?sstr=2461353",
      "absolute_magnitude_h" : 20.8,
      "estimated_diameter" : {
        "kilometers" : {
          "estimated_diameter_min" : 0.1838886721,
          "estimated_diameter_max" : 0.411187571
        },
        "meters" : {
          "estimated_diameter_min" : 183.8886720703,
          "estimated_diameter_max" : 411.1875710413
        },
        "miles" : {
          "estimated_diameter_min" : 0.1142630881,
          "estimated_diameter_max" : 0.2555000322
        },
        "feet" : {
          "estimated_diameter_min" : 603.309310875,
          "estimated_diameter_max" : 1349.040630575
        }
      },
      "is_potentially_hazardous_asteroid" : false,
      "close_approach_data" : [ {
        "close_approach_date" : "1996-06-08",
        "epoch_date_close_approach" : 834217200000,
        "relative_velocity" : {
          "kilometers_per_second" : "16.1739957352",
          "kilometers_per_hour" : "58226.3846467942",
          "miles_per_hour" : "36179.611060115"
        },
        "miss_distance" : {
          "astronomical" : "0.2051579936",
          "lunar" : "79.8064575195",
          "kilometers" : "30691200",
          "miles" : "19070628"
        },
        "orbiting_body" : "Earth"
      } ],
      "orbital_data" : {
        "orbit_id" : "22",
        "orbit_determination_date" : "2017-04-06 09:19:41",
        "orbit_uncertainty" : "0",
        "minimum_orbit_intersection" : ".0505078",
        "jupiter_tisserand_invariant" : "5.969",
        "epoch_osculation" : "2458000.5",
        "eccentricity" : ".3009269177868669",
        "semi_major_axis" : "1.010260010408667",
        "inclination" : "13.05216300682719",
        "ascending_node_longitude" : "252.3100536763927",
        "orbital_period" : "370.8926018059071",
        "perihelion_distance" : ".7062455793130589",
        "perihelion_argument" : "123.7544397406751",
        "aphelion_distance" : "1.314274441504276",
        "perihelion_time" : "2458102.132675240287",
        "mean_anomaly" : "261.3521356091909",
        "mean_motion" : ".9706313856009258",
        "equinox" : "J2000"
      }
    }, {
      "links" : {
        "self" : "https://api.nasa.gov/neo/rest/v1/neo/3367126?api_key=t0TVs3DtDT2H8Oy2Zy8m2eVrNsAVKAexjcZXUckd"
      },
      "neo_reference_id" : "3367126",
      "name" : "(2007 BX48)",
      "nasa_jpl_url" : "http://ssd.jpl.nasa.gov/sbdb.cgi?sstr=3367126",
      "absolute_magnitude_h" : 20.0,
      "estimated_diameter" : {
        "kilometers" : {
          "estimated_diameter_min" : 0.2658,
          "estimated_diameter_max" : 0.5943468684
        },
        "meters" : {
          "estimated_diameter_min" : 265.8,
          "estimated_diameter_max" : 594.3468684194
        },
        "miles" : {
          "estimated_diameter_min" : 0.1651604118,
          "estimated_diameter_max" : 0.369309908
        },
        "feet" : {
          "estimated_diameter_min" : 872.047272,
          "estimated_diameter_max" : 1949.9569797852
        }
      },
      "is_potentially_hazardous_asteroid" : false,
      "close_approach_data" : [ {
        "close_approach_date" : "1996-06-08",
        "epoch_date_close_approach" : 834217200000,
        "relative_velocity" : {
          "kilometers_per_second" : "13.8149566122",
          "kilometers_per_hour" : "49733.8438037659",
          "miles_per_hour" : "30902.6764457344"
        },
        "miss_distance" : {
          "astronomical" : "0.2209074601",
          "lunar" : "85.9330062866",
          "kilometers" : "33047286",
          "miles" : "20534632"
        },
        "orbiting_body" : "Earth"
      } ],
      "orbital_data" : {
        "orbit_id" : "17",
        "orbit_determination_date" : "2017-04-06 09:07:09",
        "orbit_uncertainty" : "0",
        "minimum_orbit_intersection" : ".12323",
        "jupiter_tisserand_invariant" : "4.684",
        "epoch_osculation" : "2457800.5",
        "eccentricity" : ".3596769637508818",
        "semi_major_axis" : "1.386424740179289",
        "inclination" : "14.81004941270922",
        "ascending_node_longitude" : "303.0626207535175",
        "orbital_period" : "596.269885918351",
        "perihelion_distance" : ".8877596991624968",
        "perihelion_argument" : "8.091928418666026",
        "aphelion_distance" : "1.885089781196081",
        "perihelion_time" : "2458030.228904889384",
        "mean_anomaly" : "221.3003813989307",
        "mean_motion" : ".6037534487349507",
        "equinox" : "J2000"
      }
    }, {
      "links" : {
        "self" : "https://api.nasa.gov/neo/rest/v1/neo/3461189?api_key=t0TVs3DtDT2H8Oy2Zy8m2eVrNsAVKAexjcZXUckd"
      },
      "neo_reference_id" : "3461189",
      "name" : "(2009 KE3)",
      "nasa_jpl_url" : "http://ssd.jpl.nasa.gov/sbdb.cgi?sstr=3461189",
      "absolute_magnitude_h" : 18.3,
      "estimated_diameter" : {
        "kilometers" : {
          "estimated_diameter_min" : 0.5815070396,
          "estimated_diameter_max" : 1.30028927
        },
        "meters" : {
          "estimated_diameter_min" : 581.5070396458,
          "estimated_diameter_max" : 1300.2892700427
        },
        "miles" : {
          "estimated_diameter_min" : 0.3613316107,
          "estimated_diameter_max" : 0.807962044
        },
        "feet" : {
          "estimated_diameter_min" : 1907.8315559515,
          "estimated_diameter_max" : 4266.0410487267
        }
      },
      "is_potentially_hazardous_asteroid" : true,
      "close_approach_data" : [ {
        "close_approach_date" : "1996-06-08",
        "epoch_date_close_approach" : 834217200000,
        "relative_velocity" : {
          "kilometers_per_second" : "21.9450477723",
          "kilometers_per_hour" : "79002.1719804298",
          "miles_per_hour" : "49088.8773619509"
        },
        "miss_distance" : {
          "astronomical" : "0.1914135479",
          "lunar" : "74.4598693848",
          "kilometers" : "28635060",
          "miles" : "17793002"
        },
        "orbiting_body" : "Earth"
      } ],
      "orbital_data" : {
        "orbit_id" : "27",
        "orbit_determination_date" : "2017-04-06 09:00:32",
        "orbit_uncertainty" : "0",
        "minimum_orbit_intersection" : ".031732",
        "jupiter_tisserand_invariant" : "2.962",
        "epoch_osculation" : "2458000.5",
        "eccentricity" : ".7023873092654048",
        "semi_major_axis" : "2.672459522139529",
        "inclination" : "5.852198107099878",
        "ascending_node_longitude" : "13.86004843130411",
        "orbital_period" : "1595.751020497633",
        "perihelion_distance" : ".7953578692632357",
        "perihelion_argument" : "319.815769237515",
        "aphelion_distance" : "4.549561175015823",
        "perihelion_time" : "2458203.923255742128",
        "mean_anomaly" : "314.107895826801",
        "mean_motion" : ".2255991037296873",
        "equinox" : "J2000"
      }
    }, {
      "links" : {
        "self" : "https://api.nasa.gov/neo/rest/v1/neo/3551168?api_key=t0TVs3DtDT2H8Oy2Zy8m2eVrNsAVKAexjcZXUckd"
      },
      "neo_reference_id" : "3551168",
      "name" : "(2010 VQ98)",
      "nasa_jpl_url" : "http://ssd.jpl.nasa.gov/sbdb.cgi?sstr=3551168",
      "absolute_magnitude_h" : 28.2,
      "estimated_diameter" : {
        "kilometers" : {
          "estimated_diameter_min" : 0.0060891262,
          "estimated_diameter_max" : 0.0136157002
        },
        "meters" : {
          "estimated_diameter_min" : 6.0891262211,
          "estimated_diameter_max" : 13.6157001539
        },
        "miles" : {
          "estimated_diameter_min" : 0.0037836064,
          "estimated_diameter_max" : 0.0084604012
        },
        "feet" : {
          "estimated_diameter_min" : 19.9774488711,
          "estimated_diameter_max" : 44.6709336928
        }
      },
      "is_potentially_hazardous_asteroid" : false,
      "close_approach_data" : [ {
        "close_approach_date" : "1996-06-08",
        "epoch_date_close_approach" : 834217200000,
        "relative_velocity" : {
          "kilometers_per_second" : "1.6960367341",
          "kilometers_per_hour" : "6105.7322427635",
          "miles_per_hour" : "3793.8645705105"
        },
        "miss_distance" : {
          "astronomical" : "0.0860046316",
          "lunar" : "33.4557991028",
          "kilometers" : "12866110",
          "miles" : "7994630"
        },
        "orbiting_body" : "Earth"
      } ],
      "orbital_data" : {
        "orbit_id" : "14",
        "orbit_determination_date" : "2017-04-06 08:55:47",
        "orbit_uncertainty" : "4",
        "minimum_orbit_intersection" : ".00510293",
        "jupiter_tisserand_invariant" : "5.972",
        "epoch_osculation" : "2458000.5",
        "eccentricity" : ".02714061853412457",
        "semi_major_axis" : "1.023172313369471",
        "inclination" : "1.475543069475834",
        "ascending_node_longitude" : "46.16888947884351",
        "orbital_period" : "378.0259352800659",
        "perihelion_distance" : ".9954027839176326",
        "perihelion_argument" : "341.7634317144447",
        "aphelion_distance" : "1.05094184282131",
        "perihelion_time" : "2458136.284575147264",
        "mean_anomaly" : "230.6902291854664",
        "mean_motion" : ".9523156122430829",
        "equinox" : "J2000"
      }
    }, {
      "links" : {
        "self" : "https://api.nasa.gov/neo/rest/v1/neo/3712623?api_key=t0TVs3DtDT2H8Oy2Zy8m2eVrNsAVKAexjcZXUckd"
      },
      "neo_reference_id" : "3712623",
      "name" : "(2015 DE200)",
      "nasa_jpl_url" : "http://ssd.jpl.nasa.gov/sbdb.cgi?sstr=3712623",
      "absolute_magnitude_h" : 20.1,
      "estimated_diameter" : {
        "kilometers" : {
          "estimated_diameter_min" : 0.2538370294,
          "estimated_diameter_max" : 0.5675968529
        },
        "meters" : {
          "estimated_diameter_min" : 253.8370293645,
          "estimated_diameter_max" : 567.5968528656
        },
        "miles" : {
          "estimated_diameter_min" : 0.1577269688,
          "estimated_diameter_max" : 0.3526882241
        },
        "feet" : {
          "estimated_diameter_min" : 832.7986794202,
          "estimated_diameter_max" : 1862.1944587557
        }
      },
      "is_potentially_hazardous_asteroid" : false,
      "close_approach_data" : [ {
        "close_approach_date" : "1996-06-08",
        "epoch_date_close_approach" : 834217200000,
        "relative_velocity" : {
          "kilometers_per_second" : "28.3012691476",
          "kilometers_per_hour" : "101884.5689313175",
          "miles_per_hour" : "63307.1089562401"
        },
        "miss_distance" : {
          "astronomical" : "0.4366222999",
          "lunar" : "169.8460693359",
          "kilometers" : "65317764",
          "miles" : "40586576"
        },
        "orbiting_body" : "Earth"
      } ],
      "orbital_data" : {
        "orbit_id" : "13",
        "orbit_determination_date" : "2017-04-06 08:35:19",
        "orbit_uncertainty" : "3",
        "minimum_orbit_intersection" : ".111019",
        "jupiter_tisserand_invariant" : "5.149",
        "epoch_osculation" : "2458000.5",
        "eccentricity" : ".5224580192325099",
        "semi_major_axis" : "1.188907372976294",
        "inclination" : "18.7085009644292",
        "ascending_node_longitude" : "320.7671557168186",
        "orbital_period" : "473.5005168139428",
        "perihelion_distance" : ".5677531818401726",
        "perihelion_argument" : "53.95142348338712",
        "aphelion_distance" : "1.810061564112416",
        "perihelion_time" : "2457864.767387314580",
        "mean_anomaly" : "103.1968051387614",
        "mean_motion" : ".76029484069488",
        "equinox" : "J2000"
      }
    }, {
      "links" : {
        "self" : "https://api.nasa.gov/neo/rest/v1/neo/2489453?api_key=t0TVs3DtDT2H8Oy2Zy8m2eVrNsAVKAexjcZXUckd"
      },
      "neo_reference_id" : "2489453",
      "name" : "489453 (2007 BX48)",
      "nasa_jpl_url" : "http://ssd.jpl.nasa.gov/sbdb.cgi?sstr=2489453",
      "absolute_magnitude_h" : 20.0,
      "estimated_diameter" : {
        "kilometers" : {
          "estimated_diameter_min" : 0.2658,
          "estimated_diameter_max" : 0.5943468684
        },
        "meters" : {
          "estimated_diameter_min" : 265.8,
          "estimated_diameter_max" : 594.3468684194
        },
        "miles" : {
          "estimated_diameter_min" : 0.1651604118,
          "estimated_diameter_max" : 0.369309908
        },
        "feet" : {
          "estimated_diameter_min" : 872.047272,
          "estimated_diameter_max" : 1949.9569797852
        }
      },
      "is_potentially_hazardous_asteroid" : false,
      "close_approach_data" : [ {
        "close_approach_date" : "1996-06-08",
        "epoch_date_close_approach" : 834217200000,
        "relative_velocity" : {
          "kilometers_per_second" : "13.8149565504",
          "kilometers_per_hour" : "49733.8435815458",
          "miles_per_hour" : "30902.6763076555"
        },
        "miss_distance" : {
          "astronomical" : "0.2209074602",
          "lunar" : "85.9330062866",
          "kilometers" : "33047286",
          "miles" : "20534632"
        },
        "orbiting_body" : "Earth"
      } ],
      "orbital_data" : {
        "orbit_id" : "18",
        "orbit_determination_date" : "2017-05-15 19:03:40",
        "orbit_uncertainty" : "0",
        "minimum_orbit_intersection" : ".12367",
        "jupiter_tisserand_invariant" : "4.684",
        "epoch_osculation" : "2458000.5",
        "eccentricity" : ".35959694337349",
        "semi_major_axis" : "1.38640189884179",
        "inclination" : "14.80908445882437",
        "ascending_node_longitude" : "303.0546491122842",
        "orbital_period" : "596.2551506659993",
        "perihelion_distance" : ".8878560137310797",
        "perihelion_argument" : "8.099011084757645",
        "aphelion_distance" : "1.8849477839525",
        "perihelion_time" : "2458030.238902741806",
        "mean_anomaly" : "342.0445911870249",
        "mean_motion" : ".6037683692927276",
        "equinox" : "J2000"
      }
    } ]
  }
}