{
  "links" : {
    "next" : "https://api.nasa.gov/neo/rest/v1/feed?start_date=2005-09-09&end_date=2005-09-09&detailed=true&api_key=t0TVs3DtDT2H8Oy2Zy8m2eVrNsAVKAexjcZXUckd",
    "prev" : "https://api.nasa.gov/neo/rest/v1/feed?start_date=2005-09-07&end_date=2005-09-07&detailed=true&api_key=t0TVs3DtDT2H8Oy2Zy8m2eVrNsAVKAexjcZXUckd",
    "self" : "https://api.nasa.gov/neo/rest/v1/feed?start_date=2005-09-08&end_date=2005-09-08&detailed=true&api_key=t0TVs3DtDT2H8Oy2Zy8m2eVrNsAVKAexjcZXUckd"
  },
  "element_count" : 6,
  "near_earth_objects" : {
    "2005-09-08" : [ {
      "links" : {
        "self" : "https://api.nasa.gov/neo/rest/v1/neo/3289174?api_key=t0TVs3DtDT2H8Oy2Zy8m2eVrNsAVKAexjcZXUckd"
      },
      "neo_reference_id" : "3289174",
      "name" : "(2005 QR87)",
      "nasa_jpl_url" : "http://ssd.jpl.nasa.gov/sbdb.cgi?sstr=3289174",
      "absolute_magnitude_h" : 20.4,
      "estimated_diameter" : {
        "kilometers" : {
          "estimated_diameter_min" : 0.2210828104,
          "estimated_diameter_max" : 0.4943561926
        },
        "meters" : {
          "estimated_diameter_min" : 221.0828103591,
          "estimated_diameter_max" : 494.3561926196
        },
        "miles" : {
          "estimated_diameter_min" : 0.137374447,
          "estimated_diameter_max" : 0.3071786018
        },
        "feet" : {
          "estimated_diameter_min" : 725.3373275385,
          "estimated_diameter_max" : 1621.9035709942
        }
      },
      "is_potentially_hazardous_asteroid" : false,
      "close_approach_data" : [ {
        "close_approach_date" : "2005-09-08",
        "epoch_date_close_approach" : 1126162800000,
        "relative_velocity" : {
          "kilometers_per_second" : "5.3373144253",
          "kilometers_per_hour" : "19214.3319311808",
          "miles_per_hour" : "11939.0386380162"
        },
        "miss_distance" : {
          "astronomical" : "0.2686408256",
          "lunar" : "104.5012741089",
          "kilometers" : "40188096",
          "miles" : "24971724"
        },
        "orbiting_body" : "Earth"
      } ],
      "orbital_data" : {
        "orbit_id" : "14",
        "orbit_determination_date" : "2017-04-06 09:10:36",
        "orbit_uncertainty" : "6",
        "minimum_orbit_intersection" : ".223034",
        "jupiter_tisserand_invariant" : "3.582",
        "epoch_osculation" : "2458000.5",
        "eccentricity" : ".4251108602076982",
        "semi_major_axis" : "2.136823788800732",
        "inclination" : "8.603676058265449",
        "ascending_node_longitude" : "354.07581988945",
        "orbital_period" : "1140.910276052506",
        "perihelion_distance" : "1.22843678983138",
        "perihelion_argument" : "346.1283976604147",
        "aphelion_distance" : "3.045210787770085",
        "perihelion_time" : "2458168.699775712478",
        "mean_anomaly" : "306.9266597667971",
        "mean_motion" : ".3155375208343135",
        "equinox" : "J2000"
      }
    }, {
      "links" : {
        "self" : "https://api.nasa.gov/neo/rest/v1/neo/3289177?api_key=t0TVs3DtDT2H8Oy2Zy8m2eVrNsAVKAexjcZXUckd"
      },
      "neo_reference_id" : "3289177",
      "name" : "(2005 RA)",
      "nasa_jpl_url" : "http://ssd.jpl.nasa.gov/sbdb.cgi?sstr=3289177",
      "absolute_magnitude_h" : 22.2,
      "estimated_diameter" : {
        "kilometers" : {
          "estimated_diameter_min" : 0.096506147,
          "estimated_diameter_max" : 0.2157943048
        },
        "meters" : {
          "estimated_diameter_min" : 96.5061469579,
          "estimated_diameter_max" : 215.7943048444
        },
        "miles" : {
          "estimated_diameter_min" : 0.059966121,
          "estimated_diameter_max" : 0.134088323
        },
        "feet" : {
          "estimated_diameter_min" : 316.6212271853,
          "estimated_diameter_max" : 707.9865871058
        }
      },
      "is_potentially_hazardous_asteroid" : false,
      "close_approach_data" : [ {
        "close_approach_date" : "2005-09-08",
        "epoch_date_close_approach" : 1126162800000,
        "relative_velocity" : {
          "kilometers_per_second" : "15.3266824047",
          "kilometers_per_hour" : "55176.0566568455",
          "miles_per_hour" : "34284.2558710271"
        },
        "miss_distance" : {
          "astronomical" : "0.0670067118",
          "lunar" : "26.065612793",
          "kilometers" : "10024062",
          "miles" : "6228663.5"
        },
        "orbiting_body" : "Earth"
      } ],
      "orbital_data" : {
        "orbit_id" : "10",
        "orbit_determination_date" : "2017-04-06 09:10:34",
        "orbit_uncertainty" : "8",
        "minimum_orbit_intersection" : ".0396553",
        "jupiter_tisserand_invariant" : "3.054",
        "epoch_osculation" : "2453615.5",
        "eccentricity" : ".6664825052611996",
        "semi_major_axis" : "2.595882223536596",
        "inclination" : "4.460568187519002",
        "ascending_node_longitude" : "321.899799608288",
        "orbital_period" : "1527.657172648939",
        "perihelion_distance" : ".8657721358309124",
        "perihelion_argument" : "80.2556776475418",
        "aphelion_distance" : "4.32599231124228",
        "perihelion_time" : "2453660.179109195587",
        "mean_anomaly" : "349.4711460147037",
        "mean_motion" : ".2356549666020711",
        "equinox" : "J2000"
      }
    }, {
      "links" : {
        "self" : "https://api.nasa.gov/neo/rest/v1/neo/3289351?api_key=t0TVs3DtDT2H8Oy2Zy8m2eVrNsAVKAexjcZXUckd"
      },
      "neo_reference_id" : "3289351",
      "name" : "(2005 RJ)",
      "nasa_jpl_url" : "http://ssd.jpl.nasa.gov/sbdb.cgi?sstr=3289351",
      "absolute_magnitude_h" : 22.3,
      "estimated_diameter" : {
        "kilometers" : {
          "estimated_diameter_min" : 0.0921626549,
          "estimated_diameter_max" : 0.2060819612
        },
        "meters" : {
          "estimated_diameter_min" : 92.1626548503,
          "estimated_diameter_max" : 206.0819612321
        },
        "miles" : {
          "estimated_diameter_min" : 0.057267201,
          "estimated_diameter_max" : 0.1280533543
        },
        "feet" : {
          "estimated_diameter_min" : 302.370924539,
          "estimated_diameter_max" : 676.1219416887
        }
      },
      "is_potentially_hazardous_asteroid" : false,
      "close_approach_data" : [ {
        "close_approach_date" : "2005-09-08",
        "epoch_date_close_approach" : 1126162800000,
        "relative_velocity" : {
          "kilometers_per_second" : "13.6870043643",
          "kilometers_per_hour" : "49273.2157114066",
          "miles_per_hour" : "30616.460062457"
        },
        "miss_distance" : {
          "astronomical" : "0.0477328891",
          "lunar" : "18.5680942535",
          "kilometers" : "7140738.5",
          "miles" : "4437049.5"
        },
        "orbiting_body" : "Earth"
      } ],
      "orbital_data" : {
        "orbit_id" : "7",
        "orbit_determination_date" : "2017-04-06 09:10:34",
        "orbit_uncertainty" : "8",
        "minimum_orbit_intersection" : ".0463391",
        "jupiter_tisserand_invariant" : "3.064",
        "epoch_osculation" : "2453617.5",
        "eccentricity" : ".6644816863244455",
        "semi_major_axis" : "2.578566916990027",
        "inclination" : "6.340204076308373",
        "ascending_node_longitude" : "141.4908004353794",
        "orbital_period" : "1512.397798160879",
        "perihelion_distance" : ".8651564236880674",
        "perihelion_argument" : "255.2103173924285",
        "aphelion_distance" : "4.291977410291987",
        "perihelion_time" : "2453658.384369963155",
        "mean_anomaly" : "350.26818658118",
        "mean_motion" : ".2380326131377412",
        "equinox" : "J2000"
      }
    }, {
      "links" : {
        "self" : "https://api.nasa.gov/neo/rest/v1/neo/2351545?api_key=t0TVs3DtDT2H8Oy2Zy8m2eVrNsAVKAexjcZXUckd"
      },
      "neo_reference_id" : "2351545",
      "name" : "351545 (2005 TE15)",
      "nasa_jpl_url" : "http://ssd.jpl.nasa.gov/sbdb.cgi?sstr=2351545",
      "absolute_magnitude_h" : 19.7,
      "estimated_diameter" : {
        "kilometers" : {
          "estimated_diameter_min" : 0.3051792326,
          "estimated_diameter_max" : 0.6824015094
        },
        "meters" : {
          "estimated_diameter_min" : 305.1792325939,
          "estimated_diameter_max" : 682.4015094011
        },
        "miles" : {
          "estimated_diameter_min" : 0.1896295249,
          "estimated_diameter_max" : 0.4240245083
        },
        "feet" : {
          "estimated_diameter_min" : 1001.2442334633,
          "estimated_diameter_max" : 2238.8501681036
        }
      },
      "is_potentially_hazardous_asteroid" : false,
      "close_approach_data" : [ {
        "close_approach_date" : "2005-09-08",
        "epoch_date_close_approach" : 1126162800000,
        "relative_velocity" : {
          "kilometers_per_second" : "14.2493260223",
          "kilometers_per_hour" : "51297.5736801533",
          "miles_per_hour" : "31874.3173792041"
        },
        "miss_distance" : {
          "astronomical" : "0.1544649409",
          "lunar" : "60.0868644714",
          "kilometers" : "23107628",
          "miles" : "14358414"
        },
        "orbiting_body" : "Earth"
      } ],
      "orbital_data" : {
        "orbit_id" : "57",
        "orbit_determination_date" : "2017-04-06 09:23:04",
        "orbit_uncertainty" : "0",
        "minimum_orbit_intersection" : ".0540166",
        "jupiter_tisserand_invariant" : "5.200",
        "epoch_osculation" : "2458000.5",
        "eccentricity" : ".3435878633518816",
        "semi_major_axis" : "1.204383373295431",
        "inclination" : "13.1296906029755",
        "ascending_node_longitude" : "10.90557199967333",
        "orbital_period" : "482.7758686460996",
        "perihelion_distance" : ".7905718634083221",
        "perihelion_argument" : "241.1677169343793",
        "aphelion_distance" : "1.618194883182539",
        "perihelion_time" : "2457899.556314359202",
        "mean_anomaly" : "75.27245910736735",
        "mean_motion" : ".7456876438534238",
        "equinox" : "J2000"
      }
    }, {
      "links" : {
        "self" : "https://api.nasa.gov/neo/rest/v1/neo/3648644?api_key=t0TVs3DtDT2H8Oy2Zy8m2eVrNsAVKAexjcZXUckd"
      },
      "neo_reference_id" : "3648644",
      "name" : "(2013 SK20)",
      "nasa_jpl_url" : "http://ssd.jpl.nasa.gov/sbdb.cgi?sstr=3648644",
      "absolute_magnitude_h" : 27.4,
      "estimated_diameter" : {
        "kilometers" : {
          "estimated_diameter_min" : 0.0088014652,
          "estimated_diameter_max" : 0.0196806745
        },
        "meters" : {
          "estimated_diameter_min" : 8.801465209,
          "estimated_diameter_max" : 19.6806745089
        },
        "miles" : {
          "estimated_diameter_min" : 0.0054689752,
          "estimated_diameter_max" : 0.0122290004
        },
        "feet" : {
          "estimated_diameter_min" : 28.8761991163,
          "estimated_diameter_max" : 64.5691441559
        }
      },
      "is_potentially_hazardous_asteroid" : false,
      "close_approach_data" : [ {
        "close_approach_date" : "2005-09-08",
        "epoch_date_close_approach" : 1126162800000,
        "relative_velocity" : {
          "kilometers_per_second" : "22.6348052793",
          "kilometers_per_hour" : "81485.2990053079",
          "miles_per_hour" : "50631.7959291592"
        },
        "miss_distance" : {
          "astronomical" : "0.3861536372",
          "lunar" : "150.213760376",
          "kilometers" : "57767764",
          "miles" : "35895224"
        },
        "orbiting_body" : "Earth"
      } ],
      "orbital_data" : {
        "orbit_id" : "5",
        "orbit_determination_date" : "2017-04-06 08:44:33",
        "orbit_uncertainty" : "7",
        "minimum_orbit_intersection" : ".00506322",
        "jupiter_tisserand_invariant" : "5.146",
        "epoch_osculation" : "2458000.5",
        "eccentricity" : ".3938628720996406",
        "semi_major_axis" : "1.221702752380359",
        "inclination" : "5.005409766416951",
        "ascending_node_longitude" : "2.44172296586679",
        "orbital_period" : "493.2269009731417",
        "perihelion_distance" : ".740519397475795",
        "perihelion_argument" : "88.97243794564429",
        "aphelion_distance" : "1.702886107284924",
        "perihelion_time" : "2458102.670100982159",
        "mean_anomaly" : "285.4273514258705",
        "mean_motion" : ".7298871965209448",
        "equinox" : "J2000"
      }
    }, {
      "links" : {
        "self" : "https://api.nasa.gov/neo/rest/v1/neo/3759000?api_key=t0TVs3DtDT2H8Oy2Zy8m2eVrNsAVKAexjcZXUckd"
      },
      "neo_reference_id" : "3759000",
      "name" : "(2016 RG17)",
      "nasa_jpl_url" : "http://ssd.jpl.nasa.gov/sbdb.cgi?sstr=3759000",
      "absolute_magnitude_h" : 23.0,
      "estimated_diameter" : {
        "kilometers" : {
          "estimated_diameter_min" : 0.0667659413,
          "estimated_diameter_max" : 0.1492931834
        },
        "meters" : {
          "estimated_diameter_min" : 66.7659413495,
          "estimated_diameter_max" : 149.2931834393
        },
        "miles" : {
          "estimated_diameter_min" : 0.0414864197,
          "estimated_diameter_max" : 0.0927664547
        },
        "feet" : {
          "estimated_diameter_min" : 219.0483710172,
          "estimated_diameter_max" : 489.807047955
        }
      },
      "is_potentially_hazardous_asteroid" : false,
      "close_approach_data" : [ {
        "close_approach_date" : "2005-09-08",
        "epoch_date_close_approach" : 1126162800000,
        "relative_velocity" : {
          "kilometers_per_second" : "21.1494543767",
          "kilometers_per_hour" : "76138.0357561934",
          "miles_per_hour" : "47309.2144952859"
        },
        "miss_distance" : {
          "astronomical" : "0.1090392069",
          "lunar" : "42.4162521362",
          "kilometers" : "16312034",
          "miles" : "10135828"
        },
        "orbiting_body" : "Earth"
      } ],
      "orbital_data" : {
        "orbit_id" : "10",
        "orbit_determination_date" : "2017-04-06 08:24:09",
        "orbit_uncertainty" : "6",
        "minimum_orbit_intersection" : ".0439429",
        "jupiter_tisserand_invariant" : "7.014",
        "epoch_osculation" : "2458000.5",
        "eccentricity" : ".5694000469726017",
        "semi_major_axis" : ".811473868237482",
        "inclination" : "21.98842648421686",
        "ascending_node_longitude" : "170.128530929548",
        "orbital_period" : "266.9993691112638",
        "perihelion_distance" : ".3494206095460209",
        "perihelion_argument" : "29.10615943808801",
        "aphelion_distance" : "1.273527126928943",
        "perihelion_time" : "2458100.848111036764",
        "mean_anomaly" : "224.6988564299537",
        "mean_motion" : "1.348317792653589",
        "equinox" : "J2000"
      }
    } ]
  }
}