{
  "links" : {
    "next" : "https://api.nasa.gov/neo/rest/v1/feed?start_date=2008-04-09&end_date=2008-04-09&detailed=true&api_key=t0TVs3DtDT2H8Oy2Zy8m2eVrNsAVKAexjcZXUckd",
    "prev" : "https://api.nasa.gov/neo/rest/v1/feed?start_date=2008-04-07&end_date=2008-04-07&detailed=true&api_key=t0TVs3DtDT2H8Oy2Zy8m2eVrNsAVKAexjcZXUckd",
    "self" : "https://api.nasa.gov/neo/rest/v1/feed?start_date=2008-04-08&end_date=2008-04-08&detailed=true&api_key=t0TVs3DtDT2H8Oy2Zy8m2eVrNsAVKAexjcZXUckd"
  },
  "element_count" : 5,
  "near_earth_objects" : {
    "2008-04-08" : [ {
      "links" : {
        "self" : "https://api.nasa.gov/neo/rest/v1/neo/3408699?api_key=t0TVs3DtDT2H8Oy2Zy8m2eVrNsAVKAexjcZXUckd"
      },
      "neo_reference_id" : "3408699",
      "name" : "(2008 GB21)",
      "nasa_jpl_url" : "http://ssd.jpl.nasa.gov/sbdb.cgi?sstr=3408699",
      "absolute_magnitude_h" : 25.9,
      "estimated_diameter" : {
        "kilometers" : {
          "estimated_diameter_min" : 0.0175612318,
          "estimated_diameter_max" : 0.0392681082
        },
        "meters" : {
          "estimated_diameter_min" : 17.561231848,
          "estimated_diameter_max" : 39.2681081809
        },
        "miles" : {
          "estimated_diameter_min" : 0.0109120402,
          "estimated_diameter_max" : 0.0244000636
        },
        "feet" : {
          "estimated_diameter_min" : 57.6155918963,
          "estimated_diameter_max" : 128.8323800441
        }
      },
      "is_potentially_hazardous_asteroid" : false,
      "close_approach_data" : [ {
        "close_approach_date" : "2008-04-08",
        "epoch_date_close_approach" : 1207638000000,
        "relative_velocity" : {
          "kilometers_per_second" : "9.9234965693",
          "kilometers_per_hour" : "35724.5876493184",
          "miles_per_hour" : "22197.8694757668"
        },
        "miss_distance" : {
          "astronomical" : "0.0066225493",
          "lunar" : "2.5761716366",
          "kilometers" : "990719.25",
          "miles" : "615604.4375"
        },
        "orbiting_body" : "Earth"
      } ],
      "orbital_data" : {
        "orbit_id" : "12",
        "orbit_determination_date" : "2017-04-06 09:03:43",
        "orbit_uncertainty" : "7",
        "minimum_orbit_intersection" : ".00240893",
        "jupiter_tisserand_invariant" : "4.528",
        "epoch_osculation" : "2458000.5",
        "eccentricity" : ".4140114253739099",
        "semi_major_axis" : "1.459899726202533",
        "inclination" : "1.501514081734427",
        "ascending_node_longitude" : "192.2516949009735",
        "orbital_period" : "644.2923392629168",
        "perihelion_distance" : ".8554845596544415",
        "perihelion_argument" : "305.764387033251",
        "aphelion_distance" : "2.064314892750624",
        "perihelion_time" : "2457741.053541700090",
        "mean_anomaly" : "144.9663751936267",
        "mean_motion" : ".558752569387752",
        "equinox" : "J2000"
      }
    }, {
      "links" : {
        "self" : "https://api.nasa.gov/neo/rest/v1/neo/3408697?api_key=t0TVs3DtDT2H8Oy2Zy8m2eVrNsAVKAexjcZXUckd"
      },
      "neo_reference_id" : "3408697",
      "name" : "(2008 GU20)",
      "nasa_jpl_url" : "http://ssd.jpl.nasa.gov/sbdb.cgi?sstr=3408697",
      "absolute_magnitude_h" : 22.9,
      "estimated_diameter" : {
        "kilometers" : {
          "estimated_diameter_min" : 0.0699125232,
          "estimated_diameter_max" : 0.1563291544
        },
        "meters" : {
          "estimated_diameter_min" : 69.9125232246,
          "estimated_diameter_max" : 156.3291544087
        },
        "miles" : {
          "estimated_diameter_min" : 0.0434416145,
          "estimated_diameter_max" : 0.097138403
        },
        "feet" : {
          "estimated_diameter_min" : 229.3718026961,
          "estimated_diameter_max" : 512.8909429502
        }
      },
      "is_potentially_hazardous_asteroid" : false,
      "close_approach_data" : [ {
        "close_approach_date" : "2008-04-08",
        "epoch_date_close_approach" : 1207638000000,
        "relative_velocity" : {
          "kilometers_per_second" : "4.8333744688",
          "kilometers_per_hour" : "17400.1480877966",
          "miles_per_hour" : "10811.7753493312"
        },
        "miss_distance" : {
          "astronomical" : "0.1380233013",
          "lunar" : "53.6910629272",
          "kilometers" : "20647992",
          "miles" : "12830068"
        },
        "orbiting_body" : "Earth"
      } ],
      "orbital_data" : {
        "orbit_id" : "24",
        "orbit_determination_date" : "2017-04-06 09:03:43",
        "orbit_uncertainty" : "0",
        "minimum_orbit_intersection" : ".134009",
        "jupiter_tisserand_invariant" : "3.807",
        "epoch_osculation" : "2458000.5",
        "eccentricity" : ".4115852083718057",
        "semi_major_axis" : "1.924463470761617",
        "inclination" : "5.610369055748167",
        "ascending_node_longitude" : "203.5169069055555",
        "orbital_period" : "975.1309363231719",
        "perihelion_distance" : "1.132382772144268",
        "perihelion_argument" : "349.6552844608141",
        "aphelion_distance" : "2.716544169378965",
        "perihelion_time" : "2458459.924690598895",
        "mean_anomaly" : "190.389045763195",
        "mean_motion" : ".36918119053572",
        "equinox" : "J2000"
      }
    }, {
      "links" : {
        "self" : "https://api.nasa.gov/neo/rest/v1/neo/3471976?api_key=t0TVs3DtDT2H8Oy2Zy8m2eVrNsAVKAexjcZXUckd"
      },
      "neo_reference_id" : "3471976",
      "name" : "(2009 TD17)",
      "nasa_jpl_url" : "http://ssd.jpl.nasa.gov/sbdb.cgi?sstr=3471976",
      "absolute_magnitude_h" : 27.7,
      "estimated_diameter" : {
        "kilometers" : {
          "estimated_diameter_min" : 0.0076657557,
          "estimated_diameter_max" : 0.0171411509
        },
        "meters" : {
          "estimated_diameter_min" : 7.6657557353,
          "estimated_diameter_max" : 17.1411509231
        },
        "miles" : {
          "estimated_diameter_min" : 0.0047632783,
          "estimated_diameter_max" : 0.0106510141
        },
        "feet" : {
          "estimated_diameter_min" : 25.1501180466,
          "estimated_diameter_max" : 56.2373735944
        }
      },
      "is_potentially_hazardous_asteroid" : false,
      "close_approach_data" : [ {
        "close_approach_date" : "2008-04-08",
        "epoch_date_close_approach" : 1207638000000,
        "relative_velocity" : {
          "kilometers_per_second" : "14.9462381672",
          "kilometers_per_hour" : "53806.4574020496",
          "miles_per_hour" : "33433.2401562902"
        },
        "miss_distance" : {
          "astronomical" : "0.2824010372",
          "lunar" : "109.8539962769",
          "kilometers" : "42246592",
          "miles" : "26250816"
        },
        "orbiting_body" : "Earth"
      } ],
      "orbital_data" : {
        "orbit_id" : "6",
        "orbit_determination_date" : "2017-04-06 08:59:36",
        "orbit_uncertainty" : "7",
        "minimum_orbit_intersection" : ".000237267",
        "jupiter_tisserand_invariant" : "5.526",
        "epoch_osculation" : "2458000.5",
        "eccentricity" : ".2200000019715874",
        "semi_major_axis" : "1.126798091359249",
        "inclination" : ".07846879720065604",
        "ascending_node_longitude" : "217.9966609025289",
        "orbital_period" : "436.8854496469854",
        "perihelion_distance" : ".8789025090386334",
        "perihelion_argument" : "83.1436168892526",
        "aphelion_distance" : "1.374693673679865",
        "perihelion_time" : "2458110.531389314449",
        "mean_anomaly" : "269.3325259854533",
        "mean_motion" : ".8240146250942648",
        "equinox" : "J2000"
      }
    }, {
      "links" : {
        "self" : "https://api.nasa.gov/neo/rest/v1/neo/3648863?api_key=t0TVs3DtDT2H8Oy2Zy8m2eVrNsAVKAexjcZXUckd"
      },
      "neo_reference_id" : "3648863",
      "name" : "(2013 TS5)",
      "nasa_jpl_url" : "http://ssd.jpl.nasa.gov/sbdb.cgi?sstr=3648863",
      "absolute_magnitude_h" : 19.2,
      "estimated_diameter" : {
        "kilometers" : {
          "estimated_diameter_min" : 0.3841978911,
          "estimated_diameter_max" : 0.8590926012
        },
        "meters" : {
          "estimated_diameter_min" : 384.1978910643,
          "estimated_diameter_max" : 859.0926012318
        },
        "miles" : {
          "estimated_diameter_min" : 0.2387294278,
          "estimated_diameter_max" : 0.5338152287
        },
        "feet" : {
          "estimated_diameter_min" : 1260.4918089193,
          "estimated_diameter_max" : 2818.5453698252
        }
      },
      "is_potentially_hazardous_asteroid" : false,
      "close_approach_data" : [ {
        "close_approach_date" : "2008-04-08",
        "epoch_date_close_approach" : 1207638000000,
        "relative_velocity" : {
          "kilometers_per_second" : "38.3181942939",
          "kilometers_per_hour" : "137945.4994580713",
          "miles_per_hour" : "85713.9688160444"
        },
        "miss_distance" : {
          "astronomical" : "0.4141553882",
          "lunar" : "161.1064453125",
          "kilometers" : "61956764",
          "miles" : "38498148"
        },
        "orbiting_body" : "Earth"
      } ],
      "orbital_data" : {
        "orbit_id" : "23",
        "orbit_determination_date" : "2017-09-19 06:48:16",
        "orbit_uncertainty" : "2",
        "minimum_orbit_intersection" : ".41255",
        "jupiter_tisserand_invariant" : "5.164",
        "epoch_osculation" : "2458000.5",
        "eccentricity" : ".4882591805304692",
        "semi_major_axis" : "1.108398943527283",
        "inclination" : "54.31121512367606",
        "ascending_node_longitude" : "195.5829111999242",
        "orbital_period" : "426.2285941455231",
        "perihelion_distance" : ".5672129836598141",
        "perihelion_argument" : "336.3292528540757",
        "aphelion_distance" : "1.649584903394752",
        "perihelion_time" : "2457964.324512889369",
        "mean_anomaly" : "30.55443848373244",
        "mean_motion" : ".84461719590096",
        "equinox" : "J2000"
      }
    }, {
      "links" : {
        "self" : "https://api.nasa.gov/neo/rest/v1/neo/3683396?api_key=t0TVs3DtDT2H8Oy2Zy8m2eVrNsAVKAexjcZXUckd"
      },
      "neo_reference_id" : "3683396",
      "name" : "(2014 QQ266)",
      "nasa_jpl_url" : "http://ssd.jpl.nasa.gov/sbdb.cgi?sstr=3683396",
      "absolute_magnitude_h" : 20.6,
      "estimated_diameter" : {
        "kilometers" : {
          "estimated_diameter_min" : 0.2016299194,
          "estimated_diameter_max" : 0.4508582062
        },
        "meters" : {
          "estimated_diameter_min" : 201.6299194428,
          "estimated_diameter_max" : 450.8582061718
        },
        "miles" : {
          "estimated_diameter_min" : 0.1252869847,
          "estimated_diameter_max" : 0.2801502144
        },
        "feet" : {
          "estimated_diameter_min" : 661.5155049046,
          "estimated_diameter_max" : 1479.1936371367
        }
      },
      "is_potentially_hazardous_asteroid" : false,
      "close_approach_data" : [ {
        "close_approach_date" : "2008-04-08",
        "epoch_date_close_approach" : 1207638000000,
        "relative_velocity" : {
          "kilometers_per_second" : "36.293737275",
          "kilometers_per_hour" : "130657.4541900068",
          "miles_per_hour" : "81185.4609104518"
        },
        "miss_distance" : {
          "astronomical" : "0.3797956717",
          "lunar" : "147.7405090332",
          "kilometers" : "56816624",
          "miles" : "35304212"
        },
        "orbiting_body" : "Earth"
      } ],
      "orbital_data" : {
        "orbit_id" : "10",
        "orbit_determination_date" : "2017-04-06 08:39:11",
        "orbit_uncertainty" : "7",
        "minimum_orbit_intersection" : ".155957",
        "jupiter_tisserand_invariant" : "4.276",
        "epoch_osculation" : "2458000.5",
        "eccentricity" : ".5976203308551612",
        "semi_major_axis" : "1.410300625095287",
        "inclination" : "45.33449189399465",
        "ascending_node_longitude" : "352.4489213785865",
        "orbital_period" : "611.7387262520264",
        "perihelion_distance" : ".5674762989206009",
        "perihelion_argument" : "116.5899582510668",
        "aphelion_distance" : "2.253124951269973",
        "perihelion_time" : "2458203.203303062582",
        "mean_anomaly" : "240.7118366535031",
        "mean_motion" : ".5884865295444544",
        "equinox" : "J2000"
      }
    } ]
  }
}