{
  "links" : {
    "next" : "https://api.nasa.gov/neo/rest/v1/feed?start_date=1999-04-09&end_date=1999-04-09&detailed=true&api_key=t0TVs3DtDT2H8Oy2Zy8m2eVrNsAVKAexjcZXUckd",
    "prev" : "https://api.nasa.gov/neo/rest/v1/feed?start_date=1999-04-07&end_date=1999-04-07&detailed=true&api_key=t0TVs3DtDT2H8Oy2Zy8m2eVrNsAVKAexjcZXUckd",
    "self" : "https://api.nasa.gov/neo/rest/v1/feed?start_date=1999-04-08&end_date=1999-04-08&detailed=true&api_key=t0TVs3DtDT2H8Oy2Zy8m2eVrNsAVKAexjcZXUckd"
  },
  "element_count" : 9,
  "near_earth_objects" : {
    "1999-04-08" : [ {
      "links" : {
        "self" : "https://api.nasa.gov/neo/rest/v1/neo/2038071?api_key=t0TVs3DtDT2H8Oy2Zy8m2eVrNsAVKAexjcZXUckd"
      },
      "neo_reference_id" : "2038071",
      "name" : "38071 (1999 GU3)",
      "nasa_jpl_url" : "http://ssd.jpl.nasa.gov/sbdb.cgi?sstr=2038071",
      "absolute_magnitude_h" : 19.6,
      "estimated_diameter" : {
        "kilometers" : {
          "estimated_diameter_min" : 0.3195618867,
          "estimated_diameter_max" : 0.7145621017
        },
        "meters" : {
          "estimated_diameter_min" : 319.5618867213,
          "estimated_diameter_max" : 714.5621017269
        },
        "miles" : {
          "estimated_diameter_min" : 0.1985664891,
          "estimated_diameter_max" : 0.4440081677
        },
        "feet" : {
          "estimated_diameter_min" : 1048.4314204307,
          "estimated_diameter_max" : 2344.3639258298
        }
      },
      "is_potentially_hazardous_asteroid" : true,
      "close_approach_data" : [ {
        "close_approach_date" : "1999-04-08",
        "epoch_date_close_approach" : 923554800000,
        "relative_velocity" : {
          "kilometers_per_second" : "9.7548797822",
          "kilometers_per_hour" : "35117.5672160072",
          "miles_per_hour" : "21820.6905848574"
        },
        "miss_distance" : {
          "astronomical" : "0.0294571455",
          "lunar" : "11.4588298798",
          "kilometers" : "4406726.5",
          "miles" : "2738212.75"
        },
        "orbiting_body" : "Earth"
      } ],
      "orbital_data" : {
        "orbit_id" : "50",
        "orbit_determination_date" : "2017-04-06 09:29:13",
        "orbit_uncertainty" : "0",
        "minimum_orbit_intersection" : ".0340999",
        "jupiter_tisserand_invariant" : "3.555",
        "epoch_osculation" : "2458000.5",
        "eccentricity" : ".506925183120001",
        "semi_major_axis" : "2.089908841716992",
        "inclination" : "12.73067735562992",
        "ascending_node_longitude" : "195.5340695008015",
        "orbital_period" : "1103.543461405568",
        "perihelion_distance" : "1.030481419425497",
        "perihelion_argument" : "8.809067275447671",
        "aphelion_distance" : "3.149336264008487",
        "perihelion_time" : "2457896.757637437663",
        "mean_anomaly" : "33.8430264222424",
        "mean_motion" : ".3262218594829722",
        "equinox" : "J2000"
      }
    }, {
      "links" : {
        "self" : "https://api.nasa.gov/neo/rest/v1/neo/2065733?api_key=t0TVs3DtDT2H8Oy2Zy8m2eVrNsAVKAexjcZXUckd"
      },
      "neo_reference_id" : "2065733",
      "name" : "65733 (1993 PC)",
      "nasa_jpl_url" : "http://ssd.jpl.nasa.gov/sbdb.cgi?sstr=2065733",
      "absolute_magnitude_h" : 18.4,
      "estimated_diameter" : {
        "kilometers" : {
          "estimated_diameter_min" : 0.5553349116,
          "estimated_diameter_max" : 1.2417666126
        },
        "meters" : {
          "estimated_diameter_min" : 555.334911581,
          "estimated_diameter_max" : 1241.766612574
        },
        "miles" : {
          "estimated_diameter_min" : 0.3450690093,
          "estimated_diameter_max" : 0.7715977618
        },
        "feet" : {
          "estimated_diameter_min" : 1821.9649913114,
          "estimated_diameter_max" : 4074.0375731972
        }
      },
      "is_potentially_hazardous_asteroid" : false,
      "close_approach_data" : [ {
        "close_approach_date" : "1999-04-08",
        "epoch_date_close_approach" : 923554800000,
        "relative_velocity" : {
          "kilometers_per_second" : "11.858580375",
          "kilometers_per_hour" : "42690.8893499161",
          "miles_per_hour" : "26526.4584407854"
        },
        "miss_distance" : {
          "astronomical" : "0.3131420639",
          "lunar" : "121.8122634888",
          "kilometers" : "46845384",
          "miles" : "29108374"
        },
        "orbiting_body" : "Earth"
      } ],
      "orbital_data" : {
        "orbit_id" : "92",
        "orbit_determination_date" : "2017-04-06 09:28:56",
        "orbit_uncertainty" : "0",
        "minimum_orbit_intersection" : ".06596",
        "jupiter_tisserand_invariant" : "5.338",
        "epoch_osculation" : "2458000.5",
        "eccentricity" : ".474092197151463",
        "semi_major_axis" : "1.153595920482586",
        "inclination" : "4.159055139811398",
        "ascending_node_longitude" : "337.201487192213",
        "orbital_period" : "452.5629474491103",
        "perihelion_distance" : ".6066850959160323",
        "perihelion_argument" : "168.4434071495038",
        "aphelion_distance" : "1.700506745049139",
        "perihelion_time" : "2458039.817014875772",
        "mean_anomaly" : "328.7245157053662",
        "mean_motion" : ".7954694524356332",
        "equinox" : "J2000"
      }
    }, {
      "links" : {
        "self" : "https://api.nasa.gov/neo/rest/v1/neo/2252793?api_key=t0TVs3DtDT2H8Oy2Zy8m2eVrNsAVKAexjcZXUckd"
      },
      "neo_reference_id" : "2252793",
      "name" : "252793 (2002 FW5)",
      "nasa_jpl_url" : "http://ssd.jpl.nasa.gov/sbdb.cgi?sstr=2252793",
      "absolute_magnitude_h" : 19.2,
      "estimated_diameter" : {
        "kilometers" : {
          "estimated_diameter_min" : 0.3841978911,
          "estimated_diameter_max" : 0.8590926012
        },
        "meters" : {
          "estimated_diameter_min" : 384.1978910643,
          "estimated_diameter_max" : 859.0926012318
        },
        "miles" : {
          "estimated_diameter_min" : 0.2387294278,
          "estimated_diameter_max" : 0.5338152287
        },
        "feet" : {
          "estimated_diameter_min" : 1260.4918089193,
          "estimated_diameter_max" : 2818.5453698252
        }
      },
      "is_potentially_hazardous_asteroid" : false,
      "close_approach_data" : [ {
        "close_approach_date" : "1999-04-08",
        "epoch_date_close_approach" : 923554800000,
        "relative_velocity" : {
          "kilometers_per_second" : "22.1710711163",
          "kilometers_per_hour" : "79815.8560188308",
          "miles_per_hour" : "49594.4689801452"
        },
        "miss_distance" : {
          "astronomical" : "0.400386288",
          "lunar" : "155.7502593994",
          "kilometers" : "59896936",
          "miles" : "37218228"
        },
        "orbiting_body" : "Earth"
      } ],
      "orbital_data" : {
        "orbit_id" : "93",
        "orbit_determination_date" : "2017-05-11 06:16:47",
        "orbit_uncertainty" : "0",
        "minimum_orbit_intersection" : ".224056",
        "jupiter_tisserand_invariant" : "4.633",
        "epoch_osculation" : "2458000.5",
        "eccentricity" : ".2177546520742673",
        "semi_major_axis" : "1.314899411148717",
        "inclination" : "46.44804088166741",
        "ascending_node_longitude" : "21.75193980628714",
        "orbital_period" : "550.7280834938044",
        "perihelion_distance" : "1.028573947361369",
        "perihelion_argument" : "85.46625051491108",
        "aphelion_distance" : "1.601224874936064",
        "perihelion_time" : "2457765.854510609301",
        "mean_anomaly" : "153.3830917878041",
        "mean_motion" : ".6536801205345649",
        "equinox" : "J2000"
      }
    }, {
      "links" : {
        "self" : "https://api.nasa.gov/neo/rest/v1/neo/3002856?api_key=t0TVs3DtDT2H8Oy2Zy8m2eVrNsAVKAexjcZXUckd"
      },
      "neo_reference_id" : "3002856",
      "name" : "(1991 GO)",
      "nasa_jpl_url" : "http://ssd.jpl.nasa.gov/sbdb.cgi?sstr=3002856",
      "absolute_magnitude_h" : 20.0,
      "estimated_diameter" : {
        "kilometers" : {
          "estimated_diameter_min" : 0.2658,
          "estimated_diameter_max" : 0.5943468684
        },
        "meters" : {
          "estimated_diameter_min" : 265.8,
          "estimated_diameter_max" : 594.3468684194
        },
        "miles" : {
          "estimated_diameter_min" : 0.1651604118,
          "estimated_diameter_max" : 0.369309908
        },
        "feet" : {
          "estimated_diameter_min" : 872.047272,
          "estimated_diameter_max" : 1949.9569797852
        }
      },
      "is_potentially_hazardous_asteroid" : true,
      "close_approach_data" : [ {
        "close_approach_date" : "1999-04-08",
        "epoch_date_close_approach" : 923554800000,
        "relative_velocity" : {
          "kilometers_per_second" : "19.8954860722",
          "kilometers_per_hour" : "71623.7498598055",
          "miles_per_hour" : "44504.2127948331"
        },
        "miss_distance" : {
          "astronomical" : "0.0552931475",
          "lunar" : "21.5090332031",
          "kilometers" : "8271737",
          "miles" : "5139819"
        },
        "orbiting_body" : "Earth"
      } ],
      "orbital_data" : {
        "orbit_id" : "25",
        "orbit_determination_date" : "2017-04-06 09:18:25",
        "orbit_uncertainty" : "0",
        "minimum_orbit_intersection" : ".0254032",
        "jupiter_tisserand_invariant" : "3.609",
        "epoch_osculation" : "2458000.5",
        "eccentricity" : ".6541250187167202",
        "semi_major_axis" : "1.92611661680593",
        "inclination" : "9.555632639332142",
        "ascending_node_longitude" : "24.14926091422981",
        "orbital_period" : "976.3876865935516",
        "perihelion_distance" : ".6661955487871652",
        "perihelion_argument" : "89.58499675734092",
        "aphelion_distance" : "3.186037684824695",
        "perihelion_time" : "2458065.428369248125",
        "mean_anomaly" : "336.0605205798184",
        "mean_motion" : ".3687060016661803",
        "equinox" : "J2000"
      }
    }, {
      "links" : {
        "self" : "https://api.nasa.gov/neo/rest/v1/neo/3249141?api_key=t0TVs3DtDT2H8Oy2Zy8m2eVrNsAVKAexjcZXUckd"
      },
      "neo_reference_id" : "3249141",
      "name" : "(2004 PJ2)",
      "nasa_jpl_url" : "http://ssd.jpl.nasa.gov/sbdb.cgi?sstr=3249141",
      "absolute_magnitude_h" : 21.4,
      "estimated_diameter" : {
        "kilometers" : {
          "estimated_diameter_min" : 0.1394938229,
          "estimated_diameter_max" : 0.3119176705
        },
        "meters" : {
          "estimated_diameter_min" : 139.4938229344,
          "estimated_diameter_max" : 311.9176705226
        },
        "miles" : {
          "estimated_diameter_min" : 0.0866774163,
          "estimated_diameter_max" : 0.1938165949
        },
        "feet" : {
          "estimated_diameter_min" : 457.6569140361,
          "estimated_diameter_max" : 1023.3519701574
        }
      },
      "is_potentially_hazardous_asteroid" : true,
      "close_approach_data" : [ {
        "close_approach_date" : "1999-04-08",
        "epoch_date_close_approach" : 923554800000,
        "relative_velocity" : {
          "kilometers_per_second" : "7.1169308225",
          "kilometers_per_hour" : "25620.9509609238",
          "miles_per_hour" : "15919.8625568029"
        },
        "miss_distance" : {
          "astronomical" : "0.0425178017",
          "lunar" : "16.5394248962",
          "kilometers" : "6360572.5",
          "miles" : "3952276.5"
        },
        "orbiting_body" : "Earth"
      } ],
      "orbital_data" : {
        "orbit_id" : "25",
        "orbit_determination_date" : "2017-04-06 09:12:32",
        "orbit_uncertainty" : "0",
        "minimum_orbit_intersection" : ".0232584",
        "jupiter_tisserand_invariant" : "4.649",
        "epoch_osculation" : "2458000.5",
        "eccentricity" : ".3420472127755808",
        "semi_major_axis" : "1.418251361187888",
        "inclination" : "2.577362651119874",
        "ascending_node_longitude" : "317.1984175092555",
        "orbital_period" : "616.9191342583106",
        "perihelion_distance" : ".9331424360783972",
        "perihelion_argument" : "281.6296875842709",
        "aphelion_distance" : "1.903360286297378",
        "perihelion_time" : "2458091.811598519671",
        "mean_anomaly" : "306.7155845204863",
        "mean_motion" : ".5835448764817598",
        "equinox" : "J2000"
      }
    }, {
      "links" : {
        "self" : "https://api.nasa.gov/neo/rest/v1/neo/3307228?api_key=t0TVs3DtDT2H8Oy2Zy8m2eVrNsAVKAexjcZXUckd"
      },
      "neo_reference_id" : "3307228",
      "name" : "(2005 XT77)",
      "nasa_jpl_url" : "http://ssd.jpl.nasa.gov/sbdb.cgi?sstr=3307228",
      "absolute_magnitude_h" : 21.2,
      "estimated_diameter" : {
        "kilometers" : {
          "estimated_diameter_min" : 0.1529519353,
          "estimated_diameter_max" : 0.3420109247
        },
        "meters" : {
          "estimated_diameter_min" : 152.9519353442,
          "estimated_diameter_max" : 342.0109247198
        },
        "miles" : {
          "estimated_diameter_min" : 0.095039897,
          "estimated_diameter_max" : 0.2125156703
        },
        "feet" : {
          "estimated_diameter_min" : 501.8108275547,
          "estimated_diameter_max" : 1122.0831222578
        }
      },
      "is_potentially_hazardous_asteroid" : true,
      "close_approach_data" : [ {
        "close_approach_date" : "1999-04-08",
        "epoch_date_close_approach" : 923554800000,
        "relative_velocity" : {
          "kilometers_per_second" : "12.6891822513",
          "kilometers_per_hour" : "45681.0561045997",
          "miles_per_hour" : "28384.4317778831"
        },
        "miss_distance" : {
          "astronomical" : "0.4201400655",
          "lunar" : "163.4344787598",
          "kilometers" : "62852060",
          "miles" : "39054460"
        },
        "orbiting_body" : "Earth"
      } ],
      "orbital_data" : {
        "orbit_id" : "26",
        "orbit_determination_date" : "2017-04-06 09:09:38",
        "orbit_uncertainty" : "0",
        "minimum_orbit_intersection" : ".0278008",
        "jupiter_tisserand_invariant" : "6.927",
        "epoch_osculation" : "2458000.5",
        "eccentricity" : ".2662892490503571",
        "semi_major_axis" : ".8410412387622234",
        "inclination" : "17.21951849748949",
        "ascending_node_longitude" : "84.81940399453119",
        "orbital_period" : "281.7243356844349",
        "perihelion_distance" : ".6170809988718489",
        "perihelion_argument" : "149.9371528936231",
        "aphelion_distance" : "1.065001478652598",
        "perihelion_time" : "2458052.316455126139",
        "mean_anomaly" : "293.7866081036588",
        "mean_motion" : "1.277844880263532",
        "equinox" : "J2000"
      }
    }, {
      "links" : {
        "self" : "https://api.nasa.gov/neo/rest/v1/neo/3521439?api_key=t0TVs3DtDT2H8Oy2Zy8m2eVrNsAVKAexjcZXUckd"
      },
      "neo_reference_id" : "3521439",
      "name" : "(2010 JN71)",
      "nasa_jpl_url" : "http://ssd.jpl.nasa.gov/sbdb.cgi?sstr=3521439",
      "absolute_magnitude_h" : 21.4,
      "estimated_diameter" : {
        "kilometers" : {
          "estimated_diameter_min" : 0.1394938229,
          "estimated_diameter_max" : 0.3119176705
        },
        "meters" : {
          "estimated_diameter_min" : 139.4938229344,
          "estimated_diameter_max" : 311.9176705226
        },
        "miles" : {
          "estimated_diameter_min" : 0.0866774163,
          "estimated_diameter_max" : 0.1938165949
        },
        "feet" : {
          "estimated_diameter_min" : 457.6569140361,
          "estimated_diameter_max" : 1023.3519701574
        }
      },
      "is_potentially_hazardous_asteroid" : true,
      "close_approach_data" : [ {
        "close_approach_date" : "1999-04-08",
        "epoch_date_close_approach" : 923554800000,
        "relative_velocity" : {
          "kilometers_per_second" : "21.7715302728",
          "kilometers_per_hour" : "78377.5089821545",
          "miles_per_hour" : "48700.7360672726"
        },
        "miss_distance" : {
          "astronomical" : "0.4223383893",
          "lunar" : "164.289642334",
          "kilometers" : "63180924",
          "miles" : "39258808"
        },
        "orbiting_body" : "Earth"
      } ],
      "orbital_data" : {
        "orbit_id" : "30",
        "orbit_determination_date" : "2017-04-06 08:57:32",
        "orbit_uncertainty" : "4",
        "minimum_orbit_intersection" : ".0301536",
        "jupiter_tisserand_invariant" : "3.225",
        "epoch_osculation" : "2458000.5",
        "eccentricity" : ".5890104509181365",
        "semi_major_axis" : "2.38338455045401",
        "inclination" : "17.72463542097761",
        "ascending_node_longitude" : "62.45369493087398",
        "orbital_period" : "1343.970099315442",
        "perihelion_distance" : ".9795461416797735",
        "perihelion_argument" : "185.5527088047169",
        "aphelion_distance" : "3.787222959228247",
        "perihelion_time" : "2458040.570910809232",
        "mean_anomaly" : "349.2664815246477",
        "mean_motion" : ".2678631021503886",
        "equinox" : "J2000"
      }
    }, {
      "links" : {
        "self" : "https://api.nasa.gov/neo/rest/v1/neo/3728574?api_key=t0TVs3DtDT2H8Oy2Zy8m2eVrNsAVKAexjcZXUckd"
      },
      "neo_reference_id" : "3728574",
      "name" : "(2015 SZ2)",
      "nasa_jpl_url" : "http://ssd.jpl.nasa.gov/sbdb.cgi?sstr=3728574",
      "absolute_magnitude_h" : 25.4,
      "estimated_diameter" : {
        "kilometers" : {
          "estimated_diameter_min" : 0.022108281,
          "estimated_diameter_max" : 0.0494356193
        },
        "meters" : {
          "estimated_diameter_min" : 22.1082810359,
          "estimated_diameter_max" : 49.435619262
        },
        "miles" : {
          "estimated_diameter_min" : 0.0137374447,
          "estimated_diameter_max" : 0.0307178602
        },
        "feet" : {
          "estimated_diameter_min" : 72.5337327539,
          "estimated_diameter_max" : 162.1903570994
        }
      },
      "is_potentially_hazardous_asteroid" : false,
      "close_approach_data" : [ {
        "close_approach_date" : "1999-04-08",
        "epoch_date_close_approach" : 923554800000,
        "relative_velocity" : {
          "kilometers_per_second" : "7.0395313287",
          "kilometers_per_hour" : "25342.312783166",
          "miles_per_hour" : "15746.7276290733"
        },
        "miss_distance" : {
          "astronomical" : "0.3885754066",
          "lunar" : "151.1558380127",
          "kilometers" : "58130052",
          "miles" : "36120340"
        },
        "orbiting_body" : "Earth"
      } ],
      "orbital_data" : {
        "orbit_id" : "21",
        "orbit_determination_date" : "2017-04-06 08:31:47",
        "orbit_uncertainty" : "3",
        "minimum_orbit_intersection" : ".00340549",
        "jupiter_tisserand_invariant" : "5.262",
        "epoch_osculation" : "2458000.5",
        "eccentricity" : ".2414735678313192",
        "semi_major_axis" : "1.200965093352444",
        "inclination" : "4.293687954384653",
        "ascending_node_longitude" : "184.1117586334794",
        "orbital_period" : "480.7220065532712",
        "perihelion_distance" : ".9109637674197556",
        "perihelion_argument" : "240.424437574643",
        "aphelion_distance" : "1.490966419285132",
        "perihelion_time" : "2457825.567378027079",
        "mean_anomaly" : "131.0024152249269",
        "mean_motion" : ".7488735591307002",
        "equinox" : "J2000"
      }
    }, {
      "links" : {
        "self" : "https://api.nasa.gov/neo/rest/v1/neo/3748491?api_key=t0TVs3DtDT2H8Oy2Zy8m2eVrNsAVKAexjcZXUckd"
      },
      "neo_reference_id" : "3748491",
      "name" : "(2016 FZ13)",
      "nasa_jpl_url" : "http://ssd.jpl.nasa.gov/sbdb.cgi?sstr=3748491",
      "absolute_magnitude_h" : 28.3,
      "estimated_diameter" : {
        "kilometers" : {
          "estimated_diameter_min" : 0.0058150704,
          "estimated_diameter_max" : 0.0130028927
        },
        "meters" : {
          "estimated_diameter_min" : 5.8150703965,
          "estimated_diameter_max" : 13.0028927004
        },
        "miles" : {
          "estimated_diameter_min" : 0.0036133161,
          "estimated_diameter_max" : 0.0080796204
        },
        "feet" : {
          "estimated_diameter_min" : 19.0783155595,
          "estimated_diameter_max" : 42.6604104873
        }
      },
      "is_potentially_hazardous_asteroid" : false,
      "close_approach_data" : [ {
        "close_approach_date" : "1999-04-08",
        "epoch_date_close_approach" : 923554800000,
        "relative_velocity" : {
          "kilometers_per_second" : "17.2079315894",
          "kilometers_per_hour" : "61948.5537217349",
          "miles_per_hour" : "38492.4221722635"
        },
        "miss_distance" : {
          "astronomical" : "0.4367126187",
          "lunar" : "169.8812103271",
          "kilometers" : "65331280",
          "miles" : "40594976"
        },
        "orbiting_body" : "Earth"
      } ],
      "orbital_data" : {
        "orbit_id" : "6",
        "orbit_determination_date" : "2017-04-06 08:27:04",
        "orbit_uncertainty" : "5",
        "minimum_orbit_intersection" : ".00287885",
        "jupiter_tisserand_invariant" : "6.350",
        "epoch_osculation" : "2458000.5",
        "eccentricity" : ".1500440481200807",
        "semi_major_axis" : ".9443167844455939",
        "inclination" : "4.178320885585729",
        "ascending_node_longitude" : "183.8807483291052",
        "orbital_period" : "335.1776026349116",
        "perihelion_distance" : ".8026276713996393",
        "perihelion_argument" : "238.5916642560412",
        "aphelion_distance" : "1.086005897491548",
        "perihelion_time" : "2458043.687276256392",
        "mean_anomaly" : "313.6143843440638",
        "mean_motion" : "1.074057446470031",
        "equinox" : "J2000"
      }
    } ]
  }
}