{
  "links" : {
    "next" : "https://api.nasa.gov/neo/rest/v1/feed?start_date=1998-08-16&end_date=1998-08-16&detailed=true&api_key=t0TVs3DtDT2H8Oy2Zy8m2eVrNsAVKAexjcZXUckd",
    "prev" : "https://api.nasa.gov/neo/rest/v1/feed?start_date=1998-08-14&end_date=1998-08-14&detailed=true&api_key=t0TVs3DtDT2H8Oy2Zy8m2eVrNsAVKAexjcZXUckd",
    "self" : "https://api.nasa.gov/neo/rest/v1/feed?start_date=1998-08-15&end_date=1998-08-15&detailed=true&api_key=t0TVs3DtDT2H8Oy2Zy8m2eVrNsAVKAexjcZXUckd"
  },
  "element_count" : 7,
  "near_earth_objects" : {
    "1998-08-15" : [ {
      "links" : {
        "self" : "https://api.nasa.gov/neo/rest/v1/neo/2141851?api_key=t0TVs3DtDT2H8Oy2Zy8m2eVrNsAVKAexjcZXUckd"
      },
      "neo_reference_id" : "2141851",
      "name" : "141851 (2002 PM6)",
      "nasa_jpl_url" : "http://ssd.jpl.nasa.gov/sbdb.cgi?sstr=2141851",
      "absolute_magnitude_h" : 17.7,
      "estimated_diameter" : {
        "kilometers" : {
          "estimated_diameter_min" : 0.7665755735,
          "estimated_diameter_max" : 1.7141150923
        },
        "meters" : {
          "estimated_diameter_min" : 766.5755735311,
          "estimated_diameter_max" : 1714.1150923063
        },
        "miles" : {
          "estimated_diameter_min" : 0.4763278307,
          "estimated_diameter_max" : 1.065101409
        },
        "feet" : {
          "estimated_diameter_min" : 2515.0118046636,
          "estimated_diameter_max" : 5623.7373594423
        }
      },
      "is_potentially_hazardous_asteroid" : true,
      "close_approach_data" : [ {
        "close_approach_date" : "1998-08-15",
        "epoch_date_close_approach" : 903164400000,
        "relative_velocity" : {
          "kilometers_per_second" : "40.0952185366",
          "kilometers_per_hour" : "144342.7867316887",
          "miles_per_hour" : "89688.9943444762"
        },
        "miss_distance" : {
          "astronomical" : "0.3007125865",
          "lunar" : "116.9771957397",
          "kilometers" : "44985964",
          "miles" : "27952982"
        },
        "orbiting_body" : "Earth"
      } ],
      "orbital_data" : {
        "orbit_id" : "96",
        "orbit_determination_date" : "2017-09-25 06:51:52",
        "orbit_uncertainty" : "0",
        "minimum_orbit_intersection" : ".0379183",
        "jupiter_tisserand_invariant" : "4.821",
        "epoch_osculation" : "2458000.5",
        "eccentricity" : ".8501086318748257",
        "semi_major_axis" : "1.19791953382273",
        "inclination" : "19.17587248676405",
        "ascending_node_longitude" : "304.1391675426631",
        "orbital_period" : "478.8945526435303",
        "perihelion_distance" : ".17955779782856",
        "perihelion_argument" : "224.397532585538",
        "aphelion_distance" : "2.216281269816899",
        "perihelion_time" : "2458191.098380397518",
        "mean_anomaly" : "216.7212415252068",
        "mean_motion" : ".7517312485865116",
        "equinox" : "J2000"
      }
    }, {
      "links" : {
        "self" : "https://api.nasa.gov/neo/rest/v1/neo/2190788?api_key=t0TVs3DtDT2H8Oy2Zy8m2eVrNsAVKAexjcZXUckd"
      },
      "neo_reference_id" : "2190788",
      "name" : "190788 (2001 RT17)",
      "nasa_jpl_url" : "http://ssd.jpl.nasa.gov/sbdb.cgi?sstr=2190788",
      "absolute_magnitude_h" : 18.3,
      "estimated_diameter" : {
        "kilometers" : {
          "estimated_diameter_min" : 0.5815070396,
          "estimated_diameter_max" : 1.30028927
        },
        "meters" : {
          "estimated_diameter_min" : 581.5070396458,
          "estimated_diameter_max" : 1300.2892700427
        },
        "miles" : {
          "estimated_diameter_min" : 0.3613316107,
          "estimated_diameter_max" : 0.807962044
        },
        "feet" : {
          "estimated_diameter_min" : 1907.8315559515,
          "estimated_diameter_max" : 4266.0410487267
        }
      },
      "is_potentially_hazardous_asteroid" : false,
      "close_approach_data" : [ {
        "close_approach_date" : "1998-08-15",
        "epoch_date_close_approach" : 903164400000,
        "relative_velocity" : {
          "kilometers_per_second" : "26.2922561118",
          "kilometers_per_hour" : "94652.1220026233",
          "miles_per_hour" : "58813.1476965745"
        },
        "miss_distance" : {
          "astronomical" : "0.1754732103",
          "lunar" : "68.2590789795",
          "kilometers" : "26250420",
          "miles" : "16311254"
        },
        "orbiting_body" : "Earth"
      } ],
      "orbital_data" : {
        "orbit_id" : "53",
        "orbit_determination_date" : "2017-09-22 06:51:10",
        "orbit_uncertainty" : "0",
        "minimum_orbit_intersection" : ".162295",
        "jupiter_tisserand_invariant" : "4.669",
        "epoch_osculation" : "2458000.5",
        "eccentricity" : ".7921510393363974",
        "semi_major_axis" : "1.268242754890387",
        "inclination" : "20.11251766924048",
        "ascending_node_longitude" : "350.023651095654",
        "orbital_period" : "521.6773869658924",
        "perihelion_distance" : ".2636029384731111",
        "perihelion_argument" : "199.5898463465008",
        "aphelion_distance" : "2.272882571307663",
        "perihelion_time" : "2457774.022174224594",
        "mean_anomaly" : "156.2881951877221",
        "mean_motion" : ".6900816654020255",
        "equinox" : "J2000"
      }
    }, {
      "links" : {
        "self" : "https://api.nasa.gov/neo/rest/v1/neo/2450894?api_key=t0TVs3DtDT2H8Oy2Zy8m2eVrNsAVKAexjcZXUckd"
      },
      "neo_reference_id" : "2450894",
      "name" : "450894 (2008 BT18)",
      "nasa_jpl_url" : "http://ssd.jpl.nasa.gov/sbdb.cgi?sstr=2450894",
      "absolute_magnitude_h" : 18.3,
      "estimated_diameter" : {
        "kilometers" : {
          "estimated_diameter_min" : 0.5815070396,
          "estimated_diameter_max" : 1.30028927
        },
        "meters" : {
          "estimated_diameter_min" : 581.5070396458,
          "estimated_diameter_max" : 1300.2892700427
        },
        "miles" : {
          "estimated_diameter_min" : 0.3613316107,
          "estimated_diameter_max" : 0.807962044
        },
        "feet" : {
          "estimated_diameter_min" : 1907.8315559515,
          "estimated_diameter_max" : 4266.0410487267
        }
      },
      "is_potentially_hazardous_asteroid" : true,
      "close_approach_data" : [ {
        "close_approach_date" : "1998-08-15",
        "epoch_date_close_approach" : 903164400000,
        "relative_velocity" : {
          "kilometers_per_second" : "25.6490374255",
          "kilometers_per_hour" : "92336.5347319613",
          "miles_per_hour" : "57374.3318172012"
        },
        "miss_distance" : {
          "astronomical" : "0.4510195646",
          "lunar" : "175.4466094971",
          "kilometers" : "67471568",
          "miles" : "41924888"
        },
        "orbiting_body" : "Earth"
      } ],
      "orbital_data" : {
        "orbit_id" : "67",
        "orbit_determination_date" : "2017-04-06 09:20:09",
        "orbit_uncertainty" : "0",
        "minimum_orbit_intersection" : ".0108398",
        "jupiter_tisserand_invariant" : "3.383",
        "epoch_osculation" : "2458000.5",
        "eccentricity" : ".5935203654340239",
        "semi_major_axis" : "2.221578812619061",
        "inclination" : "8.133827451369825",
        "ascending_node_longitude" : "107.6663814115061",
        "orbital_period" : "1209.458620024305",
        "perihelion_distance" : ".9030265439129112",
        "perihelion_argument" : "139.2819533841841",
        "aphelion_distance" : "3.540131081325211",
        "perihelion_time" : "2458254.208832292466",
        "mean_anomaly" : "284.482592365622",
        "mean_motion" : ".2976538378739784",
        "equinox" : "J2000"
      }
    }, {
      "links" : {
        "self" : "https://api.nasa.gov/neo/rest/v1/neo/3092285?api_key=t0TVs3DtDT2H8Oy2Zy8m2eVrNsAVKAexjcZXUckd"
      },
      "neo_reference_id" : "3092285",
      "name" : "(2001 BE16)",
      "nasa_jpl_url" : "http://ssd.jpl.nasa.gov/sbdb.cgi?sstr=3092285",
      "absolute_magnitude_h" : 19.8,
      "estimated_diameter" : {
        "kilometers" : {
          "estimated_diameter_min" : 0.2914439045,
          "estimated_diameter_max" : 0.6516883822
        },
        "meters" : {
          "estimated_diameter_min" : 291.4439045349,
          "estimated_diameter_max" : 651.6883821679
        },
        "miles" : {
          "estimated_diameter_min" : 0.1810947904,
          "estimated_diameter_max" : 0.4049402617
        },
        "feet" : {
          "estimated_diameter_min" : 956.1808197541,
          "estimated_diameter_max" : 2138.0853117517
        }
      },
      "is_potentially_hazardous_asteroid" : false,
      "close_approach_data" : [ {
        "close_approach_date" : "1998-08-15",
        "epoch_date_close_approach" : 903164400000,
        "relative_velocity" : {
          "kilometers_per_second" : "30.8205003804",
          "kilometers_per_hour" : "110953.8013693162",
          "miles_per_hour" : "68942.3773008398"
        },
        "miss_distance" : {
          "astronomical" : "0.3796583031",
          "lunar" : "147.6870880127",
          "kilometers" : "56796076",
          "miles" : "35291444"
        },
        "orbiting_body" : "Earth"
      } ],
      "orbital_data" : {
        "orbit_id" : "20",
        "orbit_determination_date" : "2017-04-06 09:16:34",
        "orbit_uncertainty" : "1",
        "minimum_orbit_intersection" : ".0627794",
        "jupiter_tisserand_invariant" : "4.841",
        "epoch_osculation" : "2458000.5",
        "eccentricity" : ".4039449816849848",
        "semi_major_axis" : "1.255014133935024",
        "inclination" : "39.38494381565249",
        "ascending_node_longitude" : "121.9286975545135",
        "orbital_period" : "513.5365417557296",
        "perihelion_distance" : ".7480574725882437",
        "perihelion_argument" : "106.1492459633498",
        "aphelion_distance" : "1.761970795281805",
        "perihelion_time" : "2458183.830098926757",
        "mean_anomaly" : "231.481715034359",
        "mean_motion" : ".7010211946538339",
        "equinox" : "J2000"
      }
    }, {
      "links" : {
        "self" : "https://api.nasa.gov/neo/rest/v1/neo/3144143?api_key=t0TVs3DtDT2H8Oy2Zy8m2eVrNsAVKAexjcZXUckd"
      },
      "neo_reference_id" : "3144143",
      "name" : "(2002 XT4)",
      "nasa_jpl_url" : "http://ssd.jpl.nasa.gov/sbdb.cgi?sstr=3144143",
      "absolute_magnitude_h" : 24.0,
      "estimated_diameter" : {
        "kilometers" : {
          "estimated_diameter_min" : 0.0421264611,
          "estimated_diameter_max" : 0.0941976306
        },
        "meters" : {
          "estimated_diameter_min" : 42.1264610556,
          "estimated_diameter_max" : 94.1976305719
        },
        "miles" : {
          "estimated_diameter_min" : 0.0261761612,
          "estimated_diameter_max" : 0.0585316759
        },
        "feet" : {
          "estimated_diameter_min" : 138.2101784897,
          "estimated_diameter_max" : 309.0473542854
        }
      },
      "is_potentially_hazardous_asteroid" : false,
      "close_approach_data" : [ {
        "close_approach_date" : "1998-08-15",
        "epoch_date_close_approach" : 903164400000,
        "relative_velocity" : {
          "kilometers_per_second" : "12.1897264108",
          "kilometers_per_hour" : "43883.0150787169",
          "miles_per_hour" : "27267.1990082172"
        },
        "miss_distance" : {
          "astronomical" : "0.1816115837",
          "lunar" : "70.6469039917",
          "kilometers" : "27168706",
          "miles" : "16881852"
        },
        "orbiting_body" : "Earth"
      } ],
      "orbital_data" : {
        "orbit_id" : "10",
        "orbit_determination_date" : "2017-04-06 09:14:34",
        "orbit_uncertainty" : "7",
        "minimum_orbit_intersection" : ".0190557",
        "jupiter_tisserand_invariant" : "4.232",
        "epoch_osculation" : "2458000.5",
        "eccentricity" : ".4228334993955715",
        "semi_major_axis" : "1.60936023205004",
        "inclination" : "7.510363242387514",
        "ascending_node_longitude" : "67.29229688331937",
        "orbital_period" : "745.724351551602",
        "perihelion_distance" : ".9288688133442529",
        "perihelion_argument" : "313.2191595906609",
        "aphelion_distance" : "2.289851650755828",
        "perihelion_time" : "2457792.667387097285",
        "mean_anomaly" : "100.3316312378732",
        "mean_motion" : ".4827521043814123",
        "equinox" : "J2000"
      }
    }, {
      "links" : {
        "self" : "https://api.nasa.gov/neo/rest/v1/neo/3605664?api_key=t0TVs3DtDT2H8Oy2Zy8m2eVrNsAVKAexjcZXUckd"
      },
      "neo_reference_id" : "3605664",
      "name" : "(2012 LT7)",
      "nasa_jpl_url" : "http://ssd.jpl.nasa.gov/sbdb.cgi?sstr=3605664",
      "absolute_magnitude_h" : 19.0,
      "estimated_diameter" : {
        "kilometers" : {
          "estimated_diameter_min" : 0.4212646106,
          "estimated_diameter_max" : 0.9419763057
        },
        "meters" : {
          "estimated_diameter_min" : 421.2646105562,
          "estimated_diameter_max" : 941.9763057186
        },
        "miles" : {
          "estimated_diameter_min" : 0.2617616123,
          "estimated_diameter_max" : 0.5853167591
        },
        "feet" : {
          "estimated_diameter_min" : 1382.1017848971,
          "estimated_diameter_max" : 3090.4735428537
        }
      },
      "is_potentially_hazardous_asteroid" : false,
      "close_approach_data" : [ {
        "close_approach_date" : "1998-08-15",
        "epoch_date_close_approach" : 903164400000,
        "relative_velocity" : {
          "kilometers_per_second" : "23.9865255761",
          "kilometers_per_hour" : "86351.4920740129",
          "miles_per_hour" : "53655.459061211"
        },
        "miss_distance" : {
          "astronomical" : "0.4859390245",
          "lunar" : "189.0302734375",
          "kilometers" : "72695448",
          "miles" : "45170856"
        },
        "orbiting_body" : "Earth"
      } ],
      "orbital_data" : {
        "orbit_id" : "19",
        "orbit_determination_date" : "2017-04-06 08:49:36",
        "orbit_uncertainty" : "1",
        "minimum_orbit_intersection" : ".455459",
        "jupiter_tisserand_invariant" : "5.258",
        "epoch_osculation" : "2458000.5",
        "eccentricity" : ".7602477576049493",
        "semi_major_axis" : "1.079450892677719",
        "inclination" : "42.24984777515083",
        "ascending_node_longitude" : "111.9263519427043",
        "orbital_period" : "409.6403811846392",
        "perihelion_distance" : ".2588007720748222",
        "perihelion_argument" : "358.5128505919012",
        "aphelion_distance" : "1.900101013280615",
        "perihelion_time" : "2458073.112870717807",
        "mean_anomaly" : "296.1863852806351",
        "mean_motion" : ".8788196099195977",
        "equinox" : "J2000"
      }
    }, {
      "links" : {
        "self" : "https://api.nasa.gov/neo/rest/v1/neo/3755203?api_key=t0TVs3DtDT2H8Oy2Zy8m2eVrNsAVKAexjcZXUckd"
      },
      "neo_reference_id" : "3755203",
      "name" : "(2016 NT22)",
      "nasa_jpl_url" : "http://ssd.jpl.nasa.gov/sbdb.cgi?sstr=3755203",
      "absolute_magnitude_h" : 19.5,
      "estimated_diameter" : {
        "kilometers" : {
          "estimated_diameter_min" : 0.3346223745,
          "estimated_diameter_max" : 0.7482383761
        },
        "meters" : {
          "estimated_diameter_min" : 334.6223744549,
          "estimated_diameter_max" : 748.2383760735
        },
        "miles" : {
          "estimated_diameter_min" : 0.2079246394,
          "estimated_diameter_max" : 0.464933628
        },
        "feet" : {
          "estimated_diameter_min" : 1097.8424710066,
          "estimated_diameter_max" : 2454.8503937571
        }
      },
      "is_potentially_hazardous_asteroid" : true,
      "close_approach_data" : [ {
        "close_approach_date" : "1998-08-15",
        "epoch_date_close_approach" : 903164400000,
        "relative_velocity" : {
          "kilometers_per_second" : "28.0191018508",
          "kilometers_per_hour" : "100868.7666630539",
          "miles_per_hour" : "62675.9289301626"
        },
        "miss_distance" : {
          "astronomical" : "0.1195602135",
          "lunar" : "46.5089225769",
          "kilometers" : "17885954",
          "miles" : "11113816"
        },
        "orbiting_body" : "Earth"
      } ],
      "orbital_data" : {
        "orbit_id" : "9",
        "orbit_determination_date" : "2017-04-06 08:25:05",
        "orbit_uncertainty" : "5",
        "minimum_orbit_intersection" : ".0126644",
        "jupiter_tisserand_invariant" : "4.637",
        "epoch_osculation" : "2458000.5",
        "eccentricity" : ".8703048673966332",
        "semi_major_axis" : "1.245516149261899",
        "inclination" : "17.75270921345073",
        "ascending_node_longitude" : "315.8750237727837",
        "orbital_period" : "507.7178955587087",
        "perihelion_distance" : ".1615373821381569",
        "perihelion_argument" : "146.1402616015721",
        "aphelion_distance" : "2.329494916385642",
        "perihelion_time" : "2458193.228189779128",
        "mean_anomaly" : "223.3450801568934",
        "mean_motion" : ".7090551724670739",
        "equinox" : "J2000"
      }
    } ]
  }
}