{
  "links" : {
    "next" : "https://api.nasa.gov/neo/rest/v1/feed?start_date=2008-01-23&end_date=2008-01-23&detailed=true&api_key=t0TVs3DtDT2H8Oy2Zy8m2eVrNsAVKAexjcZXUckd",
    "prev" : "https://api.nasa.gov/neo/rest/v1/feed?start_date=2008-01-21&end_date=2008-01-21&detailed=true&api_key=t0TVs3DtDT2H8Oy2Zy8m2eVrNsAVKAexjcZXUckd",
    "self" : "https://api.nasa.gov/neo/rest/v1/feed?start_date=2008-01-22&end_date=2008-01-22&detailed=true&api_key=t0TVs3DtDT2H8Oy2Zy8m2eVrNsAVKAexjcZXUckd"
  },
  "element_count" : 5,
  "near_earth_objects" : {
    "2008-01-22" : [ {
      "links" : {
        "self" : "https://api.nasa.gov/neo/rest/v1/neo/2101869?api_key=t0TVs3DtDT2H8Oy2Zy8m2eVrNsAVKAexjcZXUckd"
      },
      "neo_reference_id" : "2101869",
      "name" : "101869 (1999 MM)",
      "nasa_jpl_url" : "http://ssd.jpl.nasa.gov/sbdb.cgi?sstr=2101869",
      "absolute_magnitude_h" : 19.3,
      "estimated_diameter" : {
        "kilometers" : {
          "estimated_diameter_min" : 0.3669061375,
          "estimated_diameter_max" : 0.8204270649
        },
        "meters" : {
          "estimated_diameter_min" : 366.9061375314,
          "estimated_diameter_max" : 820.4270648822
        },
        "miles" : {
          "estimated_diameter_min" : 0.2279848336,
          "estimated_diameter_max" : 0.5097895857
        },
        "feet" : {
          "estimated_diameter_min" : 1203.7603322587,
          "estimated_diameter_max" : 2691.6899315481
        }
      },
      "is_potentially_hazardous_asteroid" : true,
      "close_approach_data" : [ {
        "close_approach_date" : "2008-01-22",
        "epoch_date_close_approach" : 1200988800000,
        "relative_velocity" : {
          "kilometers_per_second" : "26.9702145757",
          "kilometers_per_hour" : "97092.7724725499",
          "miles_per_hour" : "60329.6729844019"
        },
        "miss_distance" : {
          "astronomical" : "0.2927721316",
          "lunar" : "113.8883666992",
          "kilometers" : "43798088",
          "miles" : "27214872"
        },
        "orbiting_body" : "Earth"
      } ],
      "orbital_data" : {
        "orbit_id" : "57",
        "orbit_determination_date" : "2017-04-06 09:28:11",
        "orbit_uncertainty" : "0",
        "minimum_orbit_intersection" : ".00157423",
        "jupiter_tisserand_invariant" : "4.085",
        "epoch_osculation" : "2458000.5",
        "eccentricity" : ".6109913983258557",
        "semi_major_axis" : "1.624329416336865",
        "inclination" : "4.764200329639301",
        "ascending_node_longitude" : "110.9782392510845",
        "orbital_period" : "756.1528457429033",
        "perihelion_distance" : ".6318781149073827",
        "perihelion_argument" : "268.7702787155998",
        "aphelion_distance" : "2.616780717766347",
        "perihelion_time" : "2458221.642309836644",
        "mean_anomaly" : "254.7154242830685",
        "mean_motion" : ".4760942209326847",
        "equinox" : "J2000"
      }
    }, {
      "links" : {
        "self" : "https://api.nasa.gov/neo/rest/v1/neo/2350964?api_key=t0TVs3DtDT2H8Oy2Zy8m2eVrNsAVKAexjcZXUckd"
      },
      "neo_reference_id" : "2350964",
      "name" : "350964 (2003 BT35)",
      "nasa_jpl_url" : "http://ssd.jpl.nasa.gov/sbdb.cgi?sstr=2350964",
      "absolute_magnitude_h" : 18.6,
      "estimated_diameter" : {
        "kilometers" : {
          "estimated_diameter_min" : 0.5064714588,
          "estimated_diameter_max" : 1.1325046106
        },
        "meters" : {
          "estimated_diameter_min" : 506.4714588346,
          "estimated_diameter_max" : 1132.5046106177
        },
        "miles" : {
          "estimated_diameter_min" : 0.3147066768,
          "estimated_diameter_max" : 0.7037055224
        },
        "feet" : {
          "estimated_diameter_min" : 1661.651821003,
          "estimated_diameter_max" : 3715.566426699
        }
      },
      "is_potentially_hazardous_asteroid" : false,
      "close_approach_data" : [ {
        "close_approach_date" : "2008-01-22",
        "epoch_date_close_approach" : 1200988800000,
        "relative_velocity" : {
          "kilometers_per_second" : "28.9378887296",
          "kilometers_per_hour" : "104176.399426717",
          "miles_per_hour" : "64731.1632993398"
        },
        "miss_distance" : {
          "astronomical" : "0.2356203849",
          "lunar" : "91.6563262939",
          "kilometers" : "35248308",
          "miles" : "21902282"
        },
        "orbiting_body" : "Earth"
      } ],
      "orbital_data" : {
        "orbit_id" : "48",
        "orbit_determination_date" : "2017-04-06 09:23:05",
        "orbit_uncertainty" : "0",
        "minimum_orbit_intersection" : ".215428",
        "jupiter_tisserand_invariant" : "4.283",
        "epoch_osculation" : "2458000.5",
        "eccentricity" : ".1711682722825463",
        "semi_major_axis" : "1.394617519000431",
        "inclination" : "57.26480537383382",
        "ascending_node_longitude" : "122.5748553499582",
        "orbital_period" : "601.5629792957892",
        "perihelion_distance" : "1.155903247778156",
        "perihelion_argument" : "41.58817428103941",
        "aphelion_distance" : "1.633331790222706",
        "perihelion_time" : "2458140.051970778331",
        "mean_anomaly" : "276.4863676634318",
        "mean_motion" : ".5984410816327639",
        "equinox" : "J2000"
      }
    }, {
      "links" : {
        "self" : "https://api.nasa.gov/neo/rest/v1/neo/3285073?api_key=t0TVs3DtDT2H8Oy2Zy8m2eVrNsAVKAexjcZXUckd"
      },
      "neo_reference_id" : "3285073",
      "name" : "(2005 OU1)",
      "nasa_jpl_url" : "http://ssd.jpl.nasa.gov/sbdb.cgi?sstr=3285073",
      "absolute_magnitude_h" : 20.1,
      "estimated_diameter" : {
        "kilometers" : {
          "estimated_diameter_min" : 0.2538370294,
          "estimated_diameter_max" : 0.5675968529
        },
        "meters" : {
          "estimated_diameter_min" : 253.8370293645,
          "estimated_diameter_max" : 567.5968528656
        },
        "miles" : {
          "estimated_diameter_min" : 0.1577269688,
          "estimated_diameter_max" : 0.3526882241
        },
        "feet" : {
          "estimated_diameter_min" : 832.7986794202,
          "estimated_diameter_max" : 1862.1944587557
        }
      },
      "is_potentially_hazardous_asteroid" : false,
      "close_approach_data" : [ {
        "close_approach_date" : "2008-01-22",
        "epoch_date_close_approach" : 1200988800000,
        "relative_velocity" : {
          "kilometers_per_second" : "12.8686353738",
          "kilometers_per_hour" : "46327.0873457027",
          "miles_per_hour" : "28785.8504676673"
        },
        "miss_distance" : {
          "astronomical" : "0.2948866831",
          "lunar" : "114.7109146118",
          "kilometers" : "44114420",
          "miles" : "27411430"
        },
        "orbiting_body" : "Earth"
      } ],
      "orbital_data" : {
        "orbit_id" : "41",
        "orbit_determination_date" : "2017-04-06 09:10:44",
        "orbit_uncertainty" : "2",
        "minimum_orbit_intersection" : ".127091",
        "jupiter_tisserand_invariant" : "6.134",
        "epoch_osculation" : "2458000.5",
        "eccentricity" : ".3198604954227676",
        "semi_major_axis" : ".9757921395819541",
        "inclination" : "12.52256077183729",
        "ascending_node_longitude" : "309.7356423432145",
        "orbital_period" : "352.0743611501736",
        "perihelion_distance" : ".6636747823856279",
        "perihelion_argument" : "204.8398408557363",
        "aphelion_distance" : "1.28790949677828",
        "perihelion_time" : "2458027.463872286811",
        "mean_anomaly" : "332.4291368688689",
        "mean_motion" : "1.022511263881683",
        "equinox" : "J2000"
      }
    }, {
      "links" : {
        "self" : "https://api.nasa.gov/neo/rest/v1/neo/3402620?api_key=t0TVs3DtDT2H8Oy2Zy8m2eVrNsAVKAexjcZXUckd"
      },
      "neo_reference_id" : "3402620",
      "name" : "(2008 CS116)",
      "nasa_jpl_url" : "http://ssd.jpl.nasa.gov/sbdb.cgi?sstr=3402620",
      "absolute_magnitude_h" : 20.8,
      "estimated_diameter" : {
        "kilometers" : {
          "estimated_diameter_min" : 0.1838886721,
          "estimated_diameter_max" : 0.411187571
        },
        "meters" : {
          "estimated_diameter_min" : 183.8886720703,
          "estimated_diameter_max" : 411.1875710413
        },
        "miles" : {
          "estimated_diameter_min" : 0.1142630881,
          "estimated_diameter_max" : 0.2555000322
        },
        "feet" : {
          "estimated_diameter_min" : 603.309310875,
          "estimated_diameter_max" : 1349.040630575
        }
      },
      "is_potentially_hazardous_asteroid" : false,
      "close_approach_data" : [ {
        "close_approach_date" : "2008-01-22",
        "epoch_date_close_approach" : 1200988800000,
        "relative_velocity" : {
          "kilometers_per_second" : "8.3882658511",
          "kilometers_per_hour" : "30197.757063906",
          "miles_per_hour" : "18763.711882292"
        },
        "miss_distance" : {
          "astronomical" : "0.1151090337",
          "lunar" : "44.7774124146",
          "kilometers" : "17220066",
          "miles" : "10700053"
        },
        "orbiting_body" : "Earth"
      } ],
      "orbital_data" : {
        "orbit_id" : "15",
        "orbit_determination_date" : "2017-04-06 09:04:21",
        "orbit_uncertainty" : "5",
        "minimum_orbit_intersection" : ".0982809",
        "jupiter_tisserand_invariant" : "2.984",
        "epoch_osculation" : "2458000.5",
        "eccentricity" : ".6391584201245617",
        "semi_major_axis" : "2.781871603256235",
        "inclination" : "8.089577437484191",
        "ascending_node_longitude" : "352.685277424872",
        "orbital_period" : "1694.743780906468",
        "perihelion_distance" : "1.003814944329598",
        "perihelion_argument" : "120.8443599713754",
        "aphelion_distance" : "4.559928262182871",
        "perihelion_time" : "2457865.454144648951",
        "mean_anomaly" : "28.68664188304278",
        "mean_motion" : ".2124214905261058",
        "equinox" : "J2000"
      }
    }, {
      "links" : {
        "self" : "https://api.nasa.gov/neo/rest/v1/neo/3525129?api_key=t0TVs3DtDT2H8Oy2Zy8m2eVrNsAVKAexjcZXUckd"
      },
      "neo_reference_id" : "3525129",
      "name" : "(2010 KV39)",
      "nasa_jpl_url" : "http://ssd.jpl.nasa.gov/sbdb.cgi?sstr=3525129",
      "absolute_magnitude_h" : 26.8,
      "estimated_diameter" : {
        "kilometers" : {
          "estimated_diameter_min" : 0.0116025908,
          "estimated_diameter_max" : 0.0259441818
        },
        "meters" : {
          "estimated_diameter_min" : 11.6025908209,
          "estimated_diameter_max" : 25.9441817907
        },
        "miles" : {
          "estimated_diameter_min" : 0.0072095135,
          "estimated_diameter_max" : 0.0161209622
        },
        "feet" : {
          "estimated_diameter_min" : 38.066244069,
          "estimated_diameter_max" : 85.1187093863
        }
      },
      "is_potentially_hazardous_asteroid" : false,
      "close_approach_data" : [ {
        "close_approach_date" : "2008-01-22",
        "epoch_date_close_approach" : 1200988800000,
        "relative_velocity" : {
          "kilometers_per_second" : "18.0393329937",
          "kilometers_per_hour" : "64941.5987771461",
          "miles_per_hour" : "40352.1839734995"
        },
        "miss_distance" : {
          "astronomical" : "0.3356743544",
          "lunar" : "130.5773162842",
          "kilometers" : "50216168",
          "miles" : "31202880"
        },
        "orbiting_body" : "Earth"
      } ],
      "orbital_data" : {
        "orbit_id" : "8",
        "orbit_determination_date" : "2017-04-06 08:57:25",
        "orbit_uncertainty" : "6",
        "minimum_orbit_intersection" : ".000366551",
        "jupiter_tisserand_invariant" : "6.235",
        "epoch_osculation" : "2458000.5",
        "eccentricity" : ".2557335781369564",
        "semi_major_axis" : ".9583461383590438",
        "inclination" : "13.92339308966943",
        "ascending_node_longitude" : "65.46708499261801",
        "orbital_period" : "342.6746853593947",
        "perihelion_distance" : ".713264851302751",
        "perihelion_argument" : "296.6818214393067",
        "aphelion_distance" : "1.203427425415337",
        "perihelion_time" : "2458169.355283913405",
        "mean_anomaly" : "182.6075493581558",
        "mean_motion" : "1.050559073607771",
        "equinox" : "J2000"
      }
    } ]
  }
}