{
  "links" : {
    "next" : "https://api.nasa.gov/neo/rest/v1/feed?start_date=1995-03-09&end_date=1995-03-09&detailed=true&api_key=t0TVs3DtDT2H8Oy2Zy8m2eVrNsAVKAexjcZXUckd",
    "prev" : "https://api.nasa.gov/neo/rest/v1/feed?start_date=1995-03-07&end_date=1995-03-07&detailed=true&api_key=t0TVs3DtDT2H8Oy2Zy8m2eVrNsAVKAexjcZXUckd",
    "self" : "https://api.nasa.gov/neo/rest/v1/feed?start_date=1995-03-08&end_date=1995-03-08&detailed=true&api_key=t0TVs3DtDT2H8Oy2Zy8m2eVrNsAVKAexjcZXUckd"
  },
  "element_count" : 7,
  "near_earth_objects" : {
    "1995-03-08" : [ {
      "links" : {
        "self" : "https://api.nasa.gov/neo/rest/v1/neo/2162173?api_key=t0TVs3DtDT2H8Oy2Zy8m2eVrNsAVKAexjcZXUckd"
      },
      "neo_reference_id" : "2162173",
      "name" : "162173 Ryugu (1999 JU3)",
      "nasa_jpl_url" : "http://ssd.jpl.nasa.gov/sbdb.cgi?sstr=2162173",
      "absolute_magnitude_h" : 19.3,
      "estimated_diameter" : {
        "kilometers" : {
          "estimated_diameter_min" : 0.3669061375,
          "estimated_diameter_max" : 0.8204270649
        },
        "meters" : {
          "estimated_diameter_min" : 366.9061375314,
          "estimated_diameter_max" : 820.4270648822
        },
        "miles" : {
          "estimated_diameter_min" : 0.2279848336,
          "estimated_diameter_max" : 0.5097895857
        },
        "feet" : {
          "estimated_diameter_min" : 1203.7603322587,
          "estimated_diameter_max" : 2691.6899315481
        }
      },
      "is_potentially_hazardous_asteroid" : true,
      "close_approach_data" : [ {
        "close_approach_date" : "1995-03-08",
        "epoch_date_close_approach" : 794649600000,
        "relative_velocity" : {
          "kilometers_per_second" : "13.5763026447",
          "kilometers_per_hour" : "48874.689520897",
          "miles_per_hour" : "30368.8313859151"
        },
        "miss_distance" : {
          "astronomical" : "0.3507449112",
          "lunar" : "136.4397735596",
          "kilometers" : "52470692",
          "miles" : "32603776"
        },
        "orbiting_body" : "Earth"
      } ],
      "orbital_data" : {
        "orbit_id" : "117",
        "orbit_determination_date" : "2017-04-06 09:26:35",
        "orbit_uncertainty" : "0",
        "minimum_orbit_intersection" : ".00132059",
        "jupiter_tisserand_invariant" : "5.308",
        "epoch_osculation" : "2458000.5",
        "eccentricity" : ".1902842554038815",
        "semi_major_axis" : "1.189560559495507",
        "inclination" : "5.883903317829792",
        "ascending_node_longitude" : "251.5911063365942",
        "orbital_period" : "473.8907826636587",
        "perihelion_distance" : ".9632059141740799",
        "perihelion_argument" : "211.4467739786354",
        "aphelion_distance" : "1.415915204816935",
        "perihelion_time" : "2457797.751480023557",
        "mean_anomaly" : "154.0217068187274",
        "mean_motion" : ".7596687109559334",
        "equinox" : "J2000"
      }
    }, {
      "links" : {
        "self" : "https://api.nasa.gov/neo/rest/v1/neo/3092312?api_key=t0TVs3DtDT2H8Oy2Zy8m2eVrNsAVKAexjcZXUckd"
      },
      "neo_reference_id" : "3092312",
      "name" : "(2001 QM142)",
      "nasa_jpl_url" : "http://ssd.jpl.nasa.gov/sbdb.cgi?sstr=3092312",
      "absolute_magnitude_h" : 22.6,
      "estimated_diameter" : {
        "kilometers" : {
          "estimated_diameter_min" : 0.0802703167,
          "estimated_diameter_max" : 0.1794898848
        },
        "meters" : {
          "estimated_diameter_min" : 80.2703167283,
          "estimated_diameter_max" : 179.4898847799
        },
        "miles" : {
          "estimated_diameter_min" : 0.049877647,
          "estimated_diameter_max" : 0.1115298092
        },
        "feet" : {
          "estimated_diameter_min" : 263.3540659348,
          "estimated_diameter_max" : 588.8775935812
        }
      },
      "is_potentially_hazardous_asteroid" : false,
      "close_approach_data" : [ {
        "close_approach_date" : "1995-03-08",
        "epoch_date_close_approach" : 794649600000,
        "relative_velocity" : {
          "kilometers_per_second" : "11.4702980441",
          "kilometers_per_hour" : "41293.0729588648",
          "miles_per_hour" : "25657.9096949124"
        },
        "miss_distance" : {
          "astronomical" : "0.0517703658",
          "lunar" : "20.138671875",
          "kilometers" : "7744736.5",
          "miles" : "4812356.5"
        },
        "orbiting_body" : "Earth"
      } ],
      "orbital_data" : {
        "orbit_id" : "14",
        "orbit_determination_date" : "2017-04-20 12:22:05",
        "orbit_uncertainty" : "0",
        "minimum_orbit_intersection" : ".0341962",
        "jupiter_tisserand_invariant" : "5.089",
        "epoch_osculation" : "2458000.5",
        "eccentricity" : ".4282526106821032",
        "semi_major_axis" : "1.234937694057483",
        "inclination" : "5.850410278034516",
        "ascending_node_longitude" : "151.2892418885367",
        "orbital_period" : "501.2634017981307",
        "perihelion_distance" : ".7060724025476296",
        "perihelion_argument" : "292.6184516502227",
        "aphelion_distance" : "1.763802985567337",
        "perihelion_time" : "2457751.688642938134",
        "mean_anomaly" : "178.6926558391438",
        "mean_motion" : ".7181852868344447",
        "equinox" : "J2000"
      }
    }, {
      "links" : {
        "self" : "https://api.nasa.gov/neo/rest/v1/neo/3273782?api_key=t0TVs3DtDT2H8Oy2Zy8m2eVrNsAVKAexjcZXUckd"
      },
      "neo_reference_id" : "3273782",
      "name" : "(2005 ES70)",
      "nasa_jpl_url" : "http://ssd.jpl.nasa.gov/sbdb.cgi?sstr=3273782",
      "absolute_magnitude_h" : 23.8,
      "estimated_diameter" : {
        "kilometers" : {
          "estimated_diameter_min" : 0.046190746,
          "estimated_diameter_max" : 0.1032856481
        },
        "meters" : {
          "estimated_diameter_min" : 46.1907460282,
          "estimated_diameter_max" : 103.2856480504
        },
        "miles" : {
          "estimated_diameter_min" : 0.0287015901,
          "estimated_diameter_max" : 0.0641787064
        },
        "feet" : {
          "estimated_diameter_min" : 151.544447199,
          "estimated_diameter_max" : 338.8636855496
        }
      },
      "is_potentially_hazardous_asteroid" : false,
      "close_approach_data" : [ {
        "close_approach_date" : "1995-03-08",
        "epoch_date_close_approach" : 794649600000,
        "relative_velocity" : {
          "kilometers_per_second" : "11.9306425303",
          "kilometers_per_hour" : "42950.3131091804",
          "miles_per_hour" : "26687.6542760905"
        },
        "miss_distance" : {
          "astronomical" : "0.0975441157",
          "lunar" : "37.9446640015",
          "kilometers" : "14592393",
          "miles" : "9067292"
        },
        "orbiting_body" : "Earth"
      } ],
      "orbital_data" : {
        "orbit_id" : "34",
        "orbit_determination_date" : "2017-03-09 06:17:26",
        "orbit_uncertainty" : "0",
        "minimum_orbit_intersection" : ".052677",
        "jupiter_tisserand_invariant" : "7.480",
        "epoch_osculation" : "2455882.5",
        "eccentricity" : ".3864587856542614",
        "semi_major_axis" : ".7629744336180587",
        "inclination" : "20.83376792025673",
        "ascending_node_longitude" : "352.9223651783215",
        "orbital_period" : "243.4240059087946",
        "perihelion_distance" : ".4681162605167759",
        "perihelion_argument" : "351.1788107856062",
        "aphelion_distance" : "1.057832606719342",
        "perihelion_time" : "2455988.218870874459",
        "mean_anomaly" : "203.652258647551",
        "mean_motion" : "1.478900976327223",
        "equinox" : "J2000"
      }
    }, {
      "links" : {
        "self" : "https://api.nasa.gov/neo/rest/v1/neo/3600106?api_key=t0TVs3DtDT2H8Oy2Zy8m2eVrNsAVKAexjcZXUckd"
      },
      "neo_reference_id" : "3600106",
      "name" : "(2012 DJ54)",
      "nasa_jpl_url" : "http://ssd.jpl.nasa.gov/sbdb.cgi?sstr=3600106",
      "absolute_magnitude_h" : 28.6,
      "estimated_diameter" : {
        "kilometers" : {
          "estimated_diameter_min" : 0.0050647146,
          "estimated_diameter_max" : 0.0113250461
        },
        "meters" : {
          "estimated_diameter_min" : 5.0647145883,
          "estimated_diameter_max" : 11.3250461062
        },
        "miles" : {
          "estimated_diameter_min" : 0.0031470668,
          "estimated_diameter_max" : 0.0070370552
        },
        "feet" : {
          "estimated_diameter_min" : 16.61651821,
          "estimated_diameter_max" : 37.155664267
        }
      },
      "is_potentially_hazardous_asteroid" : false,
      "close_approach_data" : [ {
        "close_approach_date" : "1995-03-08",
        "epoch_date_close_approach" : 794649600000,
        "relative_velocity" : {
          "kilometers_per_second" : "9.8741431619",
          "kilometers_per_hour" : "35546.9153827062",
          "miles_per_hour" : "22087.4708387709"
        },
        "miss_distance" : {
          "astronomical" : "0.1466999837",
          "lunar" : "57.0662918091",
          "kilometers" : "21946004",
          "miles" : "13636615"
        },
        "orbiting_body" : "Earth"
      } ],
      "orbital_data" : {
        "orbit_id" : "8",
        "orbit_determination_date" : "2017-04-06 08:50:42",
        "orbit_uncertainty" : "6",
        "minimum_orbit_intersection" : ".00220111",
        "jupiter_tisserand_invariant" : "5.349",
        "epoch_osculation" : "2458000.5",
        "eccentricity" : ".2299595839786057",
        "semi_major_axis" : "1.176188921427005",
        "inclination" : "1.990548431564578",
        "ascending_node_longitude" : "336.8735046974825",
        "orbital_period" : "465.9228968858448",
        "perihelion_distance" : ".905713006375406",
        "perihelion_argument" : "120.0623447551711",
        "aphelion_distance" : "1.446664836478604",
        "perihelion_time" : "2457796.516096800219",
        "mean_anomaly" : "157.6102089911095",
        "mean_motion" : ".772660031104252",
        "equinox" : "J2000"
      }
    }, {
      "links" : {
        "self" : "https://api.nasa.gov/neo/rest/v1/neo/3684008?api_key=t0TVs3DtDT2H8Oy2Zy8m2eVrNsAVKAexjcZXUckd"
      },
      "neo_reference_id" : "3684008",
      "name" : "(2014 QT296)",
      "nasa_jpl_url" : "http://ssd.jpl.nasa.gov/sbdb.cgi?sstr=3684008",
      "absolute_magnitude_h" : 21.2,
      "estimated_diameter" : {
        "kilometers" : {
          "estimated_diameter_min" : 0.1529519353,
          "estimated_diameter_max" : 0.3420109247
        },
        "meters" : {
          "estimated_diameter_min" : 152.9519353442,
          "estimated_diameter_max" : 342.0109247198
        },
        "miles" : {
          "estimated_diameter_min" : 0.095039897,
          "estimated_diameter_max" : 0.2125156703
        },
        "feet" : {
          "estimated_diameter_min" : 501.8108275547,
          "estimated_diameter_max" : 1122.0831222578
        }
      },
      "is_potentially_hazardous_asteroid" : false,
      "close_approach_data" : [ {
        "close_approach_date" : "1995-03-08",
        "epoch_date_close_approach" : 794649600000,
        "relative_velocity" : {
          "kilometers_per_second" : "15.938707162",
          "kilometers_per_hour" : "57379.3457833544",
          "miles_per_hour" : "35653.2940507738"
        },
        "miss_distance" : {
          "astronomical" : "0.1729029027",
          "lunar" : "67.259223938",
          "kilometers" : "25865906",
          "miles" : "16072328"
        },
        "orbiting_body" : "Earth"
      } ],
      "orbital_data" : {
        "orbit_id" : "6",
        "orbit_determination_date" : "2017-04-06 08:39:07",
        "orbit_uncertainty" : "6",
        "minimum_orbit_intersection" : ".0667857",
        "jupiter_tisserand_invariant" : "4.469",
        "epoch_osculation" : "2458000.5",
        "eccentricity" : ".4373989530511649",
        "semi_major_axis" : "1.442414905197316",
        "inclination" : "24.56842188077443",
        "ascending_node_longitude" : "151.7319137192872",
        "orbital_period" : "632.7522951838971",
        "perihelion_distance" : ".8115041357986146",
        "perihelion_argument" : "97.07781956847643",
        "aphelion_distance" : "2.073325674596017",
        "perihelion_time" : "2458075.090407064433",
        "mean_anomaly" : "317.5623087461238",
        "mean_motion" : ".5689430172598158",
        "equinox" : "J2000"
      }
    }, {
      "links" : {
        "self" : "https://api.nasa.gov/neo/rest/v1/neo/3751815?api_key=t0TVs3DtDT2H8Oy2Zy8m2eVrNsAVKAexjcZXUckd"
      },
      "neo_reference_id" : "3751815",
      "name" : "(2016 GS220)",
      "nasa_jpl_url" : "http://ssd.jpl.nasa.gov/sbdb.cgi?sstr=3751815",
      "absolute_magnitude_h" : 22.8,
      "estimated_diameter" : {
        "kilometers" : {
          "estimated_diameter_min" : 0.0732073989,
          "estimated_diameter_max" : 0.1636967205
        },
        "meters" : {
          "estimated_diameter_min" : 73.2073989347,
          "estimated_diameter_max" : 163.696720474
        },
        "miles" : {
          "estimated_diameter_min" : 0.0454889547,
          "estimated_diameter_max" : 0.1017163949
        },
        "feet" : {
          "estimated_diameter_min" : 240.181762721,
          "estimated_diameter_max" : 537.0627483999
        }
      },
      "is_potentially_hazardous_asteroid" : false,
      "close_approach_data" : [ {
        "close_approach_date" : "1995-03-08",
        "epoch_date_close_approach" : 794649600000,
        "relative_velocity" : {
          "kilometers_per_second" : "11.7404134833",
          "kilometers_per_hour" : "42265.4885399758",
          "miles_per_hour" : "26262.1309208533"
        },
        "miss_distance" : {
          "astronomical" : "0.3331832833",
          "lunar" : "129.6083068848",
          "kilometers" : "49843512",
          "miles" : "30971322"
        },
        "orbiting_body" : "Earth"
      } ],
      "orbital_data" : {
        "orbit_id" : "7",
        "orbit_determination_date" : "2017-04-06 08:26:34",
        "orbit_uncertainty" : "6",
        "minimum_orbit_intersection" : ".0452308",
        "jupiter_tisserand_invariant" : "6.708",
        "epoch_osculation" : "2458000.5",
        "eccentricity" : ".513906570440738",
        "semi_major_axis" : ".8653553647152513",
        "inclination" : "6.812692898480357",
        "ascending_node_longitude" : "64.12627502627186",
        "orbital_period" : "294.0289970235248",
        "perihelion_distance" : ".4206435570219426",
        "perihelion_argument" : "292.8831880645742",
        "aphelion_distance" : "1.31006717240856",
        "perihelion_time" : "2457885.993670271702",
        "mean_anomaly" : "140.1980046848551",
        "mean_motion" : "1.224369037218451",
        "equinox" : "J2000"
      }
    }, {
      "links" : {
        "self" : "https://api.nasa.gov/neo/rest/v1/neo/2483656?api_key=t0TVs3DtDT2H8Oy2Zy8m2eVrNsAVKAexjcZXUckd"
      },
      "neo_reference_id" : "2483656",
      "name" : "483656 (2005 ES70)",
      "nasa_jpl_url" : "http://ssd.jpl.nasa.gov/sbdb.cgi?sstr=2483656",
      "absolute_magnitude_h" : 23.8,
      "estimated_diameter" : {
        "kilometers" : {
          "estimated_diameter_min" : 0.046190746,
          "estimated_diameter_max" : 0.1032856481
        },
        "meters" : {
          "estimated_diameter_min" : 46.1907460282,
          "estimated_diameter_max" : 103.2856480504
        },
        "miles" : {
          "estimated_diameter_min" : 0.0287015901,
          "estimated_diameter_max" : 0.0641787064
        },
        "feet" : {
          "estimated_diameter_min" : 151.544447199,
          "estimated_diameter_max" : 338.8636855496
        }
      },
      "is_potentially_hazardous_asteroid" : false,
      "close_approach_data" : [ {
        "close_approach_date" : "1995-03-08",
        "epoch_date_close_approach" : 794649600000,
        "relative_velocity" : {
          "kilometers_per_second" : "11.9306119236",
          "kilometers_per_hour" : "42950.2029249665",
          "miles_per_hour" : "26687.5858119049"
        },
        "miss_distance" : {
          "astronomical" : "0.0975437554",
          "lunar" : "37.944519043",
          "kilometers" : "14592338",
          "miles" : "9067258"
        },
        "orbiting_body" : "Earth"
      } ],
      "orbital_data" : {
        "orbit_id" : "41",
        "orbit_determination_date" : "2017-07-20 13:13:56",
        "orbit_uncertainty" : "0",
        "minimum_orbit_intersection" : ".0515902",
        "jupiter_tisserand_invariant" : "7.480",
        "epoch_osculation" : "2456125.5",
        "eccentricity" : ".3864450668773289",
        "semi_major_axis" : ".7629535011587539",
        "inclination" : "20.83340836762825",
        "ascending_node_longitude" : "352.9209234711133",
        "orbital_period" : "243.4139883487221",
        "perihelion_distance" : ".468113884379167",
        "perihelion_argument" : "351.1779799498096",
        "aphelion_distance" : "1.057793117938341",
        "perihelion_time" : "2456231.633385316556",
        "mean_anomaly" : "203.0327732060237",
        "mean_motion" : "1.478961839630405",
        "equinox" : "J2000"
      }
    } ]
  }
}