{
  "links" : {
    "next" : "https://api.nasa.gov/neo/rest/v1/feed?start_date=2007-09-16&end_date=2007-09-16&detailed=true&api_key=t0TVs3DtDT2H8Oy2Zy8m2eVrNsAVKAexjcZXUckd",
    "prev" : "https://api.nasa.gov/neo/rest/v1/feed?start_date=2007-09-14&end_date=2007-09-14&detailed=true&api_key=t0TVs3DtDT2H8Oy2Zy8m2eVrNsAVKAexjcZXUckd",
    "self" : "https://api.nasa.gov/neo/rest/v1/feed?start_date=2007-09-15&end_date=2007-09-15&detailed=true&api_key=t0TVs3DtDT2H8Oy2Zy8m2eVrNsAVKAexjcZXUckd"
  },
  "element_count" : 7,
  "near_earth_objects" : {
    "2007-09-15" : [ {
      "links" : {
        "self" : "https://api.nasa.gov/neo/rest/v1/neo/3292264?api_key=t0TVs3DtDT2H8Oy2Zy8m2eVrNsAVKAexjcZXUckd"
      },
      "neo_reference_id" : "3292264",
      "name" : "(2005 TR)",
      "nasa_jpl_url" : "http://ssd.jpl.nasa.gov/sbdb.cgi?sstr=3292264",
      "absolute_magnitude_h" : 23.1,
      "estimated_diameter" : {
        "kilometers" : {
          "estimated_diameter_min" : 0.063760979,
          "estimated_diameter_max" : 0.1425738833
        },
        "meters" : {
          "estimated_diameter_min" : 63.7609789875,
          "estimated_diameter_max" : 142.5738833281
        },
        "miles" : {
          "estimated_diameter_min" : 0.0396192233,
          "estimated_diameter_max" : 0.0885912765
        },
        "feet" : {
          "estimated_diameter_min" : 209.1895703015,
          "estimated_diameter_max" : 467.7620993781
        }
      },
      "is_potentially_hazardous_asteroid" : false,
      "close_approach_data" : [ {
        "close_approach_date" : "2007-09-15",
        "epoch_date_close_approach" : 1189839600000,
        "relative_velocity" : {
          "kilometers_per_second" : "11.6410003677",
          "kilometers_per_hour" : "41907.601323823",
          "miles_per_hour" : "26039.7537225721"
        },
        "miss_distance" : {
          "astronomical" : "0.3734583382",
          "lunar" : "145.2752838135",
          "kilometers" : "55868572",
          "miles" : "34715120"
        },
        "orbiting_body" : "Earth"
      } ],
      "orbital_data" : {
        "orbit_id" : "18",
        "orbit_determination_date" : "2017-04-06 09:10:19",
        "orbit_uncertainty" : "7",
        "minimum_orbit_intersection" : ".0883269",
        "jupiter_tisserand_invariant" : "4.361",
        "epoch_osculation" : "2458000.5",
        "eccentricity" : ".303373969002558",
        "semi_major_axis" : "1.557682206013865",
        "inclination" : "11.83456572335943",
        "ascending_node_longitude" : "16.07055385917394",
        "orbital_period" : "710.0954258454723",
        "perihelion_distance" : "1.085121972730778",
        "perihelion_argument" : "349.3016593333047",
        "aphelion_distance" : "2.030242439296951",
        "perihelion_time" : "2457902.781179573107",
        "mean_anomaly" : "49.54091249326945",
        "mean_motion" : ".5069741148823307",
        "equinox" : "J2000"
      }
    }, {
      "links" : {
        "self" : "https://api.nasa.gov/neo/rest/v1/neo/3387612?api_key=t0TVs3DtDT2H8Oy2Zy8m2eVrNsAVKAexjcZXUckd"
      },
      "neo_reference_id" : "3387612",
      "name" : "(2007 TJ15)",
      "nasa_jpl_url" : "http://ssd.jpl.nasa.gov/sbdb.cgi?sstr=3387612",
      "absolute_magnitude_h" : 25.3,
      "estimated_diameter" : {
        "kilometers" : {
          "estimated_diameter_min" : 0.0231502122,
          "estimated_diameter_max" : 0.0517654482
        },
        "meters" : {
          "estimated_diameter_min" : 23.150212221,
          "estimated_diameter_max" : 51.7654482198
        },
        "miles" : {
          "estimated_diameter_min" : 0.0143848705,
          "estimated_diameter_max" : 0.0321655483
        },
        "feet" : {
          "estimated_diameter_min" : 75.9521422633,
          "estimated_diameter_max" : 169.8341531374
        }
      },
      "is_potentially_hazardous_asteroid" : false,
      "close_approach_data" : [ {
        "close_approach_date" : "2007-09-15",
        "epoch_date_close_approach" : 1189839600000,
        "relative_velocity" : {
          "kilometers_per_second" : "5.4690638748",
          "kilometers_per_hour" : "19688.6299492303",
          "miles_per_hour" : "12233.7489815092"
        },
        "miss_distance" : {
          "astronomical" : "0.0784176983",
          "lunar" : "30.5044841766",
          "kilometers" : "11731120",
          "miles" : "7289380.5"
        },
        "orbiting_body" : "Earth"
      } ],
      "orbital_data" : {
        "orbit_id" : "6",
        "orbit_determination_date" : "2017-04-06 09:05:49",
        "orbit_uncertainty" : "9",
        "minimum_orbit_intersection" : ".0768007",
        "jupiter_tisserand_invariant" : "3.630",
        "epoch_osculation" : "2454382.5",
        "eccentricity" : ".4765757273357711",
        "semi_major_axis" : "2.061810919536555",
        "inclination" : "2.274422301455398",
        "ascending_node_longitude" : "26.23718573680249",
        "orbital_period" : "1081.36343390909",
        "perihelion_distance" : "1.079201880929586",
        "perihelion_argument" : "323.3666084620984",
        "aphelion_distance" : "3.044419958143524",
        "perihelion_time" : "2454357.291360710924",
        "mean_anomaly" : "8.392285016759963",
        "mean_motion" : ".3329130509791818",
        "equinox" : "J2000"
      }
    }, {
      "links" : {
        "self" : "https://api.nasa.gov/neo/rest/v1/neo/3552164?api_key=t0TVs3DtDT2H8Oy2Zy8m2eVrNsAVKAexjcZXUckd"
      },
      "neo_reference_id" : "3552164",
      "name" : "(2010 WC)",
      "nasa_jpl_url" : "http://ssd.jpl.nasa.gov/sbdb.cgi?sstr=3552164",
      "absolute_magnitude_h" : 25.3,
      "estimated_diameter" : {
        "kilometers" : {
          "estimated_diameter_min" : 0.0231502122,
          "estimated_diameter_max" : 0.0517654482
        },
        "meters" : {
          "estimated_diameter_min" : 23.150212221,
          "estimated_diameter_max" : 51.7654482198
        },
        "miles" : {
          "estimated_diameter_min" : 0.0143848705,
          "estimated_diameter_max" : 0.0321655483
        },
        "feet" : {
          "estimated_diameter_min" : 75.9521422633,
          "estimated_diameter_max" : 169.8341531374
        }
      },
      "is_potentially_hazardous_asteroid" : false,
      "close_approach_data" : [ {
        "close_approach_date" : "2007-09-15",
        "epoch_date_close_approach" : 1189839600000,
        "relative_velocity" : {
          "kilometers_per_second" : "8.4909322854",
          "kilometers_per_hour" : "30567.3562274909",
          "miles_per_hour" : "18993.3664292429"
        },
        "miss_distance" : {
          "astronomical" : "0.1239242989",
          "lunar" : "48.2065544128",
          "kilometers" : "18538812",
          "miles" : "11519483"
        },
        "orbiting_body" : "Earth"
      } ],
      "orbital_data" : {
        "orbit_id" : "7",
        "orbit_determination_date" : "2017-04-06 08:55:38",
        "orbit_uncertainty" : "8",
        "minimum_orbit_intersection" : ".00384093",
        "jupiter_tisserand_invariant" : "7.128",
        "epoch_osculation" : "2455517.5",
        "eccentricity" : ".3462038279670878",
        "semi_major_axis" : ".8140373030429233",
        "inclination" : "7.620953342919836",
        "ascending_node_longitude" : "57.67580406434796",
        "orbital_period" : "268.2655387605971",
        "perihelion_distance" : ".5322144726214589",
        "perihelion_argument" : "144.3390391954732",
        "aphelion_distance" : "1.095860133464388",
        "perihelion_time" : "2455607.844720681130",
        "mean_anomaly" : "238.7615450144283",
        "mean_motion" : "1.341953952278856",
        "equinox" : "J2000"
      }
    }, {
      "links" : {
        "self" : "https://api.nasa.gov/neo/rest/v1/neo/3602740?api_key=t0TVs3DtDT2H8Oy2Zy8m2eVrNsAVKAexjcZXUckd"
      },
      "neo_reference_id" : "3602740",
      "name" : "(2012 HO2)",
      "nasa_jpl_url" : "http://ssd.jpl.nasa.gov/sbdb.cgi?sstr=3602740",
      "absolute_magnitude_h" : 20.4,
      "estimated_diameter" : {
        "kilometers" : {
          "estimated_diameter_min" : 0.2210828104,
          "estimated_diameter_max" : 0.4943561926
        },
        "meters" : {
          "estimated_diameter_min" : 221.0828103591,
          "estimated_diameter_max" : 494.3561926196
        },
        "miles" : {
          "estimated_diameter_min" : 0.137374447,
          "estimated_diameter_max" : 0.3071786018
        },
        "feet" : {
          "estimated_diameter_min" : 725.3373275385,
          "estimated_diameter_max" : 1621.9035709942
        }
      },
      "is_potentially_hazardous_asteroid" : false,
      "close_approach_data" : [ {
        "close_approach_date" : "2007-09-15",
        "epoch_date_close_approach" : 1189839600000,
        "relative_velocity" : {
          "kilometers_per_second" : "25.019982936",
          "kilometers_per_hour" : "90071.9385696133",
          "miles_per_hour" : "55967.1998295467"
        },
        "miss_distance" : {
          "astronomical" : "0.4094485591",
          "lunar" : "159.2754974365",
          "kilometers" : "61252632",
          "miles" : "38060624"
        },
        "orbiting_body" : "Earth"
      } ],
      "orbital_data" : {
        "orbit_id" : "14",
        "orbit_determination_date" : "2017-04-06 08:50:02",
        "orbit_uncertainty" : "1",
        "minimum_orbit_intersection" : ".15888",
        "jupiter_tisserand_invariant" : "5.017",
        "epoch_osculation" : "2458000.5",
        "eccentricity" : ".394679281613382",
        "semi_major_axis" : "1.234498247487183",
        "inclination" : "26.35251175452719",
        "ascending_node_longitude" : "211.6872065770002",
        "orbital_period" : "500.9958673876358",
        "perihelion_distance" : ".7472673660159624",
        "perihelion_argument" : "226.1755107855667",
        "aphelion_distance" : "1.721729128958403",
        "perihelion_time" : "2457906.560979152735",
        "mean_anomaly" : "67.5016496270801",
        "mean_motion" : ".7185688015295684",
        "equinox" : "J2000"
      }
    }, {
      "links" : {
        "self" : "https://api.nasa.gov/neo/rest/v1/neo/3752572?api_key=t0TVs3DtDT2H8Oy2Zy8m2eVrNsAVKAexjcZXUckd"
      },
      "neo_reference_id" : "3752572",
      "name" : "(2016 JA)",
      "nasa_jpl_url" : "http://ssd.jpl.nasa.gov/sbdb.cgi?sstr=3752572",
      "absolute_magnitude_h" : 27.6,
      "estimated_diameter" : {
        "kilometers" : {
          "estimated_diameter_min" : 0.0080270317,
          "estimated_diameter_max" : 0.0179489885
        },
        "meters" : {
          "estimated_diameter_min" : 8.0270316728,
          "estimated_diameter_max" : 17.948988478
        },
        "miles" : {
          "estimated_diameter_min" : 0.0049877647,
          "estimated_diameter_max" : 0.0111529809
        },
        "feet" : {
          "estimated_diameter_min" : 26.3354065935,
          "estimated_diameter_max" : 58.8877593581
        }
      },
      "is_potentially_hazardous_asteroid" : false,
      "close_approach_data" : [ {
        "close_approach_date" : "2007-09-15",
        "epoch_date_close_approach" : 1189839600000,
        "relative_velocity" : {
          "kilometers_per_second" : "20.3729218083",
          "kilometers_per_hour" : "73342.5185098825",
          "miles_per_hour" : "45572.1887929878"
        },
        "miss_distance" : {
          "astronomical" : "0.4274770766",
          "lunar" : "166.2885742188",
          "kilometers" : "63949660",
          "miles" : "39736476"
        },
        "orbiting_body" : "Earth"
      } ],
      "orbital_data" : {
        "orbit_id" : "14",
        "orbit_determination_date" : "2017-04-06 08:26:15",
        "orbit_uncertainty" : "6",
        "minimum_orbit_intersection" : ".000161065",
        "jupiter_tisserand_invariant" : "5.986",
        "epoch_osculation" : "2458000.5",
        "eccentricity" : ".2684533498766837",
        "semi_major_axis" : "1.013233882976369",
        "inclination" : ".05793004780996782",
        "ascending_node_longitude" : "358.4071079044793",
        "orbital_period" : "372.5314848153116",
        "perihelion_distance" : ".7412278528828034",
        "perihelion_argument" : "112.5873060304606",
        "aphelion_distance" : "1.285239913069935",
        "perihelion_time" : "2458172.201602034438",
        "mean_anomaly" : "194.0742212351732",
        "mean_motion" : ".9663612732719108",
        "equinox" : "J2000"
      }
    }, {
      "links" : {
        "self" : "https://api.nasa.gov/neo/rest/v1/neo/3767164?api_key=t0TVs3DtDT2H8Oy2Zy8m2eVrNsAVKAexjcZXUckd"
      },
      "neo_reference_id" : "3767164",
      "name" : "(2017 BO30)",
      "nasa_jpl_url" : "http://ssd.jpl.nasa.gov/sbdb.cgi?sstr=3767164",
      "absolute_magnitude_h" : 23.9,
      "estimated_diameter" : {
        "kilometers" : {
          "estimated_diameter_min" : 0.04411182,
          "estimated_diameter_max" : 0.0986370281
        },
        "meters" : {
          "estimated_diameter_min" : 44.1118199997,
          "estimated_diameter_max" : 98.6370281305
        },
        "miles" : {
          "estimated_diameter_min" : 0.0274098057,
          "estimated_diameter_max" : 0.0612901888
        },
        "feet" : {
          "estimated_diameter_min" : 144.7238235278,
          "estimated_diameter_max" : 323.6123073718
        }
      },
      "is_potentially_hazardous_asteroid" : false,
      "close_approach_data" : [ {
        "close_approach_date" : "2007-09-15",
        "epoch_date_close_approach" : 1189839600000,
        "relative_velocity" : {
          "kilometers_per_second" : "16.7130526612",
          "kilometers_per_hour" : "60166.9895804989",
          "miles_per_hour" : "37385.4274979495"
        },
        "miss_distance" : {
          "astronomical" : "0.3627198939",
          "lunar" : "141.0980377197",
          "kilometers" : "54262124",
          "miles" : "33716920"
        },
        "orbiting_body" : "Earth"
      } ],
      "orbital_data" : {
        "orbit_id" : "4",
        "orbit_determination_date" : "2017-04-06 08:20:40",
        "orbit_uncertainty" : "7",
        "minimum_orbit_intersection" : ".121723",
        "jupiter_tisserand_invariant" : "6.355",
        "epoch_osculation" : "2458000.5",
        "eccentricity" : ".2313072225283381",
        "semi_major_axis" : ".9273843969474576",
        "inclination" : "25.06006382201148",
        "ascending_node_longitude" : "124.0992989465857",
        "orbital_period" : "326.2031150082972",
        "perihelion_distance" : ".7128736878734233",
        "perihelion_argument" : "155.5030650740299",
        "aphelion_distance" : "1.141895106021492",
        "perihelion_time" : "2457908.211756536292",
        "mean_anomaly" : "101.8499398636643",
        "mean_motion" : "1.103606873867048",
        "equinox" : "J2000"
      }
    }, {
      "links" : {
        "self" : "https://api.nasa.gov/neo/rest/v1/neo/3760496?api_key=t0TVs3DtDT2H8Oy2Zy8m2eVrNsAVKAexjcZXUckd"
      },
      "neo_reference_id" : "3760496",
      "name" : "(2016 SH45)",
      "nasa_jpl_url" : "http://ssd.jpl.nasa.gov/sbdb.cgi?sstr=3760496",
      "absolute_magnitude_h" : 19.4,
      "estimated_diameter" : {
        "kilometers" : {
          "estimated_diameter_min" : 0.3503926411,
          "estimated_diameter_max" : 0.7835017643
        },
        "meters" : {
          "estimated_diameter_min" : 350.3926411083,
          "estimated_diameter_max" : 783.5017643338
        },
        "miles" : {
          "estimated_diameter_min" : 0.2177238258,
          "estimated_diameter_max" : 0.4868452748
        },
        "feet" : {
          "estimated_diameter_min" : 1149.5821926537,
          "estimated_diameter_max" : 2570.543928497
        }
      },
      "is_potentially_hazardous_asteroid" : false,
      "close_approach_data" : [ {
        "close_approach_date" : "2007-09-15",
        "epoch_date_close_approach" : 1189839600000,
        "relative_velocity" : {
          "kilometers_per_second" : "12.9178892171",
          "kilometers_per_hour" : "46504.4011814063",
          "miles_per_hour" : "28896.0263896355"
        },
        "miss_distance" : {
          "astronomical" : "0.4426524899",
          "lunar" : "172.1918182373",
          "kilometers" : "66219872",
          "miles" : "41147120"
        },
        "orbiting_body" : "Earth"
      } ],
      "orbital_data" : {
        "orbit_id" : "27",
        "orbit_determination_date" : "2017-04-06 08:23:31",
        "orbit_uncertainty" : "4",
        "minimum_orbit_intersection" : ".232081",
        "jupiter_tisserand_invariant" : "3.064",
        "epoch_osculation" : "2458000.5",
        "eccentricity" : ".5784477211776373",
        "semi_major_axis" : "2.750054781556269",
        "inclination" : "8.968897056824295",
        "ascending_node_longitude" : "100.7963042754587",
        "orbital_period" : "1665.752388132445",
        "perihelion_distance" : "1.15929186005138",
        "perihelion_argument" : "277.0636326545709",
        "aphelion_distance" : "4.340817703061158",
        "perihelion_time" : "2457696.024516386417",
        "mean_anomaly" : "65.80280171399328",
        "mean_motion" : ".2161185555337029",
        "equinox" : "J2000"
      }
    } ]
  }
}