{
  "links" : {
    "next" : "https://api.nasa.gov/neo/rest/v1/feed?start_date=1995-06-09&end_date=1995-06-09&detailed=true&api_key=t0TVs3DtDT2H8Oy2Zy8m2eVrNsAVKAexjcZXUckd",
    "prev" : "https://api.nasa.gov/neo/rest/v1/feed?start_date=1995-06-07&end_date=1995-06-07&detailed=true&api_key=t0TVs3DtDT2H8Oy2Zy8m2eVrNsAVKAexjcZXUckd",
    "self" : "https://api.nasa.gov/neo/rest/v1/feed?start_date=1995-06-08&end_date=1995-06-08&detailed=true&api_key=t0TVs3DtDT2H8Oy2Zy8m2eVrNsAVKAexjcZXUckd"
  },
  "element_count" : 6,
  "near_earth_objects" : {
    "1995-06-08" : [ {
      "links" : {
        "self" : "https://api.nasa.gov/neo/rest/v1/neo/3127399?api_key=t0TVs3DtDT2H8Oy2Zy8m2eVrNsAVKAexjcZXUckd"
      },
      "neo_reference_id" : "3127399",
      "name" : "(2002 LR24)",
      "nasa_jpl_url" : "http://ssd.jpl.nasa.gov/sbdb.cgi?sstr=3127399",
      "absolute_magnitude_h" : 24.3,
      "estimated_diameter" : {
        "kilometers" : {
          "estimated_diameter_min" : 0.0366906138,
          "estimated_diameter_max" : 0.0820427065
        },
        "meters" : {
          "estimated_diameter_min" : 36.6906137531,
          "estimated_diameter_max" : 82.0427064882
        },
        "miles" : {
          "estimated_diameter_min" : 0.0227984834,
          "estimated_diameter_max" : 0.0509789586
        },
        "feet" : {
          "estimated_diameter_min" : 120.3760332259,
          "estimated_diameter_max" : 269.1689931548
        }
      },
      "is_potentially_hazardous_asteroid" : false,
      "close_approach_data" : [ {
        "close_approach_date" : "1995-06-08",
        "epoch_date_close_approach" : 802594800000,
        "relative_velocity" : {
          "kilometers_per_second" : "11.5082485302",
          "kilometers_per_hour" : "41429.694708589",
          "miles_per_hour" : "25742.801137123"
        },
        "miss_distance" : {
          "astronomical" : "0.0258608669",
          "lunar" : "10.0598773956",
          "kilometers" : "3868730.5",
          "miles" : "2403917.75"
        },
        "orbiting_body" : "Earth"
      } ],
      "orbital_data" : {
        "orbit_id" : "12",
        "orbit_determination_date" : "2017-04-06 09:15:05",
        "orbit_uncertainty" : "7",
        "minimum_orbit_intersection" : ".0222117",
        "jupiter_tisserand_invariant" : "5.054",
        "epoch_osculation" : "2458000.5",
        "eccentricity" : ".202625295607249",
        "semi_major_axis" : "1.253655419096375",
        "inclination" : "20.00369553323626",
        "ascending_node_longitude" : "256.4453282720152",
        "orbital_period" : "512.7028130962499",
        "perihelion_distance" : ".9996331192123424",
        "perihelion_argument" : "38.56656343615317",
        "aphelion_distance" : "1.507677718980407",
        "perihelion_time" : "2458106.354887494227",
        "mean_anomaly" : "285.6728098139616",
        "mean_motion" : ".7021611561402084",
        "equinox" : "J2000"
      }
    }, {
      "links" : {
        "self" : "https://api.nasa.gov/neo/rest/v1/neo/3397922?api_key=t0TVs3DtDT2H8Oy2Zy8m2eVrNsAVKAexjcZXUckd"
      },
      "neo_reference_id" : "3397922",
      "name" : "(2007 XH16)",
      "nasa_jpl_url" : "http://ssd.jpl.nasa.gov/sbdb.cgi?sstr=3397922",
      "absolute_magnitude_h" : 19.6,
      "estimated_diameter" : {
        "kilometers" : {
          "estimated_diameter_min" : 0.3195618867,
          "estimated_diameter_max" : 0.7145621017
        },
        "meters" : {
          "estimated_diameter_min" : 319.5618867213,
          "estimated_diameter_max" : 714.5621017269
        },
        "miles" : {
          "estimated_diameter_min" : 0.1985664891,
          "estimated_diameter_max" : 0.4440081677
        },
        "feet" : {
          "estimated_diameter_min" : 1048.4314204307,
          "estimated_diameter_max" : 2344.3639258298
        }
      },
      "is_potentially_hazardous_asteroid" : true,
      "close_approach_data" : [ {
        "close_approach_date" : "1995-06-08",
        "epoch_date_close_approach" : 802594800000,
        "relative_velocity" : {
          "kilometers_per_second" : "18.3327339774",
          "kilometers_per_hour" : "65997.8423187595",
          "miles_per_hour" : "41008.4926341203"
        },
        "miss_distance" : {
          "astronomical" : "0.355113415",
          "lunar" : "138.1391143799",
          "kilometers" : "53124212",
          "miles" : "33009854"
        },
        "orbiting_body" : "Earth"
      } ],
      "orbital_data" : {
        "orbit_id" : "45",
        "orbit_determination_date" : "2017-01-29 06:20:30",
        "orbit_uncertainty" : "0",
        "minimum_orbit_intersection" : ".0142281",
        "jupiter_tisserand_invariant" : "5.208",
        "epoch_osculation" : "2457800.5",
        "eccentricity" : ".2348032024240591",
        "semi_major_axis" : "1.187057031586828",
        "inclination" : "27.42819291107595",
        "ascending_node_longitude" : "91.3017276853694",
        "orbital_period" : "472.395556943907",
        "perihelion_distance" : ".9083322391102431",
        "perihelion_argument" : "58.2930682841533",
        "aphelion_distance" : "1.465781824063413",
        "perihelion_time" : "2457814.671504379364",
        "mean_anomaly" : "349.2002761211894",
        "mean_motion" : ".7620732132388514",
        "equinox" : "J2000"
      }
    }, {
      "links" : {
        "self" : "https://api.nasa.gov/neo/rest/v1/neo/3672731?api_key=t0TVs3DtDT2H8Oy2Zy8m2eVrNsAVKAexjcZXUckd"
      },
      "neo_reference_id" : "3672731",
      "name" : "(2014 KO62)",
      "nasa_jpl_url" : "http://ssd.jpl.nasa.gov/sbdb.cgi?sstr=3672731",
      "absolute_magnitude_h" : 26.2,
      "estimated_diameter" : {
        "kilometers" : {
          "estimated_diameter_min" : 0.0152951935,
          "estimated_diameter_max" : 0.0342010925
        },
        "meters" : {
          "estimated_diameter_min" : 15.2951935344,
          "estimated_diameter_max" : 34.201092472
        },
        "miles" : {
          "estimated_diameter_min" : 0.0095039897,
          "estimated_diameter_max" : 0.021251567
        },
        "feet" : {
          "estimated_diameter_min" : 50.1810827555,
          "estimated_diameter_max" : 112.2083122258
        }
      },
      "is_potentially_hazardous_asteroid" : false,
      "close_approach_data" : [ {
        "close_approach_date" : "1995-06-08",
        "epoch_date_close_approach" : 802594800000,
        "relative_velocity" : {
          "kilometers_per_second" : "7.9263615697",
          "kilometers_per_hour" : "28534.9016509411",
          "miles_per_hour" : "17730.478195275"
        },
        "miss_distance" : {
          "astronomical" : "0.1628003234",
          "lunar" : "63.3293266296",
          "kilometers" : "24354582",
          "miles" : "15133236"
        },
        "orbiting_body" : "Earth"
      } ],
      "orbital_data" : {
        "orbit_id" : "12",
        "orbit_determination_date" : "2017-04-06 08:40:19",
        "orbit_uncertainty" : "6",
        "minimum_orbit_intersection" : ".00634687",
        "jupiter_tisserand_invariant" : "5.537",
        "epoch_osculation" : "2458000.5",
        "eccentricity" : ".1197566329200361",
        "semi_major_axis" : "1.126601949757105",
        "inclination" : "6.507326870768589",
        "ascending_node_longitude" : "242.5828956419752",
        "orbital_period" : "436.7713817183259",
        "perihelion_distance" : ".9916838936130462",
        "perihelion_argument" : "318.5163366159038",
        "aphelion_distance" : "1.261520005901163",
        "perihelion_time" : "2458071.889294431469",
        "mean_anomaly" : "301.1588142652097",
        "mean_motion" : ".8242298261019404",
        "equinox" : "J2000"
      }
    }, {
      "links" : {
        "self" : "https://api.nasa.gov/neo/rest/v1/neo/3463371?api_key=t0TVs3DtDT2H8Oy2Zy8m2eVrNsAVKAexjcZXUckd"
      },
      "neo_reference_id" : "3463371",
      "name" : "(2009 MW)",
      "nasa_jpl_url" : "http://ssd.jpl.nasa.gov/sbdb.cgi?sstr=3463371",
      "absolute_magnitude_h" : 20.8,
      "estimated_diameter" : {
        "kilometers" : {
          "estimated_diameter_min" : 0.1838886721,
          "estimated_diameter_max" : 0.411187571
        },
        "meters" : {
          "estimated_diameter_min" : 183.8886720703,
          "estimated_diameter_max" : 411.1875710413
        },
        "miles" : {
          "estimated_diameter_min" : 0.1142630881,
          "estimated_diameter_max" : 0.2555000322
        },
        "feet" : {
          "estimated_diameter_min" : 603.309310875,
          "estimated_diameter_max" : 1349.040630575
        }
      },
      "is_potentially_hazardous_asteroid" : false,
      "close_approach_data" : [ {
        "close_approach_date" : "1995-06-08",
        "epoch_date_close_approach" : 802594800000,
        "relative_velocity" : {
          "kilometers_per_second" : "19.6672789686",
          "kilometers_per_hour" : "70802.2042868531",
          "miles_per_hour" : "43993.7363247949"
        },
        "miss_distance" : {
          "astronomical" : "0.3665254682",
          "lunar" : "142.578414917",
          "kilometers" : "54831432",
          "miles" : "34070672"
        },
        "orbiting_body" : "Earth"
      } ],
      "orbital_data" : {
        "orbit_id" : "19",
        "orbit_determination_date" : "2017-04-06 09:00:25",
        "orbit_uncertainty" : "1",
        "minimum_orbit_intersection" : ".113249",
        "jupiter_tisserand_invariant" : "6.447",
        "epoch_osculation" : "2458000.5",
        "eccentricity" : ".2991539178730141",
        "semi_major_axis" : ".9127170167367619",
        "inclination" : "21.03334897898406",
        "ascending_node_longitude" : "87.57392832159935",
        "orbital_period" : "318.4950216186122",
        "perihelion_distance" : ".6396741452705902",
        "perihelion_argument" : "23.61692199702258",
        "aphelion_distance" : "1.185759888202933",
        "perihelion_time" : "2458072.706002076781",
        "mean_anomaly" : "278.3844048313936",
        "mean_motion" : "1.130315940796992",
        "equinox" : "J2000"
      }
    }, {
      "links" : {
        "self" : "https://api.nasa.gov/neo/rest/v1/neo/2484402?api_key=t0TVs3DtDT2H8Oy2Zy8m2eVrNsAVKAexjcZXUckd"
      },
      "neo_reference_id" : "2484402",
      "name" : "484402 (2007 XH16)",
      "nasa_jpl_url" : "http://ssd.jpl.nasa.gov/sbdb.cgi?sstr=2484402",
      "absolute_magnitude_h" : 19.6,
      "estimated_diameter" : {
        "kilometers" : {
          "estimated_diameter_min" : 0.3195618867,
          "estimated_diameter_max" : 0.7145621017
        },
        "meters" : {
          "estimated_diameter_min" : 319.5618867213,
          "estimated_diameter_max" : 714.5621017269
        },
        "miles" : {
          "estimated_diameter_min" : 0.1985664891,
          "estimated_diameter_max" : 0.4440081677
        },
        "feet" : {
          "estimated_diameter_min" : 1048.4314204307,
          "estimated_diameter_max" : 2344.3639258298
        }
      },
      "is_potentially_hazardous_asteroid" : true,
      "close_approach_data" : [ {
        "close_approach_date" : "1995-06-08",
        "epoch_date_close_approach" : 802594800000,
        "relative_velocity" : {
          "kilometers_per_second" : "18.3327075668",
          "kilometers_per_hour" : "65997.7472403997",
          "miles_per_hour" : "41008.433556125"
        },
        "miss_distance" : {
          "astronomical" : "0.3551124243",
          "lunar" : "138.1387329102",
          "kilometers" : "53124064",
          "miles" : "33009764"
        },
        "orbiting_body" : "Earth"
      } ],
      "orbital_data" : {
        "orbit_id" : "72",
        "orbit_determination_date" : "2017-06-28 06:19:14",
        "orbit_uncertainty" : "0",
        "minimum_orbit_intersection" : ".014981",
        "jupiter_tisserand_invariant" : "5.208",
        "epoch_osculation" : "2458000.5",
        "eccentricity" : ".2347705612442139",
        "semi_major_axis" : "1.18707590311588",
        "inclination" : "27.42934756970816",
        "ascending_node_longitude" : "91.29622833768234",
        "orbital_period" : "472.4068220242749",
        "perihelion_distance" : ".9083854271018823",
        "perihelion_argument" : "58.30311252249622",
        "aphelion_distance" : "1.465766379129877",
        "perihelion_time" : "2457814.668317110125",
        "mean_anomaly" : "141.6139706740252",
        "mean_motion" : ".7620550407324583",
        "equinox" : "J2000"
      }
    }, {
      "links" : {
        "self" : "https://api.nasa.gov/neo/rest/v1/neo/3776112?api_key=t0TVs3DtDT2H8Oy2Zy8m2eVrNsAVKAexjcZXUckd"
      },
      "neo_reference_id" : "3776112",
      "name" : "(2017 MD7)",
      "nasa_jpl_url" : "http://ssd.jpl.nasa.gov/sbdb.cgi?sstr=3776112",
      "absolute_magnitude_h" : 20.616,
      "estimated_diameter" : {
        "kilometers" : {
          "estimated_diameter_min" : 0.2001497153,
          "estimated_diameter_max" : 0.447548369
        },
        "meters" : {
          "estimated_diameter_min" : 200.1497152635,
          "estimated_diameter_max" : 447.5483690065
        },
        "miles" : {
          "estimated_diameter_min" : 0.1243672287,
          "estimated_diameter_max" : 0.2780935776
        },
        "feet" : {
          "estimated_diameter_min" : 656.6591918253,
          "estimated_diameter_max" : 1468.3345909714
        }
      },
      "is_potentially_hazardous_asteroid" : false,
      "close_approach_data" : [ {
        "close_approach_date" : "1995-06-08",
        "epoch_date_close_approach" : 802594800000,
        "relative_velocity" : {
          "kilometers_per_second" : "17.4813559273",
          "kilometers_per_hour" : "62932.8813383124",
          "miles_per_hour" : "39104.0450737975"
        },
        "miss_distance" : {
          "astronomical" : "0.3236887064",
          "lunar" : "125.9149093628",
          "kilometers" : "48423144",
          "miles" : "30088746"
        },
        "orbiting_body" : "Earth"
      } ],
      "orbital_data" : {
        "orbit_id" : "5",
        "orbit_determination_date" : "2017-08-14 06:21:35",
        "orbit_uncertainty" : "5",
        "minimum_orbit_intersection" : ".317486",
        "jupiter_tisserand_invariant" : "5.612",
        "epoch_osculation" : "2458000.5",
        "eccentricity" : ".4054789391223797",
        "semi_major_axis" : "1.062613440594973",
        "inclination" : "29.97955176309085",
        "ascending_node_longitude" : "280.3174924693282",
        "orbital_period" : "400.0933971167236",
        "perihelion_distance" : ".6317460700053416",
        "perihelion_argument" : "202.1321893156033",
        "aphelion_distance" : "1.493480811184605",
        "perihelion_time" : "2458183.941818242967",
        "mean_anomaly" : "194.9409036905404",
        "mean_motion" : ".8997899055429133",
        "equinox" : "J2000"
      }
    } ]
  }
}