{
  "links" : {
    "next" : "https://api.nasa.gov/neo/rest/v1/feed?start_date=2007-08-23&end_date=2007-08-23&detailed=true&api_key=t0TVs3DtDT2H8Oy2Zy8m2eVrNsAVKAexjcZXUckd",
    "prev" : "https://api.nasa.gov/neo/rest/v1/feed?start_date=2007-08-21&end_date=2007-08-21&detailed=true&api_key=t0TVs3DtDT2H8Oy2Zy8m2eVrNsAVKAexjcZXUckd",
    "self" : "https://api.nasa.gov/neo/rest/v1/feed?start_date=2007-08-22&end_date=2007-08-22&detailed=true&api_key=t0TVs3DtDT2H8Oy2Zy8m2eVrNsAVKAexjcZXUckd"
  },
  "element_count" : 9,
  "near_earth_objects" : {
    "2007-08-22" : [ {
      "links" : {
        "self" : "https://api.nasa.gov/neo/rest/v1/neo/3092310?api_key=t0TVs3DtDT2H8Oy2Zy8m2eVrNsAVKAexjcZXUckd"
      },
      "neo_reference_id" : "3092310",
      "name" : "(2001 QE96)",
      "nasa_jpl_url" : "http://ssd.jpl.nasa.gov/sbdb.cgi?sstr=3092310",
      "absolute_magnitude_h" : 22.7,
      "estimated_diameter" : {
        "kilometers" : {
          "estimated_diameter_min" : 0.0766575574,
          "estimated_diameter_max" : 0.1714115092
        },
        "meters" : {
          "estimated_diameter_min" : 76.6575573531,
          "estimated_diameter_max" : 171.4115092306
        },
        "miles" : {
          "estimated_diameter_min" : 0.0476327831,
          "estimated_diameter_max" : 0.1065101409
        },
        "feet" : {
          "estimated_diameter_min" : 251.5011804664,
          "estimated_diameter_max" : 562.3737359442
        }
      },
      "is_potentially_hazardous_asteroid" : false,
      "close_approach_data" : [ {
        "close_approach_date" : "2007-08-22",
        "epoch_date_close_approach" : 1187766000000,
        "relative_velocity" : {
          "kilometers_per_second" : "4.9805305461",
          "kilometers_per_hour" : "17929.9099658652",
          "miles_per_hour" : "11140.9487785122"
        },
        "miss_distance" : {
          "astronomical" : "0.3053676693",
          "lunar" : "118.7880249023",
          "kilometers" : "45682356",
          "miles" : "28385700"
        },
        "orbiting_body" : "Earth"
      } ],
      "orbital_data" : {
        "orbit_id" : "12",
        "orbit_determination_date" : "2017-04-06 09:16:13",
        "orbit_uncertainty" : "1",
        "minimum_orbit_intersection" : ".300639",
        "jupiter_tisserand_invariant" : "4.965",
        "epoch_osculation" : "2458000.5",
        "eccentricity" : ".02793750947401575",
        "semi_major_axis" : "1.310762653141905",
        "inclination" : "7.265658888228114",
        "ascending_node_longitude" : "150.2649292379566",
        "orbital_period" : "548.1311897860478",
        "perihelion_distance" : "1.274143209101567",
        "perihelion_argument" : "278.9705054663746",
        "aphelion_distance" : "1.347382097182243",
        "perihelion_time" : "2457772.382205747224",
        "mean_anomaly" : "149.8225378545859",
        "mean_motion" : ".6567770758320083",
        "equinox" : "J2000"
      }
    }, {
      "links" : {
        "self" : "https://api.nasa.gov/neo/rest/v1/neo/3381258?api_key=t0TVs3DtDT2H8Oy2Zy8m2eVrNsAVKAexjcZXUckd"
      },
      "neo_reference_id" : "3381258",
      "name" : "(2007 PQ9)",
      "nasa_jpl_url" : "http://ssd.jpl.nasa.gov/sbdb.cgi?sstr=3381258",
      "absolute_magnitude_h" : 22.0,
      "estimated_diameter" : {
        "kilometers" : {
          "estimated_diameter_min" : 0.1058168859,
          "estimated_diameter_max" : 0.2366137501
        },
        "meters" : {
          "estimated_diameter_min" : 105.8168859331,
          "estimated_diameter_max" : 236.6137501138
        },
        "miles" : {
          "estimated_diameter_min" : 0.0657515442,
          "estimated_diameter_max" : 0.1470249225
        },
        "feet" : {
          "estimated_diameter_min" : 347.1682720448,
          "estimated_diameter_max" : 776.2918559233
        }
      },
      "is_potentially_hazardous_asteroid" : false,
      "close_approach_data" : [ {
        "close_approach_date" : "2007-08-22",
        "epoch_date_close_approach" : 1187766000000,
        "relative_velocity" : {
          "kilometers_per_second" : "5.5560970809",
          "kilometers_per_hour" : "20001.9494913467",
          "miles_per_hour" : "12428.4335603315"
        },
        "miss_distance" : {
          "astronomical" : "0.0987298351",
          "lunar" : "38.4059066772",
          "kilometers" : "14769773",
          "miles" : "9177511"
        },
        "orbiting_body" : "Earth"
      } ],
      "orbital_data" : {
        "orbit_id" : "19",
        "orbit_determination_date" : "2017-04-06 09:06:13",
        "orbit_uncertainty" : "1",
        "minimum_orbit_intersection" : ".094016",
        "jupiter_tisserand_invariant" : "4.653",
        "epoch_osculation" : "2458000.5",
        "eccentricity" : ".2411580124984683",
        "semi_major_axis" : "1.426541592958175",
        "inclination" : "8.555753760882901",
        "ascending_node_longitude" : "135.9932350183856",
        "orbital_period" : "622.3362303389936",
        "perihelion_distance" : "1.082519657653982",
        "perihelion_argument" : "215.4373875126386",
        "aphelion_distance" : "1.770563528262367",
        "perihelion_time" : "2458090.463646398110",
        "mean_anomaly" : "307.9591398918264",
        "mean_motion" : ".5784654378934421",
        "equinox" : "J2000"
      }
    }, {
      "links" : {
        "self" : "https://api.nasa.gov/neo/rest/v1/neo/3394779?api_key=t0TVs3DtDT2H8Oy2Zy8m2eVrNsAVKAexjcZXUckd"
      },
      "neo_reference_id" : "3394779",
      "name" : "(2007 WB)",
      "nasa_jpl_url" : "http://ssd.jpl.nasa.gov/sbdb.cgi?sstr=3394779",
      "absolute_magnitude_h" : 18.8,
      "estimated_diameter" : {
        "kilometers" : {
          "estimated_diameter_min" : 0.4619074603,
          "estimated_diameter_max" : 1.0328564805
        },
        "meters" : {
          "estimated_diameter_min" : 461.9074602816,
          "estimated_diameter_max" : 1032.8564805039
        },
        "miles" : {
          "estimated_diameter_min" : 0.2870159005,
          "estimated_diameter_max" : 0.6417870641
        },
        "feet" : {
          "estimated_diameter_min" : 1515.4444719902,
          "estimated_diameter_max" : 3388.6368554964
        }
      },
      "is_potentially_hazardous_asteroid" : false,
      "close_approach_data" : [ {
        "close_approach_date" : "2007-08-22",
        "epoch_date_close_approach" : 1187766000000,
        "relative_velocity" : {
          "kilometers_per_second" : "21.7434351483",
          "kilometers_per_hour" : "78276.3665339398",
          "miles_per_hour" : "48637.8900832694"
        },
        "miss_distance" : {
          "astronomical" : "0.4901832892",
          "lunar" : "190.6813049316",
          "kilometers" : "73330376",
          "miles" : "45565384"
        },
        "orbiting_body" : "Earth"
      } ],
      "orbital_data" : {
        "orbit_id" : "17",
        "orbit_determination_date" : "2017-04-06 09:05:06",
        "orbit_uncertainty" : "2",
        "minimum_orbit_intersection" : ".188015",
        "jupiter_tisserand_invariant" : "3.893",
        "epoch_osculation" : "2458000.5",
        "eccentricity" : ".7095289775820923",
        "semi_major_axis" : "1.668827151561729",
        "inclination" : "13.73554529381769",
        "ascending_node_longitude" : "83.08101312693539",
        "orbital_period" : "787.4363561964757",
        "perihelion_distance" : ".4847459289529001",
        "perihelion_argument" : "203.7191637261352",
        "aphelion_distance" : "2.852908374170559",
        "perihelion_time" : "2458256.181981636405",
        "mean_anomaly" : "243.1073614206617",
        "mean_motion" : ".457179805284702",
        "equinox" : "J2000"
      }
    }, {
      "links" : {
        "self" : "https://api.nasa.gov/neo/rest/v1/neo/3601337?api_key=t0TVs3DtDT2H8Oy2Zy8m2eVrNsAVKAexjcZXUckd"
      },
      "neo_reference_id" : "3601337",
      "name" : "(2012 EP10)",
      "nasa_jpl_url" : "http://ssd.jpl.nasa.gov/sbdb.cgi?sstr=3601337",
      "absolute_magnitude_h" : 29.1,
      "estimated_diameter" : {
        "kilometers" : {
          "estimated_diameter_min" : 0.0040230458,
          "estimated_diameter_max" : 0.0089958039
        },
        "meters" : {
          "estimated_diameter_min" : 4.0230457983,
          "estimated_diameter_max" : 8.9958038817
        },
        "miles" : {
          "estimated_diameter_min" : 0.002499804,
          "estimated_diameter_max" : 0.0055897317
        },
        "feet" : {
          "estimated_diameter_min" : 13.198969577,
          "estimated_diameter_max" : 29.5137932072
        }
      },
      "is_potentially_hazardous_asteroid" : false,
      "close_approach_data" : [ {
        "close_approach_date" : "2007-08-22",
        "epoch_date_close_approach" : 1187766000000,
        "relative_velocity" : {
          "kilometers_per_second" : "15.6773934303",
          "kilometers_per_hour" : "56438.6163492049",
          "miles_per_hour" : "35068.7613643157"
        },
        "miss_distance" : {
          "astronomical" : "0.4366107857",
          "lunar" : "169.8415985107",
          "kilometers" : "65316044",
          "miles" : "40585508"
        },
        "orbiting_body" : "Earth"
      } ],
      "orbital_data" : {
        "orbit_id" : "9",
        "orbit_determination_date" : "2017-04-06 08:50:32",
        "orbit_uncertainty" : "6",
        "minimum_orbit_intersection" : ".00257613",
        "jupiter_tisserand_invariant" : "5.846",
        "epoch_osculation" : "2458000.5",
        "eccentricity" : ".1159925283508229",
        "semi_major_axis" : "1.050311005705043",
        "inclination" : "1.033141713948091",
        "ascending_node_longitude" : "348.0195182983391",
        "orbital_period" : "393.1654090045813",
        "perihelion_distance" : ".9284827765986198",
        "perihelion_argument" : "105.785835947079",
        "aphelion_distance" : "1.172139234811467",
        "perihelion_time" : "2457893.487342976999",
        "mean_anomaly" : "97.98562041817779",
        "mean_motion" : ".9156451502471957",
        "equinox" : "J2000"
      }
    }, {
      "links" : {
        "self" : "https://api.nasa.gov/neo/rest/v1/neo/3626029?api_key=t0TVs3DtDT2H8Oy2Zy8m2eVrNsAVKAexjcZXUckd"
      },
      "neo_reference_id" : "3626029",
      "name" : "(2013 CW32)",
      "nasa_jpl_url" : "http://ssd.jpl.nasa.gov/sbdb.cgi?sstr=3626029",
      "absolute_magnitude_h" : 21.9,
      "estimated_diameter" : {
        "kilometers" : {
          "estimated_diameter_min" : 0.1108038821,
          "estimated_diameter_max" : 0.2477650126
        },
        "meters" : {
          "estimated_diameter_min" : 110.8038821264,
          "estimated_diameter_max" : 247.7650126055
        },
        "miles" : {
          "estimated_diameter_min" : 0.068850319,
          "estimated_diameter_max" : 0.1539539936
        },
        "feet" : {
          "estimated_diameter_min" : 363.5298086356,
          "estimated_diameter_max" : 812.8773639568
        }
      },
      "is_potentially_hazardous_asteroid" : true,
      "close_approach_data" : [ {
        "close_approach_date" : "2007-08-22",
        "epoch_date_close_approach" : 1187766000000,
        "relative_velocity" : {
          "kilometers_per_second" : "21.3534752974",
          "kilometers_per_hour" : "76872.5110706803",
          "miles_per_hour" : "47765.5888927791"
        },
        "miss_distance" : {
          "astronomical" : "0.434282035",
          "lunar" : "168.9357147217",
          "kilometers" : "64967668",
          "miles" : "40369036"
        },
        "orbiting_body" : "Earth"
      } ],
      "orbital_data" : {
        "orbit_id" : "13",
        "orbit_determination_date" : "2017-04-06 08:46:55",
        "orbit_uncertainty" : "2",
        "minimum_orbit_intersection" : ".0360908",
        "jupiter_tisserand_invariant" : "6.446",
        "epoch_osculation" : "2458000.5",
        "eccentricity" : ".3785403047141448",
        "semi_major_axis" : ".9045699059334557",
        "inclination" : "26.05279691410814",
        "ascending_node_longitude" : "132.1133404656312",
        "orbital_period" : "314.2401182838985",
        "perihelion_distance" : ".56215373810616",
        "perihelion_argument" : "228.8546758918408",
        "aphelion_distance" : "1.246986073760751",
        "perihelion_time" : "2458122.294438636488",
        "mean_anomaly" : "220.4697638589765",
        "mean_motion" : "1.145620750036633",
        "equinox" : "J2000"
      }
    }, {
      "links" : {
        "self" : "https://api.nasa.gov/neo/rest/v1/neo/3684008?api_key=t0TVs3DtDT2H8Oy2Zy8m2eVrNsAVKAexjcZXUckd"
      },
      "neo_reference_id" : "3684008",
      "name" : "(2014 QT296)",
      "nasa_jpl_url" : "http://ssd.jpl.nasa.gov/sbdb.cgi?sstr=3684008",
      "absolute_magnitude_h" : 21.2,
      "estimated_diameter" : {
        "kilometers" : {
          "estimated_diameter_min" : 0.1529519353,
          "estimated_diameter_max" : 0.3420109247
        },
        "meters" : {
          "estimated_diameter_min" : 152.9519353442,
          "estimated_diameter_max" : 342.0109247198
        },
        "miles" : {
          "estimated_diameter_min" : 0.095039897,
          "estimated_diameter_max" : 0.2125156703
        },
        "feet" : {
          "estimated_diameter_min" : 501.8108275547,
          "estimated_diameter_max" : 1122.0831222578
        }
      },
      "is_potentially_hazardous_asteroid" : false,
      "close_approach_data" : [ {
        "close_approach_date" : "2007-08-22",
        "epoch_date_close_approach" : 1187766000000,
        "relative_velocity" : {
          "kilometers_per_second" : "19.0215000509",
          "kilometers_per_hour" : "68477.4001832486",
          "miles_per_hour" : "42549.1934638636"
        },
        "miss_distance" : {
          "astronomical" : "0.0977277516",
          "lunar" : "38.0160942078",
          "kilometers" : "14619864",
          "miles" : "9084362"
        },
        "orbiting_body" : "Earth"
      } ],
      "orbital_data" : {
        "orbit_id" : "6",
        "orbit_determination_date" : "2017-04-06 08:39:07",
        "orbit_uncertainty" : "6",
        "minimum_orbit_intersection" : ".0667857",
        "jupiter_tisserand_invariant" : "4.469",
        "epoch_osculation" : "2458000.5",
        "eccentricity" : ".4373989530511649",
        "semi_major_axis" : "1.442414905197316",
        "inclination" : "24.56842188077443",
        "ascending_node_longitude" : "151.7319137192872",
        "orbital_period" : "632.7522951838971",
        "perihelion_distance" : ".8115041357986146",
        "perihelion_argument" : "97.07781956847643",
        "aphelion_distance" : "2.073325674596017",
        "perihelion_time" : "2458075.090407064433",
        "mean_anomaly" : "317.5623087461238",
        "mean_motion" : ".5689430172598158",
        "equinox" : "J2000"
      }
    }, {
      "links" : {
        "self" : "https://api.nasa.gov/neo/rest/v1/neo/3685807?api_key=t0TVs3DtDT2H8Oy2Zy8m2eVrNsAVKAexjcZXUckd"
      },
      "neo_reference_id" : "3685807",
      "name" : "(2014 QW432)",
      "nasa_jpl_url" : "http://ssd.jpl.nasa.gov/sbdb.cgi?sstr=3685807",
      "absolute_magnitude_h" : 21.3,
      "estimated_diameter" : {
        "kilometers" : {
          "estimated_diameter_min" : 0.1460679643,
          "estimated_diameter_max" : 0.3266178974
        },
        "meters" : {
          "estimated_diameter_min" : 146.0679642714,
          "estimated_diameter_max" : 326.6178974458
        },
        "miles" : {
          "estimated_diameter_min" : 0.090762397,
          "estimated_diameter_max" : 0.2029508896
        },
        "feet" : {
          "estimated_diameter_min" : 479.2256199,
          "estimated_diameter_max" : 1071.581062656
        }
      },
      "is_potentially_hazardous_asteroid" : false,
      "close_approach_data" : [ {
        "close_approach_date" : "2007-08-22",
        "epoch_date_close_approach" : 1187766000000,
        "relative_velocity" : {
          "kilometers_per_second" : "13.7166717956",
          "kilometers_per_hour" : "49380.0184640722",
          "miles_per_hour" : "30682.8231395231"
        },
        "miss_distance" : {
          "astronomical" : "0.3841451637",
          "lunar" : "149.4324645996",
          "kilometers" : "57467300",
          "miles" : "35708524"
        },
        "orbiting_body" : "Earth"
      } ],
      "orbital_data" : {
        "orbit_id" : "7",
        "orbit_determination_date" : "2017-04-06 08:38:55",
        "orbit_uncertainty" : "6",
        "minimum_orbit_intersection" : ".210535",
        "jupiter_tisserand_invariant" : "5.051",
        "epoch_osculation" : "2458000.5",
        "eccentricity" : ".04284156975301039",
        "semi_major_axis" : "1.246462073525433",
        "inclination" : "26.32203991535576",
        "ascending_node_longitude" : "345.550083819674",
        "orbital_period" : "508.2963953044151",
        "perihelion_distance" : "1.193061681658012",
        "perihelion_argument" : "214.7931649349263",
        "aphelion_distance" : "1.299862465392855",
        "perihelion_time" : "2458241.127423039116",
        "mean_anomaly" : "189.5760640950402",
        "mean_motion" : ".7082481861481598",
        "equinox" : "J2000"
      }
    }, {
      "links" : {
        "self" : "https://api.nasa.gov/neo/rest/v1/neo/3752782?api_key=t0TVs3DtDT2H8Oy2Zy8m2eVrNsAVKAexjcZXUckd"
      },
      "neo_reference_id" : "3752782",
      "name" : "(2016 JA6)",
      "nasa_jpl_url" : "http://ssd.jpl.nasa.gov/sbdb.cgi?sstr=3752782",
      "absolute_magnitude_h" : 26.3,
      "estimated_diameter" : {
        "kilometers" : {
          "estimated_diameter_min" : 0.0146067964,
          "estimated_diameter_max" : 0.0326617897
        },
        "meters" : {
          "estimated_diameter_min" : 14.6067964271,
          "estimated_diameter_max" : 32.6617897446
        },
        "miles" : {
          "estimated_diameter_min" : 0.0090762397,
          "estimated_diameter_max" : 0.020295089
        },
        "feet" : {
          "estimated_diameter_min" : 47.92256199,
          "estimated_diameter_max" : 107.1581062656
        }
      },
      "is_potentially_hazardous_asteroid" : false,
      "close_approach_data" : [ {
        "close_approach_date" : "2007-08-22",
        "epoch_date_close_approach" : 1187766000000,
        "relative_velocity" : {
          "kilometers_per_second" : "8.0421878467",
          "kilometers_per_hour" : "28951.8762481285",
          "miles_per_hour" : "17989.5699942885"
        },
        "miss_distance" : {
          "astronomical" : "0.4966126117",
          "lunar" : "193.1823120117",
          "kilometers" : "74292192",
          "miles" : "46163028"
        },
        "orbiting_body" : "Earth"
      } ],
      "orbital_data" : {
        "orbit_id" : "16",
        "orbit_determination_date" : "2017-04-06 08:26:09",
        "orbit_uncertainty" : "6",
        "minimum_orbit_intersection" : ".000822865",
        "jupiter_tisserand_invariant" : "5.629",
        "epoch_osculation" : "2458000.5",
        "eccentricity" : ".2762164774225852",
        "semi_major_axis" : "1.087621882655883",
        "inclination" : "16.0101129839823",
        "ascending_node_longitude" : "222.229441548185",
        "orbital_period" : "414.3003805415065",
        "perihelion_distance" : ".7872027974609547",
        "perihelion_argument" : "269.2977677875609",
        "aphelion_distance" : "1.388040967850811",
        "perihelion_time" : "2457856.547135935211",
        "mean_anomaly" : "125.085646785044",
        "mean_motion" : ".8689347558152523",
        "equinox" : "J2000"
      }
    }, {
      "links" : {
        "self" : "https://api.nasa.gov/neo/rest/v1/neo/3770280?api_key=t0TVs3DtDT2H8Oy2Zy8m2eVrNsAVKAexjcZXUckd"
      },
      "neo_reference_id" : "3770280",
      "name" : "(2017 EA)",
      "nasa_jpl_url" : "http://ssd.jpl.nasa.gov/sbdb.cgi?sstr=3770280",
      "absolute_magnitude_h" : 30.8,
      "estimated_diameter" : {
        "kilometers" : {
          "estimated_diameter_min" : 0.0018388867,
          "estimated_diameter_max" : 0.0041118757
        },
        "meters" : {
          "estimated_diameter_min" : 1.8388867207,
          "estimated_diameter_max" : 4.1118757104
        },
        "miles" : {
          "estimated_diameter_min" : 0.0011426309,
          "estimated_diameter_max" : 0.0025550003
        },
        "feet" : {
          "estimated_diameter_min" : 6.0330931087,
          "estimated_diameter_max" : 13.4904063057
        }
      },
      "is_potentially_hazardous_asteroid" : false,
      "close_approach_data" : [ {
        "close_approach_date" : "2007-08-22",
        "epoch_date_close_approach" : 1187766000000,
        "relative_velocity" : {
          "kilometers_per_second" : "31.8521652403",
          "kilometers_per_hour" : "114667.7948649083",
          "miles_per_hour" : "71250.1084259204"
        },
        "miss_distance" : {
          "astronomical" : "0.4889197114",
          "lunar" : "190.1897583008",
          "kilometers" : "73141344",
          "miles" : "45447928"
        },
        "orbiting_body" : "Earth"
      } ],
      "orbital_data" : {
        "orbit_id" : "2",
        "orbit_determination_date" : "2017-04-06 08:19:47",
        "orbit_uncertainty" : "6",
        "minimum_orbit_intersection" : ".000118866",
        "jupiter_tisserand_invariant" : "3.964",
        "epoch_osculation" : "2458000.5",
        "eccentricity" : ".6003001023417441",
        "semi_major_axis" : "1.70687396963693",
        "inclination" : "1.372379455152367",
        "ascending_node_longitude" : "161.8499822929697",
        "orbital_period" : "814.5178567928164",
        "perihelion_distance" : ".6822373509794217",
        "perihelion_argument" : "80.37433943854784",
        "aphelion_distance" : "2.731510588294438",
        "perihelion_time" : "2457862.778784058510",
        "mean_anomaly" : "60.8699211754024",
        "mean_motion" : ".4419792604885406",
        "equinox" : "J2000"
      }
    } ]
  }
}