{
  "links" : {
    "next" : "https://api.nasa.gov/neo/rest/v1/feed?start_date=1998-05-23&end_date=1998-05-23&detailed=true&api_key=t0TVs3DtDT2H8Oy2Zy8m2eVrNsAVKAexjcZXUckd",
    "prev" : "https://api.nasa.gov/neo/rest/v1/feed?start_date=1998-05-21&end_date=1998-05-21&detailed=true&api_key=t0TVs3DtDT2H8Oy2Zy8m2eVrNsAVKAexjcZXUckd",
    "self" : "https://api.nasa.gov/neo/rest/v1/feed?start_date=1998-05-22&end_date=1998-05-22&detailed=true&api_key=t0TVs3DtDT2H8Oy2Zy8m2eVrNsAVKAexjcZXUckd"
  },
  "element_count" : 7,
  "near_earth_objects" : {
    "1998-05-22" : [ {
      "links" : {
        "self" : "https://api.nasa.gov/neo/rest/v1/neo/3092182?api_key=t0TVs3DtDT2H8Oy2Zy8m2eVrNsAVKAexjcZXUckd"
      },
      "neo_reference_id" : "3092182",
      "name" : "(1998 KD3)",
      "nasa_jpl_url" : "http://ssd.jpl.nasa.gov/sbdb.cgi?sstr=3092182",
      "absolute_magnitude_h" : 20.6,
      "estimated_diameter" : {
        "kilometers" : {
          "estimated_diameter_min" : 0.2016299194,
          "estimated_diameter_max" : 0.4508582062
        },
        "meters" : {
          "estimated_diameter_min" : 201.6299194428,
          "estimated_diameter_max" : 450.8582061718
        },
        "miles" : {
          "estimated_diameter_min" : 0.1252869847,
          "estimated_diameter_max" : 0.2801502144
        },
        "feet" : {
          "estimated_diameter_min" : 661.5155049046,
          "estimated_diameter_max" : 1479.1936371367
        }
      },
      "is_potentially_hazardous_asteroid" : false,
      "close_approach_data" : [ {
        "close_approach_date" : "1998-05-22",
        "epoch_date_close_approach" : 895820400000,
        "relative_velocity" : {
          "kilometers_per_second" : "18.3663494126",
          "kilometers_per_hour" : "66118.8578852178",
          "miles_per_hour" : "41083.6870009566"
        },
        "miss_distance" : {
          "astronomical" : "0.0597775087",
          "lunar" : "23.2534503937",
          "kilometers" : "8942588",
          "miles" : "5556666.5"
        },
        "orbiting_body" : "Earth"
      } ],
      "orbital_data" : {
        "orbit_id" : "11",
        "orbit_determination_date" : "2017-04-06 09:17:48",
        "orbit_uncertainty" : "7",
        "minimum_orbit_intersection" : ".0533135",
        "jupiter_tisserand_invariant" : "3.486",
        "epoch_osculation" : "2458000.5",
        "eccentricity" : ".509698848672226",
        "semi_major_axis" : "2.043827089533219",
        "inclination" : "29.38394111624256",
        "ascending_node_longitude" : "241.4099103180918",
        "orbital_period" : "1067.246289503247",
        "perihelion_distance" : "1.002090775113031",
        "perihelion_argument" : "324.5281087801847",
        "aphelion_distance" : "3.085563403953407",
        "perihelion_time" : "2458402.243306860150",
        "mean_anomaly" : "224.4852721512187",
        "mean_motion" : ".3373167033146239",
        "equinox" : "J2000"
      }
    }, {
      "links" : {
        "self" : "https://api.nasa.gov/neo/rest/v1/neo/3590075?api_key=t0TVs3DtDT2H8Oy2Zy8m2eVrNsAVKAexjcZXUckd"
      },
      "neo_reference_id" : "3590075",
      "name" : "(2011 XC)",
      "nasa_jpl_url" : "http://ssd.jpl.nasa.gov/sbdb.cgi?sstr=3590075",
      "absolute_magnitude_h" : 20.9,
      "estimated_diameter" : {
        "kilometers" : {
          "estimated_diameter_min" : 0.1756123185,
          "estimated_diameter_max" : 0.3926810818
        },
        "meters" : {
          "estimated_diameter_min" : 175.6123184804,
          "estimated_diameter_max" : 392.6810818086
        },
        "miles" : {
          "estimated_diameter_min" : 0.1091204019,
          "estimated_diameter_max" : 0.2440006365
        },
        "feet" : {
          "estimated_diameter_min" : 576.1559189633,
          "estimated_diameter_max" : 1288.3238004408
        }
      },
      "is_potentially_hazardous_asteroid" : false,
      "close_approach_data" : [ {
        "close_approach_date" : "1998-05-22",
        "epoch_date_close_approach" : 895820400000,
        "relative_velocity" : {
          "kilometers_per_second" : "11.1315084688",
          "kilometers_per_hour" : "40073.4304876285",
          "miles_per_hour" : "24900.0712938267"
        },
        "miss_distance" : {
          "astronomical" : "0.27754302",
          "lunar" : "107.9642333984",
          "kilometers" : "41519844",
          "miles" : "25799234"
        },
        "orbiting_body" : "Earth"
      } ],
      "orbital_data" : {
        "orbit_id" : "23",
        "orbit_determination_date" : "2017-04-06 08:51:47",
        "orbit_uncertainty" : "0",
        "minimum_orbit_intersection" : ".172916",
        "jupiter_tisserand_invariant" : "5.047",
        "epoch_osculation" : "2458000.5",
        "eccentricity" : ".1340156090941103",
        "semi_major_axis" : "1.256399741600756",
        "inclination" : "21.60031078668381",
        "ascending_node_longitude" : "75.66658654475431",
        "orbital_period" : "514.3872371953353",
        "perihelion_distance" : "1.088022564964447",
        "perihelion_argument" : "63.80278528985676",
        "aphelion_distance" : "1.424776918237064",
        "perihelion_time" : "2458036.805752902967",
        "mean_anomaly" : "334.5909888504779",
        "mean_motion" : ".6998618433125942",
        "equinox" : "J2000"
      }
    }, {
      "links" : {
        "self" : "https://api.nasa.gov/neo/rest/v1/neo/3638577?api_key=t0TVs3DtDT2H8Oy2Zy8m2eVrNsAVKAexjcZXUckd"
      },
      "neo_reference_id" : "3638577",
      "name" : "(2013 KT1)",
      "nasa_jpl_url" : "http://ssd.jpl.nasa.gov/sbdb.cgi?sstr=3638577",
      "absolute_magnitude_h" : 26.6,
      "estimated_diameter" : {
        "kilometers" : {
          "estimated_diameter_min" : 0.0127219879,
          "estimated_diameter_max" : 0.0284472297
        },
        "meters" : {
          "estimated_diameter_min" : 12.7219878539,
          "estimated_diameter_max" : 28.4472296503
        },
        "miles" : {
          "estimated_diameter_min" : 0.0079050743,
          "estimated_diameter_max" : 0.0176762835
        },
        "feet" : {
          "estimated_diameter_min" : 41.7388066307,
          "estimated_diameter_max" : 93.330808926
        }
      },
      "is_potentially_hazardous_asteroid" : false,
      "close_approach_data" : [ {
        "close_approach_date" : "1998-05-22",
        "epoch_date_close_approach" : 895820400000,
        "relative_velocity" : {
          "kilometers_per_second" : "6.2762845316",
          "kilometers_per_hour" : "22594.6243138962",
          "miles_per_hour" : "14039.4208688206"
        },
        "miss_distance" : {
          "astronomical" : "0.017956637",
          "lunar" : "6.9851317406",
          "kilometers" : "2686274.75",
          "miles" : "1669173.625"
        },
        "orbiting_body" : "Earth"
      } ],
      "orbital_data" : {
        "orbit_id" : "9",
        "orbit_determination_date" : "2017-04-06 08:45:45",
        "orbit_uncertainty" : "5",
        "minimum_orbit_intersection" : ".00752234",
        "jupiter_tisserand_invariant" : "6.458",
        "epoch_osculation" : "2458000.5",
        "eccentricity" : ".1639400618983632",
        "semi_major_axis" : ".9233141133176199",
        "inclination" : "8.108076281102999",
        "ascending_node_longitude" : "58.8511474392043",
        "orbital_period" : "324.0579183512963",
        "perihelion_distance" : ".7719459404286969",
        "perihelion_argument" : "317.3472862009817",
        "aphelion_distance" : "1.074682286206543",
        "perihelion_time" : "2457839.319464978098",
        "mean_anomaly" : "179.0574749819341",
        "mean_motion" : "1.110912524006713",
        "equinox" : "J2000"
      }
    }, {
      "links" : {
        "self" : "https://api.nasa.gov/neo/rest/v1/neo/3702310?api_key=t0TVs3DtDT2H8Oy2Zy8m2eVrNsAVKAexjcZXUckd"
      },
      "neo_reference_id" : "3702310",
      "name" : "(2014 XC8)",
      "nasa_jpl_url" : "http://ssd.jpl.nasa.gov/sbdb.cgi?sstr=3702310",
      "absolute_magnitude_h" : 26.3,
      "estimated_diameter" : {
        "kilometers" : {
          "estimated_diameter_min" : 0.0146067964,
          "estimated_diameter_max" : 0.0326617897
        },
        "meters" : {
          "estimated_diameter_min" : 14.6067964271,
          "estimated_diameter_max" : 32.6617897446
        },
        "miles" : {
          "estimated_diameter_min" : 0.0090762397,
          "estimated_diameter_max" : 0.020295089
        },
        "feet" : {
          "estimated_diameter_min" : 47.92256199,
          "estimated_diameter_max" : 107.1581062656
        }
      },
      "is_potentially_hazardous_asteroid" : false,
      "close_approach_data" : [ {
        "close_approach_date" : "1998-05-22",
        "epoch_date_close_approach" : 895820400000,
        "relative_velocity" : {
          "kilometers_per_second" : "12.4079554674",
          "kilometers_per_hour" : "44668.6396827746",
          "miles_per_hour" : "27755.3555851107"
        },
        "miss_distance" : {
          "astronomical" : "0.0172990134",
          "lunar" : "6.7293162346",
          "kilometers" : "2587895.5",
          "miles" : "1608043.75"
        },
        "orbiting_body" : "Earth"
      } ],
      "orbital_data" : {
        "orbit_id" : "11",
        "orbit_determination_date" : "2017-04-06 08:36:54",
        "orbit_uncertainty" : "7",
        "minimum_orbit_intersection" : ".00431893",
        "jupiter_tisserand_invariant" : "5.554",
        "epoch_osculation" : "2458000.5",
        "eccentricity" : ".3825281032654501",
        "semi_major_axis" : "1.106498358415482",
        "inclination" : "2.23465182485759",
        "ascending_node_longitude" : "72.40049027013198",
        "orbital_period" : "425.1327752250208",
        "perihelion_distance" : ".6832316401044736",
        "perihelion_argument" : "270.5279719691838",
        "aphelion_distance" : "1.529765076726491",
        "perihelion_time" : "2457792.056120360225",
        "mean_anomaly" : "176.5090838517469",
        "mean_motion" : ".8467942745874008",
        "equinox" : "J2000"
      }
    }, {
      "links" : {
        "self" : "https://api.nasa.gov/neo/rest/v1/neo/3716433?api_key=t0TVs3DtDT2H8Oy2Zy8m2eVrNsAVKAexjcZXUckd"
      },
      "neo_reference_id" : "3716433",
      "name" : "(2015 HA1)",
      "nasa_jpl_url" : "http://ssd.jpl.nasa.gov/sbdb.cgi?sstr=3716433",
      "absolute_magnitude_h" : 21.2,
      "estimated_diameter" : {
        "kilometers" : {
          "estimated_diameter_min" : 0.1529519353,
          "estimated_diameter_max" : 0.3420109247
        },
        "meters" : {
          "estimated_diameter_min" : 152.9519353442,
          "estimated_diameter_max" : 342.0109247198
        },
        "miles" : {
          "estimated_diameter_min" : 0.095039897,
          "estimated_diameter_max" : 0.2125156703
        },
        "feet" : {
          "estimated_diameter_min" : 501.8108275547,
          "estimated_diameter_max" : 1122.0831222578
        }
      },
      "is_potentially_hazardous_asteroid" : false,
      "close_approach_data" : [ {
        "close_approach_date" : "1998-05-22",
        "epoch_date_close_approach" : 895820400000,
        "relative_velocity" : {
          "kilometers_per_second" : "14.1556577682",
          "kilometers_per_hour" : "50960.3679656741",
          "miles_per_hour" : "31664.7908617823"
        },
        "miss_distance" : {
          "astronomical" : "0.1848601884",
          "lunar" : "71.9106140137",
          "kilometers" : "27654690",
          "miles" : "17183828"
        },
        "orbiting_body" : "Earth"
      } ],
      "orbital_data" : {
        "orbit_id" : "52",
        "orbit_determination_date" : "2017-04-06 08:34:22",
        "orbit_uncertainty" : "2",
        "minimum_orbit_intersection" : ".0558885",
        "jupiter_tisserand_invariant" : "6.192",
        "epoch_osculation" : "2458000.5",
        "eccentricity" : ".1884077389571414",
        "semi_major_axis" : ".9641386196073153",
        "inclination" : "19.87053310935988",
        "ascending_node_longitude" : "57.32432318562812",
        "orbital_period" : "345.7861911459773",
        "perihelion_distance" : ".7824874422458415",
        "perihelion_argument" : "315.2260005565768",
        "aphelion_distance" : "1.145789796968789",
        "perihelion_time" : "2457969.366106286140",
        "mean_anomaly" : "32.41367649715665",
        "mean_motion" : "1.0411057735039",
        "equinox" : "J2000"
      }
    }, {
      "links" : {
        "self" : "https://api.nasa.gov/neo/rest/v1/neo/3735612?api_key=t0TVs3DtDT2H8Oy2Zy8m2eVrNsAVKAexjcZXUckd"
      },
      "neo_reference_id" : "3735612",
      "name" : "(2015 XC)",
      "nasa_jpl_url" : "http://ssd.jpl.nasa.gov/sbdb.cgi?sstr=3735612",
      "absolute_magnitude_h" : 25.2,
      "estimated_diameter" : {
        "kilometers" : {
          "estimated_diameter_min" : 0.0242412481,
          "estimated_diameter_max" : 0.0542050786
        },
        "meters" : {
          "estimated_diameter_min" : 24.2412481101,
          "estimated_diameter_max" : 54.2050786336
        },
        "miles" : {
          "estimated_diameter_min" : 0.0150628086,
          "estimated_diameter_max" : 0.0336814639
        },
        "feet" : {
          "estimated_diameter_min" : 79.5316564495,
          "estimated_diameter_max" : 177.8381901842
        }
      },
      "is_potentially_hazardous_asteroid" : false,
      "close_approach_data" : [ {
        "close_approach_date" : "1998-05-22",
        "epoch_date_close_approach" : 895820400000,
        "relative_velocity" : {
          "kilometers_per_second" : "16.5171417096",
          "kilometers_per_hour" : "59461.7101547029",
          "miles_per_hour" : "36947.194290293"
        },
        "miss_distance" : {
          "astronomical" : "0.291081264",
          "lunar" : "113.2306060791",
          "kilometers" : "43545136",
          "miles" : "27057692"
        },
        "orbiting_body" : "Earth"
      } ],
      "orbital_data" : {
        "orbit_id" : "17",
        "orbit_determination_date" : "2017-04-06 08:30:21",
        "orbit_uncertainty" : "3",
        "minimum_orbit_intersection" : ".00731132",
        "jupiter_tisserand_invariant" : "5.318",
        "epoch_osculation" : "2458000.5",
        "eccentricity" : ".293373061369425",
        "semi_major_axis" : "1.179708469631381",
        "inclination" : "4.873125492925648",
        "ascending_node_longitude" : "70.79138570697498",
        "orbital_period" : "468.0157548305972",
        "perihelion_distance" : ".8336137843721835",
        "perihelion_argument" : "76.27001715453082",
        "aphelion_distance" : "1.525803154890579",
        "perihelion_time" : "2457887.778115658902",
        "mean_anomaly" : "86.70622290799525",
        "mean_motion" : ".7692048745886887",
        "equinox" : "J2000"
      }
    }, {
      "links" : {
        "self" : "https://api.nasa.gov/neo/rest/v1/neo/3763945?api_key=t0TVs3DtDT2H8Oy2Zy8m2eVrNsAVKAexjcZXUckd"
      },
      "neo_reference_id" : "3763945",
      "name" : "(2016 WU)",
      "nasa_jpl_url" : "http://ssd.jpl.nasa.gov/sbdb.cgi?sstr=3763945",
      "absolute_magnitude_h" : 27.3,
      "estimated_diameter" : {
        "kilometers" : {
          "estimated_diameter_min" : 0.0092162655,
          "estimated_diameter_max" : 0.0206081961
        },
        "meters" : {
          "estimated_diameter_min" : 9.216265485,
          "estimated_diameter_max" : 20.6081961232
        },
        "miles" : {
          "estimated_diameter_min" : 0.0057267201,
          "estimated_diameter_max" : 0.0128053354
        },
        "feet" : {
          "estimated_diameter_min" : 30.2370924539,
          "estimated_diameter_max" : 67.6121941689
        }
      },
      "is_potentially_hazardous_asteroid" : false,
      "close_approach_data" : [ {
        "close_approach_date" : "1998-05-22",
        "epoch_date_close_approach" : 895820400000,
        "relative_velocity" : {
          "kilometers_per_second" : "4.778250365",
          "kilometers_per_hour" : "17201.701313982",
          "miles_per_hour" : "10688.4682414573"
        },
        "miss_distance" : {
          "astronomical" : "0.1153297346",
          "lunar" : "44.8632659912",
          "kilometers" : "17253082",
          "miles" : "10720569"
        },
        "orbiting_body" : "Earth"
      } ],
      "orbital_data" : {
        "orbit_id" : "8",
        "orbit_determination_date" : "2017-04-06 08:22:07",
        "orbit_uncertainty" : "6",
        "minimum_orbit_intersection" : ".00219311",
        "jupiter_tisserand_invariant" : "5.891",
        "epoch_osculation" : "2458000.5",
        "eccentricity" : ".1746445944349754",
        "semi_major_axis" : "1.036264628856051",
        "inclination" : "8.41056029335553",
        "ascending_node_longitude" : "54.6833833161865",
        "orbital_period" : "385.3048170993658",
        "perihelion_distance" : ".8552866130221755",
        "perihelion_argument" : "272.9185642980249",
        "aphelion_distance" : "1.217242644689926",
        "perihelion_time" : "2458022.448077991957",
        "mean_anomaly" : "339.4933576574859",
        "mean_motion" : ".9343251992283296",
        "equinox" : "J2000"
      }
    } ]
  }
}