{
  "links" : {
    "next" : "https://api.nasa.gov/neo/rest/v1/feed?start_date=2003-11-16&end_date=2003-11-16&detailed=true&api_key=t0TVs3DtDT2H8Oy2Zy8m2eVrNsAVKAexjcZXUckd",
    "prev" : "https://api.nasa.gov/neo/rest/v1/feed?start_date=2003-11-14&end_date=2003-11-14&detailed=true&api_key=t0TVs3DtDT2H8Oy2Zy8m2eVrNsAVKAexjcZXUckd",
    "self" : "https://api.nasa.gov/neo/rest/v1/feed?start_date=2003-11-15&end_date=2003-11-15&detailed=true&api_key=t0TVs3DtDT2H8Oy2Zy8m2eVrNsAVKAexjcZXUckd"
  },
  "element_count" : 7,
  "near_earth_objects" : {
    "2003-11-15" : [ {
      "links" : {
        "self" : "https://api.nasa.gov/neo/rest/v1/neo/3163759?api_key=t0TVs3DtDT2H8Oy2Zy8m2eVrNsAVKAexjcZXUckd"
      },
      "neo_reference_id" : "3163759",
      "name" : "(2003 UO12)",
      "nasa_jpl_url" : "http://ssd.jpl.nasa.gov/sbdb.cgi?sstr=3163759",
      "absolute_magnitude_h" : 24.4,
      "estimated_diameter" : {
        "kilometers" : {
          "estimated_diameter_min" : 0.0350392641,
          "estimated_diameter_max" : 0.0783501764
        },
        "meters" : {
          "estimated_diameter_min" : 35.0392641108,
          "estimated_diameter_max" : 78.3501764334
        },
        "miles" : {
          "estimated_diameter_min" : 0.0217723826,
          "estimated_diameter_max" : 0.0486845275
        },
        "feet" : {
          "estimated_diameter_min" : 114.9582192654,
          "estimated_diameter_max" : 257.0543928497
        }
      },
      "is_potentially_hazardous_asteroid" : false,
      "close_approach_data" : [ {
        "close_approach_date" : "2003-11-15",
        "epoch_date_close_approach" : 1068883200000,
        "relative_velocity" : {
          "kilometers_per_second" : "10.7821667232",
          "kilometers_per_hour" : "38815.8002035078",
          "miles_per_hour" : "24118.6287431185"
        },
        "miss_distance" : {
          "astronomical" : "0.0476847555",
          "lunar" : "18.549369812",
          "kilometers" : "7133538",
          "miles" : "4432575"
        },
        "orbiting_body" : "Earth"
      } ],
      "orbital_data" : {
        "orbit_id" : "20",
        "orbit_determination_date" : "2017-04-06 09:13:38",
        "orbit_uncertainty" : "7",
        "minimum_orbit_intersection" : ".0145165",
        "jupiter_tisserand_invariant" : "2.961",
        "epoch_osculation" : "2458000.5",
        "eccentricity" : ".6585674734119936",
        "semi_major_axis" : "2.802658234766246",
        "inclination" : ".9966392711773983",
        "ascending_node_longitude" : "3.702451490170075",
        "orbital_period" : "1713.774353803886",
        "perihelion_distance" : ".9569186822589214",
        "perihelion_argument" : "80.32285056609959",
        "aphelion_distance" : "4.648397787273571",
        "perihelion_time" : "2458124.047591133971",
        "mean_anomaly" : "334.0472643265385",
        "mean_motion" : ".2100626603502063",
        "equinox" : "J2000"
      }
    }, {
      "links" : {
        "self" : "https://api.nasa.gov/neo/rest/v1/neo/3164411?api_key=t0TVs3DtDT2H8Oy2Zy8m2eVrNsAVKAexjcZXUckd"
      },
      "neo_reference_id" : "3164411",
      "name" : "(2003 UP24)",
      "nasa_jpl_url" : "http://ssd.jpl.nasa.gov/sbdb.cgi?sstr=3164411",
      "absolute_magnitude_h" : 20.1,
      "estimated_diameter" : {
        "kilometers" : {
          "estimated_diameter_min" : 0.2538370294,
          "estimated_diameter_max" : 0.5675968529
        },
        "meters" : {
          "estimated_diameter_min" : 253.8370293645,
          "estimated_diameter_max" : 567.5968528656
        },
        "miles" : {
          "estimated_diameter_min" : 0.1577269688,
          "estimated_diameter_max" : 0.3526882241
        },
        "feet" : {
          "estimated_diameter_min" : 832.7986794202,
          "estimated_diameter_max" : 1862.1944587557
        }
      },
      "is_potentially_hazardous_asteroid" : false,
      "close_approach_data" : [ {
        "close_approach_date" : "2003-11-15",
        "epoch_date_close_approach" : 1068883200000,
        "relative_velocity" : {
          "kilometers_per_second" : "11.589583814",
          "kilometers_per_hour" : "41722.5017304392",
          "miles_per_hour" : "25924.740033561"
        },
        "miss_distance" : {
          "astronomical" : "0.3011701265",
          "lunar" : "117.1551818848",
          "kilometers" : "45054412",
          "miles" : "27995514"
        },
        "orbiting_body" : "Earth"
      } ],
      "orbital_data" : {
        "orbit_id" : "24",
        "orbit_determination_date" : "2017-04-06 09:13:36",
        "orbit_uncertainty" : "0",
        "minimum_orbit_intersection" : ".263067",
        "jupiter_tisserand_invariant" : "3.384",
        "epoch_osculation" : "2458000.5",
        "eccentricity" : ".4958449161863342",
        "semi_major_axis" : "2.237648971686565",
        "inclination" : "21.67629068134102",
        "ascending_node_longitude" : "213.0780237422074",
        "orbital_period" : "1222.605553256104",
        "perihelion_distance" : "1.128122104866203",
        "perihelion_argument" : "237.8208234126157",
        "aphelion_distance" : "3.347175838506927",
        "perihelion_time" : "2457893.279274401176",
        "mean_anomaly" : "31.57147545484042",
        "mean_motion" : ".2944531038986613",
        "equinox" : "J2000"
      }
    }, {
      "links" : {
        "self" : "https://api.nasa.gov/neo/rest/v1/neo/3392298?api_key=t0TVs3DtDT2H8Oy2Zy8m2eVrNsAVKAexjcZXUckd"
      },
      "neo_reference_id" : "3392298",
      "name" : "(2007 VZ2)",
      "nasa_jpl_url" : "http://ssd.jpl.nasa.gov/sbdb.cgi?sstr=3392298",
      "absolute_magnitude_h" : 24.7,
      "estimated_diameter" : {
        "kilometers" : {
          "estimated_diameter_min" : 0.0305179233,
          "estimated_diameter_max" : 0.0682401509
        },
        "meters" : {
          "estimated_diameter_min" : 30.5179232594,
          "estimated_diameter_max" : 68.2401509401
        },
        "miles" : {
          "estimated_diameter_min" : 0.0189629525,
          "estimated_diameter_max" : 0.0424024508
        },
        "feet" : {
          "estimated_diameter_min" : 100.1244233463,
          "estimated_diameter_max" : 223.8850168104
        }
      },
      "is_potentially_hazardous_asteroid" : false,
      "close_approach_data" : [ {
        "close_approach_date" : "2003-11-15",
        "epoch_date_close_approach" : 1068883200000,
        "relative_velocity" : {
          "kilometers_per_second" : "26.5076343276",
          "kilometers_per_hour" : "95427.483579369",
          "miles_per_hour" : "59294.927227414"
        },
        "miss_distance" : {
          "astronomical" : "0.4964023136",
          "lunar" : "193.1005096436",
          "kilometers" : "74260728",
          "miles" : "46143480"
        },
        "orbiting_body" : "Earth"
      } ],
      "orbital_data" : {
        "orbit_id" : "6",
        "orbit_determination_date" : "2017-04-06 09:05:27",
        "orbit_uncertainty" : "8",
        "minimum_orbit_intersection" : ".020261",
        "jupiter_tisserand_invariant" : "6.006",
        "epoch_osculation" : "2454408.5",
        "eccentricity" : ".1871238048144297",
        "semi_major_axis" : ".9868314087502872",
        "inclination" : "30.96433376739307",
        "ascending_node_longitude" : "217.7903980777045",
        "orbital_period" : "358.0658249691752",
        "perihelion_distance" : ".8021717608345498",
        "perihelion_argument" : "70.86066558306393",
        "aphelion_distance" : "1.171491056666025",
        "perihelion_time" : "2454318.327620872585",
        "mean_anomaly" : "90.65946600367113",
        "mean_motion" : "1.005401730341038",
        "equinox" : "J2000"
      }
    }, {
      "links" : {
        "self" : "https://api.nasa.gov/neo/rest/v1/neo/3440396?api_key=t0TVs3DtDT2H8Oy2Zy8m2eVrNsAVKAexjcZXUckd"
      },
      "neo_reference_id" : "3440396",
      "name" : "(2008 WT62)",
      "nasa_jpl_url" : "http://ssd.jpl.nasa.gov/sbdb.cgi?sstr=3440396",
      "absolute_magnitude_h" : 23.1,
      "estimated_diameter" : {
        "kilometers" : {
          "estimated_diameter_min" : 0.063760979,
          "estimated_diameter_max" : 0.1425738833
        },
        "meters" : {
          "estimated_diameter_min" : 63.7609789875,
          "estimated_diameter_max" : 142.5738833281
        },
        "miles" : {
          "estimated_diameter_min" : 0.0396192233,
          "estimated_diameter_max" : 0.0885912765
        },
        "feet" : {
          "estimated_diameter_min" : 209.1895703015,
          "estimated_diameter_max" : 467.7620993781
        }
      },
      "is_potentially_hazardous_asteroid" : false,
      "close_approach_data" : [ {
        "close_approach_date" : "2003-11-15",
        "epoch_date_close_approach" : 1068883200000,
        "relative_velocity" : {
          "kilometers_per_second" : "11.1229121975",
          "kilometers_per_hour" : "40042.4839109978",
          "miles_per_hour" : "24880.8422945864"
        },
        "miss_distance" : {
          "astronomical" : "0.1934614212",
          "lunar" : "75.2564926147",
          "kilometers" : "28941416",
          "miles" : "17983362"
        },
        "orbiting_body" : "Earth"
      } ],
      "orbital_data" : {
        "orbit_id" : "11",
        "orbit_determination_date" : "2017-04-06 09:02:03",
        "orbit_uncertainty" : "2",
        "minimum_orbit_intersection" : ".0851768",
        "jupiter_tisserand_invariant" : "6.618",
        "epoch_osculation" : "2458000.5",
        "eccentricity" : ".3536920901446263",
        "semi_major_axis" : ".8841442544887468",
        "inclination" : "18.20619509562732",
        "ascending_node_longitude" : "58.01658082842135",
        "orbital_period" : "303.6568765135826",
        "perihelion_distance" : ".5714294251292595",
        "perihelion_argument" : "148.3080027667859",
        "aphelion_distance" : "1.196859083848234",
        "perihelion_time" : "2457934.830301103018",
        "mean_anomaly" : "77.85462287021886",
        "mean_motion" : "1.185548649954242",
        "equinox" : "J2000"
      }
    }, {
      "links" : {
        "self" : "https://api.nasa.gov/neo/rest/v1/neo/3471974?api_key=t0TVs3DtDT2H8Oy2Zy8m2eVrNsAVKAexjcZXUckd"
      },
      "neo_reference_id" : "3471974",
      "name" : "(2009 UQ5)",
      "nasa_jpl_url" : "http://ssd.jpl.nasa.gov/sbdb.cgi?sstr=3471974",
      "absolute_magnitude_h" : 24.2,
      "estimated_diameter" : {
        "kilometers" : {
          "estimated_diameter_min" : 0.0384197891,
          "estimated_diameter_max" : 0.0859092601
        },
        "meters" : {
          "estimated_diameter_min" : 38.4197891064,
          "estimated_diameter_max" : 85.9092601232
        },
        "miles" : {
          "estimated_diameter_min" : 0.0238729428,
          "estimated_diameter_max" : 0.0533815229
        },
        "feet" : {
          "estimated_diameter_min" : 126.0491808919,
          "estimated_diameter_max" : 281.8545369825
        }
      },
      "is_potentially_hazardous_asteroid" : false,
      "close_approach_data" : [ {
        "close_approach_date" : "2003-11-15",
        "epoch_date_close_approach" : 1068883200000,
        "relative_velocity" : {
          "kilometers_per_second" : "6.1878352424",
          "kilometers_per_hour" : "22276.2068724744",
          "miles_per_hour" : "13841.5686536217"
        },
        "miss_distance" : {
          "astronomical" : "0.1686426115",
          "lunar" : "65.6019744873",
          "kilometers" : "25228576",
          "miles" : "15676310"
        },
        "orbiting_body" : "Earth"
      } ],
      "orbital_data" : {
        "orbit_id" : "19",
        "orbit_determination_date" : "2017-04-06 08:59:28",
        "orbit_uncertainty" : "0",
        "minimum_orbit_intersection" : ".111872",
        "jupiter_tisserand_invariant" : "3.622",
        "epoch_osculation" : "2458000.5",
        "eccentricity" : ".4686443991785709",
        "semi_major_axis" : "2.074027590709356",
        "inclination" : "3.361404563534352",
        "ascending_node_longitude" : "217.3681448916603",
        "orbital_period" : "1090.988621467917",
        "perihelion_distance" : "1.102046176581591",
        "perihelion_argument" : "188.7818977434327",
        "aphelion_distance" : "3.046009004837121",
        "perihelion_time" : "2458420.061675954394",
        "mean_anomaly" : "221.5547400115359",
        "mean_motion" : ".3299759437597276",
        "equinox" : "J2000"
      }
    }, {
      "links" : {
        "self" : "https://api.nasa.gov/neo/rest/v1/neo/3656792?api_key=t0TVs3DtDT2H8Oy2Zy8m2eVrNsAVKAexjcZXUckd"
      },
      "neo_reference_id" : "3656792",
      "name" : "(2014 BA3)",
      "nasa_jpl_url" : "http://ssd.jpl.nasa.gov/sbdb.cgi?sstr=3656792",
      "absolute_magnitude_h" : 28.2,
      "estimated_diameter" : {
        "kilometers" : {
          "estimated_diameter_min" : 0.0060891262,
          "estimated_diameter_max" : 0.0136157002
        },
        "meters" : {
          "estimated_diameter_min" : 6.0891262211,
          "estimated_diameter_max" : 13.6157001539
        },
        "miles" : {
          "estimated_diameter_min" : 0.0037836064,
          "estimated_diameter_max" : 0.0084604012
        },
        "feet" : {
          "estimated_diameter_min" : 19.9774488711,
          "estimated_diameter_max" : 44.6709336928
        }
      },
      "is_potentially_hazardous_asteroid" : false,
      "close_approach_data" : [ {
        "close_approach_date" : "2003-11-15",
        "epoch_date_close_approach" : 1068883200000,
        "relative_velocity" : {
          "kilometers_per_second" : "5.5364476684",
          "kilometers_per_hour" : "19931.2116063724",
          "miles_per_hour" : "12384.4797895263"
        },
        "miss_distance" : {
          "astronomical" : "0.1145801236",
          "lunar" : "44.5716667175",
          "kilometers" : "17140942",
          "miles" : "10650888"
        },
        "orbiting_body" : "Earth"
      } ],
      "orbital_data" : {
        "orbit_id" : "17",
        "orbit_determination_date" : "2017-04-06 08:42:49",
        "orbit_uncertainty" : "5",
        "minimum_orbit_intersection" : ".0109061",
        "jupiter_tisserand_invariant" : "6.386",
        "epoch_osculation" : "2458000.5",
        "eccentricity" : ".07461423888334411",
        "semi_major_axis" : ".9394413851858668",
        "inclination" : "2.259005425127867",
        "ascending_node_longitude" : "299.935821186224",
        "orbital_period" : "332.5852305972518",
        "perihelion_distance" : ".8693456812547089",
        "perihelion_argument" : "332.6486532505805",
        "aphelion_distance" : "1.009537089117025",
        "perihelion_time" : "2458145.438870746897",
        "mean_anomaly" : "203.1139188737202",
        "mean_motion" : "1.082429304973997",
        "equinox" : "J2000"
      }
    }, {
      "links" : {
        "self" : "https://api.nasa.gov/neo/rest/v1/neo/3712665?api_key=t0TVs3DtDT2H8Oy2Zy8m2eVrNsAVKAexjcZXUckd"
      },
      "neo_reference_id" : "3712665",
      "name" : "(2015 DJ215)",
      "nasa_jpl_url" : "http://ssd.jpl.nasa.gov/sbdb.cgi?sstr=3712665",
      "absolute_magnitude_h" : 24.0,
      "estimated_diameter" : {
        "kilometers" : {
          "estimated_diameter_min" : 0.0421264611,
          "estimated_diameter_max" : 0.0941976306
        },
        "meters" : {
          "estimated_diameter_min" : 42.1264610556,
          "estimated_diameter_max" : 94.1976305719
        },
        "miles" : {
          "estimated_diameter_min" : 0.0261761612,
          "estimated_diameter_max" : 0.0585316759
        },
        "feet" : {
          "estimated_diameter_min" : 138.2101784897,
          "estimated_diameter_max" : 309.0473542854
        }
      },
      "is_potentially_hazardous_asteroid" : false,
      "close_approach_data" : [ {
        "close_approach_date" : "2003-11-15",
        "epoch_date_close_approach" : 1068883200000,
        "relative_velocity" : {
          "kilometers_per_second" : "6.1501496399",
          "kilometers_per_hour" : "22140.5387037976",
          "miles_per_hour" : "13757.2697295902"
        },
        "miss_distance" : {
          "astronomical" : "0.3198878781",
          "lunar" : "124.4363861084",
          "kilometers" : "47854544",
          "miles" : "29735436"
        },
        "orbiting_body" : "Earth"
      } ],
      "orbital_data" : {
        "orbit_id" : "12",
        "orbit_determination_date" : "2017-04-06 08:35:18",
        "orbit_uncertainty" : "4",
        "minimum_orbit_intersection" : ".0109591",
        "jupiter_tisserand_invariant" : "5.516",
        "epoch_osculation" : "2458000.5",
        "eccentricity" : ".1483967510987464",
        "semi_major_axis" : "1.132196999251865",
        "inclination" : "4.069632203267333",
        "ascending_node_longitude" : "2.583070805553164",
        "orbital_period" : "440.0291283039898",
        "perihelion_distance" : ".964182642959138",
        "perihelion_argument" : "233.2488045964447",
        "aphelion_distance" : "1.300211355544591",
        "perihelion_time" : "2458030.211924425665",
        "mean_anomaly" : "335.6918528678629",
        "mean_motion" : ".8181276575656545",
        "equinox" : "J2000"
      }
    } ]
  }
}