{
  "links" : {
    "next" : "https://api.nasa.gov/neo/rest/v1/feed?start_date=2001-01-16&end_date=2001-01-16&detailed=true&api_key=t0TVs3DtDT2H8Oy2Zy8m2eVrNsAVKAexjcZXUckd",
    "prev" : "https://api.nasa.gov/neo/rest/v1/feed?start_date=2001-01-14&end_date=2001-01-14&detailed=true&api_key=t0TVs3DtDT2H8Oy2Zy8m2eVrNsAVKAexjcZXUckd",
    "self" : "https://api.nasa.gov/neo/rest/v1/feed?start_date=2001-01-15&end_date=2001-01-15&detailed=true&api_key=t0TVs3DtDT2H8Oy2Zy8m2eVrNsAVKAexjcZXUckd"
  },
  "element_count" : 6,
  "near_earth_objects" : {
    "2001-01-15" : [ {
      "links" : {
        "self" : "https://api.nasa.gov/neo/rest/v1/neo/3092288?api_key=t0TVs3DtDT2H8Oy2Zy8m2eVrNsAVKAexjcZXUckd"
      },
      "neo_reference_id" : "3092288",
      "name" : "(2001 BN61)",
      "nasa_jpl_url" : "http://ssd.jpl.nasa.gov/sbdb.cgi?sstr=3092288",
      "absolute_magnitude_h" : 25.0,
      "estimated_diameter" : {
        "kilometers" : {
          "estimated_diameter_min" : 0.02658,
          "estimated_diameter_max" : 0.0594346868
        },
        "meters" : {
          "estimated_diameter_min" : 26.58,
          "estimated_diameter_max" : 59.4346868419
        },
        "miles" : {
          "estimated_diameter_min" : 0.0165160412,
          "estimated_diameter_max" : 0.0369309908
        },
        "feet" : {
          "estimated_diameter_min" : 87.2047272,
          "estimated_diameter_max" : 194.9956979785
        }
      },
      "is_potentially_hazardous_asteroid" : false,
      "close_approach_data" : [ {
        "close_approach_date" : "2001-01-15",
        "epoch_date_close_approach" : 979545600000,
        "relative_velocity" : {
          "kilometers_per_second" : "8.7837505404",
          "kilometers_per_hour" : "31621.5019453895",
          "miles_per_hour" : "19648.3715837894"
        },
        "miss_distance" : {
          "astronomical" : "0.0233017081",
          "lunar" : "9.0643644333",
          "kilometers" : "3485885.75",
          "miles" : "2166029"
        },
        "orbiting_body" : "Earth"
      } ],
      "orbital_data" : {
        "orbit_id" : "11",
        "orbit_determination_date" : "2017-04-06 09:16:33",
        "orbit_uncertainty" : "9",
        "minimum_orbit_intersection" : ".0230994",
        "jupiter_tisserand_invariant" : "3.878",
        "epoch_osculation" : "2451929.5",
        "eccentricity" : ".4643269729243437",
        "semi_major_axis" : "1.830369148351567",
        "inclination" : "9.726408393430075",
        "ascending_node_longitude" : "118.9791604047194",
        "orbital_period" : "904.4955974357199",
        "perihelion_distance" : ".9804793823633748",
        "perihelion_argument" : "333.995054529856",
        "aphelion_distance" : "2.680258914339759",
        "perihelion_time" : "2451906.590452530159",
        "mean_anomaly" : "9.118272230981074",
        "mean_motion" : ".3980118875322489",
        "equinox" : "J2000"
      }
    }, {
      "links" : {
        "self" : "https://api.nasa.gov/neo/rest/v1/neo/2020790?api_key=t0TVs3DtDT2H8Oy2Zy8m2eVrNsAVKAexjcZXUckd"
      },
      "neo_reference_id" : "2020790",
      "name" : "20790 (2000 SE45)",
      "nasa_jpl_url" : "http://ssd.jpl.nasa.gov/sbdb.cgi?sstr=2020790",
      "absolute_magnitude_h" : 16.4,
      "estimated_diameter" : {
        "kilometers" : {
          "estimated_diameter_min" : 1.3949382293,
          "estimated_diameter_max" : 3.1191767052
        },
        "meters" : {
          "estimated_diameter_min" : 1394.9382293439,
          "estimated_diameter_max" : 3119.1767052261
        },
        "miles" : {
          "estimated_diameter_min" : 0.8667741625,
          "estimated_diameter_max" : 1.9381659485
        },
        "feet" : {
          "estimated_diameter_min" : 4576.5691403606,
          "estimated_diameter_max" : 10233.5197015741
        }
      },
      "is_potentially_hazardous_asteroid" : false,
      "close_approach_data" : [ {
        "close_approach_date" : "2001-01-15",
        "epoch_date_close_approach" : 979545600000,
        "relative_velocity" : {
          "kilometers_per_second" : "5.6755245511",
          "kilometers_per_hour" : "20431.888384026",
          "miles_per_hour" : "12695.5808683966"
        },
        "miss_distance" : {
          "astronomical" : "0.2698892439",
          "lunar" : "104.9869155884",
          "kilometers" : "40374856",
          "miles" : "25087772"
        },
        "orbiting_body" : "Earth"
      } ],
      "orbital_data" : {
        "orbit_id" : "100",
        "orbit_determination_date" : "2017-04-06 09:29:35",
        "orbit_uncertainty" : "0",
        "minimum_orbit_intersection" : ".22152",
        "jupiter_tisserand_invariant" : "3.088",
        "epoch_osculation" : "2458000.5",
        "eccentricity" : ".5612680144673756",
        "semi_major_axis" : "2.739864540972012",
        "inclination" : "8.335003413142086",
        "ascending_node_longitude" : "302.9891483055796",
        "orbital_period" : "1656.502381494354",
        "perihelion_distance" : "1.202066210151083",
        "perihelion_argument" : "168.8417047783582",
        "aphelion_distance" : "4.27766287179294",
        "perihelion_time" : "2458565.926688986409",
        "mean_anomaly" : "237.1184332065502",
        "mean_motion" : ".2173253742474182",
        "equinox" : "J2000"
      }
    }, {
      "links" : {
        "self" : "https://api.nasa.gov/neo/rest/v1/neo/3068066?api_key=t0TVs3DtDT2H8Oy2Zy8m2eVrNsAVKAexjcZXUckd"
      },
      "neo_reference_id" : "3068066",
      "name" : "(2001 BA16)",
      "nasa_jpl_url" : "http://ssd.jpl.nasa.gov/sbdb.cgi?sstr=3068066",
      "absolute_magnitude_h" : 26.0,
      "estimated_diameter" : {
        "kilometers" : {
          "estimated_diameter_min" : 0.0167708462,
          "estimated_diameter_max" : 0.0375007522
        },
        "meters" : {
          "estimated_diameter_min" : 16.7708462163,
          "estimated_diameter_max" : 37.5007521798
        },
        "miles" : {
          "estimated_diameter_min" : 0.0104209175,
          "estimated_diameter_max" : 0.0233018799
        },
        "feet" : {
          "estimated_diameter_min" : 55.0224631002,
          "estimated_diameter_max" : 123.0339677816
        }
      },
      "is_potentially_hazardous_asteroid" : false,
      "close_approach_data" : [ {
        "close_approach_date" : "2001-01-15",
        "epoch_date_close_approach" : 979545600000,
        "relative_velocity" : {
          "kilometers_per_second" : "5.1038159554",
          "kilometers_per_hour" : "18373.7374393087",
          "miles_per_hour" : "11416.7259105527"
        },
        "miss_distance" : {
          "astronomical" : "0.0020466386",
          "lunar" : "0.7961423993",
          "kilometers" : "306172.78125",
          "miles" : "190246.953125"
        },
        "orbiting_body" : "Earth"
      } ],
      "orbital_data" : {
        "orbit_id" : "19",
        "orbit_determination_date" : "2017-04-06 09:16:34",
        "orbit_uncertainty" : "6",
        "minimum_orbit_intersection" : ".000655736",
        "jupiter_tisserand_invariant" : "6.371",
        "epoch_osculation" : "2458000.5",
        "eccentricity" : ".1377393526448564",
        "semi_major_axis" : ".9403158602939561",
        "inclination" : "5.773028568055079",
        "ascending_node_longitude" : "115.4537633274837",
        "orbital_period" : "333.0497170156495",
        "perihelion_distance" : ".8107973624153754",
        "perihelion_argument" : "243.2897646889572",
        "aphelion_distance" : "1.069834358172537",
        "perihelion_time" : "2458158.651329780360",
        "mean_anomaly" : "189.0511121549629",
        "mean_motion" : "1.080919699394562",
        "equinox" : "J2000"
      }
    }, {
      "links" : {
        "self" : "https://api.nasa.gov/neo/rest/v1/neo/3725977?api_key=t0TVs3DtDT2H8Oy2Zy8m2eVrNsAVKAexjcZXUckd"
      },
      "neo_reference_id" : "3725977",
      "name" : "(2015 PC228)",
      "nasa_jpl_url" : "http://ssd.jpl.nasa.gov/sbdb.cgi?sstr=3725977",
      "absolute_magnitude_h" : 19.4,
      "estimated_diameter" : {
        "kilometers" : {
          "estimated_diameter_min" : 0.3503926411,
          "estimated_diameter_max" : 0.7835017643
        },
        "meters" : {
          "estimated_diameter_min" : 350.3926411083,
          "estimated_diameter_max" : 783.5017643338
        },
        "miles" : {
          "estimated_diameter_min" : 0.2177238258,
          "estimated_diameter_max" : 0.4868452748
        },
        "feet" : {
          "estimated_diameter_min" : 1149.5821926537,
          "estimated_diameter_max" : 2570.543928497
        }
      },
      "is_potentially_hazardous_asteroid" : false,
      "close_approach_data" : [ {
        "close_approach_date" : "2001-01-15",
        "epoch_date_close_approach" : 979545600000,
        "relative_velocity" : {
          "kilometers_per_second" : "12.9702326981",
          "kilometers_per_hour" : "46692.8377132622",
          "miles_per_hour" : "29013.1135224434"
        },
        "miss_distance" : {
          "astronomical" : "0.2296384325",
          "lunar" : "89.3293457031",
          "kilometers" : "34353420",
          "miles" : "21346226"
        },
        "orbiting_body" : "Earth"
      } ],
      "orbital_data" : {
        "orbit_id" : "10",
        "orbit_determination_date" : "2017-09-15 06:22:29",
        "orbit_uncertainty" : "2",
        "minimum_orbit_intersection" : ".101703",
        "jupiter_tisserand_invariant" : "4.314",
        "epoch_osculation" : "2458000.5",
        "eccentricity" : ".5010608802511558",
        "semi_major_axis" : "1.531815564413197",
        "inclination" : "12.36041223513123",
        "ascending_node_longitude" : "319.7954797924821",
        "orbital_period" : "692.4814495165166",
        "perihelion_distance" : ".7642827093258997",
        "perihelion_argument" : "141.4357033082916",
        "aphelion_distance" : "2.299348419500495",
        "perihelion_time" : "2458146.551697254640",
        "mean_anomaly" : "284.0721739934259",
        "mean_motion" : ".5198695217775845",
        "equinox" : "J2000"
      }
    }, {
      "links" : {
        "self" : "https://api.nasa.gov/neo/rest/v1/neo/3736814?api_key=t0TVs3DtDT2H8Oy2Zy8m2eVrNsAVKAexjcZXUckd"
      },
      "neo_reference_id" : "3736814",
      "name" : "(2015 XY378)",
      "nasa_jpl_url" : "http://ssd.jpl.nasa.gov/sbdb.cgi?sstr=3736814",
      "absolute_magnitude_h" : 19.7,
      "estimated_diameter" : {
        "kilometers" : {
          "estimated_diameter_min" : 0.3051792326,
          "estimated_diameter_max" : 0.6824015094
        },
        "meters" : {
          "estimated_diameter_min" : 305.1792325939,
          "estimated_diameter_max" : 682.4015094011
        },
        "miles" : {
          "estimated_diameter_min" : 0.1896295249,
          "estimated_diameter_max" : 0.4240245083
        },
        "feet" : {
          "estimated_diameter_min" : 1001.2442334633,
          "estimated_diameter_max" : 2238.8501681036
        }
      },
      "is_potentially_hazardous_asteroid" : false,
      "close_approach_data" : [ {
        "close_approach_date" : "2001-01-15",
        "epoch_date_close_approach" : 979545600000,
        "relative_velocity" : {
          "kilometers_per_second" : "9.8385580617",
          "kilometers_per_hour" : "35418.8090221394",
          "miles_per_hour" : "22007.8705282288"
        },
        "miss_distance" : {
          "astronomical" : "0.2410395534",
          "lunar" : "93.7643890381",
          "kilometers" : "36059004",
          "miles" : "22406026"
        },
        "orbiting_body" : "Earth"
      } ],
      "orbital_data" : {
        "orbit_id" : "16",
        "orbit_determination_date" : "2017-04-06 06:20:26",
        "orbit_uncertainty" : "3",
        "minimum_orbit_intersection" : ".196366",
        "jupiter_tisserand_invariant" : "7.953",
        "epoch_osculation" : "2458000.5",
        "eccentricity" : ".4892223993032462",
        "semi_major_axis" : ".7101457438702746",
        "inclination" : "13.9119185147867",
        "ascending_node_longitude" : "1.28268129341028",
        "orbital_period" : "218.5846495430084",
        "perihelion_distance" : ".3627265391990703",
        "perihelion_argument" : "265.6137599851955",
        "aphelion_distance" : "1.057564948541479",
        "perihelion_time" : "2457904.121862842732",
        "mean_anomaly" : "158.7308598712446",
        "mean_motion" : "1.646959202087825",
        "equinox" : "J2000"
      }
    }, {
      "links" : {
        "self" : "https://api.nasa.gov/neo/rest/v1/neo/3743119?api_key=t0TVs3DtDT2H8Oy2Zy8m2eVrNsAVKAexjcZXUckd"
      },
      "neo_reference_id" : "3743119",
      "name" : "(2016 CW137)",
      "nasa_jpl_url" : "http://ssd.jpl.nasa.gov/sbdb.cgi?sstr=3743119",
      "absolute_magnitude_h" : 19.3,
      "estimated_diameter" : {
        "kilometers" : {
          "estimated_diameter_min" : 0.3669061375,
          "estimated_diameter_max" : 0.8204270649
        },
        "meters" : {
          "estimated_diameter_min" : 366.9061375314,
          "estimated_diameter_max" : 820.4270648822
        },
        "miles" : {
          "estimated_diameter_min" : 0.2279848336,
          "estimated_diameter_max" : 0.5097895857
        },
        "feet" : {
          "estimated_diameter_min" : 1203.7603322587,
          "estimated_diameter_max" : 2691.6899315481
        }
      },
      "is_potentially_hazardous_asteroid" : true,
      "close_approach_data" : [ {
        "close_approach_date" : "2001-01-15",
        "epoch_date_close_approach" : 979545600000,
        "relative_velocity" : {
          "kilometers_per_second" : "22.9900528931",
          "kilometers_per_hour" : "82764.1904151096",
          "miles_per_hour" : "51426.4493165441"
        },
        "miss_distance" : {
          "astronomical" : "0.2908185972",
          "lunar" : "113.1284332275",
          "kilometers" : "43505844",
          "miles" : "27033278"
        },
        "orbiting_body" : "Earth"
      } ],
      "orbital_data" : {
        "orbit_id" : "15",
        "orbit_determination_date" : "2017-04-06 08:28:26",
        "orbit_uncertainty" : "5",
        "minimum_orbit_intersection" : ".0461669",
        "jupiter_tisserand_invariant" : "2.978",
        "epoch_osculation" : "2458000.5",
        "eccentricity" : ".6545527809657009",
        "semi_major_axis" : "2.404100368962133",
        "inclination" : "37.68393388252976",
        "ascending_node_longitude" : "133.0423964637958",
        "orbital_period" : "1361.530327550449",
        "perihelion_distance" : ".830489786737301",
        "perihelion_argument" : "316.3245103524329",
        "aphelion_distance" : "3.977710951186964",
        "perihelion_time" : "2457346.028018941926",
        "mean_anomaly" : "173.0478626978483",
        "mean_motion" : ".2644083592670916",
        "equinox" : "J2000"
      }
    } ]
  }
}