{
  "links" : {
    "next" : "https://api.nasa.gov/neo/rest/v1/feed?start_date=2002-03-16&end_date=2002-03-16&detailed=true&api_key=t0TVs3DtDT2H8Oy2Zy8m2eVrNsAVKAexjcZXUckd",
    "prev" : "https://api.nasa.gov/neo/rest/v1/feed?start_date=2002-03-14&end_date=2002-03-14&detailed=true&api_key=t0TVs3DtDT2H8Oy2Zy8m2eVrNsAVKAexjcZXUckd",
    "self" : "https://api.nasa.gov/neo/rest/v1/feed?start_date=2002-03-15&end_date=2002-03-15&detailed=true&api_key=t0TVs3DtDT2H8Oy2Zy8m2eVrNsAVKAexjcZXUckd"
  },
  "element_count" : 6,
  "near_earth_objects" : {
    "2002-03-15" : [ {
      "links" : {
        "self" : "https://api.nasa.gov/neo/rest/v1/neo/3114105?api_key=t0TVs3DtDT2H8Oy2Zy8m2eVrNsAVKAexjcZXUckd"
      },
      "neo_reference_id" : "3114105",
      "name" : "(2002 EA)",
      "nasa_jpl_url" : "http://ssd.jpl.nasa.gov/sbdb.cgi?sstr=3114105",
      "absolute_magnitude_h" : 22.4,
      "estimated_diameter" : {
        "kilometers" : {
          "estimated_diameter_min" : 0.0880146521,
          "estimated_diameter_max" : 0.1968067451
        },
        "meters" : {
          "estimated_diameter_min" : 88.0146520901,
          "estimated_diameter_max" : 196.8067450894
        },
        "miles" : {
          "estimated_diameter_min" : 0.0546897524,
          "estimated_diameter_max" : 0.122290004
        },
        "feet" : {
          "estimated_diameter_min" : 288.7619911632,
          "estimated_diameter_max" : 645.6914415591
        }
      },
      "is_potentially_hazardous_asteroid" : false,
      "close_approach_data" : [ {
        "close_approach_date" : "2002-03-15",
        "epoch_date_close_approach" : 1016179200000,
        "relative_velocity" : {
          "kilometers_per_second" : "12.1611552658",
          "kilometers_per_hour" : "43780.1589570344",
          "miles_per_hour" : "27203.288214164"
        },
        "miss_distance" : {
          "astronomical" : "0.0559664304",
          "lunar" : "21.7709407806",
          "kilometers" : "8372458.5",
          "miles" : "5202404.5"
        },
        "orbiting_body" : "Earth"
      } ],
      "orbital_data" : {
        "orbit_id" : "7",
        "orbit_determination_date" : "2017-04-06 09:15:24",
        "orbit_uncertainty" : "8",
        "minimum_orbit_intersection" : ".03561",
        "jupiter_tisserand_invariant" : "4.691",
        "epoch_osculation" : "2452339.5",
        "eccentricity" : ".4230415932426637",
        "semi_major_axis" : "1.377661080292424",
        "inclination" : "11.29106430009123",
        "ascending_node_longitude" : "342.4762279433206",
        "orbital_period" : "590.6252519856611",
        "perihelion_distance" : ".7948531419371079",
        "perihelion_argument" : "262.8278509906355",
        "aphelion_distance" : "1.960469018647741",
        "perihelion_time" : "2452401.007648431660",
        "mean_anomaly" : "322.5096398080603",
        "mean_motion" : ".6095235494752261",
        "equinox" : "J2000"
      }
    }, {
      "links" : {
        "self" : "https://api.nasa.gov/neo/rest/v1/neo/2163250?api_key=t0TVs3DtDT2H8Oy2Zy8m2eVrNsAVKAexjcZXUckd"
      },
      "neo_reference_id" : "2163250",
      "name" : "163250 (2002 GH1)",
      "nasa_jpl_url" : "http://ssd.jpl.nasa.gov/sbdb.cgi?sstr=2163250",
      "absolute_magnitude_h" : 15.5,
      "estimated_diameter" : {
        "kilometers" : {
          "estimated_diameter_min" : 2.1113244479,
          "estimated_diameter_max" : 4.7210649881
        },
        "meters" : {
          "estimated_diameter_min" : 2111.3244478971,
          "estimated_diameter_max" : 4721.0649880552
        },
        "miles" : {
          "estimated_diameter_min" : 1.3119157835,
          "estimated_diameter_max" : 2.9335328727
        },
        "feet" : {
          "estimated_diameter_min" : 6926.9177016389,
          "estimated_diameter_max" : 15489.0588554111
        }
      },
      "is_potentially_hazardous_asteroid" : false,
      "close_approach_data" : [ {
        "close_approach_date" : "2002-03-15",
        "epoch_date_close_approach" : 1016179200000,
        "relative_velocity" : {
          "kilometers_per_second" : "20.5867244896",
          "kilometers_per_hour" : "74112.2081624995",
          "miles_per_hour" : "46050.4440107487"
        },
        "miss_distance" : {
          "astronomical" : "0.3978671522",
          "lunar" : "154.770324707",
          "kilometers" : "59520076",
          "miles" : "36984060"
        },
        "orbiting_body" : "Earth"
      } ],
      "orbital_data" : {
        "orbit_id" : "117",
        "orbit_determination_date" : "2017-08-25 06:19:43",
        "orbit_uncertainty" : "0",
        "minimum_orbit_intersection" : ".250766",
        "jupiter_tisserand_invariant" : "2.926",
        "epoch_osculation" : "2458000.5",
        "eccentricity" : ".5397168348296193",
        "semi_major_axis" : "2.689658880592818",
        "inclination" : "35.0223169525111",
        "ascending_node_longitude" : "170.3144682936374",
        "orbital_period" : "1611.180630515733",
        "perihelion_distance" : "1.238004702787886",
        "perihelion_argument" : "350.9843239183951",
        "aphelion_distance" : "4.141313058397751",
        "perihelion_time" : "2458803.450355428140",
        "mean_anomaly" : "180.589869019464",
        "mean_motion" : ".2234386344905135",
        "equinox" : "J2000"
      }
    }, {
      "links" : {
        "self" : "https://api.nasa.gov/neo/rest/v1/neo/2191094?api_key=t0TVs3DtDT2H8Oy2Zy8m2eVrNsAVKAexjcZXUckd"
      },
      "neo_reference_id" : "2191094",
      "name" : "191094 (2002 EA3)",
      "nasa_jpl_url" : "http://ssd.jpl.nasa.gov/sbdb.cgi?sstr=2191094",
      "absolute_magnitude_h" : 20.1,
      "estimated_diameter" : {
        "kilometers" : {
          "estimated_diameter_min" : 0.2538370294,
          "estimated_diameter_max" : 0.5675968529
        },
        "meters" : {
          "estimated_diameter_min" : 253.8370293645,
          "estimated_diameter_max" : 567.5968528656
        },
        "miles" : {
          "estimated_diameter_min" : 0.1577269688,
          "estimated_diameter_max" : 0.3526882241
        },
        "feet" : {
          "estimated_diameter_min" : 832.7986794202,
          "estimated_diameter_max" : 1862.1944587557
        }
      },
      "is_potentially_hazardous_asteroid" : false,
      "close_approach_data" : [ {
        "close_approach_date" : "2002-03-15",
        "epoch_date_close_approach" : 1016179200000,
        "relative_velocity" : {
          "kilometers_per_second" : "23.8730637937",
          "kilometers_per_hour" : "85943.029657235",
          "miles_per_hour" : "53401.6564000747"
        },
        "miss_distance" : {
          "astronomical" : "0.0783875228",
          "lunar" : "30.4927463531",
          "kilometers" : "11726606",
          "miles" : "7286575.5"
        },
        "orbiting_body" : "Earth"
      } ],
      "orbital_data" : {
        "orbit_id" : "24",
        "orbit_determination_date" : "2017-04-06 09:25:41",
        "orbit_uncertainty" : "0",
        "minimum_orbit_intersection" : ".0812265",
        "jupiter_tisserand_invariant" : "3.289",
        "epoch_osculation" : "2458000.5",
        "eccentricity" : ".6415242950756791",
        "semi_major_axis" : "2.114619238494918",
        "inclination" : "32.16736490249038",
        "ascending_node_longitude" : "349.4489787829465",
        "orbital_period" : "1123.173104831933",
        "perihelion_distance" : ".7580396221659964",
        "perihelion_argument" : "259.3453859023488",
        "aphelion_distance" : "3.471198854823839",
        "perihelion_time" : "2458011.938525478098",
        "mean_anomaly" : "356.3337181469178",
        "mean_motion" : ".3205204954171947",
        "equinox" : "J2000"
      }
    }, {
      "links" : {
        "self" : "https://api.nasa.gov/neo/rest/v1/neo/2326388?api_key=t0TVs3DtDT2H8Oy2Zy8m2eVrNsAVKAexjcZXUckd"
      },
      "neo_reference_id" : "2326388",
      "name" : "326388 (2001 QD96)",
      "nasa_jpl_url" : "http://ssd.jpl.nasa.gov/sbdb.cgi?sstr=2326388",
      "absolute_magnitude_h" : 18.2,
      "estimated_diameter" : {
        "kilometers" : {
          "estimated_diameter_min" : 0.6089126221,
          "estimated_diameter_max" : 1.3615700154
        },
        "meters" : {
          "estimated_diameter_min" : 608.9126221057,
          "estimated_diameter_max" : 1361.5700153859
        },
        "miles" : {
          "estimated_diameter_min" : 0.3783606449,
          "estimated_diameter_max" : 0.846040122
        },
        "feet" : {
          "estimated_diameter_min" : 1997.7448871092,
          "estimated_diameter_max" : 4467.0933692788
        }
      },
      "is_potentially_hazardous_asteroid" : false,
      "close_approach_data" : [ {
        "close_approach_date" : "2002-03-15",
        "epoch_date_close_approach" : 1016179200000,
        "relative_velocity" : {
          "kilometers_per_second" : "16.049732017",
          "kilometers_per_hour" : "57779.0352610891",
          "miles_per_hour" : "35901.6455487584"
        },
        "miss_distance" : {
          "astronomical" : "0.254958232",
          "lunar" : "99.1787567139",
          "kilometers" : "38141212",
          "miles" : "23699850"
        },
        "orbiting_body" : "Earth"
      } ],
      "orbital_data" : {
        "orbit_id" : "89",
        "orbit_determination_date" : "2017-09-27 06:52:20",
        "orbit_uncertainty" : "0",
        "minimum_orbit_intersection" : ".232868",
        "jupiter_tisserand_invariant" : "4.901",
        "epoch_osculation" : "2458000.5",
        "eccentricity" : ".4962382535901616",
        "semi_major_axis" : "1.274099757568613",
        "inclination" : "17.95351070629344",
        "ascending_node_longitude" : "330.3308969253744",
        "orbital_period" : "525.2953743197669",
        "perihelion_distance" : ".6418427189731164",
        "perihelion_argument" : "145.7308064612986",
        "aphelion_distance" : "1.906356796164111",
        "perihelion_time" : "2458097.584041966812",
        "mean_anomaly" : "293.4655189886049",
        "mean_motion" : ".6853287076174681",
        "equinox" : "J2000"
      }
    }, {
      "links" : {
        "self" : "https://api.nasa.gov/neo/rest/v1/neo/3117468?api_key=t0TVs3DtDT2H8Oy2Zy8m2eVrNsAVKAexjcZXUckd"
      },
      "neo_reference_id" : "3117468",
      "name" : "(2002 FT6)",
      "nasa_jpl_url" : "http://ssd.jpl.nasa.gov/sbdb.cgi?sstr=3117468",
      "absolute_magnitude_h" : 22.5,
      "estimated_diameter" : {
        "kilometers" : {
          "estimated_diameter_min" : 0.0840533402,
          "estimated_diameter_max" : 0.1879489824
        },
        "meters" : {
          "estimated_diameter_min" : 84.0533402073,
          "estimated_diameter_max" : 187.9489824394
        },
        "miles" : {
          "estimated_diameter_min" : 0.0522283081,
          "estimated_diameter_max" : 0.1167860472
        },
        "feet" : {
          "estimated_diameter_min" : 275.7655606856,
          "estimated_diameter_max" : 616.6305395464
        }
      },
      "is_potentially_hazardous_asteroid" : false,
      "close_approach_data" : [ {
        "close_approach_date" : "2002-03-15",
        "epoch_date_close_approach" : 1016179200000,
        "relative_velocity" : {
          "kilometers_per_second" : "14.36361978",
          "kilometers_per_hour" : "51709.0312080673",
          "miles_per_hour" : "32129.9810859238"
        },
        "miss_distance" : {
          "astronomical" : "0.0410057822",
          "lunar" : "15.9512491226",
          "kilometers" : "6134378",
          "miles" : "3811725.75"
        },
        "orbiting_body" : "Earth"
      } ],
      "orbital_data" : {
        "orbit_id" : "22",
        "orbit_determination_date" : "2017-06-21 06:17:20",
        "orbit_uncertainty" : "1",
        "minimum_orbit_intersection" : ".0413485",
        "jupiter_tisserand_invariant" : "6.026",
        "epoch_osculation" : "2458000.5",
        "eccentricity" : ".462699943687126",
        "semi_major_axis" : ".9884238521030382",
        "inclination" : "9.488402611056026",
        "ascending_node_longitude" : "188.5128520742066",
        "orbital_period" : "358.9328872268388",
        "perihelion_distance" : ".5310801913959503",
        "perihelion_argument" : "226.7025553557057",
        "aphelion_distance" : "1.445767512810126",
        "perihelion_time" : "2458025.544584674616",
        "mean_anomaly" : "334.8809574053776",
        "mean_motion" : "1.00297301476442",
        "equinox" : "J2000"
      }
    }, {
      "links" : {
        "self" : "https://api.nasa.gov/neo/rest/v1/neo/3274304?api_key=t0TVs3DtDT2H8Oy2Zy8m2eVrNsAVKAexjcZXUckd"
      },
      "neo_reference_id" : "3274304",
      "name" : "(2005 EY169)",
      "nasa_jpl_url" : "http://ssd.jpl.nasa.gov/sbdb.cgi?sstr=3274304",
      "absolute_magnitude_h" : 22.2,
      "estimated_diameter" : {
        "kilometers" : {
          "estimated_diameter_min" : 0.096506147,
          "estimated_diameter_max" : 0.2157943048
        },
        "meters" : {
          "estimated_diameter_min" : 96.5061469579,
          "estimated_diameter_max" : 215.7943048444
        },
        "miles" : {
          "estimated_diameter_min" : 0.059966121,
          "estimated_diameter_max" : 0.134088323
        },
        "feet" : {
          "estimated_diameter_min" : 316.6212271853,
          "estimated_diameter_max" : 707.9865871058
        }
      },
      "is_potentially_hazardous_asteroid" : false,
      "close_approach_data" : [ {
        "close_approach_date" : "2002-03-15",
        "epoch_date_close_approach" : 1016179200000,
        "relative_velocity" : {
          "kilometers_per_second" : "11.1228531871",
          "kilometers_per_hour" : "40042.2714734524",
          "miles_per_hour" : "24880.7102941571"
        },
        "miss_distance" : {
          "astronomical" : "0.1617107009",
          "lunar" : "62.9054603577",
          "kilometers" : "24191576",
          "miles" : "15031948"
        },
        "orbiting_body" : "Earth"
      } ],
      "orbital_data" : {
        "orbit_id" : "28",
        "orbit_determination_date" : "2017-07-31 11:21:30",
        "orbit_uncertainty" : "0",
        "minimum_orbit_intersection" : ".0696479",
        "jupiter_tisserand_invariant" : "4.889",
        "epoch_osculation" : "2455353.5",
        "eccentricity" : ".2330986549811902",
        "semi_major_axis" : "1.308067523980838",
        "inclination" : "20.89051623727846",
        "ascending_node_longitude" : "346.9778286309497",
        "orbital_period" : "546.4414963367311",
        "perihelion_distance" : "1.003158743516329",
        "perihelion_argument" : "227.5148042279464",
        "aphelion_distance" : "1.612976304445347",
        "perihelion_time" : "2455126.076234872161",
        "mean_anomaly" : "149.8285836542145",
        "mean_motion" : ".6588079463462981",
        "equinox" : "J2000"
      }
    } ]
  }
}