{
  "links" : {
    "next" : "https://api.nasa.gov/neo/rest/v1/feed?start_date=2000-06-09&end_date=2000-06-09&detailed=true&api_key=t0TVs3DtDT2H8Oy2Zy8m2eVrNsAVKAexjcZXUckd",
    "prev" : "https://api.nasa.gov/neo/rest/v1/feed?start_date=2000-06-07&end_date=2000-06-07&detailed=true&api_key=t0TVs3DtDT2H8Oy2Zy8m2eVrNsAVKAexjcZXUckd",
    "self" : "https://api.nasa.gov/neo/rest/v1/feed?start_date=2000-06-08&end_date=2000-06-08&detailed=true&api_key=t0TVs3DtDT2H8Oy2Zy8m2eVrNsAVKAexjcZXUckd"
  },
  "element_count" : 7,
  "near_earth_objects" : {
    "2000-06-08" : [ {
      "links" : {
        "self" : "https://api.nasa.gov/neo/rest/v1/neo/2002100?api_key=t0TVs3DtDT2H8Oy2Zy8m2eVrNsAVKAexjcZXUckd"
      },
      "neo_reference_id" : "2002100",
      "name" : "2100 Ra-Shalom (1978 RA)",
      "nasa_jpl_url" : "http://ssd.jpl.nasa.gov/sbdb.cgi?sstr=2002100",
      "absolute_magnitude_h" : 16.05,
      "estimated_diameter" : {
        "kilometers" : {
          "estimated_diameter_min" : 1.6389095149,
          "estimated_diameter_max" : 3.6647130844
        },
        "meters" : {
          "estimated_diameter_min" : 1638.9095149478,
          "estimated_diameter_max" : 3664.7130843945
        },
        "miles" : {
          "estimated_diameter_min" : 1.0183708442,
          "estimated_diameter_max" : 2.277146434
        },
        "feet" : {
          "estimated_diameter_min" : 5376.9998930214,
          "estimated_diameter_max" : 12023.337275805
        }
      },
      "is_potentially_hazardous_asteroid" : false,
      "close_approach_data" : [ {
        "close_approach_date" : "2000-06-08",
        "epoch_date_close_approach" : 960447600000,
        "relative_velocity" : {
          "kilometers_per_second" : "7.664619667",
          "kilometers_per_hour" : "27592.6308011093",
          "miles_per_hour" : "17144.9877330559"
        },
        "miss_distance" : {
          "astronomical" : "0.4235088089",
          "lunar" : "164.744934082",
          "kilometers" : "63356020",
          "miles" : "39367604"
        },
        "orbiting_body" : "Earth"
      } ],
      "orbital_data" : {
        "orbit_id" : "182",
        "orbit_determination_date" : "2017-04-06 09:30:50",
        "orbit_uncertainty" : "0",
        "minimum_orbit_intersection" : ".149558",
        "jupiter_tisserand_invariant" : "6.946",
        "epoch_osculation" : "2453681.5",
        "eccentricity" : ".4365122239502867",
        "semi_major_axis" : ".832041312581066",
        "inclination" : "15.7559714300814",
        "ascending_node_longitude" : "170.8848664870347",
        "orbital_period" : "277.2143849607028",
        "perihelion_distance" : ".4688451088077891",
        "perihelion_argument" : "355.9827741469682",
        "aphelion_distance" : "1.195237516354343",
        "perihelion_time" : "2453600.981067548835",
        "mean_anomaly" : "104.564615889354",
        "mean_motion" : "1.2986339076561",
        "equinox" : "J2000"
      }
    }, {
      "links" : {
        "self" : "https://api.nasa.gov/neo/rest/v1/neo/2068347?api_key=t0TVs3DtDT2H8Oy2Zy8m2eVrNsAVKAexjcZXUckd"
      },
      "neo_reference_id" : "2068347",
      "name" : "68347 (2001 KB67)",
      "nasa_jpl_url" : "http://ssd.jpl.nasa.gov/sbdb.cgi?sstr=2068347",
      "absolute_magnitude_h" : 19.9,
      "estimated_diameter" : {
        "kilometers" : {
          "estimated_diameter_min" : 0.2783267681,
          "estimated_diameter_max" : 0.6223575734
        },
        "meters" : {
          "estimated_diameter_min" : 278.3267680719,
          "estimated_diameter_max" : 622.3575733667
        },
        "miles" : {
          "estimated_diameter_min" : 0.1729441822,
          "estimated_diameter_max" : 0.3867149477
        },
        "feet" : {
          "estimated_diameter_min" : 913.1455937611,
          "estimated_diameter_max" : 2041.8556210042
        }
      },
      "is_potentially_hazardous_asteroid" : true,
      "close_approach_data" : [ {
        "close_approach_date" : "2000-06-08",
        "epoch_date_close_approach" : 960447600000,
        "relative_velocity" : {
          "kilometers_per_second" : "20.9959195099",
          "kilometers_per_hour" : "75585.310235734",
          "miles_per_hour" : "46965.7723517537"
        },
        "miss_distance" : {
          "astronomical" : "0.2732462821",
          "lunar" : "106.2928085327",
          "kilometers" : "40877064",
          "miles" : "25399830"
        },
        "orbiting_body" : "Earth"
      } ],
      "orbital_data" : {
        "orbit_id" : "37",
        "orbit_determination_date" : "2017-07-02 06:22:32",
        "orbit_uncertainty" : "0",
        "minimum_orbit_intersection" : ".0138031",
        "jupiter_tisserand_invariant" : "6.165",
        "epoch_osculation" : "2458000.5",
        "eccentricity" : ".3797685723176895",
        "semi_major_axis" : ".9628777763111724",
        "inclination" : "17.13790871412698",
        "ascending_node_longitude" : "245.9212571304545",
        "orbital_period" : "345.1081149495507",
        "perihelion_distance" : ".5972070578850468",
        "perihelion_argument" : "243.875608846173",
        "aphelion_distance" : "1.328548494737298",
        "perihelion_time" : "2457849.953431729456",
        "mean_anomaly" : "157.0428576717721",
        "mean_motion" : "1.043151361574405",
        "equinox" : "J2000"
      }
    }, {
      "links" : {
        "self" : "https://api.nasa.gov/neo/rest/v1/neo/2461353?api_key=t0TVs3DtDT2H8Oy2Zy8m2eVrNsAVKAexjcZXUckd"
      },
      "neo_reference_id" : "2461353",
      "name" : "461353 (1999 LS7)",
      "nasa_jpl_url" : "http://ssd.jpl.nasa.gov/sbdb.cgi?sstr=2461353",
      "absolute_magnitude_h" : 20.8,
      "estimated_diameter" : {
        "kilometers" : {
          "estimated_diameter_min" : 0.1838886721,
          "estimated_diameter_max" : 0.411187571
        },
        "meters" : {
          "estimated_diameter_min" : 183.8886720703,
          "estimated_diameter_max" : 411.1875710413
        },
        "miles" : {
          "estimated_diameter_min" : 0.1142630881,
          "estimated_diameter_max" : 0.2555000322
        },
        "feet" : {
          "estimated_diameter_min" : 603.309310875,
          "estimated_diameter_max" : 1349.040630575
        }
      },
      "is_potentially_hazardous_asteroid" : false,
      "close_approach_data" : [ {
        "close_approach_date" : "2000-06-08",
        "epoch_date_close_approach" : 960447600000,
        "relative_velocity" : {
          "kilometers_per_second" : "8.4126262358",
          "kilometers_per_hour" : "30285.4544488875",
          "miles_per_hour" : "18818.2036268657"
        },
        "miss_distance" : {
          "astronomical" : "0.1557485712",
          "lunar" : "60.5861968994",
          "kilometers" : "23299656",
          "miles" : "14477735"
        },
        "orbiting_body" : "Earth"
      } ],
      "orbital_data" : {
        "orbit_id" : "22",
        "orbit_determination_date" : "2017-04-06 09:19:41",
        "orbit_uncertainty" : "0",
        "minimum_orbit_intersection" : ".0505078",
        "jupiter_tisserand_invariant" : "5.969",
        "epoch_osculation" : "2458000.5",
        "eccentricity" : ".3009269177868669",
        "semi_major_axis" : "1.010260010408667",
        "inclination" : "13.05216300682719",
        "ascending_node_longitude" : "252.3100536763927",
        "orbital_period" : "370.8926018059071",
        "perihelion_distance" : ".7062455793130589",
        "perihelion_argument" : "123.7544397406751",
        "aphelion_distance" : "1.314274441504276",
        "perihelion_time" : "2458102.132675240287",
        "mean_anomaly" : "261.3521356091909",
        "mean_motion" : ".9706313856009258",
        "equinox" : "J2000"
      }
    }, {
      "links" : {
        "self" : "https://api.nasa.gov/neo/rest/v1/neo/3042552?api_key=t0TVs3DtDT2H8Oy2Zy8m2eVrNsAVKAexjcZXUckd"
      },
      "neo_reference_id" : "3042552",
      "name" : "(2000 KC)",
      "nasa_jpl_url" : "http://ssd.jpl.nasa.gov/sbdb.cgi?sstr=3042552",
      "absolute_magnitude_h" : 20.2,
      "estimated_diameter" : {
        "kilometers" : {
          "estimated_diameter_min" : 0.2424124811,
          "estimated_diameter_max" : 0.5420507863
        },
        "meters" : {
          "estimated_diameter_min" : 242.4124811008,
          "estimated_diameter_max" : 542.0507863358
        },
        "miles" : {
          "estimated_diameter_min" : 0.1506280858,
          "estimated_diameter_max" : 0.3368146392
        },
        "feet" : {
          "estimated_diameter_min" : 795.3165644948,
          "estimated_diameter_max" : 1778.3819018419
        }
      },
      "is_potentially_hazardous_asteroid" : false,
      "close_approach_data" : [ {
        "close_approach_date" : "2000-06-08",
        "epoch_date_close_approach" : 960447600000,
        "relative_velocity" : {
          "kilometers_per_second" : "7.3740909999",
          "kilometers_per_hour" : "26546.7275996145",
          "miles_per_hour" : "16495.1041576605"
        },
        "miss_distance" : {
          "astronomical" : "0.225991859",
          "lunar" : "87.9108352661",
          "kilometers" : "33807900",
          "miles" : "21007256"
        },
        "orbiting_body" : "Earth"
      } ],
      "orbital_data" : {
        "orbit_id" : "13",
        "orbit_determination_date" : "2017-08-15 05:22:30",
        "orbit_uncertainty" : "1",
        "minimum_orbit_intersection" : ".179042",
        "jupiter_tisserand_invariant" : "3.454",
        "epoch_osculation" : "2458000.5",
        "eccentricity" : ".4697665989355432",
        "semi_major_axis" : "2.250405627579226",
        "inclination" : "10.56613877359694",
        "ascending_node_longitude" : "75.06887717019367",
        "orbital_period" : "1233.07540298597",
        "perihelion_distance" : "1.193240229685926",
        "perihelion_argument" : "180.3958953341522",
        "aphelion_distance" : "3.307571025472526",
        "perihelion_time" : "2457884.868426287304",
        "mean_anomaly" : "33.7589789203216",
        "mean_motion" : ".2919529488044587",
        "equinox" : "J2000"
      }
    }, {
      "links" : {
        "self" : "https://api.nasa.gov/neo/rest/v1/neo/3127389?api_key=t0TVs3DtDT2H8Oy2Zy8m2eVrNsAVKAexjcZXUckd"
      },
      "neo_reference_id" : "3127389",
      "name" : "(2002 LW)",
      "nasa_jpl_url" : "http://ssd.jpl.nasa.gov/sbdb.cgi?sstr=3127389",
      "absolute_magnitude_h" : 22.4,
      "estimated_diameter" : {
        "kilometers" : {
          "estimated_diameter_min" : 0.0880146521,
          "estimated_diameter_max" : 0.1968067451
        },
        "meters" : {
          "estimated_diameter_min" : 88.0146520901,
          "estimated_diameter_max" : 196.8067450894
        },
        "miles" : {
          "estimated_diameter_min" : 0.0546897524,
          "estimated_diameter_max" : 0.122290004
        },
        "feet" : {
          "estimated_diameter_min" : 288.7619911632,
          "estimated_diameter_max" : 645.6914415591
        }
      },
      "is_potentially_hazardous_asteroid" : false,
      "close_approach_data" : [ {
        "close_approach_date" : "2000-06-08",
        "epoch_date_close_approach" : 960447600000,
        "relative_velocity" : {
          "kilometers_per_second" : "13.8301558655",
          "kilometers_per_hour" : "49788.5611157816",
          "miles_per_hour" : "30936.6756555255"
        },
        "miss_distance" : {
          "astronomical" : "0.3402810171",
          "lunar" : "132.3693084717",
          "kilometers" : "50905316",
          "miles" : "31631096"
        },
        "orbiting_body" : "Earth"
      } ],
      "orbital_data" : {
        "orbit_id" : "20",
        "orbit_determination_date" : "2017-04-06 09:15:06",
        "orbit_uncertainty" : "2",
        "minimum_orbit_intersection" : ".0328365",
        "jupiter_tisserand_invariant" : "5.982",
        "epoch_osculation" : "2458000.5",
        "eccentricity" : ".1018078934542773",
        "semi_major_axis" : "1.016447568813216",
        "inclination" : "11.17416757818649",
        "ascending_node_longitude" : "250.1265665370786",
        "orbital_period" : "374.3052331592648",
        "perihelion_distance" : ".9129651830256208",
        "perihelion_argument" : "126.1467636307416",
        "aphelion_distance" : "1.119929954600811",
        "perihelion_time" : "2458158.563619025993",
        "mean_anomaly" : "207.9772714661844",
        "mean_motion" : ".9617819044673148",
        "equinox" : "J2000"
      }
    }, {
      "links" : {
        "self" : "https://api.nasa.gov/neo/rest/v1/neo/3719859?api_key=t0TVs3DtDT2H8Oy2Zy8m2eVrNsAVKAexjcZXUckd"
      },
      "neo_reference_id" : "3719859",
      "name" : "(2015 KK57)",
      "nasa_jpl_url" : "http://ssd.jpl.nasa.gov/sbdb.cgi?sstr=3719859",
      "absolute_magnitude_h" : 27.5,
      "estimated_diameter" : {
        "kilometers" : {
          "estimated_diameter_min" : 0.008405334,
          "estimated_diameter_max" : 0.0187948982
        },
        "meters" : {
          "estimated_diameter_min" : 8.4053340207,
          "estimated_diameter_max" : 18.7948982439
        },
        "miles" : {
          "estimated_diameter_min" : 0.0052228308,
          "estimated_diameter_max" : 0.0116786047
        },
        "feet" : {
          "estimated_diameter_min" : 27.5765560686,
          "estimated_diameter_max" : 61.6630539546
        }
      },
      "is_potentially_hazardous_asteroid" : false,
      "close_approach_data" : [ {
        "close_approach_date" : "2000-06-08",
        "epoch_date_close_approach" : 960447600000,
        "relative_velocity" : {
          "kilometers_per_second" : "2.9485096898",
          "kilometers_per_hour" : "10614.6348832276",
          "miles_per_hour" : "6595.5213250811"
        },
        "miss_distance" : {
          "astronomical" : "0.0594381083",
          "lunar" : "23.1214237213",
          "kilometers" : "8891815",
          "miles" : "5525117.5"
        },
        "orbiting_body" : "Earth"
      } ],
      "orbital_data" : {
        "orbit_id" : "15",
        "orbit_determination_date" : "2017-04-06 08:33:35",
        "orbit_uncertainty" : "3",
        "minimum_orbit_intersection" : ".0188862",
        "jupiter_tisserand_invariant" : "5.680",
        "epoch_osculation" : "2458000.5",
        "eccentricity" : ".06366104064143226",
        "semi_major_axis" : "1.091758388289362",
        "inclination" : "1.031742427367126",
        "ascending_node_longitude" : "194.426902070409",
        "orbital_period" : "416.6661626908975",
        "perihelion_distance" : "1.022255913161848",
        "perihelion_argument" : "100.0856704385641",
        "aphelion_distance" : "1.161260863416876",
        "perihelion_time" : "2458053.145468705932",
        "mean_anomaly" : "314.5142600211685",
        "mean_motion" : ".8640010450454191",
        "equinox" : "J2000"
      }
    }, {
      "links" : {
        "self" : "https://api.nasa.gov/neo/rest/v1/neo/3736412?api_key=t0TVs3DtDT2H8Oy2Zy8m2eVrNsAVKAexjcZXUckd"
      },
      "neo_reference_id" : "3736412",
      "name" : "(2015 XX169)",
      "nasa_jpl_url" : "http://ssd.jpl.nasa.gov/sbdb.cgi?sstr=3736412",
      "absolute_magnitude_h" : 27.5,
      "estimated_diameter" : {
        "kilometers" : {
          "estimated_diameter_min" : 0.008405334,
          "estimated_diameter_max" : 0.0187948982
        },
        "meters" : {
          "estimated_diameter_min" : 8.4053340207,
          "estimated_diameter_max" : 18.7948982439
        },
        "miles" : {
          "estimated_diameter_min" : 0.0052228308,
          "estimated_diameter_max" : 0.0116786047
        },
        "feet" : {
          "estimated_diameter_min" : 27.5765560686,
          "estimated_diameter_max" : 61.6630539546
        }
      },
      "is_potentially_hazardous_asteroid" : false,
      "close_approach_data" : [ {
        "close_approach_date" : "2000-06-08",
        "epoch_date_close_approach" : 960447600000,
        "relative_velocity" : {
          "kilometers_per_second" : "5.3807251952",
          "kilometers_per_hour" : "19370.6107028148",
          "miles_per_hour" : "12036.1441892018"
        },
        "miss_distance" : {
          "astronomical" : "0.1186049103",
          "lunar" : "46.1373100281",
          "kilometers" : "17743042",
          "miles" : "11025016"
        },
        "orbiting_body" : "Earth"
      } ],
      "orbital_data" : {
        "orbit_id" : "7",
        "orbit_determination_date" : "2017-04-06 08:29:59",
        "orbit_uncertainty" : "1",
        "minimum_orbit_intersection" : ".0156394",
        "jupiter_tisserand_invariant" : "6.053",
        "epoch_osculation" : "2458000.5",
        "eccentricity" : ".184214654871776",
        "semi_major_axis" : "1.000858529653734",
        "inclination" : "7.640727040154666",
        "ascending_node_longitude" : "256.6239943844131",
        "orbital_period" : "365.7273750874498",
        "perihelion_distance" : ".816485721038098",
        "perihelion_argument" : "283.5741142375506",
        "aphelion_distance" : "1.18523133826937",
        "perihelion_time" : "2458180.913565780379",
        "mean_anomaly" : "182.4117522911526",
        "mean_motion" : ".9843397692445629",
        "equinox" : "J2000"
      }
    } ]
  }
}