{
  "links" : {
    "next" : "https://api.nasa.gov/neo/rest/v1/feed?start_date=2006-09-16&end_date=2006-09-16&detailed=true&api_key=t0TVs3DtDT2H8Oy2Zy8m2eVrNsAVKAexjcZXUckd",
    "prev" : "https://api.nasa.gov/neo/rest/v1/feed?start_date=2006-09-14&end_date=2006-09-14&detailed=true&api_key=t0TVs3DtDT2H8Oy2Zy8m2eVrNsAVKAexjcZXUckd",
    "self" : "https://api.nasa.gov/neo/rest/v1/feed?start_date=2006-09-15&end_date=2006-09-15&detailed=true&api_key=t0TVs3DtDT2H8Oy2Zy8m2eVrNsAVKAexjcZXUckd"
  },
  "element_count" : 8,
  "near_earth_objects" : {
    "2006-09-15" : [ {
      "links" : {
        "self" : "https://api.nasa.gov/neo/rest/v1/neo/3343108?api_key=t0TVs3DtDT2H8Oy2Zy8m2eVrNsAVKAexjcZXUckd"
      },
      "neo_reference_id" : "3343108",
      "name" : "(2006 SD25)",
      "nasa_jpl_url" : "http://ssd.jpl.nasa.gov/sbdb.cgi?sstr=3343108",
      "absolute_magnitude_h" : 24.0,
      "estimated_diameter" : {
        "kilometers" : {
          "estimated_diameter_min" : 0.0421264611,
          "estimated_diameter_max" : 0.0941976306
        },
        "meters" : {
          "estimated_diameter_min" : 42.1264610556,
          "estimated_diameter_max" : 94.1976305719
        },
        "miles" : {
          "estimated_diameter_min" : 0.0261761612,
          "estimated_diameter_max" : 0.0585316759
        },
        "feet" : {
          "estimated_diameter_min" : 138.2101784897,
          "estimated_diameter_max" : 309.0473542854
        }
      },
      "is_potentially_hazardous_asteroid" : false,
      "close_approach_data" : [ {
        "close_approach_date" : "2006-09-15",
        "epoch_date_close_approach" : 1158303600000,
        "relative_velocity" : {
          "kilometers_per_second" : "7.2487686901",
          "kilometers_per_hour" : "26095.5672845221",
          "miles_per_hour" : "16214.7706829854"
        },
        "miss_distance" : {
          "astronomical" : "0.0418259301",
          "lunar" : "16.2702865601",
          "kilometers" : "6257070.5",
          "miles" : "3887963.25"
        },
        "orbiting_body" : "Earth"
      } ],
      "orbital_data" : {
        "orbit_id" : "16",
        "orbit_determination_date" : "2017-04-06 09:08:05",
        "orbit_uncertainty" : "7",
        "minimum_orbit_intersection" : ".0160441",
        "jupiter_tisserand_invariant" : "3.789",
        "epoch_osculation" : "2458000.5",
        "eccentricity" : ".4679943370651481",
        "semi_major_axis" : "1.91492766149303",
        "inclination" : "1.447816666728518",
        "ascending_node_longitude" : "296.6422504970163",
        "orbital_period" : "967.8921907707537",
        "perihelion_distance" : "1.018752360024885",
        "perihelion_argument" : "37.51156806751663",
        "aphelion_distance" : "2.811102962961175",
        "perihelion_time" : "2457853.422433793201",
        "mean_anomaly" : "54.70436102215493",
        "mean_motion" : ".371942250834077",
        "equinox" : "J2000"
      }
    }, {
      "links" : {
        "self" : "https://api.nasa.gov/neo/rest/v1/neo/2152754?api_key=t0TVs3DtDT2H8Oy2Zy8m2eVrNsAVKAexjcZXUckd"
      },
      "neo_reference_id" : "2152754",
      "name" : "152754 (1999 GS6)",
      "nasa_jpl_url" : "http://ssd.jpl.nasa.gov/sbdb.cgi?sstr=2152754",
      "absolute_magnitude_h" : 19.1,
      "estimated_diameter" : {
        "kilometers" : {
          "estimated_diameter_min" : 0.4023045798,
          "estimated_diameter_max" : 0.8995803882
        },
        "meters" : {
          "estimated_diameter_min" : 402.3045798343,
          "estimated_diameter_max" : 899.5803881691
        },
        "miles" : {
          "estimated_diameter_min" : 0.2499803991,
          "estimated_diameter_max" : 0.5589731654
        },
        "feet" : {
          "estimated_diameter_min" : 1319.8969577037,
          "estimated_diameter_max" : 2951.3793207207
        }
      },
      "is_potentially_hazardous_asteroid" : true,
      "close_approach_data" : [ {
        "close_approach_date" : "2006-09-15",
        "epoch_date_close_approach" : 1158303600000,
        "relative_velocity" : {
          "kilometers_per_second" : "11.2441770785",
          "kilometers_per_hour" : "40479.0374826936",
          "miles_per_hour" : "25152.0997069548"
        },
        "miss_distance" : {
          "astronomical" : "0.1266080918",
          "lunar" : "49.2505455017",
          "kilometers" : "18940300",
          "miles" : "11768957"
        },
        "orbiting_body" : "Earth"
      } ],
      "orbital_data" : {
        "orbit_id" : "55",
        "orbit_determination_date" : "2017-04-06 09:27:13",
        "orbit_uncertainty" : "0",
        "minimum_orbit_intersection" : ".0188434",
        "jupiter_tisserand_invariant" : "5.199",
        "epoch_osculation" : "2458000.5",
        "eccentricity" : ".4973457568249125",
        "semi_major_axis" : "1.190920566209327",
        "inclination" : "2.020707347929493",
        "ascending_node_longitude" : "314.5063412859134",
        "orbital_period" : "474.7037032199969",
        "perihelion_distance" : ".598621275889596",
        "perihelion_argument" : "134.87857243",
        "aphelion_distance" : "1.783219856529058",
        "perihelion_time" : "2457852.663526954378",
        "mean_anomaly" : "112.1144198695223",
        "mean_motion" : ".7583677935479711",
        "equinox" : "J2000"
      }
    }, {
      "links" : {
        "self" : "https://api.nasa.gov/neo/rest/v1/neo/3160728?api_key=t0TVs3DtDT2H8Oy2Zy8m2eVrNsAVKAexjcZXUckd"
      },
      "neo_reference_id" : "3160728",
      "name" : "(2003 SL5)",
      "nasa_jpl_url" : "http://ssd.jpl.nasa.gov/sbdb.cgi?sstr=3160728",
      "absolute_magnitude_h" : 19.2,
      "estimated_diameter" : {
        "kilometers" : {
          "estimated_diameter_min" : 0.3841978911,
          "estimated_diameter_max" : 0.8590926012
        },
        "meters" : {
          "estimated_diameter_min" : 384.1978910643,
          "estimated_diameter_max" : 859.0926012318
        },
        "miles" : {
          "estimated_diameter_min" : 0.2387294278,
          "estimated_diameter_max" : 0.5338152287
        },
        "feet" : {
          "estimated_diameter_min" : 1260.4918089193,
          "estimated_diameter_max" : 2818.5453698252
        }
      },
      "is_potentially_hazardous_asteroid" : false,
      "close_approach_data" : [ {
        "close_approach_date" : "2006-09-15",
        "epoch_date_close_approach" : 1158303600000,
        "relative_velocity" : {
          "kilometers_per_second" : "14.2170634971",
          "kilometers_per_hour" : "51181.4285894941",
          "miles_per_hour" : "31802.1493366221"
        },
        "miss_distance" : {
          "astronomical" : "0.3819863152",
          "lunar" : "148.5926818848",
          "kilometers" : "57144340",
          "miles" : "35507848"
        },
        "orbiting_body" : "Earth"
      } ],
      "orbital_data" : {
        "orbit_id" : "37",
        "orbit_determination_date" : "2017-04-06 09:13:50",
        "orbit_uncertainty" : "0",
        "minimum_orbit_intersection" : ".145443",
        "jupiter_tisserand_invariant" : "3.579",
        "epoch_osculation" : "2458000.5",
        "eccentricity" : ".4754663799419478",
        "semi_major_axis" : "2.111386847902463",
        "inclination" : "6.103673745415309",
        "ascending_node_longitude" : "39.68756189154174",
        "orbital_period" : "1120.598778667379",
        "perihelion_distance" : "1.107493386673239",
        "perihelion_argument" : "280.082279010041",
        "aphelion_distance" : "3.115280309131688",
        "perihelion_time" : "2458466.666972341116",
        "mean_anomaly" : "210.2406809309805",
        "mean_motion" : ".3212568198834854",
        "equinox" : "J2000"
      }
    }, {
      "links" : {
        "self" : "https://api.nasa.gov/neo/rest/v1/neo/3263540?api_key=t0TVs3DtDT2H8Oy2Zy8m2eVrNsAVKAexjcZXUckd"
      },
      "neo_reference_id" : "3263540",
      "name" : "(2004 XO29)",
      "nasa_jpl_url" : "http://ssd.jpl.nasa.gov/sbdb.cgi?sstr=3263540",
      "absolute_magnitude_h" : 21.1,
      "estimated_diameter" : {
        "kilometers" : {
          "estimated_diameter_min" : 0.160160338,
          "estimated_diameter_max" : 0.358129403
        },
        "meters" : {
          "estimated_diameter_min" : 160.1603379786,
          "estimated_diameter_max" : 358.1294030194
        },
        "miles" : {
          "estimated_diameter_min" : 0.0995189894,
          "estimated_diameter_max" : 0.2225312253
        },
        "feet" : {
          "estimated_diameter_min" : 525.4604432536,
          "estimated_diameter_max" : 1174.9652706022
        }
      },
      "is_potentially_hazardous_asteroid" : false,
      "close_approach_data" : [ {
        "close_approach_date" : "2006-09-15",
        "epoch_date_close_approach" : 1158303600000,
        "relative_velocity" : {
          "kilometers_per_second" : "30.7042070219",
          "kilometers_per_hour" : "110535.1452789714",
          "miles_per_hour" : "68682.2406873698"
        },
        "miss_distance" : {
          "astronomical" : "0.4438962402",
          "lunar" : "172.6756286621",
          "kilometers" : "66405932",
          "miles" : "41262732"
        },
        "orbiting_body" : "Earth"
      } ],
      "orbital_data" : {
        "orbit_id" : "17",
        "orbit_determination_date" : "2017-04-06 09:11:47",
        "orbit_uncertainty" : "1",
        "minimum_orbit_intersection" : ".160655",
        "jupiter_tisserand_invariant" : "4.888",
        "epoch_osculation" : "2458000.5",
        "eccentricity" : ".6722530989325256",
        "semi_major_axis" : "1.233549096172312",
        "inclination" : "21.65104890869763",
        "ascending_node_longitude" : "80.73912030241533",
        "orbital_period" : "500.4181879857862",
        "perihelion_distance" : ".4042918935850591",
        "perihelion_argument" : "145.0692905085957",
        "aphelion_distance" : "2.062806298759564",
        "perihelion_time" : "2457954.391110750548",
        "mean_anomaly" : "33.17065711902973",
        "mean_motion" : ".7193983125374039",
        "equinox" : "J2000"
      }
    }, {
      "links" : {
        "self" : "https://api.nasa.gov/neo/rest/v1/neo/3368247?api_key=t0TVs3DtDT2H8Oy2Zy8m2eVrNsAVKAexjcZXUckd"
      },
      "neo_reference_id" : "3368247",
      "name" : "(2007 CX50)",
      "nasa_jpl_url" : "http://ssd.jpl.nasa.gov/sbdb.cgi?sstr=3368247",
      "absolute_magnitude_h" : 24.7,
      "estimated_diameter" : {
        "kilometers" : {
          "estimated_diameter_min" : 0.0305179233,
          "estimated_diameter_max" : 0.0682401509
        },
        "meters" : {
          "estimated_diameter_min" : 30.5179232594,
          "estimated_diameter_max" : 68.2401509401
        },
        "miles" : {
          "estimated_diameter_min" : 0.0189629525,
          "estimated_diameter_max" : 0.0424024508
        },
        "feet" : {
          "estimated_diameter_min" : 100.1244233463,
          "estimated_diameter_max" : 223.8850168104
        }
      },
      "is_potentially_hazardous_asteroid" : false,
      "close_approach_data" : [ {
        "close_approach_date" : "2006-09-15",
        "epoch_date_close_approach" : 1158303600000,
        "relative_velocity" : {
          "kilometers_per_second" : "4.8759819998",
          "kilometers_per_hour" : "17553.5351994488",
          "miles_per_hour" : "10907.0841354575"
        },
        "miss_distance" : {
          "astronomical" : "0.2363199597",
          "lunar" : "91.9284667969",
          "kilometers" : "35352964",
          "miles" : "21967312"
        },
        "orbiting_body" : "Earth"
      } ],
      "orbital_data" : {
        "orbit_id" : "12",
        "orbit_determination_date" : "2017-04-06 09:07:00",
        "orbit_uncertainty" : "7",
        "minimum_orbit_intersection" : ".0166445",
        "jupiter_tisserand_invariant" : "5.242",
        "epoch_osculation" : "2458000.5",
        "eccentricity" : ".2258715968446506",
        "semi_major_axis" : "1.206747852833754",
        "inclination" : "7.501660196182359",
        "ascending_node_longitude" : "322.411200791438",
        "orbital_period" : "484.1982650791616",
        "perihelion_distance" : ".9341777883253406",
        "perihelion_argument" : "126.1697671008093",
        "aphelion_distance" : "1.479317917342167",
        "perihelion_time" : "2457972.380778118663",
        "mean_anomaly" : "20.90655957973403",
        "mean_motion" : ".7434970877913897",
        "equinox" : "J2000"
      }
    }, {
      "links" : {
        "self" : "https://api.nasa.gov/neo/rest/v1/neo/3388354?api_key=t0TVs3DtDT2H8Oy2Zy8m2eVrNsAVKAexjcZXUckd"
      },
      "neo_reference_id" : "3388354",
      "name" : "(2007 TD66)",
      "nasa_jpl_url" : "http://ssd.jpl.nasa.gov/sbdb.cgi?sstr=3388354",
      "absolute_magnitude_h" : 21.8,
      "estimated_diameter" : {
        "kilometers" : {
          "estimated_diameter_min" : 0.1160259082,
          "estimated_diameter_max" : 0.2594418179
        },
        "meters" : {
          "estimated_diameter_min" : 116.0259082094,
          "estimated_diameter_max" : 259.4418179074
        },
        "miles" : {
          "estimated_diameter_min" : 0.0720951346,
          "estimated_diameter_max" : 0.1612096218
        },
        "feet" : {
          "estimated_diameter_min" : 380.6624406898,
          "estimated_diameter_max" : 851.1870938635
        }
      },
      "is_potentially_hazardous_asteroid" : false,
      "close_approach_data" : [ {
        "close_approach_date" : "2006-09-15",
        "epoch_date_close_approach" : 1158303600000,
        "relative_velocity" : {
          "kilometers_per_second" : "9.7057630263",
          "kilometers_per_hour" : "34940.7468946785",
          "miles_per_hour" : "21710.8213135295"
        },
        "miss_distance" : {
          "astronomical" : "0.2310316429",
          "lunar" : "89.871307373",
          "kilometers" : "34561840",
          "miles" : "21475732"
        },
        "orbiting_body" : "Earth"
      } ],
      "orbital_data" : {
        "orbit_id" : "17",
        "orbit_determination_date" : "2017-04-06 09:05:42",
        "orbit_uncertainty" : "2",
        "minimum_orbit_intersection" : ".218889",
        "jupiter_tisserand_invariant" : "6.174",
        "epoch_osculation" : "2458000.5",
        "eccentricity" : ".3104755296624382",
        "semi_major_axis" : ".9667191847784796",
        "inclination" : "14.8794515973558",
        "ascending_node_longitude" : "205.1788195743418",
        "orbital_period" : "347.1753906935307",
        "perihelion_distance" : ".6665765338495407",
        "perihelion_argument" : "1.333842517057521",
        "aphelion_distance" : "1.266861835707419",
        "perihelion_time" : "2458041.022321760704",
        "mean_anomaly" : "317.9807894657744",
        "mean_motion" : "1.036939857058562",
        "equinox" : "J2000"
      }
    }, {
      "links" : {
        "self" : "https://api.nasa.gov/neo/rest/v1/neo/3467258?api_key=t0TVs3DtDT2H8Oy2Zy8m2eVrNsAVKAexjcZXUckd"
      },
      "neo_reference_id" : "3467258",
      "name" : "(2009 SH2)",
      "nasa_jpl_url" : "http://ssd.jpl.nasa.gov/sbdb.cgi?sstr=3467258",
      "absolute_magnitude_h" : 24.9,
      "estimated_diameter" : {
        "kilometers" : {
          "estimated_diameter_min" : 0.0278326768,
          "estimated_diameter_max" : 0.0622357573
        },
        "meters" : {
          "estimated_diameter_min" : 27.8326768072,
          "estimated_diameter_max" : 62.2357573367
        },
        "miles" : {
          "estimated_diameter_min" : 0.0172944182,
          "estimated_diameter_max" : 0.0386714948
        },
        "feet" : {
          "estimated_diameter_min" : 91.3145593761,
          "estimated_diameter_max" : 204.1855621004
        }
      },
      "is_potentially_hazardous_asteroid" : false,
      "close_approach_data" : [ {
        "close_approach_date" : "2006-09-15",
        "epoch_date_close_approach" : 1158303600000,
        "relative_velocity" : {
          "kilometers_per_second" : "12.7151726",
          "kilometers_per_hour" : "45774.6213598974",
          "miles_per_hour" : "28442.5695888763"
        },
        "miss_distance" : {
          "astronomical" : "0.3347185564",
          "lunar" : "130.2055206299",
          "kilometers" : "50073184",
          "miles" : "31114034"
        },
        "orbiting_body" : "Earth"
      } ],
      "orbital_data" : {
        "orbit_id" : "21",
        "orbit_determination_date" : "2017-04-06 08:59:56",
        "orbit_uncertainty" : "4",
        "minimum_orbit_intersection" : ".000197428",
        "jupiter_tisserand_invariant" : "6.112",
        "epoch_osculation" : "2458000.5",
        "eccentricity" : ".09429728299909226",
        "semi_major_axis" : ".9913461008167852",
        "inclination" : "6.811667715506076",
        "ascending_node_longitude" : "6.687277222666495",
        "orbital_period" : "360.5258263878362",
        "perihelion_distance" : ".8978648569980182",
        "perihelion_argument" : "101.6465455227111",
        "aphelion_distance" : "1.084827344635552",
        "perihelion_time" : "2458085.982577257610",
        "mean_anomaly" : "274.642098955666",
        "mean_motion" : ".9985415014699375",
        "equinox" : "J2000"
      }
    }, {
      "links" : {
        "self" : "https://api.nasa.gov/neo/rest/v1/neo/3596262?api_key=t0TVs3DtDT2H8Oy2Zy8m2eVrNsAVKAexjcZXUckd"
      },
      "neo_reference_id" : "3596262",
      "name" : "(2012 BX34)",
      "nasa_jpl_url" : "http://ssd.jpl.nasa.gov/sbdb.cgi?sstr=3596262",
      "absolute_magnitude_h" : 27.6,
      "estimated_diameter" : {
        "kilometers" : {
          "estimated_diameter_min" : 0.0080270317,
          "estimated_diameter_max" : 0.0179489885
        },
        "meters" : {
          "estimated_diameter_min" : 8.0270316728,
          "estimated_diameter_max" : 17.948988478
        },
        "miles" : {
          "estimated_diameter_min" : 0.0049877647,
          "estimated_diameter_max" : 0.0111529809
        },
        "feet" : {
          "estimated_diameter_min" : 26.3354065935,
          "estimated_diameter_max" : 58.8877593581
        }
      },
      "is_potentially_hazardous_asteroid" : false,
      "close_approach_data" : [ {
        "close_approach_date" : "2006-09-15",
        "epoch_date_close_approach" : 1158303600000,
        "relative_velocity" : {
          "kilometers_per_second" : "10.3625767707",
          "kilometers_per_hour" : "37305.2763746107",
          "miles_per_hour" : "23180.0479784352"
        },
        "miss_distance" : {
          "astronomical" : "0.3544929946",
          "lunar" : "137.8977813721",
          "kilometers" : "53031396",
          "miles" : "32952182"
        },
        "orbiting_body" : "Earth"
      } ],
      "orbital_data" : {
        "orbit_id" : "17",
        "orbit_determination_date" : "2017-04-06 08:51:16",
        "orbit_uncertainty" : "3",
        "minimum_orbit_intersection" : ".00117025",
        "jupiter_tisserand_invariant" : "7.542",
        "epoch_osculation" : "2458000.5",
        "eccentricity" : ".3577761907150847",
        "semi_major_axis" : ".7607685369236007",
        "inclination" : "10.52425992010328",
        "ascending_node_longitude" : "306.7263542806147",
        "orbital_period" : "242.3690952568739",
        "perihelion_distance" : ".4885836677671865",
        "perihelion_argument" : "335.8866842436203",
        "aphelion_distance" : "1.032953406080015",
        "perihelion_time" : "2457985.109958791766",
        "mean_anomaly" : "22.85941130032448",
        "mean_motion" : "1.485337887730511",
        "equinox" : "J2000"
      }
    } ]
  }
}