{
  "links" : {
    "next" : "https://api.nasa.gov/neo/rest/v1/feed?start_date=2006-09-09&end_date=2006-09-09&detailed=true&api_key=t0TVs3DtDT2H8Oy2Zy8m2eVrNsAVKAexjcZXUckd",
    "prev" : "https://api.nasa.gov/neo/rest/v1/feed?start_date=2006-09-07&end_date=2006-09-07&detailed=true&api_key=t0TVs3DtDT2H8Oy2Zy8m2eVrNsAVKAexjcZXUckd",
    "self" : "https://api.nasa.gov/neo/rest/v1/feed?start_date=2006-09-08&end_date=2006-09-08&detailed=true&api_key=t0TVs3DtDT2H8Oy2Zy8m2eVrNsAVKAexjcZXUckd"
  },
  "element_count" : 8,
  "near_earth_objects" : {
    "2006-09-08" : [ {
      "links" : {
        "self" : "https://api.nasa.gov/neo/rest/v1/neo/2004450?api_key=t0TVs3DtDT2H8Oy2Zy8m2eVrNsAVKAexjcZXUckd"
      },
      "neo_reference_id" : "2004450",
      "name" : "4450 Pan (1987 SY)",
      "nasa_jpl_url" : "http://ssd.jpl.nasa.gov/sbdb.cgi?sstr=2004450",
      "absolute_magnitude_h" : 17.1,
      "estimated_diameter" : {
        "kilometers" : {
          "estimated_diameter_min" : 1.0105434154,
          "estimated_diameter_max" : 2.2596437711
        },
        "meters" : {
          "estimated_diameter_min" : 1010.5434154201,
          "estimated_diameter_max" : 2259.643771094
        },
        "miles" : {
          "estimated_diameter_min" : 0.6279223726,
          "estimated_diameter_max" : 1.4040771097
        },
        "feet" : {
          "estimated_diameter_min" : 3315.4312590467,
          "estimated_diameter_max" : 7413.5296699562
        }
      },
      "is_potentially_hazardous_asteroid" : true,
      "close_approach_data" : [ {
        "close_approach_date" : "2006-09-08",
        "epoch_date_close_approach" : 1157698800000,
        "relative_velocity" : {
          "kilometers_per_second" : "22.5739123002",
          "kilometers_per_hour" : "81266.0842807178",
          "miles_per_hour" : "50495.584424316"
        },
        "miss_distance" : {
          "astronomical" : "0.1463570517",
          "lunar" : "56.9328918457",
          "kilometers" : "21894702",
          "miles" : "13604737"
        },
        "orbiting_body" : "Earth"
      } ],
      "orbital_data" : {
        "orbit_id" : "164",
        "orbit_determination_date" : "2017-04-06 09:30:35",
        "orbit_uncertainty" : "0",
        "minimum_orbit_intersection" : ".0286665",
        "jupiter_tisserand_invariant" : "4.456",
        "epoch_osculation" : "2458000.5",
        "eccentricity" : ".5866192151601922",
        "semi_major_axis" : "1.442330871610362",
        "inclination" : "5.519631591575583",
        "ascending_node_longitude" : "311.8404182828025",
        "orbital_period" : "632.6970007567777",
        "perihelion_distance" : ".5962318677049753",
        "perihelion_argument" : "291.7874452622807",
        "aphelion_distance" : "2.288429875515748",
        "perihelion_time" : "2457732.107724250381",
        "mean_anomaly" : "152.7132563522394",
        "mean_motion" : ".568992739920371",
        "equinox" : "J2000"
      }
    }, {
      "links" : {
        "self" : "https://api.nasa.gov/neo/rest/v1/neo/3342322?api_key=t0TVs3DtDT2H8Oy2Zy8m2eVrNsAVKAexjcZXUckd"
      },
      "neo_reference_id" : "3342322",
      "name" : "(2006 SE6)",
      "nasa_jpl_url" : "http://ssd.jpl.nasa.gov/sbdb.cgi?sstr=3342322",
      "absolute_magnitude_h" : 22.8,
      "estimated_diameter" : {
        "kilometers" : {
          "estimated_diameter_min" : 0.0732073989,
          "estimated_diameter_max" : 0.1636967205
        },
        "meters" : {
          "estimated_diameter_min" : 73.2073989347,
          "estimated_diameter_max" : 163.696720474
        },
        "miles" : {
          "estimated_diameter_min" : 0.0454889547,
          "estimated_diameter_max" : 0.1017163949
        },
        "feet" : {
          "estimated_diameter_min" : 240.181762721,
          "estimated_diameter_max" : 537.0627483999
        }
      },
      "is_potentially_hazardous_asteroid" : false,
      "close_approach_data" : [ {
        "close_approach_date" : "2006-09-08",
        "epoch_date_close_approach" : 1157698800000,
        "relative_velocity" : {
          "kilometers_per_second" : "6.8177444003",
          "kilometers_per_hour" : "24543.8798409664",
          "miles_per_hour" : "15250.6124489605"
        },
        "miss_distance" : {
          "astronomical" : "0.0753017033",
          "lunar" : "29.2923641205",
          "kilometers" : "11264975",
          "miles" : "6999731"
        },
        "orbiting_body" : "Earth"
      } ],
      "orbital_data" : {
        "orbit_id" : "18",
        "orbit_determination_date" : "2017-04-06 09:08:08",
        "orbit_uncertainty" : "6",
        "minimum_orbit_intersection" : ".0364779",
        "jupiter_tisserand_invariant" : "7.199",
        "epoch_osculation" : "2458000.5",
        "eccentricity" : ".3456114470972678",
        "semi_major_axis" : ".8050288208279814",
        "inclination" : "4.817204199474179",
        "ascending_node_longitude" : "347.3011951731596",
        "orbital_period" : "263.8247711537987",
        "perihelion_distance" : ".5268016451066156",
        "perihelion_argument" : "183.1828527250034",
        "aphelion_distance" : "1.083255996549347",
        "perihelion_time" : "2458082.701538655133",
        "mean_anomaly" : "247.8325420830301",
        "mean_motion" : "1.364542072473306",
        "equinox" : "J2000"
      }
    }, {
      "links" : {
        "self" : "https://api.nasa.gov/neo/rest/v1/neo/3345307?api_key=t0TVs3DtDT2H8Oy2Zy8m2eVrNsAVKAexjcZXUckd"
      },
      "neo_reference_id" : "3345307",
      "name" : "(2006 SK134)",
      "nasa_jpl_url" : "http://ssd.jpl.nasa.gov/sbdb.cgi?sstr=3345307",
      "absolute_magnitude_h" : 18.4,
      "estimated_diameter" : {
        "kilometers" : {
          "estimated_diameter_min" : 0.5553349116,
          "estimated_diameter_max" : 1.2417666126
        },
        "meters" : {
          "estimated_diameter_min" : 555.334911581,
          "estimated_diameter_max" : 1241.766612574
        },
        "miles" : {
          "estimated_diameter_min" : 0.3450690093,
          "estimated_diameter_max" : 0.7715977618
        },
        "feet" : {
          "estimated_diameter_min" : 1821.9649913114,
          "estimated_diameter_max" : 4074.0375731972
        }
      },
      "is_potentially_hazardous_asteroid" : false,
      "close_approach_data" : [ {
        "close_approach_date" : "2006-09-08",
        "epoch_date_close_approach" : 1157698800000,
        "relative_velocity" : {
          "kilometers_per_second" : "22.1603026097",
          "kilometers_per_hour" : "79777.0893949826",
          "miles_per_hour" : "49570.3809076769"
        },
        "miss_distance" : {
          "astronomical" : "0.3546824944",
          "lunar" : "137.971496582",
          "kilometers" : "53059748",
          "miles" : "32969798"
        },
        "orbiting_body" : "Earth"
      } ],
      "orbital_data" : {
        "orbit_id" : "19",
        "orbit_determination_date" : "2017-04-06 09:08:02",
        "orbit_uncertainty" : "1",
        "minimum_orbit_intersection" : ".133383",
        "jupiter_tisserand_invariant" : "3.602",
        "epoch_osculation" : "2458000.5",
        "eccentricity" : ".5364170753378906",
        "semi_major_axis" : "1.879842381177984",
        "inclination" : "34.67006216019467",
        "ascending_node_longitude" : "185.18834699",
        "orbital_period" : "941.4138465574184",
        "perihelion_distance" : ".8714628289702736",
        "perihelion_argument" : "74.41689177256843",
        "aphelion_distance" : "2.888221933385694",
        "perihelion_time" : "2457684.427631374715",
        "mean_anomaly" : "120.8671968456781",
        "mean_motion" : ".3824035532475493",
        "equinox" : "J2000"
      }
    }, {
      "links" : {
        "self" : "https://api.nasa.gov/neo/rest/v1/neo/3545413?api_key=t0TVs3DtDT2H8Oy2Zy8m2eVrNsAVKAexjcZXUckd"
      },
      "neo_reference_id" : "3545413",
      "name" : "(2010 RB)",
      "nasa_jpl_url" : "http://ssd.jpl.nasa.gov/sbdb.cgi?sstr=3545413",
      "absolute_magnitude_h" : 20.1,
      "estimated_diameter" : {
        "kilometers" : {
          "estimated_diameter_min" : 0.2538370294,
          "estimated_diameter_max" : 0.5675968529
        },
        "meters" : {
          "estimated_diameter_min" : 253.8370293645,
          "estimated_diameter_max" : 567.5968528656
        },
        "miles" : {
          "estimated_diameter_min" : 0.1577269688,
          "estimated_diameter_max" : 0.3526882241
        },
        "feet" : {
          "estimated_diameter_min" : 832.7986794202,
          "estimated_diameter_max" : 1862.1944587557
        }
      },
      "is_potentially_hazardous_asteroid" : false,
      "close_approach_data" : [ {
        "close_approach_date" : "2006-09-08",
        "epoch_date_close_approach" : 1157698800000,
        "relative_velocity" : {
          "kilometers_per_second" : "24.5084611229",
          "kilometers_per_hour" : "88230.460042517",
          "miles_per_hour" : "54822.9766858629"
        },
        "miss_distance" : {
          "astronomical" : "0.3962702113",
          "lunar" : "154.1491088867",
          "kilometers" : "59281180",
          "miles" : "36835620"
        },
        "orbiting_body" : "Earth"
      } ],
      "orbital_data" : {
        "orbit_id" : "17",
        "orbit_determination_date" : "2017-04-06 08:56:57",
        "orbit_uncertainty" : "1",
        "minimum_orbit_intersection" : ".261406",
        "jupiter_tisserand_invariant" : "3.006",
        "epoch_osculation" : "2458000.5",
        "eccentricity" : ".6210947265950283",
        "semi_major_axis" : "2.558855824682106",
        "inclination" : "27.72545259088185",
        "ascending_node_longitude" : "155.8971637451485",
        "orbital_period" : "1495.089364597794",
        "perihelion_distance" : ".969563965855078",
        "perihelion_argument" : "260.1028627509315",
        "aphelion_distance" : "4.148147683509135",
        "perihelion_time" : "2458518.225820770528",
        "mean_anomaly" : "235.3376889096326",
        "mean_motion" : ".2407882823090288",
        "equinox" : "J2000"
      }
    }, {
      "links" : {
        "self" : "https://api.nasa.gov/neo/rest/v1/neo/3547677?api_key=t0TVs3DtDT2H8Oy2Zy8m2eVrNsAVKAexjcZXUckd"
      },
      "neo_reference_id" : "3547677",
      "name" : "(2010 ST16)",
      "nasa_jpl_url" : "http://ssd.jpl.nasa.gov/sbdb.cgi?sstr=3547677",
      "absolute_magnitude_h" : 23.3,
      "estimated_diameter" : {
        "kilometers" : {
          "estimated_diameter_min" : 0.058150704,
          "estimated_diameter_max" : 0.130028927
        },
        "meters" : {
          "estimated_diameter_min" : 58.1507039646,
          "estimated_diameter_max" : 130.0289270043
        },
        "miles" : {
          "estimated_diameter_min" : 0.0361331611,
          "estimated_diameter_max" : 0.0807962044
        },
        "feet" : {
          "estimated_diameter_min" : 190.7831555951,
          "estimated_diameter_max" : 426.6041048727
        }
      },
      "is_potentially_hazardous_asteroid" : false,
      "close_approach_data" : [ {
        "close_approach_date" : "2006-09-08",
        "epoch_date_close_approach" : 1157698800000,
        "relative_velocity" : {
          "kilometers_per_second" : "11.3739856322",
          "kilometers_per_hour" : "40946.3482758592",
          "miles_per_hour" : "25442.4684606304"
        },
        "miss_distance" : {
          "astronomical" : "0.1252839689",
          "lunar" : "48.7354660034",
          "kilometers" : "18742216",
          "miles" : "11645873"
        },
        "orbiting_body" : "Earth"
      } ],
      "orbital_data" : {
        "orbit_id" : "13",
        "orbit_determination_date" : "2017-04-06 08:56:30",
        "orbit_uncertainty" : "0",
        "minimum_orbit_intersection" : ".0978528",
        "jupiter_tisserand_invariant" : "3.184",
        "epoch_osculation" : "2458000.5",
        "eccentricity" : ".5908220561506172",
        "semi_major_axis" : "2.513768412766655",
        "inclination" : "6.655483817901032",
        "ascending_node_longitude" : "20.33906269874213",
        "orbital_period" : "1455.74840838641",
        "perihelion_distance" : "1.028578590449386",
        "perihelion_argument" : "292.201375741175",
        "aphelion_distance" : "3.998958235083924",
        "perihelion_time" : "2458325.390610813639",
        "mean_anomaly" : "279.6560207662859",
        "mean_motion" : ".2472954790306339",
        "equinox" : "J2000"
      }
    }, {
      "links" : {
        "self" : "https://api.nasa.gov/neo/rest/v1/neo/3607078?api_key=t0TVs3DtDT2H8Oy2Zy8m2eVrNsAVKAexjcZXUckd"
      },
      "neo_reference_id" : "3607078",
      "name" : "(2012 OT5)",
      "nasa_jpl_url" : "http://ssd.jpl.nasa.gov/sbdb.cgi?sstr=3607078",
      "absolute_magnitude_h" : 21.8,
      "estimated_diameter" : {
        "kilometers" : {
          "estimated_diameter_min" : 0.1160259082,
          "estimated_diameter_max" : 0.2594418179
        },
        "meters" : {
          "estimated_diameter_min" : 116.0259082094,
          "estimated_diameter_max" : 259.4418179074
        },
        "miles" : {
          "estimated_diameter_min" : 0.0720951346,
          "estimated_diameter_max" : 0.1612096218
        },
        "feet" : {
          "estimated_diameter_min" : 380.6624406898,
          "estimated_diameter_max" : 851.1870938635
        }
      },
      "is_potentially_hazardous_asteroid" : false,
      "close_approach_data" : [ {
        "close_approach_date" : "2006-09-08",
        "epoch_date_close_approach" : 1157698800000,
        "relative_velocity" : {
          "kilometers_per_second" : "4.4347191559",
          "kilometers_per_hour" : "15964.9889611863",
          "miles_per_hour" : "9920.0232797993"
        },
        "miss_distance" : {
          "astronomical" : "0.4854786775",
          "lunar" : "188.8511962891",
          "kilometers" : "72626576",
          "miles" : "45128060"
        },
        "orbiting_body" : "Earth"
      } ],
      "orbital_data" : {
        "orbit_id" : "27",
        "orbit_determination_date" : "2016-06-09 06:18:17",
        "orbit_uncertainty" : "0",
        "minimum_orbit_intersection" : ".177955",
        "jupiter_tisserand_invariant" : "4.314",
        "epoch_osculation" : "2457600.5",
        "eccentricity" : ".2594904787285975",
        "semi_major_axis" : "1.602333024850909",
        "inclination" : "5.753529724319114",
        "ascending_node_longitude" : "129.1850197964802",
        "orbital_period" : "740.8454237616753",
        "perihelion_distance" : "1.186542861149705",
        "perihelion_argument" : "147.7655723352698",
        "aphelion_distance" : "2.018123188552113",
        "perihelion_time" : "2457584.902259084434",
        "mean_anomaly" : "7.57943094403214",
        "mean_motion" : ".4859313271749511",
        "equinox" : "J2000"
      }
    }, {
      "links" : {
        "self" : "https://api.nasa.gov/neo/rest/v1/neo/3627014?api_key=t0TVs3DtDT2H8Oy2Zy8m2eVrNsAVKAexjcZXUckd"
      },
      "neo_reference_id" : "3627014",
      "name" : "(2013 DB)",
      "nasa_jpl_url" : "http://ssd.jpl.nasa.gov/sbdb.cgi?sstr=3627014",
      "absolute_magnitude_h" : 25.6,
      "estimated_diameter" : {
        "kilometers" : {
          "estimated_diameter_min" : 0.0201629919,
          "estimated_diameter_max" : 0.0450858206
        },
        "meters" : {
          "estimated_diameter_min" : 20.1629919443,
          "estimated_diameter_max" : 45.0858206172
        },
        "miles" : {
          "estimated_diameter_min" : 0.0125286985,
          "estimated_diameter_max" : 0.0280150214
        },
        "feet" : {
          "estimated_diameter_min" : 66.1515504905,
          "estimated_diameter_max" : 147.9193637137
        }
      },
      "is_potentially_hazardous_asteroid" : false,
      "close_approach_data" : [ {
        "close_approach_date" : "2006-09-08",
        "epoch_date_close_approach" : 1157698800000,
        "relative_velocity" : {
          "kilometers_per_second" : "6.3115965016",
          "kilometers_per_hour" : "22721.7474056343",
          "miles_per_hour" : "14118.4102143509"
        },
        "miss_distance" : {
          "astronomical" : "0.2158941002",
          "lunar" : "83.9828033447",
          "kilometers" : "32297298",
          "miles" : "20068610"
        },
        "orbiting_body" : "Earth"
      } ],
      "orbital_data" : {
        "orbit_id" : "8",
        "orbit_determination_date" : "2017-04-06 08:46:43",
        "orbit_uncertainty" : "7",
        "minimum_orbit_intersection" : ".013373",
        "jupiter_tisserand_invariant" : "5.527",
        "epoch_osculation" : "2458000.5",
        "eccentricity" : ".1199593996063884",
        "semi_major_axis" : "1.126420232833336",
        "inclination" : "10.74649219074794",
        "ascending_node_longitude" : "147.4660909209379",
        "orbital_period" : "436.6657114529775",
        "perihelion_distance" : ".9912955379981605",
        "perihelion_argument" : "336.7675143427376",
        "aphelion_distance" : "1.261544927668511",
        "perihelion_time" : "2458064.455908125774",
        "mean_anomaly" : "307.2728764329414",
        "mean_motion" : ".8244292843652019",
        "equinox" : "J2000"
      }
    }, {
      "links" : {
        "self" : "https://api.nasa.gov/neo/rest/v1/neo/2468813?api_key=t0TVs3DtDT2H8Oy2Zy8m2eVrNsAVKAexjcZXUckd"
      },
      "neo_reference_id" : "2468813",
      "name" : "468813 (2012 OT5)",
      "nasa_jpl_url" : "http://ssd.jpl.nasa.gov/sbdb.cgi?sstr=2468813",
      "absolute_magnitude_h" : 21.8,
      "estimated_diameter" : {
        "kilometers" : {
          "estimated_diameter_min" : 0.1160259082,
          "estimated_diameter_max" : 0.2594418179
        },
        "meters" : {
          "estimated_diameter_min" : 116.0259082094,
          "estimated_diameter_max" : 259.4418179074
        },
        "miles" : {
          "estimated_diameter_min" : 0.0720951346,
          "estimated_diameter_max" : 0.1612096218
        },
        "feet" : {
          "estimated_diameter_min" : 380.6624406898,
          "estimated_diameter_max" : 851.1870938635
        }
      },
      "is_potentially_hazardous_asteroid" : false,
      "close_approach_data" : [ {
        "close_approach_date" : "2006-09-08",
        "epoch_date_close_approach" : 1157698800000,
        "relative_velocity" : {
          "kilometers_per_second" : "4.4347168796",
          "kilometers_per_hour" : "15964.9807665634",
          "miles_per_hour" : "9920.0181879794"
        },
        "miss_distance" : {
          "astronomical" : "0.4854785065",
          "lunar" : "188.8511505127",
          "kilometers" : "72626552",
          "miles" : "45128048"
        },
        "orbiting_body" : "Earth"
      } ],
      "orbital_data" : {
        "orbit_id" : "29",
        "orbit_determination_date" : "2017-04-06 09:19:18",
        "orbit_uncertainty" : "0",
        "minimum_orbit_intersection" : ".177959",
        "jupiter_tisserand_invariant" : "4.314",
        "epoch_osculation" : "2458000.5",
        "eccentricity" : ".2596372982559345",
        "semi_major_axis" : "1.602287853458038",
        "inclination" : "5.753640760087441",
        "ascending_node_longitude" : "129.1789915540096",
        "orbital_period" : "740.8140962068035",
        "perihelion_distance" : "1.186274164157892",
        "perihelion_argument" : "147.7682956395803",
        "aphelion_distance" : "2.018301542758183",
        "perihelion_time" : "2458325.748230052123",
        "mean_anomaly" : "201.9450123609987",
        "mean_motion" : ".4859518762444059",
        "equinox" : "J2000"
      }
    } ]
  }
}