{
  "links" : {
    "next" : "https://api.nasa.gov/neo/rest/v1/feed?start_date=2007-12-16&end_date=2007-12-16&detailed=true&api_key=t0TVs3DtDT2H8Oy2Zy8m2eVrNsAVKAexjcZXUckd",
    "prev" : "https://api.nasa.gov/neo/rest/v1/feed?start_date=2007-12-14&end_date=2007-12-14&detailed=true&api_key=t0TVs3DtDT2H8Oy2Zy8m2eVrNsAVKAexjcZXUckd",
    "self" : "https://api.nasa.gov/neo/rest/v1/feed?start_date=2007-12-15&end_date=2007-12-15&detailed=true&api_key=t0TVs3DtDT2H8Oy2Zy8m2eVrNsAVKAexjcZXUckd"
  },
  "element_count" : 6,
  "near_earth_objects" : {
    "2007-12-15" : [ {
      "links" : {
        "self" : "https://api.nasa.gov/neo/rest/v1/neo/3303217?api_key=t0TVs3DtDT2H8Oy2Zy8m2eVrNsAVKAexjcZXUckd"
      },
      "neo_reference_id" : "3303217",
      "name" : "(2005 WX)",
      "nasa_jpl_url" : "http://ssd.jpl.nasa.gov/sbdb.cgi?sstr=3303217",
      "absolute_magnitude_h" : 26.9,
      "estimated_diameter" : {
        "kilometers" : {
          "estimated_diameter_min" : 0.0110803882,
          "estimated_diameter_max" : 0.0247765013
        },
        "meters" : {
          "estimated_diameter_min" : 11.0803882126,
          "estimated_diameter_max" : 24.7765012606
        },
        "miles" : {
          "estimated_diameter_min" : 0.0068850319,
          "estimated_diameter_max" : 0.0153953994
        },
        "feet" : {
          "estimated_diameter_min" : 36.3529808636,
          "estimated_diameter_max" : 81.2877363957
        }
      },
      "is_potentially_hazardous_asteroid" : false,
      "close_approach_data" : [ {
        "close_approach_date" : "2007-12-15",
        "epoch_date_close_approach" : 1197705600000,
        "relative_velocity" : {
          "kilometers_per_second" : "6.6303267688",
          "kilometers_per_hour" : "23869.1763677798",
          "miles_per_hour" : "14831.3779491907"
        },
        "miss_distance" : {
          "astronomical" : "0.0554091776",
          "lunar" : "21.5541706085",
          "kilometers" : "8289095",
          "miles" : "5150605"
        },
        "orbiting_body" : "Earth"
      } ],
      "orbital_data" : {
        "orbit_id" : "9",
        "orbit_determination_date" : "2017-04-06 09:09:51",
        "orbit_uncertainty" : "7",
        "minimum_orbit_intersection" : ".00942737",
        "jupiter_tisserand_invariant" : "4.280",
        "epoch_osculation" : "2458000.5",
        "eccentricity" : ".376755007137461",
        "semi_major_axis" : "1.597967875630957",
        "inclination" : "4.401313302283969",
        "ascending_node_longitude" : "241.9541949068227",
        "orbital_period" : "737.8201188276944",
        "perihelion_distance" : ".9959254772421826",
        "perihelion_argument" : "180.4400223021835",
        "aphelion_distance" : "2.200010274019732",
        "perihelion_time" : "2458121.500911108444",
        "mean_anomaly" : "300.9607750080714",
        "mean_motion" : ".4879238052928074",
        "equinox" : "J2000"
      }
    }, {
      "links" : {
        "self" : "https://api.nasa.gov/neo/rest/v1/neo/3551070?api_key=t0TVs3DtDT2H8Oy2Zy8m2eVrNsAVKAexjcZXUckd"
      },
      "neo_reference_id" : "3551070",
      "name" : "(2010 VA76)",
      "nasa_jpl_url" : "http://ssd.jpl.nasa.gov/sbdb.cgi?sstr=3551070",
      "absolute_magnitude_h" : 24.0,
      "estimated_diameter" : {
        "kilometers" : {
          "estimated_diameter_min" : 0.0421264611,
          "estimated_diameter_max" : 0.0941976306
        },
        "meters" : {
          "estimated_diameter_min" : 42.1264610556,
          "estimated_diameter_max" : 94.1976305719
        },
        "miles" : {
          "estimated_diameter_min" : 0.0261761612,
          "estimated_diameter_max" : 0.0585316759
        },
        "feet" : {
          "estimated_diameter_min" : 138.2101784897,
          "estimated_diameter_max" : 309.0473542854
        }
      },
      "is_potentially_hazardous_asteroid" : false,
      "close_approach_data" : [ {
        "close_approach_date" : "2007-12-15",
        "epoch_date_close_approach" : 1197705600000,
        "relative_velocity" : {
          "kilometers_per_second" : "4.282842562",
          "kilometers_per_hour" : "15418.2332230939",
          "miles_per_hour" : "9580.2905268719"
        },
        "miss_distance" : {
          "astronomical" : "0.2603081477",
          "lunar" : "101.2598724365",
          "kilometers" : "38941544",
          "miles" : "24197154"
        },
        "orbiting_body" : "Earth"
      } ],
      "orbital_data" : {
        "orbit_id" : "16",
        "orbit_determination_date" : "2017-04-06 08:55:49",
        "orbit_uncertainty" : "5",
        "minimum_orbit_intersection" : ".180427",
        "jupiter_tisserand_invariant" : "3.639",
        "epoch_osculation" : "2458000.5",
        "eccentricity" : ".4456253321407759",
        "semi_major_axis" : "2.070345831580715",
        "inclination" : "4.35871715651435",
        "ascending_node_longitude" : "203.1428379967234",
        "orbital_period" : "1088.084869707726",
        "perihelion_distance" : "1.147747282736288",
        "perihelion_argument" : "246.2856471681774",
        "aphelion_distance" : "2.992944380425142",
        "perihelion_time" : "2457731.154325912960",
        "mean_anomaly" : "89.11477897618454",
        "mean_motion" : ".3308565443950164",
        "equinox" : "J2000"
      }
    }, {
      "links" : {
        "self" : "https://api.nasa.gov/neo/rest/v1/neo/3398134?api_key=t0TVs3DtDT2H8Oy2Zy8m2eVrNsAVKAexjcZXUckd"
      },
      "neo_reference_id" : "3398134",
      "name" : "(2007 YN1)",
      "nasa_jpl_url" : "http://ssd.jpl.nasa.gov/sbdb.cgi?sstr=3398134",
      "absolute_magnitude_h" : 25.0,
      "estimated_diameter" : {
        "kilometers" : {
          "estimated_diameter_min" : 0.02658,
          "estimated_diameter_max" : 0.0594346868
        },
        "meters" : {
          "estimated_diameter_min" : 26.58,
          "estimated_diameter_max" : 59.4346868419
        },
        "miles" : {
          "estimated_diameter_min" : 0.0165160412,
          "estimated_diameter_max" : 0.0369309908
        },
        "feet" : {
          "estimated_diameter_min" : 87.2047272,
          "estimated_diameter_max" : 194.9956979785
        }
      },
      "is_potentially_hazardous_asteroid" : false,
      "close_approach_data" : [ {
        "close_approach_date" : "2007-12-15",
        "epoch_date_close_approach" : 1197705600000,
        "relative_velocity" : {
          "kilometers_per_second" : "17.6611065723",
          "kilometers_per_hour" : "63579.9836604298",
          "miles_per_hour" : "39506.1292916709"
        },
        "miss_distance" : {
          "astronomical" : "0.0026307995",
          "lunar" : "1.0233809948",
          "kilometers" : "393562",
          "miles" : "244548.09375"
        },
        "orbiting_body" : "Earth"
      } ],
      "orbital_data" : {
        "orbit_id" : "11",
        "orbit_determination_date" : "2017-04-06 09:04:52",
        "orbit_uncertainty" : "8",
        "minimum_orbit_intersection" : ".00263167",
        "jupiter_tisserand_invariant" : "2.928",
        "epoch_osculation" : "2454456.5",
        "eccentricity" : ".7189582563476624",
        "semi_major_axis" : "2.696668593634402",
        "inclination" : "3.909430744920932",
        "ascending_node_longitude" : "84.78377629138326",
        "orbital_period" : "1617.483252701231",
        "perihelion_distance" : ".7578764436075094",
        "perihelion_argument" : "294.4609069191515",
        "aphelion_distance" : "4.635460743661295",
        "perihelion_time" : "2454410.631452550290",
        "mean_anomaly" : "10.20887051183935",
        "mean_motion" : ".2225679922180291",
        "equinox" : "J2000"
      }
    }, {
      "links" : {
        "self" : "https://api.nasa.gov/neo/rest/v1/neo/3635331?api_key=t0TVs3DtDT2H8Oy2Zy8m2eVrNsAVKAexjcZXUckd"
      },
      "neo_reference_id" : "3635331",
      "name" : "(2013 HT15)",
      "nasa_jpl_url" : "http://ssd.jpl.nasa.gov/sbdb.cgi?sstr=3635331",
      "absolute_magnitude_h" : 21.8,
      "estimated_diameter" : {
        "kilometers" : {
          "estimated_diameter_min" : 0.1160259082,
          "estimated_diameter_max" : 0.2594418179
        },
        "meters" : {
          "estimated_diameter_min" : 116.0259082094,
          "estimated_diameter_max" : 259.4418179074
        },
        "miles" : {
          "estimated_diameter_min" : 0.0720951346,
          "estimated_diameter_max" : 0.1612096218
        },
        "feet" : {
          "estimated_diameter_min" : 380.6624406898,
          "estimated_diameter_max" : 851.1870938635
        }
      },
      "is_potentially_hazardous_asteroid" : true,
      "close_approach_data" : [ {
        "close_approach_date" : "2007-12-15",
        "epoch_date_close_approach" : 1197705600000,
        "relative_velocity" : {
          "kilometers_per_second" : "15.0097143067",
          "kilometers_per_hour" : "54034.9715041715",
          "miles_per_hour" : "33575.2299326892"
        },
        "miss_distance" : {
          "astronomical" : "0.0700949011",
          "lunar" : "27.266916275",
          "kilometers" : "10486048",
          "miles" : "6515728"
        },
        "orbiting_body" : "Earth"
      } ],
      "orbital_data" : {
        "orbit_id" : "28",
        "orbit_determination_date" : "2017-04-06 08:46:01",
        "orbit_uncertainty" : "0",
        "minimum_orbit_intersection" : ".0265654",
        "jupiter_tisserand_invariant" : "5.563",
        "epoch_osculation" : "2458000.5",
        "eccentricity" : ".4227011969381153",
        "semi_major_axis" : "1.099992298054736",
        "inclination" : "2.923107730821564",
        "ascending_node_longitude" : "23.62340337887887",
        "orbital_period" : "421.388707763866",
        "perihelion_distance" : ".6350242370442908",
        "perihelion_argument" : "315.6179951116075",
        "aphelion_distance" : "1.564960359065181",
        "perihelion_time" : "2458180.434424704244",
        "mean_anomaly" : "206.2787642382035",
        "mean_motion" : ".8543180995769196",
        "equinox" : "J2000"
      }
    }, {
      "links" : {
        "self" : "https://api.nasa.gov/neo/rest/v1/neo/3709715?api_key=t0TVs3DtDT2H8Oy2Zy8m2eVrNsAVKAexjcZXUckd"
      },
      "neo_reference_id" : "3709715",
      "name" : "(2015 CL)",
      "nasa_jpl_url" : "http://ssd.jpl.nasa.gov/sbdb.cgi?sstr=3709715",
      "absolute_magnitude_h" : 25.4,
      "estimated_diameter" : {
        "kilometers" : {
          "estimated_diameter_min" : 0.022108281,
          "estimated_diameter_max" : 0.0494356193
        },
        "meters" : {
          "estimated_diameter_min" : 22.1082810359,
          "estimated_diameter_max" : 49.435619262
        },
        "miles" : {
          "estimated_diameter_min" : 0.0137374447,
          "estimated_diameter_max" : 0.0307178602
        },
        "feet" : {
          "estimated_diameter_min" : 72.5337327539,
          "estimated_diameter_max" : 162.1903570994
        }
      },
      "is_potentially_hazardous_asteroid" : false,
      "close_approach_data" : [ {
        "close_approach_date" : "2007-12-15",
        "epoch_date_close_approach" : 1197705600000,
        "relative_velocity" : {
          "kilometers_per_second" : "18.3194799867",
          "kilometers_per_hour" : "65950.1279521589",
          "miles_per_hour" : "40978.8447822734"
        },
        "miss_distance" : {
          "astronomical" : "0.1170090965",
          "lunar" : "45.5165367126",
          "kilometers" : "17504312",
          "miles" : "10876675"
        },
        "orbiting_body" : "Earth"
      } ],
      "orbital_data" : {
        "orbit_id" : "4",
        "orbit_determination_date" : "2017-04-06 08:35:49",
        "orbit_uncertainty" : "7",
        "minimum_orbit_intersection" : "9.30055E-5",
        "jupiter_tisserand_invariant" : "7.726",
        "epoch_osculation" : "2458000.5",
        "eccentricity" : ".5649318932639468",
        "semi_major_axis" : ".7321056673857965",
        "inclination" : "2.982160035704974",
        "ascending_node_longitude" : "320.1096481393351",
        "orbital_period" : "228.8016121087175",
        "perihelion_distance" : ".3185158266402732",
        "perihelion_argument" : "330.8804044592547",
        "aphelion_distance" : "1.14569550813132",
        "perihelion_time" : "2458043.755673658893",
        "mean_anomaly" : "291.9408531535941",
        "mean_motion" : "1.573415487251646",
        "equinox" : "J2000"
      }
    }, {
      "links" : {
        "self" : "https://api.nasa.gov/neo/rest/v1/neo/3739414?api_key=t0TVs3DtDT2H8Oy2Zy8m2eVrNsAVKAexjcZXUckd"
      },
      "neo_reference_id" : "3739414",
      "name" : "(2016 AW65)",
      "nasa_jpl_url" : "http://ssd.jpl.nasa.gov/sbdb.cgi?sstr=3739414",
      "absolute_magnitude_h" : 24.1,
      "estimated_diameter" : {
        "kilometers" : {
          "estimated_diameter_min" : 0.040230458,
          "estimated_diameter_max" : 0.0899580388
        },
        "meters" : {
          "estimated_diameter_min" : 40.2304579834,
          "estimated_diameter_max" : 89.9580388169
        },
        "miles" : {
          "estimated_diameter_min" : 0.0249980399,
          "estimated_diameter_max" : 0.0558973165
        },
        "feet" : {
          "estimated_diameter_min" : 131.9896957704,
          "estimated_diameter_max" : 295.1379320721
        }
      },
      "is_potentially_hazardous_asteroid" : false,
      "close_approach_data" : [ {
        "close_approach_date" : "2007-12-15",
        "epoch_date_close_approach" : 1197705600000,
        "relative_velocity" : {
          "kilometers_per_second" : "9.0095711297",
          "kilometers_per_hour" : "32434.45606696",
          "miles_per_hour" : "20153.5096600508"
        },
        "miss_distance" : {
          "astronomical" : "0.2254377157",
          "lunar" : "87.695274353",
          "kilometers" : "33725004",
          "miles" : "20955746"
        },
        "orbiting_body" : "Earth"
      } ],
      "orbital_data" : {
        "orbit_id" : "8",
        "orbit_determination_date" : "2017-04-06 08:29:18",
        "orbit_uncertainty" : "6",
        "minimum_orbit_intersection" : ".0243907",
        "jupiter_tisserand_invariant" : "5.669",
        "epoch_osculation" : "2458000.5",
        "eccentricity" : ".1045162621405127",
        "semi_major_axis" : "1.091151307574651",
        "inclination" : "8.629514877664228",
        "ascending_node_longitude" : "124.7943615905431",
        "orbital_period" : "416.3186753334454",
        "perihelion_distance" : ".9771082514772155",
        "perihelion_argument" : "250.9891790082965",
        "aphelion_distance" : "1.205194363672086",
        "perihelion_time" : "2458139.475772418680",
        "mean_anomaly" : "239.8245646063008",
        "mean_motion" : ".8647221979933097",
        "equinox" : "J2000"
      }
    } ]
  }
}