{
  "links" : {
    "next" : "https://api.nasa.gov/neo/rest/v1/feed?start_date=2005-03-23&end_date=2005-03-23&detailed=true&api_key=t0TVs3DtDT2H8Oy2Zy8m2eVrNsAVKAexjcZXUckd",
    "prev" : "https://api.nasa.gov/neo/rest/v1/feed?start_date=2005-03-21&end_date=2005-03-21&detailed=true&api_key=t0TVs3DtDT2H8Oy2Zy8m2eVrNsAVKAexjcZXUckd",
    "self" : "https://api.nasa.gov/neo/rest/v1/feed?start_date=2005-03-22&end_date=2005-03-22&detailed=true&api_key=t0TVs3DtDT2H8Oy2Zy8m2eVrNsAVKAexjcZXUckd"
  },
  "element_count" : 9,
  "near_earth_objects" : {
    "2005-03-22" : [ {
      "links" : {
        "self" : "https://api.nasa.gov/neo/rest/v1/neo/2140333?api_key=t0TVs3DtDT2H8Oy2Zy8m2eVrNsAVKAexjcZXUckd"
      },
      "neo_reference_id" : "2140333",
      "name" : "140333 (2001 TD2)",
      "nasa_jpl_url" : "http://ssd.jpl.nasa.gov/sbdb.cgi?sstr=2140333",
      "absolute_magnitude_h" : 18.8,
      "estimated_diameter" : {
        "kilometers" : {
          "estimated_diameter_min" : 0.4619074603,
          "estimated_diameter_max" : 1.0328564805
        },
        "meters" : {
          "estimated_diameter_min" : 461.9074602816,
          "estimated_diameter_max" : 1032.8564805039
        },
        "miles" : {
          "estimated_diameter_min" : 0.2870159005,
          "estimated_diameter_max" : 0.6417870641
        },
        "feet" : {
          "estimated_diameter_min" : 1515.4444719902,
          "estimated_diameter_max" : 3388.6368554964
        }
      },
      "is_potentially_hazardous_asteroid" : false,
      "close_approach_data" : [ {
        "close_approach_date" : "2005-03-22",
        "epoch_date_close_approach" : 1111478400000,
        "relative_velocity" : {
          "kilometers_per_second" : "23.0622796605",
          "kilometers_per_hour" : "83024.2067777302",
          "miles_per_hour" : "51588.0133725291"
        },
        "miss_distance" : {
          "astronomical" : "0.4746104016",
          "lunar" : "184.6234436035",
          "kilometers" : "71000704",
          "miles" : "44117792"
        },
        "orbiting_body" : "Earth"
      } ],
      "orbital_data" : {
        "orbit_id" : "46",
        "orbit_determination_date" : "2017-04-06 09:27:39",
        "orbit_uncertainty" : "1",
        "minimum_orbit_intersection" : ".185035",
        "jupiter_tisserand_invariant" : "6.122",
        "epoch_osculation" : "2458000.5",
        "eccentricity" : ".4815993593078567",
        "semi_major_axis" : ".9619018787737675",
        "inclination" : "19.03363417407057",
        "ascending_node_longitude" : "12.86211200268806",
        "orbital_period" : "344.5835860570802",
        "perihelion_distance" : ".4986505502392974",
        "perihelion_argument" : "199.0718012898012",
        "aphelion_distance" : "1.425153207308238",
        "perihelion_time" : "2457943.385692984419",
        "mean_anomaly" : "59.66955872994814",
        "mean_motion" : "1.044739257952833",
        "equinox" : "J2000"
      }
    }, {
      "links" : {
        "self" : "https://api.nasa.gov/neo/rest/v1/neo/2141531?api_key=t0TVs3DtDT2H8Oy2Zy8m2eVrNsAVKAexjcZXUckd"
      },
      "neo_reference_id" : "2141531",
      "name" : "141531 (2002 GB)",
      "nasa_jpl_url" : "http://ssd.jpl.nasa.gov/sbdb.cgi?sstr=2141531",
      "absolute_magnitude_h" : 19.1,
      "estimated_diameter" : {
        "kilometers" : {
          "estimated_diameter_min" : 0.4023045798,
          "estimated_diameter_max" : 0.8995803882
        },
        "meters" : {
          "estimated_diameter_min" : 402.3045798343,
          "estimated_diameter_max" : 899.5803881691
        },
        "miles" : {
          "estimated_diameter_min" : 0.2499803991,
          "estimated_diameter_max" : 0.5589731654
        },
        "feet" : {
          "estimated_diameter_min" : 1319.8969577037,
          "estimated_diameter_max" : 2951.3793207207
        }
      },
      "is_potentially_hazardous_asteroid" : false,
      "close_approach_data" : [ {
        "close_approach_date" : "2005-03-22",
        "epoch_date_close_approach" : 1111478400000,
        "relative_velocity" : {
          "kilometers_per_second" : "16.6930838743",
          "kilometers_per_hour" : "60095.1019474044",
          "miles_per_hour" : "37340.7593183747"
        },
        "miss_distance" : {
          "astronomical" : "0.2817509606",
          "lunar" : "109.6011199951",
          "kilometers" : "42149344",
          "miles" : "26190386"
        },
        "orbiting_body" : "Earth"
      } ],
      "orbital_data" : {
        "orbit_id" : "158",
        "orbit_determination_date" : "2017-05-19 05:49:14",
        "orbit_uncertainty" : "0",
        "minimum_orbit_intersection" : ".280942",
        "jupiter_tisserand_invariant" : "5.929",
        "epoch_osculation" : "2458000.5",
        "eccentricity" : ".5290537246532754",
        "semi_major_axis" : ".9920469515681014",
        "inclination" : "22.55638706557275",
        "ascending_node_longitude" : "40.8276420539291",
        "orbital_period" : "360.9082147118372",
        "perihelion_distance" : ".4672008168100699",
        "perihelion_argument" : "8.313840617243045",
        "aphelion_distance" : "1.516893086326133",
        "perihelion_time" : "2458072.143123497748",
        "mean_anomaly" : "288.537164276568",
        "mean_motion" : ".997483529953558",
        "equinox" : "J2000"
      }
    }, {
      "links" : {
        "self" : "https://api.nasa.gov/neo/rest/v1/neo/3274164?api_key=t0TVs3DtDT2H8Oy2Zy8m2eVrNsAVKAexjcZXUckd"
      },
      "neo_reference_id" : "3274164",
      "name" : "(2005 EG169)",
      "nasa_jpl_url" : "http://ssd.jpl.nasa.gov/sbdb.cgi?sstr=3274164",
      "absolute_magnitude_h" : 24.9,
      "estimated_diameter" : {
        "kilometers" : {
          "estimated_diameter_min" : 0.0278326768,
          "estimated_diameter_max" : 0.0622357573
        },
        "meters" : {
          "estimated_diameter_min" : 27.8326768072,
          "estimated_diameter_max" : 62.2357573367
        },
        "miles" : {
          "estimated_diameter_min" : 0.0172944182,
          "estimated_diameter_max" : 0.0386714948
        },
        "feet" : {
          "estimated_diameter_min" : 91.3145593761,
          "estimated_diameter_max" : 204.1855621004
        }
      },
      "is_potentially_hazardous_asteroid" : false,
      "close_approach_data" : [ {
        "close_approach_date" : "2005-03-22",
        "epoch_date_close_approach" : 1111478400000,
        "relative_velocity" : {
          "kilometers_per_second" : "14.9685732107",
          "kilometers_per_hour" : "53886.8635585974",
          "miles_per_hour" : "33483.2014150629"
        },
        "miss_distance" : {
          "astronomical" : "0.0495263442",
          "lunar" : "19.2657489777",
          "kilometers" : "7409036",
          "miles" : "4603761.5"
        },
        "orbiting_body" : "Earth"
      } ],
      "orbital_data" : {
        "orbit_id" : "10",
        "orbit_determination_date" : "2017-04-06 09:11:17",
        "orbit_uncertainty" : "2",
        "minimum_orbit_intersection" : ".0365077",
        "jupiter_tisserand_invariant" : "4.567",
        "epoch_osculation" : "2458000.5",
        "eccentricity" : ".4666528977940848",
        "semi_major_axis" : "1.420773489088802",
        "inclination" : "11.73849996734711",
        "ascending_node_longitude" : "169.7851298845792",
        "orbital_period" : "618.5655002153251",
        "perihelion_distance" : ".7577654232965001",
        "perihelion_argument" : "91.3135930189728",
        "aphelion_distance" : "2.083781554881104",
        "perihelion_time" : "2457833.171568782747",
        "mean_anomaly" : "97.38376165053189",
        "mean_motion" : ".5819917209651727",
        "equinox" : "J2000"
      }
    }, {
      "links" : {
        "self" : "https://api.nasa.gov/neo/rest/v1/neo/3274305?api_key=t0TVs3DtDT2H8Oy2Zy8m2eVrNsAVKAexjcZXUckd"
      },
      "neo_reference_id" : "3274305",
      "name" : "(2005 EZ169)",
      "nasa_jpl_url" : "http://ssd.jpl.nasa.gov/sbdb.cgi?sstr=3274305",
      "absolute_magnitude_h" : 25.3,
      "estimated_diameter" : {
        "kilometers" : {
          "estimated_diameter_min" : 0.0231502122,
          "estimated_diameter_max" : 0.0517654482
        },
        "meters" : {
          "estimated_diameter_min" : 23.150212221,
          "estimated_diameter_max" : 51.7654482198
        },
        "miles" : {
          "estimated_diameter_min" : 0.0143848705,
          "estimated_diameter_max" : 0.0321655483
        },
        "feet" : {
          "estimated_diameter_min" : 75.9521422633,
          "estimated_diameter_max" : 169.8341531374
        }
      },
      "is_potentially_hazardous_asteroid" : false,
      "close_approach_data" : [ {
        "close_approach_date" : "2005-03-22",
        "epoch_date_close_approach" : 1111478400000,
        "relative_velocity" : {
          "kilometers_per_second" : "3.1308446205",
          "kilometers_per_hour" : "11271.0406337226",
          "miles_per_hour" : "7003.3863315484"
        },
        "miss_distance" : {
          "astronomical" : "0.0495805384",
          "lunar" : "19.2868289948",
          "kilometers" : "7417143",
          "miles" : "4608799"
        },
        "orbiting_body" : "Earth"
      } ],
      "orbital_data" : {
        "orbit_id" : "11",
        "orbit_determination_date" : "2017-04-06 09:11:15",
        "orbit_uncertainty" : "7",
        "minimum_orbit_intersection" : ".0409764",
        "jupiter_tisserand_invariant" : "4.933",
        "epoch_osculation" : "2458000.5",
        "eccentricity" : ".2153964017813232",
        "semi_major_axis" : "1.31687940621175",
        "inclination" : "2.744455464803272",
        "ascending_node_longitude" : "175.8538198539209",
        "orbital_period" : "551.9724934546871",
        "perihelion_distance" : "1.033228320533814",
        "perihelion_argument" : "353.5510908013318",
        "aphelion_distance" : "1.600530491889687",
        "perihelion_time" : "2457854.009292530201",
        "mean_anomaly" : "95.54217884854951",
        "mean_motion" : ".6522064129442954",
        "equinox" : "J2000"
      }
    }, {
      "links" : {
        "self" : "https://api.nasa.gov/neo/rest/v1/neo/3451789?api_key=t0TVs3DtDT2H8Oy2Zy8m2eVrNsAVKAexjcZXUckd"
      },
      "neo_reference_id" : "3451789",
      "name" : "(2009 FE)",
      "nasa_jpl_url" : "http://ssd.jpl.nasa.gov/sbdb.cgi?sstr=3451789",
      "absolute_magnitude_h" : 21.3,
      "estimated_diameter" : {
        "kilometers" : {
          "estimated_diameter_min" : 0.1460679643,
          "estimated_diameter_max" : 0.3266178974
        },
        "meters" : {
          "estimated_diameter_min" : 146.0679642714,
          "estimated_diameter_max" : 326.6178974458
        },
        "miles" : {
          "estimated_diameter_min" : 0.090762397,
          "estimated_diameter_max" : 0.2029508896
        },
        "feet" : {
          "estimated_diameter_min" : 479.2256199,
          "estimated_diameter_max" : 1071.581062656
        }
      },
      "is_potentially_hazardous_asteroid" : true,
      "close_approach_data" : [ {
        "close_approach_date" : "2005-03-22",
        "epoch_date_close_approach" : 1111478400000,
        "relative_velocity" : {
          "kilometers_per_second" : "22.3925735178",
          "kilometers_per_hour" : "80613.2646639698",
          "miles_per_hour" : "50089.9477018984"
        },
        "miss_distance" : {
          "astronomical" : "0.4378982105",
          "lunar" : "170.3424072266",
          "kilometers" : "65508640",
          "miles" : "40705184"
        },
        "orbiting_body" : "Earth"
      } ],
      "orbital_data" : {
        "orbit_id" : "25",
        "orbit_determination_date" : "2017-04-06 09:01:02",
        "orbit_uncertainty" : "0",
        "minimum_orbit_intersection" : ".00157437",
        "jupiter_tisserand_invariant" : "3.158",
        "epoch_osculation" : "2458000.5",
        "eccentricity" : ".6103356820481181",
        "semi_major_axis" : "2.535018325758817",
        "inclination" : "1.90768281902402",
        "ascending_node_longitude" : "39.82531371158913",
        "orbital_period" : "1474.246419537318",
        "perihelion_distance" : ".987806186902331",
        "perihelion_argument" : "201.0274473634212",
        "aphelion_distance" : "4.082230464615303",
        "perihelion_time" : "2457909.842361672028",
        "mean_anomaly" : "22.13792034055782",
        "mean_motion" : ".244192555077043",
        "equinox" : "J2000"
      }
    }, {
      "links" : {
        "self" : "https://api.nasa.gov/neo/rest/v1/neo/3599935?api_key=t0TVs3DtDT2H8Oy2Zy8m2eVrNsAVKAexjcZXUckd"
      },
      "neo_reference_id" : "3599935",
      "name" : "(2012 DZ32)",
      "nasa_jpl_url" : "http://ssd.jpl.nasa.gov/sbdb.cgi?sstr=3599935",
      "absolute_magnitude_h" : 21.6,
      "estimated_diameter" : {
        "kilometers" : {
          "estimated_diameter_min" : 0.1272198785,
          "estimated_diameter_max" : 0.2844722965
        },
        "meters" : {
          "estimated_diameter_min" : 127.2198785394,
          "estimated_diameter_max" : 284.4722965033
        },
        "miles" : {
          "estimated_diameter_min" : 0.0790507431,
          "estimated_diameter_max" : 0.1767628354
        },
        "feet" : {
          "estimated_diameter_min" : 417.3880663071,
          "estimated_diameter_max" : 933.3080892598
        }
      },
      "is_potentially_hazardous_asteroid" : false,
      "close_approach_data" : [ {
        "close_approach_date" : "2005-03-22",
        "epoch_date_close_approach" : 1111478400000,
        "relative_velocity" : {
          "kilometers_per_second" : "4.1256708068",
          "kilometers_per_hour" : "14852.4149046281",
          "miles_per_hour" : "9228.7130278229"
        },
        "miss_distance" : {
          "astronomical" : "0.2515774932",
          "lunar" : "97.8636474609",
          "kilometers" : "37635460",
          "miles" : "23385590"
        },
        "orbiting_body" : "Earth"
      } ],
      "orbital_data" : {
        "orbit_id" : "18",
        "orbit_determination_date" : "2017-04-06 08:50:45",
        "orbit_uncertainty" : "6",
        "minimum_orbit_intersection" : ".248396",
        "jupiter_tisserand_invariant" : "3.426",
        "epoch_osculation" : "2458000.5",
        "eccentricity" : ".4685485075683496",
        "semi_major_axis" : "2.30171686698989",
        "inclination" : "7.384237389164341",
        "ascending_node_longitude" : "40.32280874455425",
        "orbital_period" : "1275.487706823359",
        "perihelion_distance" : "1.22325086411688",
        "perihelion_argument" : "133.2892507259169",
        "aphelion_distance" : "3.380182869862901",
        "perihelion_time" : "2458551.290235608531",
        "mean_anomaly" : "204.5422219608023",
        "mean_motion" : ".282244978194726",
        "equinox" : "J2000"
      }
    }, {
      "links" : {
        "self" : "https://api.nasa.gov/neo/rest/v1/neo/3666680?api_key=t0TVs3DtDT2H8Oy2Zy8m2eVrNsAVKAexjcZXUckd"
      },
      "neo_reference_id" : "3666680",
      "name" : "(2014 FN38)",
      "nasa_jpl_url" : "http://ssd.jpl.nasa.gov/sbdb.cgi?sstr=3666680",
      "absolute_magnitude_h" : 26.8,
      "estimated_diameter" : {
        "kilometers" : {
          "estimated_diameter_min" : 0.0116025908,
          "estimated_diameter_max" : 0.0259441818
        },
        "meters" : {
          "estimated_diameter_min" : 11.6025908209,
          "estimated_diameter_max" : 25.9441817907
        },
        "miles" : {
          "estimated_diameter_min" : 0.0072095135,
          "estimated_diameter_max" : 0.0161209622
        },
        "feet" : {
          "estimated_diameter_min" : 38.066244069,
          "estimated_diameter_max" : 85.1187093863
        }
      },
      "is_potentially_hazardous_asteroid" : false,
      "close_approach_data" : [ {
        "close_approach_date" : "2005-03-22",
        "epoch_date_close_approach" : 1111478400000,
        "relative_velocity" : {
          "kilometers_per_second" : "13.0537535858",
          "kilometers_per_hour" : "46993.5129089124",
          "miles_per_hour" : "29199.9413960962"
        },
        "miss_distance" : {
          "astronomical" : "0.1787252984",
          "lunar" : "69.5241394043",
          "kilometers" : "26736924",
          "miles" : "16613555"
        },
        "orbiting_body" : "Earth"
      } ],
      "orbital_data" : {
        "orbit_id" : "7",
        "orbit_determination_date" : "2017-04-06 08:41:52",
        "orbit_uncertainty" : "7",
        "minimum_orbit_intersection" : ".0150687",
        "jupiter_tisserand_invariant" : "7.071",
        "epoch_osculation" : "2458000.5",
        "eccentricity" : ".3120033822064684",
        "semi_major_axis" : ".8233249952030521",
        "inclination" : "6.619093642228597",
        "ascending_node_longitude" : "9.450614653297057",
        "orbital_period" : "272.8697401464804",
        "perihelion_distance" : ".5664448120445754",
        "perihelion_argument" : "27.37543239760236",
        "aphelion_distance" : "1.080205178361529",
        "perihelion_time" : "2458011.488932591645",
        "mean_anomaly" : "345.5021823567954",
        "mean_motion" : "1.319310817706452",
        "equinox" : "J2000"
      }
    }, {
      "links" : {
        "self" : "https://api.nasa.gov/neo/rest/v1/neo/3752432?api_key=t0TVs3DtDT2H8Oy2Zy8m2eVrNsAVKAexjcZXUckd"
      },
      "neo_reference_id" : "3752432",
      "name" : "(2016 HE3)",
      "nasa_jpl_url" : "http://ssd.jpl.nasa.gov/sbdb.cgi?sstr=3752432",
      "absolute_magnitude_h" : 24.3,
      "estimated_diameter" : {
        "kilometers" : {
          "estimated_diameter_min" : 0.0366906138,
          "estimated_diameter_max" : 0.0820427065
        },
        "meters" : {
          "estimated_diameter_min" : 36.6906137531,
          "estimated_diameter_max" : 82.0427064882
        },
        "miles" : {
          "estimated_diameter_min" : 0.0227984834,
          "estimated_diameter_max" : 0.0509789586
        },
        "feet" : {
          "estimated_diameter_min" : 120.3760332259,
          "estimated_diameter_max" : 269.1689931548
        }
      },
      "is_potentially_hazardous_asteroid" : false,
      "close_approach_data" : [ {
        "close_approach_date" : "2005-03-22",
        "epoch_date_close_approach" : 1111478400000,
        "relative_velocity" : {
          "kilometers_per_second" : "14.0816987906",
          "kilometers_per_hour" : "50694.1156462738",
          "miles_per_hour" : "31499.3520247638"
        },
        "miss_distance" : {
          "astronomical" : "0.1924357488",
          "lunar" : "74.8575057983",
          "kilometers" : "28787978",
          "miles" : "17888020"
        },
        "orbiting_body" : "Earth"
      } ],
      "orbital_data" : {
        "orbit_id" : "12",
        "orbit_determination_date" : "2017-04-06 08:26:22",
        "orbit_uncertainty" : "7",
        "minimum_orbit_intersection" : ".0558948",
        "jupiter_tisserand_invariant" : "7.404",
        "epoch_osculation" : "2458000.5",
        "eccentricity" : ".4009808265262483",
        "semi_major_axis" : ".7756431778134538",
        "inclination" : "10.64182928594618",
        "ascending_node_longitude" : "216.4820443775928",
        "orbital_period" : "249.511974145755",
        "perihelion_distance" : ".4646251352843694",
        "perihelion_argument" : "173.1568110516509",
        "aphelion_distance" : "1.086661220342538",
        "perihelion_time" : "2458118.021174137248",
        "mean_anomaly" : "190.4385076738049",
        "mean_motion" : "1.442816527072574",
        "equinox" : "J2000"
      }
    }, {
      "links" : {
        "self" : "https://api.nasa.gov/neo/rest/v1/neo/3758847?api_key=t0TVs3DtDT2H8Oy2Zy8m2eVrNsAVKAexjcZXUckd"
      },
      "neo_reference_id" : "3758847",
      "name" : "(2016 RZ)",
      "nasa_jpl_url" : "http://ssd.jpl.nasa.gov/sbdb.cgi?sstr=3758847",
      "absolute_magnitude_h" : 26.7,
      "estimated_diameter" : {
        "kilometers" : {
          "estimated_diameter_min" : 0.0121494041,
          "estimated_diameter_max" : 0.0271668934
        },
        "meters" : {
          "estimated_diameter_min" : 12.14940408,
          "estimated_diameter_max" : 27.1668934089
        },
        "miles" : {
          "estimated_diameter_min" : 0.0075492874,
          "estimated_diameter_max" : 0.0168807197
        },
        "feet" : {
          "estimated_diameter_min" : 39.8602508817,
          "estimated_diameter_max" : 89.1302305717
        }
      },
      "is_potentially_hazardous_asteroid" : false,
      "close_approach_data" : [ {
        "close_approach_date" : "2005-03-22",
        "epoch_date_close_approach" : 1111478400000,
        "relative_velocity" : {
          "kilometers_per_second" : "8.095093072",
          "kilometers_per_hour" : "29142.3350591007",
          "miles_per_hour" : "18107.9136926951"
        },
        "miss_distance" : {
          "astronomical" : "0.2640626028",
          "lunar" : "102.7203598022",
          "kilometers" : "39503204",
          "miles" : "24546154"
        },
        "orbiting_body" : "Earth"
      } ],
      "orbital_data" : {
        "orbit_id" : "5",
        "orbit_determination_date" : "2017-04-06 08:24:13",
        "orbit_uncertainty" : "6",
        "minimum_orbit_intersection" : ".0241066",
        "jupiter_tisserand_invariant" : "6.601",
        "epoch_osculation" : "2458000.5",
        "eccentricity" : ".1862903563871123",
        "semi_major_axis" : ".8995641920628645",
        "inclination" : "2.020029609384056",
        "ascending_node_longitude" : "191.641356392069",
        "orbital_period" : "311.6353147187838",
        "perihelion_distance" : ".7319840581303887",
        "perihelion_argument" : "357.3029139004242",
        "aphelion_distance" : "1.06714432599534",
        "perihelion_time" : "2458136.701548397474",
        "mean_anomaly" : "202.6604588528841",
        "mean_motion" : "1.155196420292931",
        "equinox" : "J2000"
      }
    } ]
  }
}