{
  "links" : {
    "next" : "https://api.nasa.gov/neo/rest/v1/feed?start_date=2007-12-09&end_date=2007-12-09&detailed=true&api_key=t0TVs3DtDT2H8Oy2Zy8m2eVrNsAVKAexjcZXUckd",
    "prev" : "https://api.nasa.gov/neo/rest/v1/feed?start_date=2007-12-07&end_date=2007-12-07&detailed=true&api_key=t0TVs3DtDT2H8Oy2Zy8m2eVrNsAVKAexjcZXUckd",
    "self" : "https://api.nasa.gov/neo/rest/v1/feed?start_date=2007-12-08&end_date=2007-12-08&detailed=true&api_key=t0TVs3DtDT2H8Oy2Zy8m2eVrNsAVKAexjcZXUckd"
  },
  "element_count" : 7,
  "near_earth_objects" : {
    "2007-12-08" : [ {
      "links" : {
        "self" : "https://api.nasa.gov/neo/rest/v1/neo/2140333?api_key=t0TVs3DtDT2H8Oy2Zy8m2eVrNsAVKAexjcZXUckd"
      },
      "neo_reference_id" : "2140333",
      "name" : "140333 (2001 TD2)",
      "nasa_jpl_url" : "http://ssd.jpl.nasa.gov/sbdb.cgi?sstr=2140333",
      "absolute_magnitude_h" : 18.8,
      "estimated_diameter" : {
        "kilometers" : {
          "estimated_diameter_min" : 0.4619074603,
          "estimated_diameter_max" : 1.0328564805
        },
        "meters" : {
          "estimated_diameter_min" : 461.9074602816,
          "estimated_diameter_max" : 1032.8564805039
        },
        "miles" : {
          "estimated_diameter_min" : 0.2870159005,
          "estimated_diameter_max" : 0.6417870641
        },
        "feet" : {
          "estimated_diameter_min" : 1515.4444719902,
          "estimated_diameter_max" : 3388.6368554964
        }
      },
      "is_potentially_hazardous_asteroid" : false,
      "close_approach_data" : [ {
        "close_approach_date" : "2007-12-08",
        "epoch_date_close_approach" : 1197100800000,
        "relative_velocity" : {
          "kilometers_per_second" : "26.4448125567",
          "kilometers_per_hour" : "95201.3252039857",
          "miles_per_hour" : "59154.4012079988"
        },
        "miss_distance" : {
          "astronomical" : "0.4817225568",
          "lunar" : "187.3900756836",
          "kilometers" : "72064672",
          "miles" : "44778912"
        },
        "orbiting_body" : "Earth"
      } ],
      "orbital_data" : {
        "orbit_id" : "46",
        "orbit_determination_date" : "2017-04-06 09:27:39",
        "orbit_uncertainty" : "1",
        "minimum_orbit_intersection" : ".185035",
        "jupiter_tisserand_invariant" : "6.122",
        "epoch_osculation" : "2458000.5",
        "eccentricity" : ".4815993593078567",
        "semi_major_axis" : ".9619018787737675",
        "inclination" : "19.03363417407057",
        "ascending_node_longitude" : "12.86211200268806",
        "orbital_period" : "344.5835860570802",
        "perihelion_distance" : ".4986505502392974",
        "perihelion_argument" : "199.0718012898012",
        "aphelion_distance" : "1.425153207308238",
        "perihelion_time" : "2457943.385692984419",
        "mean_anomaly" : "59.66955872994814",
        "mean_motion" : "1.044739257952833",
        "equinox" : "J2000"
      }
    }, {
      "links" : {
        "self" : "https://api.nasa.gov/neo/rest/v1/neo/3407479?api_key=t0TVs3DtDT2H8Oy2Zy8m2eVrNsAVKAexjcZXUckd"
      },
      "neo_reference_id" : "3407479",
      "name" : "(2008 FN)",
      "nasa_jpl_url" : "http://ssd.jpl.nasa.gov/sbdb.cgi?sstr=3407479",
      "absolute_magnitude_h" : 18.5,
      "estimated_diameter" : {
        "kilometers" : {
          "estimated_diameter_min" : 0.5303407233,
          "estimated_diameter_max" : 1.1858779086
        },
        "meters" : {
          "estimated_diameter_min" : 530.3407233187,
          "estimated_diameter_max" : 1185.8779085771
        },
        "miles" : {
          "estimated_diameter_min" : 0.3295383456,
          "estimated_diameter_max" : 0.7368701419
        },
        "feet" : {
          "estimated_diameter_min" : 1739.963058693,
          "estimated_diameter_max" : 3890.675677576
        }
      },
      "is_potentially_hazardous_asteroid" : false,
      "close_approach_data" : [ {
        "close_approach_date" : "2007-12-08",
        "epoch_date_close_approach" : 1197100800000,
        "relative_velocity" : {
          "kilometers_per_second" : "25.5158653159",
          "kilometers_per_hour" : "91857.1151373336",
          "miles_per_hour" : "57076.4391251949"
        },
        "miss_distance" : {
          "astronomical" : "0.451865147",
          "lunar" : "175.7755432129",
          "kilometers" : "67598064",
          "miles" : "42003488"
        },
        "orbiting_body" : "Earth"
      } ],
      "orbital_data" : {
        "orbit_id" : "33",
        "orbit_determination_date" : "2017-04-06 09:03:55",
        "orbit_uncertainty" : "0",
        "minimum_orbit_intersection" : ".0711103",
        "jupiter_tisserand_invariant" : "3.436",
        "epoch_osculation" : "2458000.5",
        "eccentricity" : ".5962043149570422",
        "semi_major_axis" : "1.894142153708217",
        "inclination" : "44.6769903421678",
        "ascending_node_longitude" : "50.59134854462176",
        "orbital_period" : "952.176109921273",
        "perihelion_distance" : ".7648464285253531",
        "perihelion_argument" : "54.97996859303214",
        "aphelion_distance" : "3.023437878891082",
        "perihelion_time" : "2458287.219058870062",
        "mean_anomaly" : "251.5968799072722",
        "mean_motion" : ".3780813194628095",
        "equinox" : "J2000"
      }
    }, {
      "links" : {
        "self" : "https://api.nasa.gov/neo/rest/v1/neo/3566697?api_key=t0TVs3DtDT2H8Oy2Zy8m2eVrNsAVKAexjcZXUckd"
      },
      "neo_reference_id" : "3566697",
      "name" : "(2011 KW15)",
      "nasa_jpl_url" : "http://ssd.jpl.nasa.gov/sbdb.cgi?sstr=3566697",
      "absolute_magnitude_h" : 19.4,
      "estimated_diameter" : {
        "kilometers" : {
          "estimated_diameter_min" : 0.3503926411,
          "estimated_diameter_max" : 0.7835017643
        },
        "meters" : {
          "estimated_diameter_min" : 350.3926411083,
          "estimated_diameter_max" : 783.5017643338
        },
        "miles" : {
          "estimated_diameter_min" : 0.2177238258,
          "estimated_diameter_max" : 0.4868452748
        },
        "feet" : {
          "estimated_diameter_min" : 1149.5821926537,
          "estimated_diameter_max" : 2570.543928497
        }
      },
      "is_potentially_hazardous_asteroid" : true,
      "close_approach_data" : [ {
        "close_approach_date" : "2007-12-08",
        "epoch_date_close_approach" : 1197100800000,
        "relative_velocity" : {
          "kilometers_per_second" : "15.250712606",
          "kilometers_per_hour" : "54902.5653816662",
          "miles_per_hour" : "34114.3190284026"
        },
        "miss_distance" : {
          "astronomical" : "0.3679515485",
          "lunar" : "143.1331481934",
          "kilometers" : "55044768",
          "miles" : "34203232"
        },
        "orbiting_body" : "Earth"
      } ],
      "orbital_data" : {
        "orbit_id" : "20",
        "orbit_determination_date" : "2016-07-24 06:23:25",
        "orbit_uncertainty" : "0",
        "minimum_orbit_intersection" : ".0441825",
        "jupiter_tisserand_invariant" : "5.203",
        "epoch_osculation" : "2457600.5",
        "eccentricity" : ".493867432838743",
        "semi_major_axis" : "1.169772515831136",
        "inclination" : "23.65624419914606",
        "ascending_node_longitude" : "283.4096823350386",
        "orbital_period" : "462.1155118724997",
        "perihelion_distance" : ".5920599664322947",
        "perihelion_argument" : "97.45280575524055",
        "aphelion_distance" : "1.747485065229976",
        "perihelion_time" : "2457643.682354868049",
        "mean_anomaly" : "326.359822699943",
        "mean_motion" : ".7790260027006539",
        "equinox" : "J2000"
      }
    }, {
      "links" : {
        "self" : "https://api.nasa.gov/neo/rest/v1/neo/3605760?api_key=t0TVs3DtDT2H8Oy2Zy8m2eVrNsAVKAexjcZXUckd"
      },
      "neo_reference_id" : "3605760",
      "name" : "(2012 LF11)",
      "nasa_jpl_url" : "http://ssd.jpl.nasa.gov/sbdb.cgi?sstr=3605760",
      "absolute_magnitude_h" : 20.8,
      "estimated_diameter" : {
        "kilometers" : {
          "estimated_diameter_min" : 0.1838886721,
          "estimated_diameter_max" : 0.411187571
        },
        "meters" : {
          "estimated_diameter_min" : 183.8886720703,
          "estimated_diameter_max" : 411.1875710413
        },
        "miles" : {
          "estimated_diameter_min" : 0.1142630881,
          "estimated_diameter_max" : 0.2555000322
        },
        "feet" : {
          "estimated_diameter_min" : 603.309310875,
          "estimated_diameter_max" : 1349.040630575
        }
      },
      "is_potentially_hazardous_asteroid" : false,
      "close_approach_data" : [ {
        "close_approach_date" : "2007-12-08",
        "epoch_date_close_approach" : 1197100800000,
        "relative_velocity" : {
          "kilometers_per_second" : "17.3944780796",
          "kilometers_per_hour" : "62620.121086686",
          "miles_per_hour" : "38909.7080163355"
        },
        "miss_distance" : {
          "astronomical" : "0.4628915939",
          "lunar" : "180.0648345947",
          "kilometers" : "69247600",
          "miles" : "43028464"
        },
        "orbiting_body" : "Earth"
      } ],
      "orbital_data" : {
        "orbit_id" : "30",
        "orbit_determination_date" : "2017-04-06 08:49:34",
        "orbit_uncertainty" : "2",
        "minimum_orbit_intersection" : ".110815",
        "jupiter_tisserand_invariant" : "6.512",
        "epoch_osculation" : "2458000.5",
        "eccentricity" : ".4831761962100073",
        "semi_major_axis" : ".8972141839833276",
        "inclination" : "11.64738259884765",
        "ascending_node_longitude" : "222.2225909226548",
        "orbital_period" : "310.4149454332835",
        "perihelion_distance" : ".4637016473805977",
        "perihelion_argument" : "263.5353328524871",
        "aphelion_distance" : "1.330726720586057",
        "perihelion_time" : "2457877.332671436747",
        "mean_anomaly" : "142.8418281242225",
        "mean_motion" : "1.159737974270229",
        "equinox" : "J2000"
      }
    }, {
      "links" : {
        "self" : "https://api.nasa.gov/neo/rest/v1/neo/3644044?api_key=t0TVs3DtDT2H8Oy2Zy8m2eVrNsAVKAexjcZXUckd"
      },
      "neo_reference_id" : "3644044",
      "name" : "(2013 LL31)",
      "nasa_jpl_url" : "http://ssd.jpl.nasa.gov/sbdb.cgi?sstr=3644044",
      "absolute_magnitude_h" : 20.3,
      "estimated_diameter" : {
        "kilometers" : {
          "estimated_diameter_min" : 0.2315021222,
          "estimated_diameter_max" : 0.5176544822
        },
        "meters" : {
          "estimated_diameter_min" : 231.5021222103,
          "estimated_diameter_max" : 517.6544821978
        },
        "miles" : {
          "estimated_diameter_min" : 0.1438487052,
          "estimated_diameter_max" : 0.3216554833
        },
        "feet" : {
          "estimated_diameter_min" : 759.5214226325,
          "estimated_diameter_max" : 1698.3415313737
        }
      },
      "is_potentially_hazardous_asteroid" : false,
      "close_approach_data" : [ {
        "close_approach_date" : "2007-12-08",
        "epoch_date_close_approach" : 1197100800000,
        "relative_velocity" : {
          "kilometers_per_second" : "7.8802710851",
          "kilometers_per_hour" : "28368.9759065177",
          "miles_per_hour" : "17627.3783903582"
        },
        "miss_distance" : {
          "astronomical" : "0.3618587229",
          "lunar" : "140.7630462646",
          "kilometers" : "54133296",
          "miles" : "33636872"
        },
        "orbiting_body" : "Earth"
      } ],
      "orbital_data" : {
        "orbit_id" : "46",
        "orbit_determination_date" : "2017-04-06 08:45:35",
        "orbit_uncertainty" : "0",
        "minimum_orbit_intersection" : ".286413",
        "jupiter_tisserand_invariant" : "4.755",
        "epoch_osculation" : "2458000.5",
        "eccentricity" : ".1504648675888001",
        "semi_major_axis" : "1.374021943828348",
        "inclination" : "17.73108120598954",
        "ascending_node_longitude" : "208.1314007525745",
        "orbital_period" : "588.2865644542701",
        "perihelion_distance" : "1.16727991398611",
        "perihelion_argument" : "276.3959254408697",
        "aphelion_distance" : "1.580763973670586",
        "perihelion_time" : "2458024.627481734802",
        "mean_anomaly" : "345.2352680660211",
        "mean_motion" : ".6119466629906083",
        "equinox" : "J2000"
      }
    }, {
      "links" : {
        "self" : "https://api.nasa.gov/neo/rest/v1/neo/3719081?api_key=t0TVs3DtDT2H8Oy2Zy8m2eVrNsAVKAexjcZXUckd"
      },
      "neo_reference_id" : "3719081",
      "name" : "(2015 HB177)",
      "nasa_jpl_url" : "http://ssd.jpl.nasa.gov/sbdb.cgi?sstr=3719081",
      "absolute_magnitude_h" : 24.6,
      "estimated_diameter" : {
        "kilometers" : {
          "estimated_diameter_min" : 0.0319561887,
          "estimated_diameter_max" : 0.0714562102
        },
        "meters" : {
          "estimated_diameter_min" : 31.9561886721,
          "estimated_diameter_max" : 71.4562101727
        },
        "miles" : {
          "estimated_diameter_min" : 0.0198566489,
          "estimated_diameter_max" : 0.0444008168
        },
        "feet" : {
          "estimated_diameter_min" : 104.8431420431,
          "estimated_diameter_max" : 234.436392583
        }
      },
      "is_potentially_hazardous_asteroid" : false,
      "close_approach_data" : [ {
        "close_approach_date" : "2007-12-08",
        "epoch_date_close_approach" : 1197100800000,
        "relative_velocity" : {
          "kilometers_per_second" : "12.8481474419",
          "kilometers_per_hour" : "46253.3307907525",
          "miles_per_hour" : "28740.0210127318"
        },
        "miss_distance" : {
          "astronomical" : "0.0601884357",
          "lunar" : "23.4133014679",
          "kilometers" : "9004062",
          "miles" : "5594864.5"
        },
        "orbiting_body" : "Earth"
      } ],
      "orbital_data" : {
        "orbit_id" : "10",
        "orbit_determination_date" : "2017-04-06 08:33:59",
        "orbit_uncertainty" : "7",
        "minimum_orbit_intersection" : ".0276434",
        "jupiter_tisserand_invariant" : "5.695",
        "epoch_osculation" : "2458000.5",
        "eccentricity" : ".3589941719288532",
        "semi_major_axis" : "1.073380394001915",
        "inclination" : "1.62113695168583",
        "ascending_node_longitude" : "158.7964135454144",
        "orbital_period" : "406.1897073473576",
        "perihelion_distance" : ".6880430882925312",
        "perihelion_argument" : "177.2626368624121",
        "aphelion_distance" : "1.458717699711298",
        "perihelion_time" : "2458037.409175511589",
        "mean_anomaly" : "327.2879372770287",
        "mean_motion" : ".886285382145693",
        "equinox" : "J2000"
      }
    }, {
      "links" : {
        "self" : "https://api.nasa.gov/neo/rest/v1/neo/2471323?api_key=t0TVs3DtDT2H8Oy2Zy8m2eVrNsAVKAexjcZXUckd"
      },
      "neo_reference_id" : "2471323",
      "name" : "471323 (2011 KW15)",
      "nasa_jpl_url" : "http://ssd.jpl.nasa.gov/sbdb.cgi?sstr=2471323",
      "absolute_magnitude_h" : 19.4,
      "estimated_diameter" : {
        "kilometers" : {
          "estimated_diameter_min" : 0.3503926411,
          "estimated_diameter_max" : 0.7835017643
        },
        "meters" : {
          "estimated_diameter_min" : 350.3926411083,
          "estimated_diameter_max" : 783.5017643338
        },
        "miles" : {
          "estimated_diameter_min" : 0.2177238258,
          "estimated_diameter_max" : 0.4868452748
        },
        "feet" : {
          "estimated_diameter_min" : 1149.5821926537,
          "estimated_diameter_max" : 2570.543928497
        }
      },
      "is_potentially_hazardous_asteroid" : true,
      "close_approach_data" : [ {
        "close_approach_date" : "2007-12-08",
        "epoch_date_close_approach" : 1197100800000,
        "relative_velocity" : {
          "kilometers_per_second" : "15.2507167154",
          "kilometers_per_hour" : "54902.580175318",
          "miles_per_hour" : "34114.3282206024"
        },
        "miss_distance" : {
          "astronomical" : "0.3679517614",
          "lunar" : "143.1332244873",
          "kilometers" : "55044800",
          "miles" : "34203252"
        },
        "orbiting_body" : "Earth"
      } ],
      "orbital_data" : {
        "orbit_id" : "22",
        "orbit_determination_date" : "2017-04-06 09:19:11",
        "orbit_uncertainty" : "0",
        "minimum_orbit_intersection" : ".0437754",
        "jupiter_tisserand_invariant" : "5.203",
        "epoch_osculation" : "2458000.5",
        "eccentricity" : ".4938564854124059",
        "semi_major_axis" : "1.169784152291741",
        "inclination" : "23.65651904988886",
        "ascending_node_longitude" : "283.3898259455584",
        "orbital_period" : "462.122407318729",
        "perihelion_distance" : ".5920786621498114",
        "perihelion_argument" : "97.48219523504955",
        "aphelion_distance" : "1.747489642433671",
        "perihelion_time" : "2458105.839266735099",
        "mean_anomaly" : "277.9391965763725",
        "mean_motion" : ".7790143786551028",
        "equinox" : "J2000"
      }
    } ]
  }
}