{
  "links" : {
    "next" : "https://api.nasa.gov/neo/rest/v1/feed?start_date=2007-02-09&end_date=2007-02-09&detailed=true&api_key=t0TVs3DtDT2H8Oy2Zy8m2eVrNsAVKAexjcZXUckd",
    "prev" : "https://api.nasa.gov/neo/rest/v1/feed?start_date=2007-02-07&end_date=2007-02-07&detailed=true&api_key=t0TVs3DtDT2H8Oy2Zy8m2eVrNsAVKAexjcZXUckd",
    "self" : "https://api.nasa.gov/neo/rest/v1/feed?start_date=2007-02-08&end_date=2007-02-08&detailed=true&api_key=t0TVs3DtDT2H8Oy2Zy8m2eVrNsAVKAexjcZXUckd"
  },
  "element_count" : 6,
  "near_earth_objects" : {
    "2007-02-08" : [ {
      "links" : {
        "self" : "https://api.nasa.gov/neo/rest/v1/neo/3366807?api_key=t0TVs3DtDT2H8Oy2Zy8m2eVrNsAVKAexjcZXUckd"
      },
      "neo_reference_id" : "3366807",
      "name" : "(2007 BD7)",
      "nasa_jpl_url" : "http://ssd.jpl.nasa.gov/sbdb.cgi?sstr=3366807",
      "absolute_magnitude_h" : 21.1,
      "estimated_diameter" : {
        "kilometers" : {
          "estimated_diameter_min" : 0.160160338,
          "estimated_diameter_max" : 0.358129403
        },
        "meters" : {
          "estimated_diameter_min" : 160.1603379786,
          "estimated_diameter_max" : 358.1294030194
        },
        "miles" : {
          "estimated_diameter_min" : 0.0995189894,
          "estimated_diameter_max" : 0.2225312253
        },
        "feet" : {
          "estimated_diameter_min" : 525.4604432536,
          "estimated_diameter_max" : 1174.9652706022
        }
      },
      "is_potentially_hazardous_asteroid" : true,
      "close_approach_data" : [ {
        "close_approach_date" : "2007-02-08",
        "epoch_date_close_approach" : 1170921600000,
        "relative_velocity" : {
          "kilometers_per_second" : "12.710186619",
          "kilometers_per_hour" : "45756.6718284169",
          "miles_per_hour" : "28431.4164480516"
        },
        "miss_distance" : {
          "astronomical" : "0.0437093985",
          "lunar" : "17.0029563904",
          "kilometers" : "6538833",
          "miles" : "4063042.25"
        },
        "orbiting_body" : "Earth"
      } ],
      "orbital_data" : {
        "orbit_id" : "22",
        "orbit_determination_date" : "2017-04-06 09:07:11",
        "orbit_uncertainty" : "8",
        "minimum_orbit_intersection" : ".0379223",
        "jupiter_tisserand_invariant" : "4.279",
        "epoch_osculation" : "2454128.5",
        "eccentricity" : ".4979841596501932",
        "semi_major_axis" : "1.561530932603412",
        "inclination" : "4.843713852050041",
        "ascending_node_longitude" : "343.7958896651725",
        "orbital_period" : "712.7288101730059",
        "perihelion_distance" : ".7839132633631192",
        "perihelion_argument" : "219.7008866044472",
        "aphelion_distance" : "2.339148601843704",
        "perihelion_time" : "2454183.987778348436",
        "mean_anomaly" : "331.9730703735855",
        "mean_motion" : ".5051009512476626",
        "equinox" : "J2000"
      }
    }, {
      "links" : {
        "self" : "https://api.nasa.gov/neo/rest/v1/neo/3366886?api_key=t0TVs3DtDT2H8Oy2Zy8m2eVrNsAVKAexjcZXUckd"
      },
      "neo_reference_id" : "3366886",
      "name" : "(2007 BC8)",
      "nasa_jpl_url" : "http://ssd.jpl.nasa.gov/sbdb.cgi?sstr=3366886",
      "absolute_magnitude_h" : 22.5,
      "estimated_diameter" : {
        "kilometers" : {
          "estimated_diameter_min" : 0.0840533402,
          "estimated_diameter_max" : 0.1879489824
        },
        "meters" : {
          "estimated_diameter_min" : 84.0533402073,
          "estimated_diameter_max" : 187.9489824394
        },
        "miles" : {
          "estimated_diameter_min" : 0.0522283081,
          "estimated_diameter_max" : 0.1167860472
        },
        "feet" : {
          "estimated_diameter_min" : 275.7655606856,
          "estimated_diameter_max" : 616.6305395464
        }
      },
      "is_potentially_hazardous_asteroid" : false,
      "close_approach_data" : [ {
        "close_approach_date" : "2007-02-08",
        "epoch_date_close_approach" : 1170921600000,
        "relative_velocity" : {
          "kilometers_per_second" : "7.8058886245",
          "kilometers_per_hour" : "28101.1990481328",
          "miles_per_hour" : "17460.9922641023"
        },
        "miss_distance" : {
          "astronomical" : "0.0872813317",
          "lunar" : "33.9524383545",
          "kilometers" : "13057101",
          "miles" : "8113306.5"
        },
        "orbiting_body" : "Earth"
      } ],
      "orbital_data" : {
        "orbit_id" : "15",
        "orbit_determination_date" : "2017-04-06 09:07:10",
        "orbit_uncertainty" : "7",
        "minimum_orbit_intersection" : ".0409271",
        "jupiter_tisserand_invariant" : "3.626",
        "epoch_osculation" : "2458000.5",
        "eccentricity" : ".4994726165857639",
        "semi_major_axis" : "2.049459438871542",
        "inclination" : "2.174579358585188",
        "ascending_node_longitude" : "10.91932272974679",
        "orbital_period" : "1071.660980495196",
        "perihelion_distance" : "1.025810570351981",
        "perihelion_argument" : "147.7906566530908",
        "aphelion_distance" : "3.073108307391102",
        "perihelion_time" : "2458439.194592078345",
        "mean_anomaly" : "212.6305837175976",
        "mean_motion" : ".3359271323228081",
        "equinox" : "J2000"
      }
    }, {
      "links" : {
        "self" : "https://api.nasa.gov/neo/rest/v1/neo/3368403?api_key=t0TVs3DtDT2H8Oy2Zy8m2eVrNsAVKAexjcZXUckd"
      },
      "neo_reference_id" : "3368403",
      "name" : "(2007 DC)",
      "nasa_jpl_url" : "http://ssd.jpl.nasa.gov/sbdb.cgi?sstr=3368403",
      "absolute_magnitude_h" : 27.5,
      "estimated_diameter" : {
        "kilometers" : {
          "estimated_diameter_min" : 0.008405334,
          "estimated_diameter_max" : 0.0187948982
        },
        "meters" : {
          "estimated_diameter_min" : 8.4053340207,
          "estimated_diameter_max" : 18.7948982439
        },
        "miles" : {
          "estimated_diameter_min" : 0.0052228308,
          "estimated_diameter_max" : 0.0116786047
        },
        "feet" : {
          "estimated_diameter_min" : 27.5765560686,
          "estimated_diameter_max" : 61.6630539546
        }
      },
      "is_potentially_hazardous_asteroid" : false,
      "close_approach_data" : [ {
        "close_approach_date" : "2007-02-08",
        "epoch_date_close_approach" : 1170921600000,
        "relative_velocity" : {
          "kilometers_per_second" : "6.8646162417",
          "kilometers_per_hour" : "24712.6184700193",
          "miles_per_hour" : "15355.4600709962"
        },
        "miss_distance" : {
          "astronomical" : "0.0041994334",
          "lunar" : "1.633579731",
          "kilometers" : "628226.3125",
          "miles" : "390361.75"
        },
        "orbiting_body" : "Earth"
      } ],
      "orbital_data" : {
        "orbit_id" : "8",
        "orbit_determination_date" : "2017-04-06 09:07:00",
        "orbit_uncertainty" : "8",
        "minimum_orbit_intersection" : ".00415614",
        "jupiter_tisserand_invariant" : "4.806",
        "epoch_osculation" : "2454150.5",
        "eccentricity" : ".3260668216581827",
        "semi_major_axis" : "1.354617084272307",
        "inclination" : ".4099891059170518",
        "ascending_node_longitude" : "174.8732905669215",
        "orbital_period" : "575.8684024835197",
        "perihelion_distance" : ".9129213970397613",
        "perihelion_argument" : "278.0736176658544",
        "aphelion_distance" : "1.796312771504853",
        "perihelion_time" : "2454102.460741163067",
        "mean_anomaly" : "30.03139798383156",
        "mean_motion" : ".6251428250750439",
        "equinox" : "J2000"
      }
    }, {
      "links" : {
        "self" : "https://api.nasa.gov/neo/rest/v1/neo/2350523?api_key=t0TVs3DtDT2H8Oy2Zy8m2eVrNsAVKAexjcZXUckd"
      },
      "neo_reference_id" : "2350523",
      "name" : "350523 (2000 EA14)",
      "nasa_jpl_url" : "http://ssd.jpl.nasa.gov/sbdb.cgi?sstr=2350523",
      "absolute_magnitude_h" : 21.1,
      "estimated_diameter" : {
        "kilometers" : {
          "estimated_diameter_min" : 0.160160338,
          "estimated_diameter_max" : 0.358129403
        },
        "meters" : {
          "estimated_diameter_min" : 160.1603379786,
          "estimated_diameter_max" : 358.1294030194
        },
        "miles" : {
          "estimated_diameter_min" : 0.0995189894,
          "estimated_diameter_max" : 0.2225312253
        },
        "feet" : {
          "estimated_diameter_min" : 525.4604432536,
          "estimated_diameter_max" : 1174.9652706022
        }
      },
      "is_potentially_hazardous_asteroid" : true,
      "close_approach_data" : [ {
        "close_approach_date" : "2007-02-08",
        "epoch_date_close_approach" : 1170921600000,
        "relative_velocity" : {
          "kilometers_per_second" : "17.87622044",
          "kilometers_per_hour" : "64354.3935839827",
          "miles_per_hour" : "39987.3175022253"
        },
        "miss_distance" : {
          "astronomical" : "0.4220486092",
          "lunar" : "164.1769104004",
          "kilometers" : "63137572",
          "miles" : "39231868"
        },
        "orbiting_body" : "Earth"
      } ],
      "orbital_data" : {
        "orbit_id" : "47",
        "orbit_determination_date" : "2017-04-06 09:23:06",
        "orbit_uncertainty" : "0",
        "minimum_orbit_intersection" : ".0435129",
        "jupiter_tisserand_invariant" : "5.564",
        "epoch_osculation" : "2458000.5",
        "eccentricity" : ".2026108086371418",
        "semi_major_axis" : "1.116963385329019",
        "inclination" : "3.555530739701942",
        "ascending_node_longitude" : "203.8669226474887",
        "orbital_period" : "431.1782368337563",
        "perihelion_distance" : ".8906545306094267",
        "perihelion_argument" : "205.9893325123956",
        "aphelion_distance" : "1.343272240048611",
        "perihelion_time" : "2457966.023066367650",
        "mean_anomaly" : "28.78553472176149",
        "mean_motion" : ".8349215457708744",
        "equinox" : "J2000"
      }
    }, {
      "links" : {
        "self" : "https://api.nasa.gov/neo/rest/v1/neo/3367904?api_key=t0TVs3DtDT2H8Oy2Zy8m2eVrNsAVKAexjcZXUckd"
      },
      "neo_reference_id" : "3367904",
      "name" : "(2007 CT26)",
      "nasa_jpl_url" : "http://ssd.jpl.nasa.gov/sbdb.cgi?sstr=3367904",
      "absolute_magnitude_h" : 23.4,
      "estimated_diameter" : {
        "kilometers" : {
          "estimated_diameter_min" : 0.0555334912,
          "estimated_diameter_max" : 0.1241766613
        },
        "meters" : {
          "estimated_diameter_min" : 55.5334911581,
          "estimated_diameter_max" : 124.1766612574
        },
        "miles" : {
          "estimated_diameter_min" : 0.0345069009,
          "estimated_diameter_max" : 0.0771597762
        },
        "feet" : {
          "estimated_diameter_min" : 182.1964991311,
          "estimated_diameter_max" : 407.4037573197
        }
      },
      "is_potentially_hazardous_asteroid" : false,
      "close_approach_data" : [ {
        "close_approach_date" : "2007-02-08",
        "epoch_date_close_approach" : 1170921600000,
        "relative_velocity" : {
          "kilometers_per_second" : "10.8844708372",
          "kilometers_per_hour" : "39184.0950138322",
          "miles_per_hour" : "24347.4728156781"
        },
        "miss_distance" : {
          "astronomical" : "0.0061584173",
          "lunar" : "2.3956241608",
          "kilometers" : "921286.0625",
          "miles" : "572460.625"
        },
        "orbiting_body" : "Earth"
      } ],
      "orbital_data" : {
        "orbit_id" : "21",
        "orbit_determination_date" : "2017-04-06 09:07:02",
        "orbit_uncertainty" : "2",
        "minimum_orbit_intersection" : ".00254036",
        "jupiter_tisserand_invariant" : "6.831",
        "epoch_osculation" : "2458000.5",
        "eccentricity" : ".3867949629851297",
        "semi_major_axis" : ".8552311489314504",
        "inclination" : "2.892604278535861",
        "ascending_node_longitude" : "321.6436242761665",
        "orbital_period" : "288.8841352421323",
        "perihelion_distance" : ".52443204833678",
        "perihelion_argument" : "44.51354434991903",
        "aphelion_distance" : "1.186030249526121",
        "perihelion_time" : "2458109.192546315628",
        "mean_anomaly" : "224.5501365423565",
        "mean_motion" : "1.246174351866921",
        "equinox" : "J2000"
      }
    }, {
      "links" : {
        "self" : "https://api.nasa.gov/neo/rest/v1/neo/3755939?api_key=t0TVs3DtDT2H8Oy2Zy8m2eVrNsAVKAexjcZXUckd"
      },
      "neo_reference_id" : "3755939",
      "name" : "(2016 OF)",
      "nasa_jpl_url" : "http://ssd.jpl.nasa.gov/sbdb.cgi?sstr=3755939",
      "absolute_magnitude_h" : 23.1,
      "estimated_diameter" : {
        "kilometers" : {
          "estimated_diameter_min" : 0.063760979,
          "estimated_diameter_max" : 0.1425738833
        },
        "meters" : {
          "estimated_diameter_min" : 63.7609789875,
          "estimated_diameter_max" : 142.5738833281
        },
        "miles" : {
          "estimated_diameter_min" : 0.0396192233,
          "estimated_diameter_max" : 0.0885912765
        },
        "feet" : {
          "estimated_diameter_min" : 209.1895703015,
          "estimated_diameter_max" : 467.7620993781
        }
      },
      "is_potentially_hazardous_asteroid" : false,
      "close_approach_data" : [ {
        "close_approach_date" : "2007-02-08",
        "epoch_date_close_approach" : 1170921600000,
        "relative_velocity" : {
          "kilometers_per_second" : "9.2015725401",
          "kilometers_per_hour" : "33125.6611445216",
          "miles_per_hour" : "20582.9976150501"
        },
        "miss_distance" : {
          "astronomical" : "0.461540076",
          "lunar" : "179.5390930176",
          "kilometers" : "69045416",
          "miles" : "42902832"
        },
        "orbiting_body" : "Earth"
      } ],
      "orbital_data" : {
        "orbit_id" : "10",
        "orbit_determination_date" : "2017-04-06 08:24:50",
        "orbit_uncertainty" : "6",
        "minimum_orbit_intersection" : ".00496622",
        "jupiter_tisserand_invariant" : "4.923",
        "epoch_osculation" : "2458000.5",
        "eccentricity" : ".2395570380603542",
        "semi_major_axis" : "1.307689530046975",
        "inclination" : "14.0302478137724",
        "ascending_node_longitude" : "288.3868113334446",
        "orbital_period" : "546.2046546090061",
        "perihelion_distance" : ".9944232995263849",
        "perihelion_argument" : "329.47782099",
        "aphelion_distance" : "1.620955760567564",
        "perihelion_time" : "2458099.409263920337",
        "mean_anomaly" : "294.8095357466144",
        "mean_motion" : ".6590936143847064",
        "equinox" : "J2000"
      }
    } ]
  }
}