{
  "links" : {
    "next" : "https://api.nasa.gov/neo/rest/v1/feed?start_date=2004-07-23&end_date=2004-07-23&detailed=true&api_key=t0TVs3DtDT2H8Oy2Zy8m2eVrNsAVKAexjcZXUckd",
    "prev" : "https://api.nasa.gov/neo/rest/v1/feed?start_date=2004-07-21&end_date=2004-07-21&detailed=true&api_key=t0TVs3DtDT2H8Oy2Zy8m2eVrNsAVKAexjcZXUckd",
    "self" : "https://api.nasa.gov/neo/rest/v1/feed?start_date=2004-07-22&end_date=2004-07-22&detailed=true&api_key=t0TVs3DtDT2H8Oy2Zy8m2eVrNsAVKAexjcZXUckd"
  },
  "element_count" : 5,
  "near_earth_objects" : {
    "2004-07-22" : [ {
      "links" : {
        "self" : "https://api.nasa.gov/neo/rest/v1/neo/2138925?api_key=t0TVs3DtDT2H8Oy2Zy8m2eVrNsAVKAexjcZXUckd"
      },
      "neo_reference_id" : "2138925",
      "name" : "138925 (2001 AU43)",
      "nasa_jpl_url" : "http://ssd.jpl.nasa.gov/sbdb.cgi?sstr=2138925",
      "absolute_magnitude_h" : 15.9,
      "estimated_diameter" : {
        "kilometers" : {
          "estimated_diameter_min" : 1.7561231848,
          "estimated_diameter_max" : 3.9268108181
        },
        "meters" : {
          "estimated_diameter_min" : 1756.1231848042,
          "estimated_diameter_max" : 3926.8108180856
        },
        "miles" : {
          "estimated_diameter_min" : 1.0912040195,
          "estimated_diameter_max" : 2.4400063648
        },
        "feet" : {
          "estimated_diameter_min" : 5761.559189633,
          "estimated_diameter_max" : 12883.2380044079
        }
      },
      "is_potentially_hazardous_asteroid" : false,
      "close_approach_data" : [ {
        "close_approach_date" : "2004-07-22",
        "epoch_date_close_approach" : 1090479600000,
        "relative_velocity" : {
          "kilometers_per_second" : "35.3083430147",
          "kilometers_per_hour" : "127110.0348529006",
          "miles_per_hour" : "78981.2324895703"
        },
        "miss_distance" : {
          "astronomical" : "0.371156952",
          "lunar" : "144.3800506592",
          "kilometers" : "55524292",
          "miles" : "34501196"
        },
        "orbiting_body" : "Earth"
      } ],
      "orbital_data" : {
        "orbit_id" : "116",
        "orbit_determination_date" : "2017-08-09 06:17:53",
        "orbit_uncertainty" : "0",
        "minimum_orbit_intersection" : ".211635",
        "jupiter_tisserand_invariant" : "3.086",
        "epoch_osculation" : "2458000.5",
        "eccentricity" : ".3767517237982833",
        "semi_major_axis" : "1.896712226602752",
        "inclination" : "72.14643260764323",
        "ascending_node_longitude" : "129.3135510054039",
        "orbital_period" : "954.1147119911575",
        "perihelion_distance" : "1.182122625680885",
        "perihelion_argument" : "149.2734575074961",
        "aphelion_distance" : "2.611301827524619",
        "perihelion_time" : "2457934.247750708995",
        "mean_anomaly" : "24.99784296899397",
        "mean_motion" : ".3773131212374979",
        "equinox" : "J2000"
      }
    }, {
      "links" : {
        "self" : "https://api.nasa.gov/neo/rest/v1/neo/2152671?api_key=t0TVs3DtDT2H8Oy2Zy8m2eVrNsAVKAexjcZXUckd"
      },
      "neo_reference_id" : "2152671",
      "name" : "152671 (1998 HL3)",
      "nasa_jpl_url" : "http://ssd.jpl.nasa.gov/sbdb.cgi?sstr=2152671",
      "absolute_magnitude_h" : 20.1,
      "estimated_diameter" : {
        "kilometers" : {
          "estimated_diameter_min" : 0.2538370294,
          "estimated_diameter_max" : 0.5675968529
        },
        "meters" : {
          "estimated_diameter_min" : 253.8370293645,
          "estimated_diameter_max" : 567.5968528656
        },
        "miles" : {
          "estimated_diameter_min" : 0.1577269688,
          "estimated_diameter_max" : 0.3526882241
        },
        "feet" : {
          "estimated_diameter_min" : 832.7986794202,
          "estimated_diameter_max" : 1862.1944587557
        }
      },
      "is_potentially_hazardous_asteroid" : true,
      "close_approach_data" : [ {
        "close_approach_date" : "2004-07-22",
        "epoch_date_close_approach" : 1090479600000,
        "relative_velocity" : {
          "kilometers_per_second" : "8.5899790094",
          "kilometers_per_hour" : "30923.9244337491",
          "miles_per_hour" : "19214.9240460704"
        },
        "miss_distance" : {
          "astronomical" : "0.2301346649",
          "lunar" : "89.5223846436",
          "kilometers" : "34427656",
          "miles" : "21392354"
        },
        "orbiting_body" : "Earth"
      } ],
      "orbital_data" : {
        "orbit_id" : "77",
        "orbit_determination_date" : "2017-04-06 09:27:14",
        "orbit_uncertainty" : "0",
        "minimum_orbit_intersection" : ".0454035",
        "jupiter_tisserand_invariant" : "5.476",
        "epoch_osculation" : "2458000.5",
        "eccentricity" : ".3660078747798312",
        "semi_major_axis" : "1.128819084295233",
        "inclination" : "2.679506950145568",
        "ascending_node_longitude" : "163.6848804607214",
        "orbital_period" : "438.0613544534804",
        "perihelion_distance" : ".7156624102414193",
        "perihelion_argument" : "188.1255033425081",
        "aphelion_distance" : "1.541975758349046",
        "perihelion_time" : "2458061.570088315484",
        "mean_anomaly" : "309.8124370705953",
        "mean_motion" : ".8218026911986593",
        "equinox" : "J2000"
      }
    }, {
      "links" : {
        "self" : "https://api.nasa.gov/neo/rest/v1/neo/2174881?api_key=t0TVs3DtDT2H8Oy2Zy8m2eVrNsAVKAexjcZXUckd"
      },
      "neo_reference_id" : "2174881",
      "name" : "174881 (2004 BU58)",
      "nasa_jpl_url" : "http://ssd.jpl.nasa.gov/sbdb.cgi?sstr=2174881",
      "absolute_magnitude_h" : 18.0,
      "estimated_diameter" : {
        "kilometers" : {
          "estimated_diameter_min" : 0.6676594135,
          "estimated_diameter_max" : 1.4929318344
        },
        "meters" : {
          "estimated_diameter_min" : 667.6594134952,
          "estimated_diameter_max" : 1492.931834393
        },
        "miles" : {
          "estimated_diameter_min" : 0.4148641974,
          "estimated_diameter_max" : 0.9276645469
        },
        "feet" : {
          "estimated_diameter_min" : 2190.4837101717,
          "estimated_diameter_max" : 4898.07047955
        }
      },
      "is_potentially_hazardous_asteroid" : false,
      "close_approach_data" : [ {
        "close_approach_date" : "2004-07-22",
        "epoch_date_close_approach" : 1090479600000,
        "relative_velocity" : {
          "kilometers_per_second" : "41.8622836699",
          "kilometers_per_hour" : "150704.221211582",
          "miles_per_hour" : "93641.7423411633"
        },
        "miss_distance" : {
          "astronomical" : "0.4582627016",
          "lunar" : "178.2641906738",
          "kilometers" : "68555128",
          "miles" : "42598180"
        },
        "orbiting_body" : "Earth"
      } ],
      "orbital_data" : {
        "orbit_id" : "33",
        "orbit_determination_date" : "2017-04-06 09:25:56",
        "orbit_uncertainty" : "1",
        "minimum_orbit_intersection" : ".457575",
        "jupiter_tisserand_invariant" : "4.591",
        "epoch_osculation" : "2458000.5",
        "eccentricity" : ".5570392329816073",
        "semi_major_axis" : "1.253950890466712",
        "inclination" : "57.22409696178073",
        "ascending_node_longitude" : "120.1816159295756",
        "orbital_period" : "512.8840805236459",
        "perihelion_distance" : ".5554510482445312",
        "perihelion_argument" : "171.7904748394177",
        "aphelion_distance" : "1.952450732688892",
        "perihelion_time" : "2457821.609770043024",
        "mean_anomaly" : "125.5653767197444",
        "mean_motion" : ".701912992956315",
        "equinox" : "J2000"
      }
    }, {
      "links" : {
        "self" : "https://api.nasa.gov/neo/rest/v1/neo/3337592?api_key=t0TVs3DtDT2H8Oy2Zy8m2eVrNsAVKAexjcZXUckd"
      },
      "neo_reference_id" : "3337592",
      "name" : "(2006 OX4)",
      "nasa_jpl_url" : "http://ssd.jpl.nasa.gov/sbdb.cgi?sstr=3337592",
      "absolute_magnitude_h" : 21.1,
      "estimated_diameter" : {
        "kilometers" : {
          "estimated_diameter_min" : 0.160160338,
          "estimated_diameter_max" : 0.358129403
        },
        "meters" : {
          "estimated_diameter_min" : 160.1603379786,
          "estimated_diameter_max" : 358.1294030194
        },
        "miles" : {
          "estimated_diameter_min" : 0.0995189894,
          "estimated_diameter_max" : 0.2225312253
        },
        "feet" : {
          "estimated_diameter_min" : 525.4604432536,
          "estimated_diameter_max" : 1174.9652706022
        }
      },
      "is_potentially_hazardous_asteroid" : false,
      "close_approach_data" : [ {
        "close_approach_date" : "2004-07-22",
        "epoch_date_close_approach" : 1090479600000,
        "relative_velocity" : {
          "kilometers_per_second" : "10.0865496422",
          "kilometers_per_hour" : "36311.5787117605",
          "miles_per_hour" : "22562.6028945381"
        },
        "miss_distance" : {
          "astronomical" : "0.3154566795",
          "lunar" : "122.7126541138",
          "kilometers" : "47191648",
          "miles" : "29323532"
        },
        "orbiting_body" : "Earth"
      } ],
      "orbital_data" : {
        "orbit_id" : "12",
        "orbit_determination_date" : "2017-04-06 09:08:24",
        "orbit_uncertainty" : "6",
        "minimum_orbit_intersection" : ".173675",
        "jupiter_tisserand_invariant" : "4.258",
        "epoch_osculation" : "2458000.5",
        "eccentricity" : ".2641338754696821",
        "semi_major_axis" : "1.605034981598927",
        "inclination" : "18.52889122316511",
        "ascending_node_longitude" : "300.37794946",
        "orbital_period" : "742.7201051352607",
        "perihelion_distance" : "1.181090871644793",
        "perihelion_argument" : "342.3408986484079",
        "aphelion_distance" : "2.028979091553061",
        "perihelion_time" : "2457629.391909944495",
        "mean_anomaly" : "179.877872560958",
        "mean_motion" : ".4847047999790425",
        "equinox" : "J2000"
      }
    }, {
      "links" : {
        "self" : "https://api.nasa.gov/neo/rest/v1/neo/3756040?api_key=t0TVs3DtDT2H8Oy2Zy8m2eVrNsAVKAexjcZXUckd"
      },
      "neo_reference_id" : "3756040",
      "name" : "(2016 NY55)",
      "nasa_jpl_url" : "http://ssd.jpl.nasa.gov/sbdb.cgi?sstr=3756040",
      "absolute_magnitude_h" : 22.8,
      "estimated_diameter" : {
        "kilometers" : {
          "estimated_diameter_min" : 0.0732073989,
          "estimated_diameter_max" : 0.1636967205
        },
        "meters" : {
          "estimated_diameter_min" : 73.2073989347,
          "estimated_diameter_max" : 163.696720474
        },
        "miles" : {
          "estimated_diameter_min" : 0.0454889547,
          "estimated_diameter_max" : 0.1017163949
        },
        "feet" : {
          "estimated_diameter_min" : 240.181762721,
          "estimated_diameter_max" : 537.0627483999
        }
      },
      "is_potentially_hazardous_asteroid" : false,
      "close_approach_data" : [ {
        "close_approach_date" : "2004-07-22",
        "epoch_date_close_approach" : 1090479600000,
        "relative_velocity" : {
          "kilometers_per_second" : "24.0274354878",
          "kilometers_per_hour" : "86498.7677561524",
          "miles_per_hour" : "53746.9704427048"
        },
        "miss_distance" : {
          "astronomical" : "0.475359365",
          "lunar" : "184.9147949219",
          "kilometers" : "71112744",
          "miles" : "44187412"
        },
        "orbiting_body" : "Earth"
      } ],
      "orbital_data" : {
        "orbit_id" : "5",
        "orbit_determination_date" : "2017-04-06 08:24:53",
        "orbit_uncertainty" : "7",
        "minimum_orbit_intersection" : ".0337276",
        "jupiter_tisserand_invariant" : "4.870",
        "epoch_osculation" : "2458000.5",
        "eccentricity" : ".3843370187190933",
        "semi_major_axis" : "1.314360627623068",
        "inclination" : "10.82145180670699",
        "ascending_node_longitude" : "277.5465538864117",
        "orbital_period" : "550.3896247286793",
        "perihelion_distance" : ".8092031824806618",
        "perihelion_argument" : "123.9208686159453",
        "aphelion_distance" : "1.819518072765475",
        "perihelion_time" : "2458220.983943548131",
        "mean_anomaly" : "215.7853998129862",
        "mean_motion" : ".6540820971642879",
        "equinox" : "J2000"
      }
    } ]
  }
}