{
  "links" : {
    "next" : "https://api.nasa.gov/neo/rest/v1/feed?start_date=2000-08-09&end_date=2000-08-09&detailed=true&api_key=t0TVs3DtDT2H8Oy2Zy8m2eVrNsAVKAexjcZXUckd",
    "prev" : "https://api.nasa.gov/neo/rest/v1/feed?start_date=2000-08-07&end_date=2000-08-07&detailed=true&api_key=t0TVs3DtDT2H8Oy2Zy8m2eVrNsAVKAexjcZXUckd",
    "self" : "https://api.nasa.gov/neo/rest/v1/feed?start_date=2000-08-08&end_date=2000-08-08&detailed=true&api_key=t0TVs3DtDT2H8Oy2Zy8m2eVrNsAVKAexjcZXUckd"
  },
  "element_count" : 6,
  "near_earth_objects" : {
    "2000-08-08" : [ {
      "links" : {
        "self" : "https://api.nasa.gov/neo/rest/v1/neo/2367943?api_key=t0TVs3DtDT2H8Oy2Zy8m2eVrNsAVKAexjcZXUckd"
      },
      "neo_reference_id" : "2367943",
      "name" : "367943 Duende (2012 DA14)",
      "nasa_jpl_url" : "http://ssd.jpl.nasa.gov/sbdb.cgi?sstr=2367943",
      "absolute_magnitude_h" : 24.0,
      "estimated_diameter" : {
        "kilometers" : {
          "estimated_diameter_min" : 0.0421264611,
          "estimated_diameter_max" : 0.0941976306
        },
        "meters" : {
          "estimated_diameter_min" : 42.1264610556,
          "estimated_diameter_max" : 94.1976305719
        },
        "miles" : {
          "estimated_diameter_min" : 0.0261761612,
          "estimated_diameter_max" : 0.0585316759
        },
        "feet" : {
          "estimated_diameter_min" : 138.2101784897,
          "estimated_diameter_max" : 309.0473542854
        }
      },
      "is_potentially_hazardous_asteroid" : false,
      "close_approach_data" : [ {
        "close_approach_date" : "2000-08-08",
        "epoch_date_close_approach" : 965718000000,
        "relative_velocity" : {
          "kilometers_per_second" : "10.7547308012",
          "kilometers_per_hour" : "38717.0308842674",
          "miles_per_hour" : "24057.2573291716"
        },
        "miss_distance" : {
          "astronomical" : "0.2173426732",
          "lunar" : "84.5463027954",
          "kilometers" : "32514002",
          "miles" : "20203264"
        },
        "orbiting_body" : "Earth"
      } ],
      "orbital_data" : {
        "orbit_id" : "80",
        "orbit_determination_date" : "2017-04-06 09:22:36",
        "orbit_uncertainty" : "0",
        "minimum_orbit_intersection" : ".00172365",
        "jupiter_tisserand_invariant" : "6.532",
        "epoch_osculation" : "2458000.5",
        "eccentricity" : ".08934798500351414",
        "semi_major_axis" : ".910284163483397",
        "inclination" : "11.60915288087941",
        "ascending_node_longitude" : "146.9612496093153",
        "orbital_period" : "317.2224446928078",
        "perihelion_distance" : ".8289521076955461",
        "perihelion_argument" : "195.5895845340659",
        "aphelion_distance" : ".991616219271248",
        "perihelion_time" : "2458100.272452815114",
        "mean_anomaly" : "246.7731977533194",
        "mean_motion" : "1.134850342473772",
        "equinox" : "J2000"
      }
    }, {
      "links" : {
        "self" : "https://api.nasa.gov/neo/rest/v1/neo/3046122?api_key=t0TVs3DtDT2H8Oy2Zy8m2eVrNsAVKAexjcZXUckd"
      },
      "neo_reference_id" : "3046122",
      "name" : "(2000 PP9)",
      "nasa_jpl_url" : "http://ssd.jpl.nasa.gov/sbdb.cgi?sstr=3046122",
      "absolute_magnitude_h" : 19.1,
      "estimated_diameter" : {
        "kilometers" : {
          "estimated_diameter_min" : 0.4023045798,
          "estimated_diameter_max" : 0.8995803882
        },
        "meters" : {
          "estimated_diameter_min" : 402.3045798343,
          "estimated_diameter_max" : 899.5803881691
        },
        "miles" : {
          "estimated_diameter_min" : 0.2499803991,
          "estimated_diameter_max" : 0.5589731654
        },
        "feet" : {
          "estimated_diameter_min" : 1319.8969577037,
          "estimated_diameter_max" : 2951.3793207207
        }
      },
      "is_potentially_hazardous_asteroid" : true,
      "close_approach_data" : [ {
        "close_approach_date" : "2000-08-08",
        "epoch_date_close_approach" : 965718000000,
        "relative_velocity" : {
          "kilometers_per_second" : "8.1349024926",
          "kilometers_per_hour" : "29285.648973423",
          "miles_per_hour" : "18196.9633857361"
        },
        "miss_distance" : {
          "astronomical" : "0.0845305075",
          "lunar" : "32.8823699951",
          "kilometers" : "12645584",
          "miles" : "7857602"
        },
        "orbiting_body" : "Earth"
      } ],
      "orbital_data" : {
        "orbit_id" : "43",
        "orbit_determination_date" : "2017-04-06 09:16:55",
        "orbit_uncertainty" : "0",
        "minimum_orbit_intersection" : ".0469681",
        "jupiter_tisserand_invariant" : "3.345",
        "epoch_osculation" : "2458000.5",
        "eccentricity" : ".550595373250094",
        "semi_major_axis" : "2.330320179781954",
        "inclination" : "5.592323226483876",
        "ascending_node_longitude" : "171.7153136120808",
        "orbital_period" : "1299.337045754435",
        "perihelion_distance" : "1.047256670602683",
        "perihelion_argument" : "159.5388808135157",
        "aphelion_distance" : "3.613383688961225",
        "perihelion_time" : "2458259.267157024924",
        "mean_anomaly" : "288.3048406621216",
        "mean_motion" : ".2770643700002972",
        "equinox" : "J2000"
      }
    }, {
      "links" : {
        "self" : "https://api.nasa.gov/neo/rest/v1/neo/3092269?api_key=t0TVs3DtDT2H8Oy2Zy8m2eVrNsAVKAexjcZXUckd"
      },
      "neo_reference_id" : "3092269",
      "name" : "(2000 PN8)",
      "nasa_jpl_url" : "http://ssd.jpl.nasa.gov/sbdb.cgi?sstr=3092269",
      "absolute_magnitude_h" : 22.1,
      "estimated_diameter" : {
        "kilometers" : {
          "estimated_diameter_min" : 0.1010543415,
          "estimated_diameter_max" : 0.2259643771
        },
        "meters" : {
          "estimated_diameter_min" : 101.054341542,
          "estimated_diameter_max" : 225.9643771094
        },
        "miles" : {
          "estimated_diameter_min" : 0.0627922373,
          "estimated_diameter_max" : 0.140407711
        },
        "feet" : {
          "estimated_diameter_min" : 331.5431259047,
          "estimated_diameter_max" : 741.3529669956
        }
      },
      "is_potentially_hazardous_asteroid" : false,
      "close_approach_data" : [ {
        "close_approach_date" : "2000-08-08",
        "epoch_date_close_approach" : 965718000000,
        "relative_velocity" : {
          "kilometers_per_second" : "11.9563230812",
          "kilometers_per_hour" : "43042.7630923002",
          "miles_per_hour" : "26745.099100324"
        },
        "miss_distance" : {
          "astronomical" : "0.114030236",
          "lunar" : "44.3577613831",
          "kilometers" : "17058680",
          "miles" : "10599773"
        },
        "orbiting_body" : "Earth"
      } ],
      "orbital_data" : {
        "orbit_id" : "26",
        "orbit_determination_date" : "2017-04-06 09:16:56",
        "orbit_uncertainty" : "0",
        "minimum_orbit_intersection" : ".0786584",
        "jupiter_tisserand_invariant" : "5.041",
        "epoch_osculation" : "2455920.5",
        "eccentricity" : ".2170798862058015",
        "semi_major_axis" : "1.252208036454139",
        "inclination" : "22.38684494543919",
        "ascending_node_longitude" : "142.8084549988845",
        "orbital_period" : "511.815173344281",
        "perihelion_distance" : ".9803788583946842",
        "perihelion_argument" : "112.1444782893274",
        "aphelion_distance" : "1.524037214513593",
        "perihelion_time" : "2455796.773433761378",
        "mean_anomaly" : "87.02665760153675",
        "mean_motion" : ".7033789124454894",
        "equinox" : "J2000"
      }
    }, {
      "links" : {
        "self" : "https://api.nasa.gov/neo/rest/v1/neo/3646734?api_key=t0TVs3DtDT2H8Oy2Zy8m2eVrNsAVKAexjcZXUckd"
      },
      "neo_reference_id" : "3646734",
      "name" : "(2013 QC11)",
      "nasa_jpl_url" : "http://ssd.jpl.nasa.gov/sbdb.cgi?sstr=3646734",
      "absolute_magnitude_h" : 21.6,
      "estimated_diameter" : {
        "kilometers" : {
          "estimated_diameter_min" : 0.1272198785,
          "estimated_diameter_max" : 0.2844722965
        },
        "meters" : {
          "estimated_diameter_min" : 127.2198785394,
          "estimated_diameter_max" : 284.4722965033
        },
        "miles" : {
          "estimated_diameter_min" : 0.0790507431,
          "estimated_diameter_max" : 0.1767628354
        },
        "feet" : {
          "estimated_diameter_min" : 417.3880663071,
          "estimated_diameter_max" : 933.3080892598
        }
      },
      "is_potentially_hazardous_asteroid" : true,
      "close_approach_data" : [ {
        "close_approach_date" : "2000-08-08",
        "epoch_date_close_approach" : 965718000000,
        "relative_velocity" : {
          "kilometers_per_second" : "16.9219194449",
          "kilometers_per_hour" : "60918.9100016965",
          "miles_per_hour" : "37852.6416063319"
        },
        "miss_distance" : {
          "astronomical" : "0.0884991217",
          "lunar" : "34.426158905",
          "kilometers" : "13239280",
          "miles" : "8226507.5"
        },
        "orbiting_body" : "Earth"
      } ],
      "orbital_data" : {
        "orbit_id" : "19",
        "orbit_determination_date" : "2017-04-06 08:45:02",
        "orbit_uncertainty" : "1",
        "minimum_orbit_intersection" : ".031109",
        "jupiter_tisserand_invariant" : "4.289",
        "epoch_osculation" : "2458000.5",
        "eccentricity" : ".6189087825825096",
        "semi_major_axis" : "1.511095676652146",
        "inclination" : "2.144367466202242",
        "ascending_node_longitude" : "250.5930476099334",
        "orbital_period" : "678.478939568696",
        "perihelion_distance" : ".5758652910496729",
        "perihelion_argument" : "332.5616243790551",
        "aphelion_distance" : "2.44632606225462",
        "perihelion_time" : "2457820.926469768332",
        "mean_anomaly" : "95.28147023177415",
        "mean_motion" : ".5305986361623094",
        "equinox" : "J2000"
      }
    }, {
      "links" : {
        "self" : "https://api.nasa.gov/neo/rest/v1/neo/3743610?api_key=t0TVs3DtDT2H8Oy2Zy8m2eVrNsAVKAexjcZXUckd"
      },
      "neo_reference_id" : "3743610",
      "name" : "(2016 CF194)",
      "nasa_jpl_url" : "http://ssd.jpl.nasa.gov/sbdb.cgi?sstr=3743610",
      "absolute_magnitude_h" : 24.1,
      "estimated_diameter" : {
        "kilometers" : {
          "estimated_diameter_min" : 0.040230458,
          "estimated_diameter_max" : 0.0899580388
        },
        "meters" : {
          "estimated_diameter_min" : 40.2304579834,
          "estimated_diameter_max" : 89.9580388169
        },
        "miles" : {
          "estimated_diameter_min" : 0.0249980399,
          "estimated_diameter_max" : 0.0558973165
        },
        "feet" : {
          "estimated_diameter_min" : 131.9896957704,
          "estimated_diameter_max" : 295.1379320721
        }
      },
      "is_potentially_hazardous_asteroid" : false,
      "close_approach_data" : [ {
        "close_approach_date" : "2000-08-08",
        "epoch_date_close_approach" : 965718000000,
        "relative_velocity" : {
          "kilometers_per_second" : "4.4239578881",
          "kilometers_per_hour" : "15926.2483972291",
          "miles_per_hour" : "9895.9513999338"
        },
        "miss_distance" : {
          "astronomical" : "0.3382392658",
          "lunar" : "131.5750732422",
          "kilometers" : "50599872",
          "miles" : "31441304"
        },
        "orbiting_body" : "Earth"
      } ],
      "orbital_data" : {
        "orbit_id" : "38",
        "orbit_determination_date" : "2017-04-20 12:26:27",
        "orbit_uncertainty" : "4",
        "minimum_orbit_intersection" : ".0344087",
        "jupiter_tisserand_invariant" : "5.008",
        "epoch_osculation" : "2458000.5",
        "eccentricity" : ".2043162313789721",
        "semi_major_axis" : "1.290002690606399",
        "inclination" : "1.642619370645598",
        "ascending_node_longitude" : "114.9702993628403",
        "orbital_period" : "535.1608699591621",
        "perihelion_distance" : "1.026434202392965",
        "perihelion_argument" : "101.3042524777306",
        "aphelion_distance" : "1.553571178819832",
        "perihelion_time" : "2458043.719728874056",
        "mean_anomaly" : "330.926307829929",
        "mean_motion" : ".672694922607984",
        "equinox" : "J2000"
      }
    }, {
      "links" : {
        "self" : "https://api.nasa.gov/neo/rest/v1/neo/3716630?api_key=t0TVs3DtDT2H8Oy2Zy8m2eVrNsAVKAexjcZXUckd"
      },
      "neo_reference_id" : "3716630",
      "name" : "(2015 HF9)",
      "nasa_jpl_url" : "http://ssd.jpl.nasa.gov/sbdb.cgi?sstr=3716630",
      "absolute_magnitude_h" : 20.3,
      "estimated_diameter" : {
        "kilometers" : {
          "estimated_diameter_min" : 0.2315021222,
          "estimated_diameter_max" : 0.5176544822
        },
        "meters" : {
          "estimated_diameter_min" : 231.5021222103,
          "estimated_diameter_max" : 517.6544821978
        },
        "miles" : {
          "estimated_diameter_min" : 0.1438487052,
          "estimated_diameter_max" : 0.3216554833
        },
        "feet" : {
          "estimated_diameter_min" : 759.5214226325,
          "estimated_diameter_max" : 1698.3415313737
        }
      },
      "is_potentially_hazardous_asteroid" : false,
      "close_approach_data" : [ {
        "close_approach_date" : "2000-08-08",
        "epoch_date_close_approach" : 965718000000,
        "relative_velocity" : {
          "kilometers_per_second" : "21.7988952859",
          "kilometers_per_hour" : "78476.0230292321",
          "miles_per_hour" : "48761.9488650248"
        },
        "miss_distance" : {
          "astronomical" : "0.3200918364",
          "lunar" : "124.5157241821",
          "kilometers" : "47885060",
          "miles" : "29754396"
        },
        "orbiting_body" : "Earth"
      } ],
      "orbital_data" : {
        "orbit_id" : "10",
        "orbit_determination_date" : "2017-07-16 06:21:40",
        "orbit_uncertainty" : "3",
        "minimum_orbit_intersection" : ".246397",
        "jupiter_tisserand_invariant" : "4.685",
        "epoch_osculation" : "2458000.5",
        "eccentricity" : ".5404088641111258",
        "semi_major_axis" : "1.346834631849346",
        "inclination" : "16.41260761365391",
        "ascending_node_longitude" : "211.7190004547103",
        "orbital_period" : "570.9128781035132",
        "perihelion_distance" : ".6189932583061145",
        "perihelion_argument" : "204.3157396037926",
        "aphelion_distance" : "2.074676005392577",
        "perihelion_time" : "2458096.131305936009",
        "mean_anomaly" : "299.6978567880172",
        "mean_motion" : ".6305690654515728",
        "equinox" : "J2000"
      }
    } ]
  }
}