{
  "links" : {
    "next" : "https://api.nasa.gov/neo/rest/v1/feed?start_date=2006-01-23&end_date=2006-01-23&detailed=true&api_key=t0TVs3DtDT2H8Oy2Zy8m2eVrNsAVKAexjcZXUckd",
    "prev" : "https://api.nasa.gov/neo/rest/v1/feed?start_date=2006-01-21&end_date=2006-01-21&detailed=true&api_key=t0TVs3DtDT2H8Oy2Zy8m2eVrNsAVKAexjcZXUckd",
    "self" : "https://api.nasa.gov/neo/rest/v1/feed?start_date=2006-01-22&end_date=2006-01-22&detailed=true&api_key=t0TVs3DtDT2H8Oy2Zy8m2eVrNsAVKAexjcZXUckd"
  },
  "element_count" : 6,
  "near_earth_objects" : {
    "2006-01-22" : [ {
      "links" : {
        "self" : "https://api.nasa.gov/neo/rest/v1/neo/2267223?api_key=t0TVs3DtDT2H8Oy2Zy8m2eVrNsAVKAexjcZXUckd"
      },
      "neo_reference_id" : "2267223",
      "name" : "267223 (2001 DQ8)",
      "nasa_jpl_url" : "http://ssd.jpl.nasa.gov/sbdb.cgi?sstr=2267223",
      "absolute_magnitude_h" : 18.1,
      "estimated_diameter" : {
        "kilometers" : {
          "estimated_diameter_min" : 0.6376097899,
          "estimated_diameter_max" : 1.4257388333
        },
        "meters" : {
          "estimated_diameter_min" : 637.6097898754,
          "estimated_diameter_max" : 1425.7388332807
        },
        "miles" : {
          "estimated_diameter_min" : 0.3961922327,
          "estimated_diameter_max" : 0.8859127646
        },
        "feet" : {
          "estimated_diameter_min" : 2091.8957030147,
          "estimated_diameter_max" : 4677.6209937807
        }
      },
      "is_potentially_hazardous_asteroid" : false,
      "close_approach_data" : [ {
        "close_approach_date" : "2006-01-22",
        "epoch_date_close_approach" : 1137916800000,
        "relative_velocity" : {
          "kilometers_per_second" : "25.1070608314",
          "kilometers_per_hour" : "90385.4189932146",
          "miles_per_hour" : "56161.9843738672"
        },
        "miss_distance" : {
          "astronomical" : "0.3392889613",
          "lunar" : "131.9833984375",
          "kilometers" : "50756904",
          "miles" : "31538878"
        },
        "orbiting_body" : "Earth"
      } ],
      "orbital_data" : {
        "orbit_id" : "65",
        "orbit_determination_date" : "2017-04-06 09:24:38",
        "orbit_uncertainty" : "0",
        "minimum_orbit_intersection" : ".106558",
        "jupiter_tisserand_invariant" : "3.327",
        "epoch_osculation" : "2458000.5",
        "eccentricity" : ".9009731529779084",
        "semi_major_axis" : "1.842706954621161",
        "inclination" : "12.79057410499854",
        "ascending_node_longitude" : "342.7271352124852",
        "orbital_period" : "913.6562707105129",
        "perihelion_distance" : ".1824774597018141",
        "perihelion_argument" : "14.77481046733027",
        "aphelion_distance" : "3.502936449540508",
        "perihelion_time" : "2458278.170150727706",
        "mean_anomaly" : "250.5920558239716",
        "mean_motion" : ".3940212654809919",
        "equinox" : "J2000"
      }
    }, {
      "links" : {
        "self" : "https://api.nasa.gov/neo/rest/v1/neo/3092226?api_key=t0TVs3DtDT2H8Oy2Zy8m2eVrNsAVKAexjcZXUckd"
      },
      "neo_reference_id" : "3092226",
      "name" : "(1999 LK1)",
      "nasa_jpl_url" : "http://ssd.jpl.nasa.gov/sbdb.cgi?sstr=3092226",
      "absolute_magnitude_h" : 22.0,
      "estimated_diameter" : {
        "kilometers" : {
          "estimated_diameter_min" : 0.1058168859,
          "estimated_diameter_max" : 0.2366137501
        },
        "meters" : {
          "estimated_diameter_min" : 105.8168859331,
          "estimated_diameter_max" : 236.6137501138
        },
        "miles" : {
          "estimated_diameter_min" : 0.0657515442,
          "estimated_diameter_max" : 0.1470249225
        },
        "feet" : {
          "estimated_diameter_min" : 347.1682720448,
          "estimated_diameter_max" : 776.2918559233
        }
      },
      "is_potentially_hazardous_asteroid" : false,
      "close_approach_data" : [ {
        "close_approach_date" : "2006-01-22",
        "epoch_date_close_approach" : 1137916800000,
        "relative_velocity" : {
          "kilometers_per_second" : "14.0258049873",
          "kilometers_per_hour" : "50492.8979544337",
          "miles_per_hour" : "31374.3231761869"
        },
        "miss_distance" : {
          "astronomical" : "0.3968843813",
          "lunar" : "154.3880310059",
          "kilometers" : "59373060",
          "miles" : "36892708"
        },
        "orbiting_body" : "Earth"
      } ],
      "orbital_data" : {
        "orbit_id" : "14",
        "orbit_determination_date" : "2017-04-06 09:17:27",
        "orbit_uncertainty" : "1",
        "minimum_orbit_intersection" : ".028505",
        "jupiter_tisserand_invariant" : "6.506",
        "epoch_osculation" : "2458000.5",
        "eccentricity" : ".3326731360320523",
        "semi_major_axis" : ".9072079081782338",
        "inclination" : "11.90664014079615",
        "ascending_node_longitude" : "240.0099281167557",
        "orbital_period" : "315.6157503133152",
        "perihelion_distance" : ".6054042083315027",
        "perihelion_argument" : "223.6172195103526",
        "aphelion_distance" : "1.209011608024965",
        "perihelion_time" : "2457852.631198949739",
        "mean_anomaly" : "168.6632188832438",
        "mean_motion" : "1.140627486564356",
        "equinox" : "J2000"
      }
    }, {
      "links" : {
        "self" : "https://api.nasa.gov/neo/rest/v1/neo/3313157?api_key=t0TVs3DtDT2H8Oy2Zy8m2eVrNsAVKAexjcZXUckd"
      },
      "neo_reference_id" : "3313157",
      "name" : "(2006 BA)",
      "nasa_jpl_url" : "http://ssd.jpl.nasa.gov/sbdb.cgi?sstr=3313157",
      "absolute_magnitude_h" : 27.6,
      "estimated_diameter" : {
        "kilometers" : {
          "estimated_diameter_min" : 0.0080270317,
          "estimated_diameter_max" : 0.0179489885
        },
        "meters" : {
          "estimated_diameter_min" : 8.0270316728,
          "estimated_diameter_max" : 17.948988478
        },
        "miles" : {
          "estimated_diameter_min" : 0.0049877647,
          "estimated_diameter_max" : 0.0111529809
        },
        "feet" : {
          "estimated_diameter_min" : 26.3354065935,
          "estimated_diameter_max" : 58.8877593581
        }
      },
      "is_potentially_hazardous_asteroid" : false,
      "close_approach_data" : [ {
        "close_approach_date" : "2006-01-22",
        "epoch_date_close_approach" : 1137916800000,
        "relative_velocity" : {
          "kilometers_per_second" : "6.4683186017",
          "kilometers_per_hour" : "23285.946966018",
          "miles_per_hour" : "14468.9818800794"
        },
        "miss_distance" : {
          "astronomical" : "0.0034044838",
          "lunar" : "1.3243442774",
          "kilometers" : "509303.53125",
          "miles" : "316466.5625"
        },
        "orbiting_body" : "Earth"
      } ],
      "orbital_data" : {
        "orbit_id" : "8",
        "orbit_determination_date" : "2017-04-06 09:09:23",
        "orbit_uncertainty" : "6",
        "minimum_orbit_intersection" : ".0040996",
        "jupiter_tisserand_invariant" : "5.548",
        "epoch_osculation" : "2458000.5",
        "eccentricity" : ".2178886323566262",
        "semi_major_axis" : "1.120583139837939",
        "inclination" : "3.546287013586215",
        "ascending_node_longitude" : "298.5779894113601",
        "orbital_period" : "433.2759195296975",
        "perihelion_distance" : ".8764208120567568",
        "perihelion_argument" : "250.8059753946524",
        "aphelion_distance" : "1.364745467619122",
        "perihelion_time" : "2458145.062220856443",
        "mean_anomaly" : "239.8862407012847",
        "mean_motion" : ".8308793167890904",
        "equinox" : "J2000"
      }
    }, {
      "links" : {
        "self" : "https://api.nasa.gov/neo/rest/v1/neo/3313180?api_key=t0TVs3DtDT2H8Oy2Zy8m2eVrNsAVKAexjcZXUckd"
      },
      "neo_reference_id" : "3313180",
      "name" : "(2006 BC)",
      "nasa_jpl_url" : "http://ssd.jpl.nasa.gov/sbdb.cgi?sstr=3313180",
      "absolute_magnitude_h" : 19.1,
      "estimated_diameter" : {
        "kilometers" : {
          "estimated_diameter_min" : 0.4023045798,
          "estimated_diameter_max" : 0.8995803882
        },
        "meters" : {
          "estimated_diameter_min" : 402.3045798343,
          "estimated_diameter_max" : 899.5803881691
        },
        "miles" : {
          "estimated_diameter_min" : 0.2499803991,
          "estimated_diameter_max" : 0.5589731654
        },
        "feet" : {
          "estimated_diameter_min" : 1319.8969577037,
          "estimated_diameter_max" : 2951.3793207207
        }
      },
      "is_potentially_hazardous_asteroid" : false,
      "close_approach_data" : [ {
        "close_approach_date" : "2006-01-22",
        "epoch_date_close_approach" : 1137916800000,
        "relative_velocity" : {
          "kilometers_per_second" : "25.0697443255",
          "kilometers_per_hour" : "90251.0795718626",
          "miles_per_hour" : "56078.5110817499"
        },
        "miss_distance" : {
          "astronomical" : "0.2487066773",
          "lunar" : "96.7469024658",
          "kilometers" : "37205992",
          "miles" : "23118730"
        },
        "orbiting_body" : "Earth"
      } ],
      "orbital_data" : {
        "orbit_id" : "16",
        "orbit_determination_date" : "2017-04-06 09:09:23",
        "orbit_uncertainty" : "1",
        "minimum_orbit_intersection" : ".147888",
        "jupiter_tisserand_invariant" : "4.256",
        "epoch_osculation" : "2458000.5",
        "eccentricity" : ".8273918029862679",
        "semi_major_axis" : "1.406091449590534",
        "inclination" : "18.09841198718853",
        "ascending_node_longitude" : "320.8678480961157",
        "orbital_period" : "609.0020826710374",
        "perihelion_distance" : ".2427029099502471",
        "perihelion_argument" : "281.4034876568707",
        "aphelion_distance" : "2.569479989230821",
        "perihelion_time" : "2458064.040927250298",
        "mean_anomaly" : "322.4389891906767",
        "mean_motion" : ".5911309833639108",
        "equinox" : "J2000"
      }
    }, {
      "links" : {
        "self" : "https://api.nasa.gov/neo/rest/v1/neo/3313555?api_key=t0TVs3DtDT2H8Oy2Zy8m2eVrNsAVKAexjcZXUckd"
      },
      "neo_reference_id" : "3313555",
      "name" : "(2006 BO6)",
      "nasa_jpl_url" : "http://ssd.jpl.nasa.gov/sbdb.cgi?sstr=3313555",
      "absolute_magnitude_h" : 22.5,
      "estimated_diameter" : {
        "kilometers" : {
          "estimated_diameter_min" : 0.0840533402,
          "estimated_diameter_max" : 0.1879489824
        },
        "meters" : {
          "estimated_diameter_min" : 84.0533402073,
          "estimated_diameter_max" : 187.9489824394
        },
        "miles" : {
          "estimated_diameter_min" : 0.0522283081,
          "estimated_diameter_max" : 0.1167860472
        },
        "feet" : {
          "estimated_diameter_min" : 275.7655606856,
          "estimated_diameter_max" : 616.6305395464
        }
      },
      "is_potentially_hazardous_asteroid" : false,
      "close_approach_data" : [ {
        "close_approach_date" : "2006-01-22",
        "epoch_date_close_approach" : 1137916800000,
        "relative_velocity" : {
          "kilometers_per_second" : "13.362799294",
          "kilometers_per_hour" : "48106.0774582956",
          "miles_per_hour" : "29891.2457406837"
        },
        "miss_distance" : {
          "astronomical" : "0.1056791645",
          "lunar" : "41.1091957092",
          "kilometers" : "15809378",
          "miles" : "9823492"
        },
        "orbiting_body" : "Earth"
      } ],
      "orbital_data" : {
        "orbit_id" : "10",
        "orbit_determination_date" : "2017-04-06 09:09:22",
        "orbit_uncertainty" : "7",
        "minimum_orbit_intersection" : ".0628816",
        "jupiter_tisserand_invariant" : "2.931",
        "epoch_osculation" : "2458000.5",
        "eccentricity" : ".645043586719845",
        "semi_major_axis" : "2.874177070396942",
        "inclination" : "9.433122770378809",
        "ascending_node_longitude" : "294.7766753379835",
        "orbital_period" : "1779.789775000324",
        "perihelion_distance" : "1.020207584040162",
        "perihelion_argument" : "152.6496703382973",
        "aphelion_distance" : "4.728146556753721",
        "perihelion_time" : "2457291.808845642300",
        "mean_anomaly" : "143.3477251934014",
        "mean_motion" : ".2022710800211978",
        "equinox" : "J2000"
      }
    }, {
      "links" : {
        "self" : "https://api.nasa.gov/neo/rest/v1/neo/3313733?api_key=t0TVs3DtDT2H8Oy2Zy8m2eVrNsAVKAexjcZXUckd"
      },
      "neo_reference_id" : "3313733",
      "name" : "(2006 BC8)",
      "nasa_jpl_url" : "http://ssd.jpl.nasa.gov/sbdb.cgi?sstr=3313733",
      "absolute_magnitude_h" : 25.1,
      "estimated_diameter" : {
        "kilometers" : {
          "estimated_diameter_min" : 0.0253837029,
          "estimated_diameter_max" : 0.0567596853
        },
        "meters" : {
          "estimated_diameter_min" : 25.3837029364,
          "estimated_diameter_max" : 56.7596852866
        },
        "miles" : {
          "estimated_diameter_min" : 0.0157726969,
          "estimated_diameter_max" : 0.0352688224
        },
        "feet" : {
          "estimated_diameter_min" : 83.279867942,
          "estimated_diameter_max" : 186.2194458756
        }
      },
      "is_potentially_hazardous_asteroid" : false,
      "close_approach_data" : [ {
        "close_approach_date" : "2006-01-22",
        "epoch_date_close_approach" : 1137916800000,
        "relative_velocity" : {
          "kilometers_per_second" : "12.8592805197",
          "kilometers_per_hour" : "46293.4098710935",
          "miles_per_hour" : "28764.9245946248"
        },
        "miss_distance" : {
          "astronomical" : "0.0121525651",
          "lunar" : "4.7273478508",
          "kilometers" : "1817997.875",
          "miles" : "1129651.5"
        },
        "orbiting_body" : "Earth"
      } ],
      "orbital_data" : {
        "orbit_id" : "17",
        "orbit_determination_date" : "2017-04-06 09:09:19",
        "orbit_uncertainty" : "7",
        "minimum_orbit_intersection" : ".00177365",
        "jupiter_tisserand_invariant" : "5.110",
        "epoch_osculation" : "2458000.5",
        "eccentricity" : ".4316864973414467",
        "semi_major_axis" : "1.227028435690636",
        "inclination" : "6.892522370391887",
        "ascending_node_longitude" : "303.3197381163991",
        "orbital_period" : "496.4555474672371",
        "perihelion_distance" : ".6973368281489908",
        "perihelion_argument" : "91.21390425795599",
        "aphelion_distance" : "1.756720043232281",
        "perihelion_time" : "2458169.097945534073",
        "mean_anomaly" : "237.742809599138",
        "mean_motion" : ".7251404518221396",
        "equinox" : "J2000"
      }
    } ]
  }
}