{
  "links" : {
    "next" : "https://api.nasa.gov/neo/rest/v1/feed?start_date=1996-02-23&end_date=1996-02-23&detailed=true&api_key=t0TVs3DtDT2H8Oy2Zy8m2eVrNsAVKAexjcZXUckd",
    "prev" : "https://api.nasa.gov/neo/rest/v1/feed?start_date=1996-02-21&end_date=1996-02-21&detailed=true&api_key=t0TVs3DtDT2H8Oy2Zy8m2eVrNsAVKAexjcZXUckd",
    "self" : "https://api.nasa.gov/neo/rest/v1/feed?start_date=1996-02-22&end_date=1996-02-22&detailed=true&api_key=t0TVs3DtDT2H8Oy2Zy8m2eVrNsAVKAexjcZXUckd"
  },
  "element_count" : 5,
  "near_earth_objects" : {
    "1996-02-22" : [ {
      "links" : {
        "self" : "https://api.nasa.gov/neo/rest/v1/neo/3174193?api_key=t0TVs3DtDT2H8Oy2Zy8m2eVrNsAVKAexjcZXUckd"
      },
      "neo_reference_id" : "3174193",
      "name" : "(2004 BD68)",
      "nasa_jpl_url" : "http://ssd.jpl.nasa.gov/sbdb.cgi?sstr=3174193",
      "absolute_magnitude_h" : 18.7,
      "estimated_diameter" : {
        "kilometers" : {
          "estimated_diameter_min" : 0.4836764882,
          "estimated_diameter_max" : 1.0815335068
        },
        "meters" : {
          "estimated_diameter_min" : 483.6764882185,
          "estimated_diameter_max" : 1081.533506775
        },
        "miles" : {
          "estimated_diameter_min" : 0.3005425432,
          "estimated_diameter_max" : 0.6720335566
        },
        "feet" : {
          "estimated_diameter_min" : 1586.8651696069,
          "estimated_diameter_max" : 3548.3383903678
        }
      },
      "is_potentially_hazardous_asteroid" : false,
      "close_approach_data" : [ {
        "close_approach_date" : "1996-02-22",
        "epoch_date_close_approach" : 824976000000,
        "relative_velocity" : {
          "kilometers_per_second" : "40.1655112308",
          "kilometers_per_hour" : "144595.840431037",
          "miles_per_hour" : "89846.2320722741"
        },
        "miss_distance" : {
          "astronomical" : "0.4028079773",
          "lunar" : "156.6923065186",
          "kilometers" : "60259216",
          "miles" : "37443340"
        },
        "orbiting_body" : "Earth"
      } ],
      "orbital_data" : {
        "orbit_id" : "26",
        "orbit_determination_date" : "2017-03-02 06:47:03",
        "orbit_uncertainty" : "0",
        "minimum_orbit_intersection" : ".197366",
        "jupiter_tisserand_invariant" : "3.374",
        "epoch_osculation" : "2457800.5",
        "eccentricity" : ".8302167165406684",
        "semi_major_axis" : "1.900342620602818",
        "inclination" : "19.31015899141281",
        "ascending_node_longitude" : "172.1581230484826",
        "orbital_period" : "956.8553512056678",
        "perihelion_distance" : ".3226464098236573",
        "perihelion_argument" : "203.7649019835784",
        "aphelion_distance" : "3.478038831381979",
        "perihelion_time" : "2457759.444343975618",
        "mean_anomaly" : "15.44646863306362",
        "mean_motion" : ".3762324154287152",
        "equinox" : "J2000"
      }
    }, {
      "links" : {
        "self" : "https://api.nasa.gov/neo/rest/v1/neo/3402642?api_key=t0TVs3DtDT2H8Oy2Zy8m2eVrNsAVKAexjcZXUckd"
      },
      "neo_reference_id" : "3402642",
      "name" : "(2008 CE119)",
      "nasa_jpl_url" : "http://ssd.jpl.nasa.gov/sbdb.cgi?sstr=3402642",
      "absolute_magnitude_h" : 25.7,
      "estimated_diameter" : {
        "kilometers" : {
          "estimated_diameter_min" : 0.0192555078,
          "estimated_diameter_max" : 0.0430566244
        },
        "meters" : {
          "estimated_diameter_min" : 19.2555078188,
          "estimated_diameter_max" : 43.0566244241
        },
        "miles" : {
          "estimated_diameter_min" : 0.0119648141,
          "estimated_diameter_max" : 0.0267541378
        },
        "feet" : {
          "estimated_diameter_min" : 63.1742402722,
          "estimated_diameter_max" : 141.2618956756
        }
      },
      "is_potentially_hazardous_asteroid" : false,
      "close_approach_data" : [ {
        "close_approach_date" : "1996-02-22",
        "epoch_date_close_approach" : 824976000000,
        "relative_velocity" : {
          "kilometers_per_second" : "9.0104881074",
          "kilometers_per_hour" : "32437.7571865354",
          "miles_per_hour" : "20155.5608473781"
        },
        "miss_distance" : {
          "astronomical" : "0.1617575396",
          "lunar" : "62.9236831665",
          "kilometers" : "24198584",
          "miles" : "15036303"
        },
        "orbiting_body" : "Earth"
      } ],
      "orbital_data" : {
        "orbit_id" : "16",
        "orbit_determination_date" : "2017-07-31 10:27:58",
        "orbit_uncertainty" : "0",
        "minimum_orbit_intersection" : ".0483196",
        "jupiter_tisserand_invariant" : "5.244",
        "epoch_osculation" : "2458000.5",
        "eccentricity" : ".1766318721908845",
        "semi_major_axis" : "1.208906796970771",
        "inclination" : "7.724689405886892",
        "ascending_node_longitude" : "147.2825544861749",
        "orbital_period" : "485.4982355933009",
        "perihelion_distance" : ".9953753261175382",
        "perihelion_argument" : "50.19779903325218",
        "aphelion_distance" : "1.422438267824004",
        "perihelion_time" : "2457965.868913473748",
        "mean_anomaly" : "25.67916881142787",
        "mean_motion" : ".7415062993175736",
        "equinox" : "J2000"
      }
    }, {
      "links" : {
        "self" : "https://api.nasa.gov/neo/rest/v1/neo/3552578?api_key=t0TVs3DtDT2H8Oy2Zy8m2eVrNsAVKAexjcZXUckd"
      },
      "neo_reference_id" : "3552578",
      "name" : "(2010 WR7)",
      "nasa_jpl_url" : "http://ssd.jpl.nasa.gov/sbdb.cgi?sstr=3552578",
      "absolute_magnitude_h" : 23.5,
      "estimated_diameter" : {
        "kilometers" : {
          "estimated_diameter_min" : 0.0530340723,
          "estimated_diameter_max" : 0.1185877909
        },
        "meters" : {
          "estimated_diameter_min" : 53.0340723319,
          "estimated_diameter_max" : 118.5877908577
        },
        "miles" : {
          "estimated_diameter_min" : 0.0329538346,
          "estimated_diameter_max" : 0.0736870142
        },
        "feet" : {
          "estimated_diameter_min" : 173.9963058693,
          "estimated_diameter_max" : 389.0675677576
        }
      },
      "is_potentially_hazardous_asteroid" : false,
      "close_approach_data" : [ {
        "close_approach_date" : "1996-02-22",
        "epoch_date_close_approach" : 824976000000,
        "relative_velocity" : {
          "kilometers_per_second" : "6.368218127",
          "kilometers_per_hour" : "22925.5852570614",
          "miles_per_hour" : "14245.0671282002"
        },
        "miss_distance" : {
          "astronomical" : "0.1769183579",
          "lunar" : "68.8212432861",
          "kilometers" : "26466610",
          "miles" : "16445589"
        },
        "orbiting_body" : "Earth"
      } ],
      "orbital_data" : {
        "orbit_id" : "14",
        "orbit_determination_date" : "2017-04-06 08:55:34",
        "orbit_uncertainty" : "4",
        "minimum_orbit_intersection" : ".0252684",
        "jupiter_tisserand_invariant" : "5.845",
        "epoch_osculation" : "2458000.5",
        "eccentricity" : ".2353537364421963",
        "semi_major_axis" : "1.046237996657044",
        "inclination" : "1.562718008792176",
        "ascending_node_longitude" : "20.45385430902011",
        "orbital_period" : "390.8806389216177",
        "perihelion_distance" : ".8000019749360107",
        "perihelion_argument" : "159.1427095913275",
        "aphelion_distance" : "1.292474018378077",
        "perihelion_time" : "2457969.791802334012",
        "mean_anomaly" : "28.28216611151354",
        "mean_motion" : ".920997266565024",
        "equinox" : "J2000"
      }
    }, {
      "links" : {
        "self" : "https://api.nasa.gov/neo/rest/v1/neo/3742127?api_key=t0TVs3DtDT2H8Oy2Zy8m2eVrNsAVKAexjcZXUckd"
      },
      "neo_reference_id" : "3742127",
      "name" : "(2016 CA32)",
      "nasa_jpl_url" : "http://ssd.jpl.nasa.gov/sbdb.cgi?sstr=3742127",
      "absolute_magnitude_h" : 19.7,
      "estimated_diameter" : {
        "kilometers" : {
          "estimated_diameter_min" : 0.3051792326,
          "estimated_diameter_max" : 0.6824015094
        },
        "meters" : {
          "estimated_diameter_min" : 305.1792325939,
          "estimated_diameter_max" : 682.4015094011
        },
        "miles" : {
          "estimated_diameter_min" : 0.1896295249,
          "estimated_diameter_max" : 0.4240245083
        },
        "feet" : {
          "estimated_diameter_min" : 1001.2442334633,
          "estimated_diameter_max" : 2238.8501681036
        }
      },
      "is_potentially_hazardous_asteroid" : false,
      "close_approach_data" : [ {
        "close_approach_date" : "1996-02-22",
        "epoch_date_close_approach" : 824976000000,
        "relative_velocity" : {
          "kilometers_per_second" : "28.1269700102",
          "kilometers_per_hour" : "101257.0920366646",
          "miles_per_hour" : "62917.2192157819"
        },
        "miss_distance" : {
          "astronomical" : "0.3196003639",
          "lunar" : "124.324546814",
          "kilometers" : "47811536",
          "miles" : "29708710"
        },
        "orbiting_body" : "Earth"
      } ],
      "orbital_data" : {
        "orbit_id" : "12",
        "orbit_determination_date" : "2017-04-06 08:28:34",
        "orbit_uncertainty" : "5",
        "minimum_orbit_intersection" : ".21133",
        "jupiter_tisserand_invariant" : "2.949",
        "epoch_osculation" : "2458000.5",
        "eccentricity" : ".7438613536737473",
        "semi_major_axis" : "2.507453367437769",
        "inclination" : "19.65152628040083",
        "ascending_node_longitude" : "101.1050352991804",
        "orbital_period" : "1450.266196288393",
        "perihelion_distance" : ".642255711261714",
        "perihelion_argument" : "327.4174435401515",
        "aphelion_distance" : "4.372651023613823",
        "perihelion_time" : "2457365.130791769090",
        "mean_anomaly" : "157.7178834813322",
        "mean_motion" : ".2482302910467978",
        "equinox" : "J2000"
      }
    }, {
      "links" : {
        "self" : "https://api.nasa.gov/neo/rest/v1/neo/2483563?api_key=t0TVs3DtDT2H8Oy2Zy8m2eVrNsAVKAexjcZXUckd"
      },
      "neo_reference_id" : "2483563",
      "name" : "483563 (2004 BD68)",
      "nasa_jpl_url" : "http://ssd.jpl.nasa.gov/sbdb.cgi?sstr=2483563",
      "absolute_magnitude_h" : 18.8,
      "estimated_diameter" : {
        "kilometers" : {
          "estimated_diameter_min" : 0.4619074603,
          "estimated_diameter_max" : 1.0328564805
        },
        "meters" : {
          "estimated_diameter_min" : 461.9074602816,
          "estimated_diameter_max" : 1032.8564805039
        },
        "miles" : {
          "estimated_diameter_min" : 0.2870159005,
          "estimated_diameter_max" : 0.6417870641
        },
        "feet" : {
          "estimated_diameter_min" : 1515.4444719902,
          "estimated_diameter_max" : 3388.6368554964
        }
      },
      "is_potentially_hazardous_asteroid" : false,
      "close_approach_data" : [ {
        "close_approach_date" : "1996-02-22",
        "epoch_date_close_approach" : 824976000000,
        "relative_velocity" : {
          "kilometers_per_second" : "40.1655003941",
          "kilometers_per_hour" : "144595.8014189115",
          "miles_per_hour" : "89846.2078316565"
        },
        "miss_distance" : {
          "astronomical" : "0.4028076183",
          "lunar" : "156.6921691895",
          "kilometers" : "60259164",
          "miles" : "37443308"
        },
        "orbiting_body" : "Earth"
      } ],
      "orbital_data" : {
        "orbit_id" : "29",
        "orbit_determination_date" : "2017-05-12 06:17:39",
        "orbit_uncertainty" : "0",
        "minimum_orbit_intersection" : ".197415",
        "jupiter_tisserand_invariant" : "3.374",
        "epoch_osculation" : "2458000.5",
        "eccentricity" : ".8301290015713686",
        "semi_major_axis" : "1.900646146975765",
        "inclination" : "19.30532651350665",
        "ascending_node_longitude" : "172.1573670438754",
        "orbital_period" : "957.0846065208187",
        "perihelion_distance" : ".3228646586463046",
        "perihelion_argument" : "203.7788882856287",
        "aphelion_distance" : "3.478427635305227",
        "perihelion_time" : "2457759.437058244013",
        "mean_anomaly" : "90.67396804931032",
        "mean_motion" : ".3761422945758863",
        "equinox" : "J2000"
      }
    } ]
  }
}