{
  "links" : {
    "next" : "https://api.nasa.gov/neo/rest/v1/feed?start_date=2005-03-09&end_date=2005-03-09&detailed=true&api_key=t0TVs3DtDT2H8Oy2Zy8m2eVrNsAVKAexjcZXUckd",
    "prev" : "https://api.nasa.gov/neo/rest/v1/feed?start_date=2005-03-07&end_date=2005-03-07&detailed=true&api_key=t0TVs3DtDT2H8Oy2Zy8m2eVrNsAVKAexjcZXUckd",
    "self" : "https://api.nasa.gov/neo/rest/v1/feed?start_date=2005-03-08&end_date=2005-03-08&detailed=true&api_key=t0TVs3DtDT2H8Oy2Zy8m2eVrNsAVKAexjcZXUckd"
  },
  "element_count" : 7,
  "near_earth_objects" : {
    "2005-03-08" : [ {
      "links" : {
        "self" : "https://api.nasa.gov/neo/rest/v1/neo/3274167?api_key=t0TVs3DtDT2H8Oy2Zy8m2eVrNsAVKAexjcZXUckd"
      },
      "neo_reference_id" : "3274167",
      "name" : "(2005 EM169)",
      "nasa_jpl_url" : "http://ssd.jpl.nasa.gov/sbdb.cgi?sstr=3274167",
      "absolute_magnitude_h" : 24.8,
      "estimated_diameter" : {
        "kilometers" : {
          "estimated_diameter_min" : 0.0291443905,
          "estimated_diameter_max" : 0.0651688382
        },
        "meters" : {
          "estimated_diameter_min" : 29.1443904535,
          "estimated_diameter_max" : 65.1688382168
        },
        "miles" : {
          "estimated_diameter_min" : 0.018109479,
          "estimated_diameter_max" : 0.0404940262
        },
        "feet" : {
          "estimated_diameter_min" : 95.6180819754,
          "estimated_diameter_max" : 213.8085311752
        }
      },
      "is_potentially_hazardous_asteroid" : false,
      "close_approach_data" : [ {
        "close_approach_date" : "2005-03-08",
        "epoch_date_close_approach" : 1110268800000,
        "relative_velocity" : {
          "kilometers_per_second" : "18.6141383795",
          "kilometers_per_hour" : "67010.8981662943",
          "miles_per_hour" : "41637.9661411622"
        },
        "miss_distance" : {
          "astronomical" : "0.0076319344",
          "lunar" : "2.9688224792",
          "kilometers" : "1141721.125",
          "miles" : "709432.625"
        },
        "orbiting_body" : "Earth"
      } ],
      "orbital_data" : {
        "orbit_id" : "10",
        "orbit_determination_date" : "2017-04-06 09:11:16",
        "orbit_uncertainty" : "8",
        "minimum_orbit_intersection" : ".00214999",
        "jupiter_tisserand_invariant" : "2.807",
        "epoch_osculation" : "2453443.5",
        "eccentricity" : ".7357333588610369",
        "semi_major_axis" : "2.855929364010867",
        "inclination" : "10.93817204581782",
        "ascending_node_longitude" : "348.2343715777521",
        "orbital_period" : "1762.867290174119",
        "perihelion_distance" : ".7547268603572869",
        "perihelion_argument" : "115.0509272420931",
        "aphelion_distance" : "4.957131867664446",
        "perihelion_time" : "2453398.638321603867",
        "mean_anomaly" : "9.161327294814528",
        "mean_motion" : ".2042127629269488",
        "equinox" : "J2000"
      }
    }, {
      "links" : {
        "self" : "https://api.nasa.gov/neo/rest/v1/neo/2000433?api_key=t0TVs3DtDT2H8Oy2Zy8m2eVrNsAVKAexjcZXUckd"
      },
      "neo_reference_id" : "2000433",
      "name" : "433 Eros (1898 DQ)",
      "nasa_jpl_url" : "http://ssd.jpl.nasa.gov/sbdb.cgi?sstr=2000433",
      "absolute_magnitude_h" : 11.16,
      "estimated_diameter" : {
        "kilometers" : {
          "estimated_diameter_min" : 15.5795524128,
          "estimated_diameter_max" : 34.836938254
        },
        "meters" : {
          "estimated_diameter_min" : 15579.5524127829,
          "estimated_diameter_max" : 34836.9382540034
        },
        "miles" : {
          "estimated_diameter_min" : 9.6806820623,
          "estimated_diameter_max" : 21.6466631598
        },
        "feet" : {
          "estimated_diameter_min" : 51114.0187379546,
          "estimated_diameter_max" : 114294.4205012645
        }
      },
      "is_potentially_hazardous_asteroid" : false,
      "close_approach_data" : [ {
        "close_approach_date" : "2005-03-08",
        "epoch_date_close_approach" : 1110268800000,
        "relative_velocity" : {
          "kilometers_per_second" : "4.4122951542",
          "kilometers_per_hour" : "15884.262555243",
          "miles_per_hour" : "9869.8630305064"
        },
        "miss_distance" : {
          "astronomical" : "0.3655672575",
          "lunar" : "142.2056732178",
          "kilometers" : "54688084",
          "miles" : "33981600"
        },
        "orbiting_body" : "Earth"
      } ],
      "orbital_data" : {
        "orbit_id" : "611",
        "orbit_determination_date" : "2017-06-06 06:20:43",
        "orbit_uncertainty" : "0",
        "minimum_orbit_intersection" : ".150505",
        "jupiter_tisserand_invariant" : "4.583",
        "epoch_osculation" : "2458000.5",
        "eccentricity" : ".2225889698301071",
        "semi_major_axis" : "1.457940027185708",
        "inclination" : "10.82759100494802",
        "ascending_node_longitude" : "304.3221633898424",
        "orbital_period" : "642.9954742523677",
        "perihelion_distance" : "1.133418658460363",
        "perihelion_argument" : "178.8165910886752",
        "aphelion_distance" : "1.782461395911054",
        "perihelion_time" : "2457873.186399333365",
        "mean_anomaly" : "71.28027812836476",
        "mean_motion" : ".5598795239089109",
        "equinox" : "J2000"
      }
    }, {
      "links" : {
        "self" : "https://api.nasa.gov/neo/rest/v1/neo/2022753?api_key=t0TVs3DtDT2H8Oy2Zy8m2eVrNsAVKAexjcZXUckd"
      },
      "neo_reference_id" : "2022753",
      "name" : "22753 (1998 WT)",
      "nasa_jpl_url" : "http://ssd.jpl.nasa.gov/sbdb.cgi?sstr=2022753",
      "absolute_magnitude_h" : 17.7,
      "estimated_diameter" : {
        "kilometers" : {
          "estimated_diameter_min" : 0.7665755735,
          "estimated_diameter_max" : 1.7141150923
        },
        "meters" : {
          "estimated_diameter_min" : 766.5755735311,
          "estimated_diameter_max" : 1714.1150923063
        },
        "miles" : {
          "estimated_diameter_min" : 0.4763278307,
          "estimated_diameter_max" : 1.065101409
        },
        "feet" : {
          "estimated_diameter_min" : 2515.0118046636,
          "estimated_diameter_max" : 5623.7373594423
        }
      },
      "is_potentially_hazardous_asteroid" : true,
      "close_approach_data" : [ {
        "close_approach_date" : "2005-03-08",
        "epoch_date_close_approach" : 1110268800000,
        "relative_velocity" : {
          "kilometers_per_second" : "16.394839382",
          "kilometers_per_hour" : "59021.4217752911",
          "miles_per_hour" : "36673.6162136524"
        },
        "miss_distance" : {
          "astronomical" : "0.0794283209",
          "lunar" : "30.8976173401",
          "kilometers" : "11882308",
          "miles" : "7383324"
        },
        "orbiting_body" : "Earth"
      } ],
      "orbital_data" : {
        "orbit_id" : "192",
        "orbit_determination_date" : "2017-04-06 09:29:33",
        "orbit_uncertainty" : "0",
        "minimum_orbit_intersection" : ".0336461",
        "jupiter_tisserand_invariant" : "5.063",
        "epoch_osculation" : "2458000.5",
        "eccentricity" : ".5698272881438972",
        "semi_major_axis" : "1.219052311645572",
        "inclination" : "3.203452172386887",
        "ascending_node_longitude" : "307.4273922028655",
        "orbital_period" : "491.622714448464",
        "perihelion_distance" : ".5244030387950266",
        "perihelion_argument" : "324.7309933917979",
        "aphelion_distance" : "1.913701584496117",
        "perihelion_time" : "2457916.835015310704",
        "mean_anomaly" : "61.26526216742578",
        "mean_motion" : ".7322688505226465",
        "equinox" : "J2000"
      }
    }, {
      "links" : {
        "self" : "https://api.nasa.gov/neo/rest/v1/neo/2318450?api_key=t0TVs3DtDT2H8Oy2Zy8m2eVrNsAVKAexjcZXUckd"
      },
      "neo_reference_id" : "2318450",
      "name" : "318450 (2005 EJ)",
      "nasa_jpl_url" : "http://ssd.jpl.nasa.gov/sbdb.cgi?sstr=2318450",
      "absolute_magnitude_h" : 20.0,
      "estimated_diameter" : {
        "kilometers" : {
          "estimated_diameter_min" : 0.2658,
          "estimated_diameter_max" : 0.5943468684
        },
        "meters" : {
          "estimated_diameter_min" : 265.8,
          "estimated_diameter_max" : 594.3468684194
        },
        "miles" : {
          "estimated_diameter_min" : 0.1651604118,
          "estimated_diameter_max" : 0.369309908
        },
        "feet" : {
          "estimated_diameter_min" : 872.047272,
          "estimated_diameter_max" : 1949.9569797852
        }
      },
      "is_potentially_hazardous_asteroid" : false,
      "close_approach_data" : [ {
        "close_approach_date" : "2005-03-08",
        "epoch_date_close_approach" : 1110268800000,
        "relative_velocity" : {
          "kilometers_per_second" : "5.2701002717",
          "kilometers_per_hour" : "18972.360978016",
          "miles_per_hour" : "11788.6872977011"
        },
        "miss_distance" : {
          "astronomical" : "0.3238906862",
          "lunar" : "125.9934768677",
          "kilometers" : "48453356",
          "miles" : "30107520"
        },
        "orbiting_body" : "Earth"
      } ],
      "orbital_data" : {
        "orbit_id" : "38",
        "orbit_determination_date" : "2017-04-06 09:23:46",
        "orbit_uncertainty" : "0",
        "minimum_orbit_intersection" : ".324995",
        "jupiter_tisserand_invariant" : "4.618",
        "epoch_osculation" : "2458000.5",
        "eccentricity" : ".1541136973614924",
        "semi_major_axis" : "1.445105230561346",
        "inclination" : "12.45849766525308",
        "ascending_node_longitude" : "33.51753039526152",
        "orbital_period" : "634.5233907230863",
        "perihelion_distance" : "1.222394720403105",
        "perihelion_argument" : "92.12180394467032",
        "aphelion_distance" : "1.667815740719587",
        "perihelion_time" : "2457825.542712493485",
        "mean_anomaly" : "99.26288679534716",
        "mean_motion" : ".5673549710905903",
        "equinox" : "J2000"
      }
    }, {
      "links" : {
        "self" : "https://api.nasa.gov/neo/rest/v1/neo/3273458?api_key=t0TVs3DtDT2H8Oy2Zy8m2eVrNsAVKAexjcZXUckd"
      },
      "neo_reference_id" : "3273458",
      "name" : "(2005 EP1)",
      "nasa_jpl_url" : "http://ssd.jpl.nasa.gov/sbdb.cgi?sstr=3273458",
      "absolute_magnitude_h" : 23.7,
      "estimated_diameter" : {
        "kilometers" : {
          "estimated_diameter_min" : 0.0483676488,
          "estimated_diameter_max" : 0.1081533507
        },
        "meters" : {
          "estimated_diameter_min" : 48.3676488219,
          "estimated_diameter_max" : 108.1533506775
        },
        "miles" : {
          "estimated_diameter_min" : 0.0300542543,
          "estimated_diameter_max" : 0.0672033557
        },
        "feet" : {
          "estimated_diameter_min" : 158.6865169607,
          "estimated_diameter_max" : 354.8338390368
        }
      },
      "is_potentially_hazardous_asteroid" : false,
      "close_approach_data" : [ {
        "close_approach_date" : "2005-03-08",
        "epoch_date_close_approach" : 1110268800000,
        "relative_velocity" : {
          "kilometers_per_second" : "24.520175261",
          "kilometers_per_hour" : "88272.6309395431",
          "miles_per_hour" : "54849.1800412956"
        },
        "miss_distance" : {
          "astronomical" : "0.049798653",
          "lunar" : "19.3716754913",
          "kilometers" : "7449772.5",
          "miles" : "4629074"
        },
        "orbiting_body" : "Earth"
      } ],
      "orbital_data" : {
        "orbit_id" : "8",
        "orbit_determination_date" : "2017-04-06 09:11:25",
        "orbit_uncertainty" : "9",
        "minimum_orbit_intersection" : ".012426",
        "jupiter_tisserand_invariant" : "6.336",
        "epoch_osculation" : "2453433.5",
        "eccentricity" : ".7703909030797559",
        "semi_major_axis" : ".892703526990474",
        "inclination" : "16.32566133004417",
        "ascending_node_longitude" : "344.3922420638831",
        "orbital_period" : "308.0770186361781",
        "perihelion_distance" : ".2049728506497995",
        "perihelion_argument" : "328.0475635496043",
        "aphelion_distance" : "1.580434203331148",
        "perihelion_time" : "2453487.066466037528",
        "mean_anomaly" : "297.4054973042851",
        "mean_motion" : "1.168538963385451",
        "equinox" : "J2000"
      }
    }, {
      "links" : {
        "self" : "https://api.nasa.gov/neo/rest/v1/neo/3745111?api_key=t0TVs3DtDT2H8Oy2Zy8m2eVrNsAVKAexjcZXUckd"
      },
      "neo_reference_id" : "3745111",
      "name" : "(2016 EJ27)",
      "nasa_jpl_url" : "http://ssd.jpl.nasa.gov/sbdb.cgi?sstr=3745111",
      "absolute_magnitude_h" : 25.2,
      "estimated_diameter" : {
        "kilometers" : {
          "estimated_diameter_min" : 0.0242412481,
          "estimated_diameter_max" : 0.0542050786
        },
        "meters" : {
          "estimated_diameter_min" : 24.2412481101,
          "estimated_diameter_max" : 54.2050786336
        },
        "miles" : {
          "estimated_diameter_min" : 0.0150628086,
          "estimated_diameter_max" : 0.0336814639
        },
        "feet" : {
          "estimated_diameter_min" : 79.5316564495,
          "estimated_diameter_max" : 177.8381901842
        }
      },
      "is_potentially_hazardous_asteroid" : false,
      "close_approach_data" : [ {
        "close_approach_date" : "2005-03-08",
        "epoch_date_close_approach" : 1110268800000,
        "relative_velocity" : {
          "kilometers_per_second" : "24.3240043663",
          "kilometers_per_hour" : "87566.4157187617",
          "miles_per_hour" : "54410.3653670273"
        },
        "miss_distance" : {
          "astronomical" : "0.4453712305",
          "lunar" : "173.2494049072",
          "kilometers" : "66626588",
          "miles" : "41399844"
        },
        "orbiting_body" : "Earth"
      } ],
      "orbital_data" : {
        "orbit_id" : "12",
        "orbit_determination_date" : "2017-04-06 08:27:49",
        "orbit_uncertainty" : "7",
        "minimum_orbit_intersection" : ".0187938",
        "jupiter_tisserand_invariant" : "7.611",
        "epoch_osculation" : "2458000.5",
        "eccentricity" : ".4020280383031304",
        "semi_major_axis" : ".7523553048023092",
        "inclination" : "3.499893717548942",
        "ascending_node_longitude" : "337.3126098359608",
        "orbital_period" : "238.3597427915154",
        "perihelion_distance" : ".4498873775056831",
        "perihelion_argument" : "353.6509661100841",
        "aphelion_distance" : "1.054823232098935",
        "perihelion_time" : "2458027.394010885739",
        "mean_anomaly" : "319.3813795673771",
        "mean_motion" : "1.510322153329721",
        "equinox" : "J2000"
      }
    }, {
      "links" : {
        "self" : "https://api.nasa.gov/neo/rest/v1/neo/3457435?api_key=t0TVs3DtDT2H8Oy2Zy8m2eVrNsAVKAexjcZXUckd"
      },
      "neo_reference_id" : "3457435",
      "name" : "(2009 HS2)",
      "nasa_jpl_url" : "http://ssd.jpl.nasa.gov/sbdb.cgi?sstr=3457435",
      "absolute_magnitude_h" : 21.8,
      "estimated_diameter" : {
        "kilometers" : {
          "estimated_diameter_min" : 0.1160259082,
          "estimated_diameter_max" : 0.2594418179
        },
        "meters" : {
          "estimated_diameter_min" : 116.0259082094,
          "estimated_diameter_max" : 259.4418179074
        },
        "miles" : {
          "estimated_diameter_min" : 0.0720951346,
          "estimated_diameter_max" : 0.1612096218
        },
        "feet" : {
          "estimated_diameter_min" : 380.6624406898,
          "estimated_diameter_max" : 851.1870938635
        }
      },
      "is_potentially_hazardous_asteroid" : false,
      "close_approach_data" : [ {
        "close_approach_date" : "2005-03-08",
        "epoch_date_close_approach" : 1110268800000,
        "relative_velocity" : {
          "kilometers_per_second" : "16.5333185566",
          "kilometers_per_hour" : "59519.9468037863",
          "miles_per_hour" : "36983.3802792749"
        },
        "miss_distance" : {
          "astronomical" : "0.3597798116",
          "lunar" : "139.9543457031",
          "kilometers" : "53822292",
          "miles" : "33443622"
        },
        "orbiting_body" : "Earth"
      } ],
      "orbital_data" : {
        "orbit_id" : "9",
        "orbit_determination_date" : "2017-04-11 05:43:24",
        "orbit_uncertainty" : "0",
        "minimum_orbit_intersection" : ".106036",
        "jupiter_tisserand_invariant" : "2.830",
        "epoch_osculation" : "2458000.5",
        "eccentricity" : ".8194891265542915",
        "semi_major_axis" : "2.523504647353755",
        "inclination" : "15.87409223452621",
        "ascending_node_longitude" : "31.06182880116945",
        "orbital_period" : "1464.21411856983",
        "perihelion_distance" : ".455520028038131",
        "perihelion_argument" : "54.75177314552135",
        "aphelion_distance" : "4.59148926666938",
        "perihelion_time" : "2457793.537770120204",
        "mean_anomaly" : "50.8849093939215",
        "mean_motion" : ".245865680049329",
        "equinox" : "J2000"
      }
    } ]
  }
}