{
  "links" : {
    "next" : "https://api.nasa.gov/neo/rest/v1/feed?start_date=2002-09-09&end_date=2002-09-09&detailed=true&api_key=t0TVs3DtDT2H8Oy2Zy8m2eVrNsAVKAexjcZXUckd",
    "prev" : "https://api.nasa.gov/neo/rest/v1/feed?start_date=2002-09-07&end_date=2002-09-07&detailed=true&api_key=t0TVs3DtDT2H8Oy2Zy8m2eVrNsAVKAexjcZXUckd",
    "self" : "https://api.nasa.gov/neo/rest/v1/feed?start_date=2002-09-08&end_date=2002-09-08&detailed=true&api_key=t0TVs3DtDT2H8Oy2Zy8m2eVrNsAVKAexjcZXUckd"
  },
  "element_count" : 5,
  "near_earth_objects" : {
    "2002-09-08" : [ {
      "links" : {
        "self" : "https://api.nasa.gov/neo/rest/v1/neo/3134269?api_key=t0TVs3DtDT2H8Oy2Zy8m2eVrNsAVKAexjcZXUckd"
      },
      "neo_reference_id" : "3134269",
      "name" : "(2002 RO28)",
      "nasa_jpl_url" : "http://ssd.jpl.nasa.gov/sbdb.cgi?sstr=3134269",
      "absolute_magnitude_h" : 25.4,
      "estimated_diameter" : {
        "kilometers" : {
          "estimated_diameter_min" : 0.022108281,
          "estimated_diameter_max" : 0.0494356193
        },
        "meters" : {
          "estimated_diameter_min" : 22.1082810359,
          "estimated_diameter_max" : 49.435619262
        },
        "miles" : {
          "estimated_diameter_min" : 0.0137374447,
          "estimated_diameter_max" : 0.0307178602
        },
        "feet" : {
          "estimated_diameter_min" : 72.5337327539,
          "estimated_diameter_max" : 162.1903570994
        }
      },
      "is_potentially_hazardous_asteroid" : false,
      "close_approach_data" : [ {
        "close_approach_date" : "2002-09-08",
        "epoch_date_close_approach" : 1031468400000,
        "relative_velocity" : {
          "kilometers_per_second" : "6.3037095805",
          "kilometers_per_hour" : "22693.3544898326",
          "miles_per_hour" : "14100.7679606407"
        },
        "miss_distance" : {
          "astronomical" : "0.0271685973",
          "lunar" : "10.5685844421",
          "kilometers" : "4064364.5",
          "miles" : "2525479"
        },
        "orbiting_body" : "Earth"
      } ],
      "orbital_data" : {
        "orbit_id" : "9",
        "orbit_determination_date" : "2017-04-06 09:14:53",
        "orbit_uncertainty" : "7",
        "minimum_orbit_intersection" : ".0215591",
        "jupiter_tisserand_invariant" : "4.472",
        "epoch_osculation" : "2458000.5",
        "eccentricity" : ".3313357060949623",
        "semi_major_axis" : "1.502312411908118",
        "inclination" : "6.187272522093209",
        "ascending_node_longitude" : "163.0588862652963",
        "orbital_period" : "672.5720414185263",
        "perihelion_distance" : "1.004542668133316",
        "perihelion_argument" : "209.0321300824598",
        "aphelion_distance" : "2.000082155682921",
        "perihelion_time" : "2457929.011201718526",
        "mean_anomaly" : "38.26499734816635",
        "mean_motion" : ".535258645662287",
        "equinox" : "J2000"
      }
    }, {
      "links" : {
        "self" : "https://api.nasa.gov/neo/rest/v1/neo/2387668?api_key=t0TVs3DtDT2H8Oy2Zy8m2eVrNsAVKAexjcZXUckd"
      },
      "neo_reference_id" : "2387668",
      "name" : "387668 (2002 SZ)",
      "nasa_jpl_url" : "http://ssd.jpl.nasa.gov/sbdb.cgi?sstr=2387668",
      "absolute_magnitude_h" : 20.4,
      "estimated_diameter" : {
        "kilometers" : {
          "estimated_diameter_min" : 0.2210828104,
          "estimated_diameter_max" : 0.4943561926
        },
        "meters" : {
          "estimated_diameter_min" : 221.0828103591,
          "estimated_diameter_max" : 494.3561926196
        },
        "miles" : {
          "estimated_diameter_min" : 0.137374447,
          "estimated_diameter_max" : 0.3071786018
        },
        "feet" : {
          "estimated_diameter_min" : 725.3373275385,
          "estimated_diameter_max" : 1621.9035709942
        }
      },
      "is_potentially_hazardous_asteroid" : true,
      "close_approach_data" : [ {
        "close_approach_date" : "2002-09-08",
        "epoch_date_close_approach" : 1031468400000,
        "relative_velocity" : {
          "kilometers_per_second" : "16.9560441812",
          "kilometers_per_hour" : "61041.7590523582",
          "miles_per_hour" : "37928.97522895"
        },
        "miss_distance" : {
          "astronomical" : "0.0307164224",
          "lunar" : "11.9486885071",
          "kilometers" : "4595111.5",
          "miles" : "2855270"
        },
        "orbiting_body" : "Earth"
      } ],
      "orbital_data" : {
        "orbit_id" : "38",
        "orbit_determination_date" : "2017-04-06 09:22:06",
        "orbit_uncertainty" : "0",
        "minimum_orbit_intersection" : ".00192041",
        "jupiter_tisserand_invariant" : "4.840",
        "epoch_osculation" : "2458000.5",
        "eccentricity" : ".4333613306879165",
        "semi_major_axis" : "1.29728947373054",
        "inclination" : "22.89329309407158",
        "ascending_node_longitude" : "346.8775425715744",
        "orbital_period" : "539.7016778139748",
        "perihelion_distance" : ".7350943811072463",
        "perihelion_argument" : "276.5255365857374",
        "aphelion_distance" : "1.859484566353834",
        "perihelion_time" : "2457867.895403717744",
        "mean_anomaly" : "88.45192932319648",
        "mean_motion" : ".6670351692404509",
        "equinox" : "J2000"
      }
    }, {
      "links" : {
        "self" : "https://api.nasa.gov/neo/rest/v1/neo/2408980?api_key=t0TVs3DtDT2H8Oy2Zy8m2eVrNsAVKAexjcZXUckd"
      },
      "neo_reference_id" : "2408980",
      "name" : "408980 (2002 RB126)",
      "nasa_jpl_url" : "http://ssd.jpl.nasa.gov/sbdb.cgi?sstr=2408980",
      "absolute_magnitude_h" : 18.6,
      "estimated_diameter" : {
        "kilometers" : {
          "estimated_diameter_min" : 0.5064714588,
          "estimated_diameter_max" : 1.1325046106
        },
        "meters" : {
          "estimated_diameter_min" : 506.4714588346,
          "estimated_diameter_max" : 1132.5046106177
        },
        "miles" : {
          "estimated_diameter_min" : 0.3147066768,
          "estimated_diameter_max" : 0.7037055224
        },
        "feet" : {
          "estimated_diameter_min" : 1661.651821003,
          "estimated_diameter_max" : 3715.566426699
        }
      },
      "is_potentially_hazardous_asteroid" : false,
      "close_approach_data" : [ {
        "close_approach_date" : "2002-09-08",
        "epoch_date_close_approach" : 1031468400000,
        "relative_velocity" : {
          "kilometers_per_second" : "21.7679049727",
          "kilometers_per_hour" : "78364.457901716",
          "miles_per_hour" : "48692.6266334302"
        },
        "miss_distance" : {
          "astronomical" : "0.1449387115",
          "lunar" : "56.3811569214",
          "kilometers" : "21682522",
          "miles" : "13472895"
        },
        "orbiting_body" : "Earth"
      } ],
      "orbital_data" : {
        "orbit_id" : "69",
        "orbit_determination_date" : "2017-04-06 09:21:44",
        "orbit_uncertainty" : "0",
        "minimum_orbit_intersection" : ".0822605",
        "jupiter_tisserand_invariant" : "4.340",
        "epoch_osculation" : "2458000.5",
        "eccentricity" : ".7224671230922787",
        "semi_major_axis" : "1.429585323669386",
        "inclination" : "15.05073276876587",
        "ascending_node_longitude" : "6.948475009456355",
        "orbital_period" : "624.3290575514474",
        "perihelion_distance" : ".3967569276630207",
        "perihelion_argument" : "224.8617486010826",
        "aphelion_distance" : "2.462413719675752",
        "perihelion_time" : "2458093.037403511129",
        "mean_anomaly" : "306.6411744558898",
        "mean_motion" : ".576619005067427",
        "equinox" : "J2000"
      }
    }, {
      "links" : {
        "self" : "https://api.nasa.gov/neo/rest/v1/neo/3459484?api_key=t0TVs3DtDT2H8Oy2Zy8m2eVrNsAVKAexjcZXUckd"
      },
      "neo_reference_id" : "3459484",
      "name" : "(2009 JM1)",
      "nasa_jpl_url" : "http://ssd.jpl.nasa.gov/sbdb.cgi?sstr=3459484",
      "absolute_magnitude_h" : 23.2,
      "estimated_diameter" : {
        "kilometers" : {
          "estimated_diameter_min" : 0.0608912622,
          "estimated_diameter_max" : 0.1361570015
        },
        "meters" : {
          "estimated_diameter_min" : 60.8912622106,
          "estimated_diameter_max" : 136.1570015386
        },
        "miles" : {
          "estimated_diameter_min" : 0.0378360645,
          "estimated_diameter_max" : 0.0846040122
        },
        "feet" : {
          "estimated_diameter_min" : 199.7744887109,
          "estimated_diameter_max" : 446.7093369279
        }
      },
      "is_potentially_hazardous_asteroid" : false,
      "close_approach_data" : [ {
        "close_approach_date" : "2002-09-08",
        "epoch_date_close_approach" : 1031468400000,
        "relative_velocity" : {
          "kilometers_per_second" : "25.9535335696",
          "kilometers_per_hour" : "93432.720850619",
          "miles_per_hour" : "58055.4592418749"
        },
        "miss_distance" : {
          "astronomical" : "0.4245217037",
          "lunar" : "165.1389465332",
          "kilometers" : "63507544",
          "miles" : "39461760"
        },
        "orbiting_body" : "Earth"
      } ],
      "orbital_data" : {
        "orbit_id" : "12",
        "orbit_determination_date" : "2017-04-06 09:00:35",
        "orbit_uncertainty" : "7",
        "minimum_orbit_intersection" : ".0187121",
        "jupiter_tisserand_invariant" : "5.775",
        "epoch_osculation" : "2458000.5",
        "eccentricity" : ".4537019811774541",
        "semi_major_axis" : "1.034380091218719",
        "inclination" : "20.34537537118888",
        "ascending_node_longitude" : "222.3723537744285",
        "orbital_period" : "384.2542294687509",
        "perihelion_distance" : ".5650797945422704",
        "perihelion_argument" : "242.4226046840612",
        "aphelion_distance" : "1.503680387895167",
        "perihelion_time" : "2457957.838440082452",
        "mean_anomaly" : "39.96875087504103",
        "mean_motion" : ".9368797332373323",
        "equinox" : "J2000"
      }
    }, {
      "links" : {
        "self" : "https://api.nasa.gov/neo/rest/v1/neo/3648206?api_key=t0TVs3DtDT2H8Oy2Zy8m2eVrNsAVKAexjcZXUckd"
      },
      "neo_reference_id" : "3648206",
      "name" : "(2013 RG74)",
      "nasa_jpl_url" : "http://ssd.jpl.nasa.gov/sbdb.cgi?sstr=3648206",
      "absolute_magnitude_h" : 23.3,
      "estimated_diameter" : {
        "kilometers" : {
          "estimated_diameter_min" : 0.058150704,
          "estimated_diameter_max" : 0.130028927
        },
        "meters" : {
          "estimated_diameter_min" : 58.1507039646,
          "estimated_diameter_max" : 130.0289270043
        },
        "miles" : {
          "estimated_diameter_min" : 0.0361331611,
          "estimated_diameter_max" : 0.0807962044
        },
        "feet" : {
          "estimated_diameter_min" : 190.7831555951,
          "estimated_diameter_max" : 426.6041048727
        }
      },
      "is_potentially_hazardous_asteroid" : false,
      "close_approach_data" : [ {
        "close_approach_date" : "2002-09-08",
        "epoch_date_close_approach" : 1031468400000,
        "relative_velocity" : {
          "kilometers_per_second" : "14.7703304883",
          "kilometers_per_hour" : "53173.1897577684",
          "miles_per_hour" : "33039.7522692089"
        },
        "miss_distance" : {
          "astronomical" : "0.1599194032",
          "lunar" : "62.2086448669",
          "kilometers" : "23923602",
          "miles" : "14865437"
        },
        "orbiting_body" : "Earth"
      } ],
      "orbital_data" : {
        "orbit_id" : "8",
        "orbit_determination_date" : "2017-04-06 08:44:40",
        "orbit_uncertainty" : "7",
        "minimum_orbit_intersection" : ".000251959",
        "jupiter_tisserand_invariant" : "8.023",
        "epoch_osculation" : "2458000.5",
        "eccentricity" : ".7017114720512287",
        "semi_major_axis" : ".6931849015449153",
        "inclination" : "6.472294291414179",
        "ascending_node_longitude" : "359.3698629833938",
        "orbital_period" : "210.8007097851987",
        "perihelion_distance" : ".2067691038781467",
        "perihelion_argument" : "157.6083273522705",
        "aphelion_distance" : "1.179600699211684",
        "perihelion_time" : "2458094.976502282318",
        "mean_anomaly" : "198.6554729521947",
        "mean_motion" : "1.707774135897513",
        "equinox" : "J2000"
      }
    } ]
  }
}