{
  "links" : {
    "next" : "https://api.nasa.gov/neo/rest/v1/feed?start_date=2001-04-09&end_date=2001-04-09&detailed=true&api_key=t0TVs3DtDT2H8Oy2Zy8m2eVrNsAVKAexjcZXUckd",
    "prev" : "https://api.nasa.gov/neo/rest/v1/feed?start_date=2001-04-07&end_date=2001-04-07&detailed=true&api_key=t0TVs3DtDT2H8Oy2Zy8m2eVrNsAVKAexjcZXUckd",
    "self" : "https://api.nasa.gov/neo/rest/v1/feed?start_date=2001-04-08&end_date=2001-04-08&detailed=true&api_key=t0TVs3DtDT2H8Oy2Zy8m2eVrNsAVKAexjcZXUckd"
  },
  "element_count" : 6,
  "near_earth_objects" : {
    "2001-04-08" : [ {
      "links" : {
        "self" : "https://api.nasa.gov/neo/rest/v1/neo/2005604?api_key=t0TVs3DtDT2H8Oy2Zy8m2eVrNsAVKAexjcZXUckd"
      },
      "neo_reference_id" : "2005604",
      "name" : "5604 (1992 FE)",
      "nasa_jpl_url" : "http://ssd.jpl.nasa.gov/sbdb.cgi?sstr=2005604",
      "absolute_magnitude_h" : 17.2,
      "estimated_diameter" : {
        "kilometers" : {
          "estimated_diameter_min" : 0.9650614696,
          "estimated_diameter_max" : 2.1579430484
        },
        "meters" : {
          "estimated_diameter_min" : 965.0614695789,
          "estimated_diameter_max" : 2157.9430484443
        },
        "miles" : {
          "estimated_diameter_min" : 0.5996612104,
          "estimated_diameter_max" : 1.34088323
        },
        "feet" : {
          "estimated_diameter_min" : 3166.2122718533,
          "estimated_diameter_max" : 7079.8658710581
        }
      },
      "is_potentially_hazardous_asteroid" : true,
      "close_approach_data" : [ {
        "close_approach_date" : "2001-04-08",
        "epoch_date_close_approach" : 986713200000,
        "relative_velocity" : {
          "kilometers_per_second" : "9.328061686",
          "kilometers_per_hour" : "33581.0220694956",
          "miles_per_hour" : "20865.9411853486"
        },
        "miss_distance" : {
          "astronomical" : "0.2974750582",
          "lunar" : "115.7178039551",
          "kilometers" : "44501636",
          "miles" : "27652036"
        },
        "orbiting_body" : "Earth"
      } ],
      "orbital_data" : {
        "orbit_id" : "146",
        "orbit_determination_date" : "2017-05-29 06:18:27",
        "orbit_uncertainty" : "0",
        "minimum_orbit_intersection" : ".0331798",
        "jupiter_tisserand_invariant" : "6.372",
        "epoch_osculation" : "2458000.5",
        "eccentricity" : ".4061499819246546",
        "semi_major_axis" : ".9287966941299322",
        "inclination" : "4.713586625633988",
        "ascending_node_longitude" : "311.9598155095754",
        "orbital_period" : "326.948552003355",
        "perihelion_distance" : ".5515659335973813",
        "perihelion_argument" : "82.5861756257242",
        "aphelion_distance" : "1.306027454662483",
        "perihelion_time" : "2458067.379766705882",
        "mean_anomaly" : "286.359312905382",
        "mean_motion" : "1.10109066944669",
        "equinox" : "J2000"
      }
    }, {
      "links" : {
        "self" : "https://api.nasa.gov/neo/rest/v1/neo/2434313?api_key=t0TVs3DtDT2H8Oy2Zy8m2eVrNsAVKAexjcZXUckd"
      },
      "neo_reference_id" : "2434313",
      "name" : "434313 (2004 GP)",
      "nasa_jpl_url" : "http://ssd.jpl.nasa.gov/sbdb.cgi?sstr=2434313",
      "absolute_magnitude_h" : 19.4,
      "estimated_diameter" : {
        "kilometers" : {
          "estimated_diameter_min" : 0.3503926411,
          "estimated_diameter_max" : 0.7835017643
        },
        "meters" : {
          "estimated_diameter_min" : 350.3926411083,
          "estimated_diameter_max" : 783.5017643338
        },
        "miles" : {
          "estimated_diameter_min" : 0.2177238258,
          "estimated_diameter_max" : 0.4868452748
        },
        "feet" : {
          "estimated_diameter_min" : 1149.5821926537,
          "estimated_diameter_max" : 2570.543928497
        }
      },
      "is_potentially_hazardous_asteroid" : false,
      "close_approach_data" : [ {
        "close_approach_date" : "2001-04-08",
        "epoch_date_close_approach" : 986713200000,
        "relative_velocity" : {
          "kilometers_per_second" : "24.713939905",
          "kilometers_per_hour" : "88970.1836581148",
          "miles_per_hour" : "55282.6121735659"
        },
        "miss_distance" : {
          "astronomical" : "0.4675109953",
          "lunar" : "181.8617858887",
          "kilometers" : "69938648",
          "miles" : "43457864"
        },
        "orbiting_body" : "Earth"
      } ],
      "orbital_data" : {
        "orbit_id" : "29",
        "orbit_determination_date" : "2017-04-06 09:20:50",
        "orbit_uncertainty" : "1",
        "minimum_orbit_intersection" : ".211795",
        "jupiter_tisserand_invariant" : "8.088",
        "epoch_osculation" : "2458000.5",
        "eccentricity" : ".4884624485801813",
        "semi_major_axis" : ".6965904568025297",
        "inclination" : "14.54950709298024",
        "ascending_node_longitude" : "115.6657686773224",
        "orbital_period" : "212.3560837117257",
        "perihelion_distance" : ".356332176615179",
        "perihelion_argument" : "278.6332446268254",
        "aphelion_distance" : "1.03684873698988",
        "perihelion_time" : "2457899.271529126271",
        "mean_anomaly" : "171.6091617323899",
        "mean_motion" : "1.695265771093714",
        "equinox" : "J2000"
      }
    }, {
      "links" : {
        "self" : "https://api.nasa.gov/neo/rest/v1/neo/3409646?api_key=t0TVs3DtDT2H8Oy2Zy8m2eVrNsAVKAexjcZXUckd"
      },
      "neo_reference_id" : "3409646",
      "name" : "(2008 HA2)",
      "nasa_jpl_url" : "http://ssd.jpl.nasa.gov/sbdb.cgi?sstr=3409646",
      "absolute_magnitude_h" : 24.4,
      "estimated_diameter" : {
        "kilometers" : {
          "estimated_diameter_min" : 0.0350392641,
          "estimated_diameter_max" : 0.0783501764
        },
        "meters" : {
          "estimated_diameter_min" : 35.0392641108,
          "estimated_diameter_max" : 78.3501764334
        },
        "miles" : {
          "estimated_diameter_min" : 0.0217723826,
          "estimated_diameter_max" : 0.0486845275
        },
        "feet" : {
          "estimated_diameter_min" : 114.9582192654,
          "estimated_diameter_max" : 257.0543928497
        }
      },
      "is_potentially_hazardous_asteroid" : false,
      "close_approach_data" : [ {
        "close_approach_date" : "2001-04-08",
        "epoch_date_close_approach" : 986713200000,
        "relative_velocity" : {
          "kilometers_per_second" : "8.163056725",
          "kilometers_per_hour" : "29387.0042099407",
          "miles_per_hour" : "18259.9415881157"
        },
        "miss_distance" : {
          "astronomical" : "0.1526302147",
          "lunar" : "59.3731498718",
          "kilometers" : "22833154",
          "miles" : "14187864"
        },
        "orbiting_body" : "Earth"
      } ],
      "orbital_data" : {
        "orbit_id" : "12",
        "orbit_determination_date" : "2017-04-10 11:57:30",
        "orbit_uncertainty" : "0",
        "minimum_orbit_intersection" : ".0601388",
        "jupiter_tisserand_invariant" : "4.027",
        "epoch_osculation" : "2458000.5",
        "eccentricity" : ".4018400045011861",
        "semi_major_axis" : "1.755630306147759",
        "inclination" : "1.349399349826927",
        "ascending_node_longitude" : "215.3731806997821",
        "orbital_period" : "849.6655903052291",
        "perihelion_distance" : "1.050147816022925",
        "perihelion_argument" : "314.6985624371525",
        "aphelion_distance" : "2.461112796272593",
        "perihelion_time" : "2457940.509630069557",
        "mean_anomaly" : "25.417685994794",
        "mean_motion" : ".4236961036290473",
        "equinox" : "J2000"
      }
    }, {
      "links" : {
        "self" : "https://api.nasa.gov/neo/rest/v1/neo/3634275?api_key=t0TVs3DtDT2H8Oy2Zy8m2eVrNsAVKAexjcZXUckd"
      },
      "neo_reference_id" : "3634275",
      "name" : "(2013 GF23)",
      "nasa_jpl_url" : "http://ssd.jpl.nasa.gov/sbdb.cgi?sstr=3634275",
      "absolute_magnitude_h" : 23.7,
      "estimated_diameter" : {
        "kilometers" : {
          "estimated_diameter_min" : 0.0483676488,
          "estimated_diameter_max" : 0.1081533507
        },
        "meters" : {
          "estimated_diameter_min" : 48.3676488219,
          "estimated_diameter_max" : 108.1533506775
        },
        "miles" : {
          "estimated_diameter_min" : 0.0300542543,
          "estimated_diameter_max" : 0.0672033557
        },
        "feet" : {
          "estimated_diameter_min" : 158.6865169607,
          "estimated_diameter_max" : 354.8338390368
        }
      },
      "is_potentially_hazardous_asteroid" : false,
      "close_approach_data" : [ {
        "close_approach_date" : "2001-04-08",
        "epoch_date_close_approach" : 986713200000,
        "relative_velocity" : {
          "kilometers_per_second" : "24.9957680534",
          "kilometers_per_hour" : "89984.7649921072",
          "miles_per_hour" : "55913.0335585679"
        },
        "miss_distance" : {
          "astronomical" : "0.474317325",
          "lunar" : "184.5094299316",
          "kilometers" : "70956864",
          "miles" : "44090548"
        },
        "orbiting_body" : "Earth"
      } ],
      "orbital_data" : {
        "orbit_id" : "7",
        "orbit_determination_date" : "2017-04-06 08:46:15",
        "orbit_uncertainty" : "7",
        "minimum_orbit_intersection" : ".0804213",
        "jupiter_tisserand_invariant" : "6.750",
        "epoch_osculation" : "2458000.5",
        "eccentricity" : ".3214206180139831",
        "semi_major_axis" : ".8572412179731042",
        "inclination" : "27.79092219496523",
        "ascending_node_longitude" : "197.7367640124533",
        "orbital_period" : "289.903189772581",
        "perihelion_distance" : ".5817062159051294",
        "perihelion_argument" : "204.3703577675743",
        "aphelion_distance" : "1.132776220041079",
        "perihelion_time" : "2458019.651198998713",
        "mean_anomaly" : "336.2181587413888",
        "mean_motion" : "1.241793856364283",
        "equinox" : "J2000"
      }
    }, {
      "links" : {
        "self" : "https://api.nasa.gov/neo/rest/v1/neo/3648863?api_key=t0TVs3DtDT2H8Oy2Zy8m2eVrNsAVKAexjcZXUckd"
      },
      "neo_reference_id" : "3648863",
      "name" : "(2013 TS5)",
      "nasa_jpl_url" : "http://ssd.jpl.nasa.gov/sbdb.cgi?sstr=3648863",
      "absolute_magnitude_h" : 19.2,
      "estimated_diameter" : {
        "kilometers" : {
          "estimated_diameter_min" : 0.3841978911,
          "estimated_diameter_max" : 0.8590926012
        },
        "meters" : {
          "estimated_diameter_min" : 384.1978910643,
          "estimated_diameter_max" : 859.0926012318
        },
        "miles" : {
          "estimated_diameter_min" : 0.2387294278,
          "estimated_diameter_max" : 0.5338152287
        },
        "feet" : {
          "estimated_diameter_min" : 1260.4918089193,
          "estimated_diameter_max" : 2818.5453698252
        }
      },
      "is_potentially_hazardous_asteroid" : false,
      "close_approach_data" : [ {
        "close_approach_date" : "2001-04-08",
        "epoch_date_close_approach" : 986713200000,
        "relative_velocity" : {
          "kilometers_per_second" : "38.2996169154",
          "kilometers_per_hour" : "137878.6208954954",
          "miles_per_hour" : "85672.4130780927"
        },
        "miss_distance" : {
          "astronomical" : "0.4140252782",
          "lunar" : "161.0558319092",
          "kilometers" : "61937300",
          "miles" : "38486056"
        },
        "orbiting_body" : "Earth"
      } ],
      "orbital_data" : {
        "orbit_id" : "23",
        "orbit_determination_date" : "2017-09-19 06:48:16",
        "orbit_uncertainty" : "2",
        "minimum_orbit_intersection" : ".41255",
        "jupiter_tisserand_invariant" : "5.164",
        "epoch_osculation" : "2458000.5",
        "eccentricity" : ".4882591805304692",
        "semi_major_axis" : "1.108398943527283",
        "inclination" : "54.31121512367606",
        "ascending_node_longitude" : "195.5829111999242",
        "orbital_period" : "426.2285941455231",
        "perihelion_distance" : ".5672129836598141",
        "perihelion_argument" : "336.3292528540757",
        "aphelion_distance" : "1.649584903394752",
        "perihelion_time" : "2457964.324512889369",
        "mean_anomaly" : "30.55443848373244",
        "mean_motion" : ".84461719590096",
        "equinox" : "J2000"
      }
    }, {
      "links" : {
        "self" : "https://api.nasa.gov/neo/rest/v1/neo/3650848?api_key=t0TVs3DtDT2H8Oy2Zy8m2eVrNsAVKAexjcZXUckd"
      },
      "neo_reference_id" : "3650848",
      "name" : "(2013 TM127)",
      "nasa_jpl_url" : "http://ssd.jpl.nasa.gov/sbdb.cgi?sstr=3650848",
      "absolute_magnitude_h" : 26.6,
      "estimated_diameter" : {
        "kilometers" : {
          "estimated_diameter_min" : 0.0127219879,
          "estimated_diameter_max" : 0.0284472297
        },
        "meters" : {
          "estimated_diameter_min" : 12.7219878539,
          "estimated_diameter_max" : 28.4472296503
        },
        "miles" : {
          "estimated_diameter_min" : 0.0079050743,
          "estimated_diameter_max" : 0.0176762835
        },
        "feet" : {
          "estimated_diameter_min" : 41.7388066307,
          "estimated_diameter_max" : 93.330808926
        }
      },
      "is_potentially_hazardous_asteroid" : false,
      "close_approach_data" : [ {
        "close_approach_date" : "2001-04-08",
        "epoch_date_close_approach" : 986713200000,
        "relative_velocity" : {
          "kilometers_per_second" : "18.1777063557",
          "kilometers_per_hour" : "65439.7428806208",
          "miles_per_hour" : "40661.711347128"
        },
        "miss_distance" : {
          "astronomical" : "0.2191436862",
          "lunar" : "85.2468948364",
          "kilometers" : "32783430",
          "miles" : "20370678"
        },
        "orbiting_body" : "Earth"
      } ],
      "orbital_data" : {
        "orbit_id" : "4",
        "orbit_determination_date" : "2017-04-06 08:44:13",
        "orbit_uncertainty" : "7",
        "minimum_orbit_intersection" : ".0034055",
        "jupiter_tisserand_invariant" : "4.986",
        "epoch_osculation" : "2458000.5",
        "eccentricity" : ".4185428386006104",
        "semi_major_axis" : "1.272603802227049",
        "inclination" : "2.610858395041591",
        "ascending_node_longitude" : "204.4545518750578",
        "orbital_period" : "524.3705004526684",
        "perihelion_distance" : ".7399645944290102",
        "perihelion_argument" : "258.4593965613162",
        "aphelion_distance" : "1.805243010025088",
        "perihelion_time" : "2458208.420462944109",
        "mean_anomaly" : "217.2548101099068",
        "mean_motion" : ".6865374762486185",
        "equinox" : "J2000"
      }
    } ]
  }
}