{
  "links" : {
    "next" : "https://api.nasa.gov/neo/rest/v1/feed?start_date=2008-09-09&end_date=2008-09-09&detailed=true&api_key=t0TVs3DtDT2H8Oy2Zy8m2eVrNsAVKAexjcZXUckd",
    "prev" : "https://api.nasa.gov/neo/rest/v1/feed?start_date=2008-09-07&end_date=2008-09-07&detailed=true&api_key=t0TVs3DtDT2H8Oy2Zy8m2eVrNsAVKAexjcZXUckd",
    "self" : "https://api.nasa.gov/neo/rest/v1/feed?start_date=2008-09-08&end_date=2008-09-08&detailed=true&api_key=t0TVs3DtDT2H8Oy2Zy8m2eVrNsAVKAexjcZXUckd"
  },
  "element_count" : 8,
  "near_earth_objects" : {
    "2008-09-08" : [ {
      "links" : {
        "self" : "https://api.nasa.gov/neo/rest/v1/neo/3648542?api_key=t0TVs3DtDT2H8Oy2Zy8m2eVrNsAVKAexjcZXUckd"
      },
      "neo_reference_id" : "3648542",
      "name" : "(2013 SY19)",
      "nasa_jpl_url" : "http://ssd.jpl.nasa.gov/sbdb.cgi?sstr=3648542",
      "absolute_magnitude_h" : 24.8,
      "estimated_diameter" : {
        "kilometers" : {
          "estimated_diameter_min" : 0.0291443905,
          "estimated_diameter_max" : 0.0651688382
        },
        "meters" : {
          "estimated_diameter_min" : 29.1443904535,
          "estimated_diameter_max" : 65.1688382168
        },
        "miles" : {
          "estimated_diameter_min" : 0.018109479,
          "estimated_diameter_max" : 0.0404940262
        },
        "feet" : {
          "estimated_diameter_min" : 95.6180819754,
          "estimated_diameter_max" : 213.8085311752
        }
      },
      "is_potentially_hazardous_asteroid" : false,
      "close_approach_data" : [ {
        "close_approach_date" : "2008-09-08",
        "epoch_date_close_approach" : 1220857200000,
        "relative_velocity" : {
          "kilometers_per_second" : "6.7749691072",
          "kilometers_per_hour" : "24389.888785983",
          "miles_per_hour" : "15154.9283959348"
        },
        "miss_distance" : {
          "astronomical" : "0.2330047814",
          "lunar" : "90.6388626099",
          "kilometers" : "34857020",
          "miles" : "21659148"
        },
        "orbiting_body" : "Earth"
      } ],
      "orbital_data" : {
        "orbit_id" : "9",
        "orbit_determination_date" : "2017-04-06 08:44:35",
        "orbit_uncertainty" : "7",
        "minimum_orbit_intersection" : ".0827022",
        "jupiter_tisserand_invariant" : "4.730",
        "epoch_osculation" : "2458000.5",
        "eccentricity" : ".223804858249736",
        "semi_major_axis" : "1.398441576165183",
        "inclination" : "2.727522329340647",
        "ascending_node_longitude" : "198.6458386069241",
        "orbital_period" : "604.0389134585969",
        "perihelion_distance" : "1.085463557440997",
        "perihelion_argument" : "140.5208633337024",
        "aphelion_distance" : "1.71141959488937",
        "perihelion_time" : "2457744.321409525355",
        "mean_anomaly" : "152.6793895492856",
        "mean_motion" : ".5959880927848132",
        "equinox" : "J2000"
      }
    }, {
      "links" : {
        "self" : "https://api.nasa.gov/neo/rest/v1/neo/2365014?api_key=t0TVs3DtDT2H8Oy2Zy8m2eVrNsAVKAexjcZXUckd"
      },
      "neo_reference_id" : "2365014",
      "name" : "365014 (2008 OX2)",
      "nasa_jpl_url" : "http://ssd.jpl.nasa.gov/sbdb.cgi?sstr=2365014",
      "absolute_magnitude_h" : 20.2,
      "estimated_diameter" : {
        "kilometers" : {
          "estimated_diameter_min" : 0.2424124811,
          "estimated_diameter_max" : 0.5420507863
        },
        "meters" : {
          "estimated_diameter_min" : 242.4124811008,
          "estimated_diameter_max" : 542.0507863358
        },
        "miles" : {
          "estimated_diameter_min" : 0.1506280858,
          "estimated_diameter_max" : 0.3368146392
        },
        "feet" : {
          "estimated_diameter_min" : 795.3165644948,
          "estimated_diameter_max" : 1778.3819018419
        }
      },
      "is_potentially_hazardous_asteroid" : true,
      "close_approach_data" : [ {
        "close_approach_date" : "2008-09-08",
        "epoch_date_close_approach" : 1220857200000,
        "relative_velocity" : {
          "kilometers_per_second" : "11.6229811149",
          "kilometers_per_hour" : "41842.732013478",
          "miles_per_hour" : "25999.4464558192"
        },
        "miss_distance" : {
          "astronomical" : "0.3518893935",
          "lunar" : "136.884979248",
          "kilometers" : "52641904",
          "miles" : "32710164"
        },
        "orbiting_body" : "Earth"
      } ],
      "orbital_data" : {
        "orbit_id" : "52",
        "orbit_determination_date" : "2017-04-06 09:22:41",
        "orbit_uncertainty" : "1",
        "minimum_orbit_intersection" : ".0320976",
        "jupiter_tisserand_invariant" : "5.678",
        "epoch_osculation" : "2458000.5",
        "eccentricity" : ".6019105956788846",
        "semi_major_axis" : "1.047754486878515",
        "inclination" : "6.648499539634175",
        "ascending_node_longitude" : "220.2476426617902",
        "orbital_period" : "391.7308012403853",
        "perihelion_distance" : ".4170999595562438",
        "perihelion_argument" : "251.8996194446037",
        "aphelion_distance" : "1.678409014200785",
        "perihelion_time" : "2457931.440287676872",
        "mean_anomaly" : "63.46576873098592",
        "mean_motion" : ".9189984521515484",
        "equinox" : "J2000"
      }
    }, {
      "links" : {
        "self" : "https://api.nasa.gov/neo/rest/v1/neo/2446791?api_key=t0TVs3DtDT2H8Oy2Zy8m2eVrNsAVKAexjcZXUckd"
      },
      "neo_reference_id" : "2446791",
      "name" : "446791 (1998 SJ70)",
      "nasa_jpl_url" : "http://ssd.jpl.nasa.gov/sbdb.cgi?sstr=2446791",
      "absolute_magnitude_h" : 18.3,
      "estimated_diameter" : {
        "kilometers" : {
          "estimated_diameter_min" : 0.5815070396,
          "estimated_diameter_max" : 1.30028927
        },
        "meters" : {
          "estimated_diameter_min" : 581.5070396458,
          "estimated_diameter_max" : 1300.2892700427
        },
        "miles" : {
          "estimated_diameter_min" : 0.3613316107,
          "estimated_diameter_max" : 0.807962044
        },
        "feet" : {
          "estimated_diameter_min" : 1907.8315559515,
          "estimated_diameter_max" : 4266.0410487267
        }
      },
      "is_potentially_hazardous_asteroid" : true,
      "close_approach_data" : [ {
        "close_approach_date" : "2008-09-08",
        "epoch_date_close_approach" : 1220857200000,
        "relative_velocity" : {
          "kilometers_per_second" : "18.5531144328",
          "kilometers_per_hour" : "66791.2119581898",
          "miles_per_hour" : "41501.4616747985"
        },
        "miss_distance" : {
          "astronomical" : "0.0984096345",
          "lunar" : "38.2813491821",
          "kilometers" : "14721872",
          "miles" : "9147747"
        },
        "orbiting_body" : "Earth"
      } ],
      "orbital_data" : {
        "orbit_id" : "50",
        "orbit_determination_date" : "2017-04-06 09:20:20",
        "orbit_uncertainty" : "0",
        "minimum_orbit_intersection" : ".0271242",
        "jupiter_tisserand_invariant" : "3.247",
        "epoch_osculation" : "2458000.5",
        "eccentricity" : ".7051563927770607",
        "semi_major_axis" : "2.238273125243234",
        "inclination" : "7.306244416940888",
        "ascending_node_longitude" : "21.55620932883063",
        "orbital_period" : "1223.117125999148",
        "perihelion_distance" : ".6599405221968772",
        "perihelion_argument" : "246.8813840863509",
        "aphelion_distance" : "3.816605728289592",
        "perihelion_time" : "2458343.398764961315",
        "mean_anomaly" : "259.0746243658113",
        "mean_motion" : ".2943299479237697",
        "equinox" : "J2000"
      }
    }, {
      "links" : {
        "self" : "https://api.nasa.gov/neo/rest/v1/neo/3388355?api_key=t0TVs3DtDT2H8Oy2Zy8m2eVrNsAVKAexjcZXUckd"
      },
      "neo_reference_id" : "3388355",
      "name" : "(2007 TE66)",
      "nasa_jpl_url" : "http://ssd.jpl.nasa.gov/sbdb.cgi?sstr=3388355",
      "absolute_magnitude_h" : 21.5,
      "estimated_diameter" : {
        "kilometers" : {
          "estimated_diameter_min" : 0.1332155667,
          "estimated_diameter_max" : 0.2978790628
        },
        "meters" : {
          "estimated_diameter_min" : 133.2155666981,
          "estimated_diameter_max" : 297.8790627982
        },
        "miles" : {
          "estimated_diameter_min" : 0.0827762899,
          "estimated_diameter_max" : 0.1850934111
        },
        "feet" : {
          "estimated_diameter_min" : 437.0589598459,
          "estimated_diameter_max" : 977.2935443908
        }
      },
      "is_potentially_hazardous_asteroid" : false,
      "close_approach_data" : [ {
        "close_approach_date" : "2008-09-08",
        "epoch_date_close_approach" : 1220857200000,
        "relative_velocity" : {
          "kilometers_per_second" : "7.1886172875",
          "kilometers_per_hour" : "25879.0222349124",
          "miles_per_hour" : "16080.2180103543"
        },
        "miss_distance" : {
          "astronomical" : "0.2575755348",
          "lunar" : "100.1968841553",
          "kilometers" : "38532752",
          "miles" : "23943142"
        },
        "orbiting_body" : "Earth"
      } ],
      "orbital_data" : {
        "orbit_id" : "21",
        "orbit_determination_date" : "2017-04-06 09:05:41",
        "orbit_uncertainty" : "3",
        "minimum_orbit_intersection" : ".158216",
        "jupiter_tisserand_invariant" : "5.797",
        "epoch_osculation" : "2458000.5",
        "eccentricity" : ".204274328944741",
        "semi_major_axis" : "1.055587937709187",
        "inclination" : "10.24617821138056",
        "ascending_node_longitude" : "195.7498864018714",
        "orbital_period" : "396.1321172314168",
        "perihelion_distance" : ".8399584200914794",
        "perihelion_argument" : "355.2715255266803",
        "aphelion_distance" : "1.271217455326894",
        "perihelion_time" : "2458123.252809076682",
        "mean_anomaly" : "248.4437556427933",
        "mean_motion" : ".9087877108174273",
        "equinox" : "J2000"
      }
    }, {
      "links" : {
        "self" : "https://api.nasa.gov/neo/rest/v1/neo/3589591?api_key=t0TVs3DtDT2H8Oy2Zy8m2eVrNsAVKAexjcZXUckd"
      },
      "neo_reference_id" : "3589591",
      "name" : "(2011 WS74)",
      "nasa_jpl_url" : "http://ssd.jpl.nasa.gov/sbdb.cgi?sstr=3589591",
      "absolute_magnitude_h" : 23.9,
      "estimated_diameter" : {
        "kilometers" : {
          "estimated_diameter_min" : 0.04411182,
          "estimated_diameter_max" : 0.0986370281
        },
        "meters" : {
          "estimated_diameter_min" : 44.1118199997,
          "estimated_diameter_max" : 98.6370281305
        },
        "miles" : {
          "estimated_diameter_min" : 0.0274098057,
          "estimated_diameter_max" : 0.0612901888
        },
        "feet" : {
          "estimated_diameter_min" : 144.7238235278,
          "estimated_diameter_max" : 323.6123073718
        }
      },
      "is_potentially_hazardous_asteroid" : false,
      "close_approach_data" : [ {
        "close_approach_date" : "2008-09-08",
        "epoch_date_close_approach" : 1220857200000,
        "relative_velocity" : {
          "kilometers_per_second" : "8.4416160412",
          "kilometers_per_hour" : "30389.8177484063",
          "miles_per_hour" : "18883.0509226139"
        },
        "miss_distance" : {
          "astronomical" : "0.3893769802",
          "lunar" : "151.4676361084",
          "kilometers" : "58249964",
          "miles" : "36194852"
        },
        "orbiting_body" : "Earth"
      } ],
      "orbital_data" : {
        "orbit_id" : "20",
        "orbit_determination_date" : "2017-04-06 08:51:49",
        "orbit_uncertainty" : "4",
        "minimum_orbit_intersection" : ".0180031",
        "jupiter_tisserand_invariant" : "6.141",
        "epoch_osculation" : "2458000.5",
        "eccentricity" : ".3507993056454944",
        "semi_major_axis" : ".9717092200054737",
        "inclination" : "13.75094367481702",
        "ascending_node_longitude" : "67.52576522660648",
        "orbital_period" : "349.8669444758215",
        "perihelion_distance" : ".6308343003382286",
        "perihelion_argument" : "117.7802378567673",
        "aphelion_distance" : "1.312584139672719",
        "perihelion_time" : "2458071.731166679134",
        "mean_anomaly" : "286.7057937042107",
        "mean_motion" : "1.028962597593666",
        "equinox" : "J2000"
      }
    }, {
      "links" : {
        "self" : "https://api.nasa.gov/neo/rest/v1/neo/3605760?api_key=t0TVs3DtDT2H8Oy2Zy8m2eVrNsAVKAexjcZXUckd"
      },
      "neo_reference_id" : "3605760",
      "name" : "(2012 LF11)",
      "nasa_jpl_url" : "http://ssd.jpl.nasa.gov/sbdb.cgi?sstr=3605760",
      "absolute_magnitude_h" : 20.8,
      "estimated_diameter" : {
        "kilometers" : {
          "estimated_diameter_min" : 0.1838886721,
          "estimated_diameter_max" : 0.411187571
        },
        "meters" : {
          "estimated_diameter_min" : 183.8886720703,
          "estimated_diameter_max" : 411.1875710413
        },
        "miles" : {
          "estimated_diameter_min" : 0.1142630881,
          "estimated_diameter_max" : 0.2555000322
        },
        "feet" : {
          "estimated_diameter_min" : 603.309310875,
          "estimated_diameter_max" : 1349.040630575
        }
      },
      "is_potentially_hazardous_asteroid" : false,
      "close_approach_data" : [ {
        "close_approach_date" : "2008-09-08",
        "epoch_date_close_approach" : 1220857200000,
        "relative_velocity" : {
          "kilometers_per_second" : "24.8050944567",
          "kilometers_per_hour" : "89298.3400442658",
          "miles_per_hour" : "55486.5157902828"
        },
        "miss_distance" : {
          "astronomical" : "0.3630135463",
          "lunar" : "141.2122650146",
          "kilometers" : "54306052",
          "miles" : "33744216"
        },
        "orbiting_body" : "Earth"
      } ],
      "orbital_data" : {
        "orbit_id" : "30",
        "orbit_determination_date" : "2017-04-06 08:49:34",
        "orbit_uncertainty" : "2",
        "minimum_orbit_intersection" : ".110815",
        "jupiter_tisserand_invariant" : "6.512",
        "epoch_osculation" : "2458000.5",
        "eccentricity" : ".4831761962100073",
        "semi_major_axis" : ".8972141839833276",
        "inclination" : "11.64738259884765",
        "ascending_node_longitude" : "222.2225909226548",
        "orbital_period" : "310.4149454332835",
        "perihelion_distance" : ".4637016473805977",
        "perihelion_argument" : "263.5353328524871",
        "aphelion_distance" : "1.330726720586057",
        "perihelion_time" : "2457877.332671436747",
        "mean_anomaly" : "142.8418281242225",
        "mean_motion" : "1.159737974270229",
        "equinox" : "J2000"
      }
    }, {
      "links" : {
        "self" : "https://api.nasa.gov/neo/rest/v1/neo/3646915?api_key=t0TVs3DtDT2H8Oy2Zy8m2eVrNsAVKAexjcZXUckd"
      },
      "neo_reference_id" : "3646915",
      "name" : "(2013 RG)",
      "nasa_jpl_url" : "http://ssd.jpl.nasa.gov/sbdb.cgi?sstr=3646915",
      "absolute_magnitude_h" : 29.4,
      "estimated_diameter" : {
        "kilometers" : {
          "estimated_diameter_min" : 0.0035039264,
          "estimated_diameter_max" : 0.0078350176
        },
        "meters" : {
          "estimated_diameter_min" : 3.5039264111,
          "estimated_diameter_max" : 7.8350176433
        },
        "miles" : {
          "estimated_diameter_min" : 0.0021772383,
          "estimated_diameter_max" : 0.0048684527
        },
        "feet" : {
          "estimated_diameter_min" : 11.4958219265,
          "estimated_diameter_max" : 25.705439285
        }
      },
      "is_potentially_hazardous_asteroid" : false,
      "close_approach_data" : [ {
        "close_approach_date" : "2008-09-08",
        "epoch_date_close_approach" : 1220857200000,
        "relative_velocity" : {
          "kilometers_per_second" : "14.245672212",
          "kilometers_per_hour" : "51284.4199631669",
          "miles_per_hour" : "31866.1441710022"
        },
        "miss_distance" : {
          "astronomical" : "0.0602190004",
          "lunar" : "23.4251918793",
          "kilometers" : "9008634",
          "miles" : "5597706"
        },
        "orbiting_body" : "Earth"
      } ],
      "orbital_data" : {
        "orbit_id" : "5",
        "orbit_determination_date" : "2017-04-06 08:44:57",
        "orbit_uncertainty" : "7",
        "minimum_orbit_intersection" : ".00141455",
        "jupiter_tisserand_invariant" : "3.802",
        "epoch_osculation" : "2458000.5",
        "eccentricity" : ".6054446710714149",
        "semi_major_axis" : "1.818823967783011",
        "inclination" : ".9946876223564735",
        "ascending_node_longitude" : "336.1636582033192",
        "orbital_period" : "895.9513530802529",
        "perihelion_distance" : ".7176266888718202",
        "perihelion_argument" : "81.0767088937063",
        "aphelion_distance" : "2.920021246694201",
        "perihelion_time" : "2458378.773957907532",
        "mean_anomaly" : "208.0066753864107",
        "mean_motion" : ".401807529797607",
        "equinox" : "J2000"
      }
    }, {
      "links" : {
        "self" : "https://api.nasa.gov/neo/rest/v1/neo/3741151?api_key=t0TVs3DtDT2H8Oy2Zy8m2eVrNsAVKAexjcZXUckd"
      },
      "neo_reference_id" : "3741151",
      "name" : "(2016 CE)",
      "nasa_jpl_url" : "http://ssd.jpl.nasa.gov/sbdb.cgi?sstr=3741151",
      "absolute_magnitude_h" : 28.5,
      "estimated_diameter" : {
        "kilometers" : {
          "estimated_diameter_min" : 0.0053034072,
          "estimated_diameter_max" : 0.0118587791
        },
        "meters" : {
          "estimated_diameter_min" : 5.3034072332,
          "estimated_diameter_max" : 11.8587790858
        },
        "miles" : {
          "estimated_diameter_min" : 0.0032953835,
          "estimated_diameter_max" : 0.0073687014
        },
        "feet" : {
          "estimated_diameter_min" : 17.3996305869,
          "estimated_diameter_max" : 38.9067567758
        }
      },
      "is_potentially_hazardous_asteroid" : false,
      "close_approach_data" : [ {
        "close_approach_date" : "2008-09-08",
        "epoch_date_close_approach" : 1220857200000,
        "relative_velocity" : {
          "kilometers_per_second" : "8.2978771291",
          "kilometers_per_hour" : "29872.35766466",
          "miles_per_hour" : "18561.5213500216"
        },
        "miss_distance" : {
          "astronomical" : "0.3085918063",
          "lunar" : "120.0422134399",
          "kilometers" : "46164680",
          "miles" : "28685402"
        },
        "orbiting_body" : "Earth"
      } ],
      "orbital_data" : {
        "orbit_id" : "4",
        "orbit_determination_date" : "2017-04-06 08:28:45",
        "orbit_uncertainty" : "6",
        "minimum_orbit_intersection" : ".000101844",
        "jupiter_tisserand_invariant" : "6.890",
        "epoch_osculation" : "2458000.5",
        "eccentricity" : ".2854391572803602",
        "semi_major_axis" : ".8503429056473876",
        "inclination" : "5.778161233838581",
        "ascending_node_longitude" : "315.8789167082497",
        "orbital_period" : "286.4109158552822",
        "perihelion_distance" : ".6076217432600644",
        "perihelion_argument" : "316.2954172370589",
        "aphelion_distance" : "1.093064068034711",
        "perihelion_time" : "2458084.494033036938",
        "mean_anomaly" : "254.4249320840256",
        "mean_motion" : "1.25693533336523",
        "equinox" : "J2000"
      }
    } ]
  }
}