{
  "links" : {
    "next" : "https://api.nasa.gov/neo/rest/v1/feed?start_date=2000-08-23&end_date=2000-08-23&detailed=true&api_key=t0TVs3DtDT2H8Oy2Zy8m2eVrNsAVKAexjcZXUckd",
    "prev" : "https://api.nasa.gov/neo/rest/v1/feed?start_date=2000-08-21&end_date=2000-08-21&detailed=true&api_key=t0TVs3DtDT2H8Oy2Zy8m2eVrNsAVKAexjcZXUckd",
    "self" : "https://api.nasa.gov/neo/rest/v1/feed?start_date=2000-08-22&end_date=2000-08-22&detailed=true&api_key=t0TVs3DtDT2H8Oy2Zy8m2eVrNsAVKAexjcZXUckd"
  },
  "element_count" : 6,
  "near_earth_objects" : {
    "2000-08-22" : [ {
      "links" : {
        "self" : "https://api.nasa.gov/neo/rest/v1/neo/3092270?api_key=t0TVs3DtDT2H8Oy2Zy8m2eVrNsAVKAexjcZXUckd"
      },
      "neo_reference_id" : "3092270",
      "name" : "(2000 QX69)",
      "nasa_jpl_url" : "http://ssd.jpl.nasa.gov/sbdb.cgi?sstr=3092270",
      "absolute_magnitude_h" : 24.2,
      "estimated_diameter" : {
        "kilometers" : {
          "estimated_diameter_min" : 0.0384197891,
          "estimated_diameter_max" : 0.0859092601
        },
        "meters" : {
          "estimated_diameter_min" : 38.4197891064,
          "estimated_diameter_max" : 85.9092601232
        },
        "miles" : {
          "estimated_diameter_min" : 0.0238729428,
          "estimated_diameter_max" : 0.0533815229
        },
        "feet" : {
          "estimated_diameter_min" : 126.0491808919,
          "estimated_diameter_max" : 281.8545369825
        }
      },
      "is_potentially_hazardous_asteroid" : false,
      "close_approach_data" : [ {
        "close_approach_date" : "2000-08-22",
        "epoch_date_close_approach" : 966927600000,
        "relative_velocity" : {
          "kilometers_per_second" : "8.1978054639",
          "kilometers_per_hour" : "29512.0996699815",
          "miles_per_hour" : "18337.6710421615"
        },
        "miss_distance" : {
          "astronomical" : "0.0202208271",
          "lunar" : "7.865901947",
          "kilometers" : "3024992.75",
          "miles" : "1879643.375"
        },
        "orbiting_body" : "Earth"
      } ],
      "orbital_data" : {
        "orbit_id" : "12",
        "orbit_determination_date" : "2017-04-06 09:16:53",
        "orbit_uncertainty" : "7",
        "minimum_orbit_intersection" : ".000203622",
        "jupiter_tisserand_invariant" : "5.997",
        "epoch_osculation" : "2458000.5",
        "eccentricity" : ".2714607681197027",
        "semi_major_axis" : "1.010122093436153",
        "inclination" : "4.574015039376672",
        "ascending_node_longitude" : "150.1318031287222",
        "orbital_period" : "370.8166550618732",
        "perihelion_distance" : ".735913574057293",
        "perihelion_argument" : "74.18700034228601",
        "aphelion_distance" : "1.284330612815014",
        "perihelion_time" : "2458007.720171359108",
        "mean_anomaly" : "352.990439739431",
        "mean_motion" : ".9708301800520034",
        "equinox" : "J2000"
      }
    }, {
      "links" : {
        "self" : "https://api.nasa.gov/neo/rest/v1/neo/3330687?api_key=t0TVs3DtDT2H8Oy2Zy8m2eVrNsAVKAexjcZXUckd"
      },
      "neo_reference_id" : "3330687",
      "name" : "(2006 HU50)",
      "nasa_jpl_url" : "http://ssd.jpl.nasa.gov/sbdb.cgi?sstr=3330687",
      "absolute_magnitude_h" : 24.7,
      "estimated_diameter" : {
        "kilometers" : {
          "estimated_diameter_min" : 0.0305179233,
          "estimated_diameter_max" : 0.0682401509
        },
        "meters" : {
          "estimated_diameter_min" : 30.5179232594,
          "estimated_diameter_max" : 68.2401509401
        },
        "miles" : {
          "estimated_diameter_min" : 0.0189629525,
          "estimated_diameter_max" : 0.0424024508
        },
        "feet" : {
          "estimated_diameter_min" : 100.1244233463,
          "estimated_diameter_max" : 223.8850168104
        }
      },
      "is_potentially_hazardous_asteroid" : false,
      "close_approach_data" : [ {
        "close_approach_date" : "2000-08-22",
        "epoch_date_close_approach" : 966927600000,
        "relative_velocity" : {
          "kilometers_per_second" : "16.5343476539",
          "kilometers_per_hour" : "59523.6515541131",
          "miles_per_hour" : "36985.6822670543"
        },
        "miss_distance" : {
          "astronomical" : "0.391413492",
          "lunar" : "152.2598419189",
          "kilometers" : "58554624",
          "miles" : "36384156"
        },
        "orbiting_body" : "Earth"
      } ],
      "orbital_data" : {
        "orbit_id" : "12",
        "orbit_determination_date" : "2017-04-06 09:08:44",
        "orbit_uncertainty" : "7",
        "minimum_orbit_intersection" : ".00222505",
        "jupiter_tisserand_invariant" : "5.000",
        "epoch_osculation" : "2458000.5",
        "eccentricity" : ".2468201638520676",
        "semi_major_axis" : "1.287670569248081",
        "inclination" : "5.905679055909395",
        "ascending_node_longitude" : "46.91901584611216",
        "orbital_period" : "533.7102964138084",
        "perihelion_distance" : ".9698475083587842",
        "perihelion_argument" : "214.3591362115957",
        "aphelion_distance" : "1.605493630137377",
        "perihelion_time" : "2458162.544298817247",
        "mean_anomaly" : "250.6973540398431",
        "mean_motion" : ".6745232430758215",
        "equinox" : "J2000"
      }
    }, {
      "links" : {
        "self" : "https://api.nasa.gov/neo/rest/v1/neo/3454735?api_key=t0TVs3DtDT2H8Oy2Zy8m2eVrNsAVKAexjcZXUckd"
      },
      "neo_reference_id" : "3454735",
      "name" : "(2009 FY4)",
      "nasa_jpl_url" : "http://ssd.jpl.nasa.gov/sbdb.cgi?sstr=3454735",
      "absolute_magnitude_h" : 21.0,
      "estimated_diameter" : {
        "kilometers" : {
          "estimated_diameter_min" : 0.1677084622,
          "estimated_diameter_max" : 0.3750075218
        },
        "meters" : {
          "estimated_diameter_min" : 167.7084621628,
          "estimated_diameter_max" : 375.0075217981
        },
        "miles" : {
          "estimated_diameter_min" : 0.1042091748,
          "estimated_diameter_max" : 0.2330187988
        },
        "feet" : {
          "estimated_diameter_min" : 550.2246310023,
          "estimated_diameter_max" : 1230.3396778159
        }
      },
      "is_potentially_hazardous_asteroid" : true,
      "close_approach_data" : [ {
        "close_approach_date" : "2000-08-22",
        "epoch_date_close_approach" : 966927600000,
        "relative_velocity" : {
          "kilometers_per_second" : "14.4133786628",
          "kilometers_per_hour" : "51888.1631859896",
          "miles_per_hour" : "32241.2867307612"
        },
        "miss_distance" : {
          "astronomical" : "0.1830525893",
          "lunar" : "71.2074584961",
          "kilometers" : "27384278",
          "miles" : "17015800"
        },
        "orbiting_body" : "Earth"
      } ],
      "orbital_data" : {
        "orbit_id" : "36",
        "orbit_determination_date" : "2017-04-06 09:00:57",
        "orbit_uncertainty" : "1",
        "minimum_orbit_intersection" : ".0444529",
        "jupiter_tisserand_invariant" : "5.917",
        "epoch_osculation" : "2458000.5",
        "eccentricity" : ".3273990812523136",
        "semi_major_axis" : "1.012557364359228",
        "inclination" : "20.98149575212344",
        "ascending_node_longitude" : "162.6391693320454",
        "orbital_period" : "372.1584479236175",
        "perihelion_distance" : ".6810470135527529",
        "perihelion_argument" : "244.6385395892109",
        "aphelion_distance" : "1.344067715165704",
        "perihelion_time" : "2458152.425010226251",
        "mean_anomaly" : "213.0383926883866",
        "mean_motion" : ".9673299155468508",
        "equinox" : "J2000"
      }
    }, {
      "links" : {
        "self" : "https://api.nasa.gov/neo/rest/v1/neo/3542555?api_key=t0TVs3DtDT2H8Oy2Zy8m2eVrNsAVKAexjcZXUckd"
      },
      "neo_reference_id" : "3542555",
      "name" : "(2010 PQ10)",
      "nasa_jpl_url" : "http://ssd.jpl.nasa.gov/sbdb.cgi?sstr=3542555",
      "absolute_magnitude_h" : 21.5,
      "estimated_diameter" : {
        "kilometers" : {
          "estimated_diameter_min" : 0.1332155667,
          "estimated_diameter_max" : 0.2978790628
        },
        "meters" : {
          "estimated_diameter_min" : 133.2155666981,
          "estimated_diameter_max" : 297.8790627982
        },
        "miles" : {
          "estimated_diameter_min" : 0.0827762899,
          "estimated_diameter_max" : 0.1850934111
        },
        "feet" : {
          "estimated_diameter_min" : 437.0589598459,
          "estimated_diameter_max" : 977.2935443908
        }
      },
      "is_potentially_hazardous_asteroid" : false,
      "close_approach_data" : [ {
        "close_approach_date" : "2000-08-22",
        "epoch_date_close_approach" : 966927600000,
        "relative_velocity" : {
          "kilometers_per_second" : "14.1755879653",
          "kilometers_per_hour" : "51032.1166751617",
          "miles_per_hour" : "31709.3727196303"
        },
        "miss_distance" : {
          "astronomical" : "0.2678048724",
          "lunar" : "104.1760940552",
          "kilometers" : "40063036",
          "miles" : "24894018"
        },
        "orbiting_body" : "Earth"
      } ],
      "orbital_data" : {
        "orbit_id" : "9",
        "orbit_determination_date" : "2017-04-06 08:57:00",
        "orbit_uncertainty" : "7",
        "minimum_orbit_intersection" : ".133761",
        "jupiter_tisserand_invariant" : "6.864",
        "epoch_osculation" : "2458000.5",
        "eccentricity" : ".3764308604156466",
        "semi_major_axis" : ".8428907103741584",
        "inclination" : "22.23603423530212",
        "ascending_node_longitude" : "123.041218293506",
        "orbital_period" : "282.6541251134604",
        "perihelion_distance" : ".5256006350316584",
        "perihelion_argument" : "6.808596179807916",
        "aphelion_distance" : "1.160180785716658",
        "perihelion_time" : "2458095.494965010456",
        "mean_anomaly" : "239.0104783008687",
        "mean_motion" : "1.27364141547728",
        "equinox" : "J2000"
      }
    }, {
      "links" : {
        "self" : "https://api.nasa.gov/neo/rest/v1/neo/3724394?api_key=t0TVs3DtDT2H8Oy2Zy8m2eVrNsAVKAexjcZXUckd"
      },
      "neo_reference_id" : "3724394",
      "name" : "(2015 OB22)",
      "nasa_jpl_url" : "http://ssd.jpl.nasa.gov/sbdb.cgi?sstr=3724394",
      "absolute_magnitude_h" : 21.6,
      "estimated_diameter" : {
        "kilometers" : {
          "estimated_diameter_min" : 0.1272198785,
          "estimated_diameter_max" : 0.2844722965
        },
        "meters" : {
          "estimated_diameter_min" : 127.2198785394,
          "estimated_diameter_max" : 284.4722965033
        },
        "miles" : {
          "estimated_diameter_min" : 0.0790507431,
          "estimated_diameter_max" : 0.1767628354
        },
        "feet" : {
          "estimated_diameter_min" : 417.3880663071,
          "estimated_diameter_max" : 933.3080892598
        }
      },
      "is_potentially_hazardous_asteroid" : false,
      "close_approach_data" : [ {
        "close_approach_date" : "2000-08-22",
        "epoch_date_close_approach" : 966927600000,
        "relative_velocity" : {
          "kilometers_per_second" : "21.01451655",
          "kilometers_per_hour" : "75652.2595800832",
          "miles_per_hour" : "47007.3720707467"
        },
        "miss_distance" : {
          "astronomical" : "0.4108692667",
          "lunar" : "159.8281402588",
          "kilometers" : "61465168",
          "miles" : "38192684"
        },
        "orbiting_body" : "Earth"
      } ],
      "orbital_data" : {
        "orbit_id" : "11",
        "orbit_determination_date" : "2017-04-06 08:32:42",
        "orbit_uncertainty" : "5",
        "minimum_orbit_intersection" : ".128004",
        "jupiter_tisserand_invariant" : "5.274",
        "epoch_osculation" : "2458000.5",
        "eccentricity" : ".3298159906227073",
        "semi_major_axis" : "1.166529796405402",
        "inclination" : "24.46696069174832",
        "ascending_node_longitude" : "130.3208933571459",
        "orbital_period" : "460.1953026736264",
        "perihelion_distance" : ".7817896160130494",
        "perihelion_argument" : "314.756169545807",
        "aphelion_distance" : "1.551269976797755",
        "perihelion_time" : "2457836.085066748666",
        "mean_anomaly" : "128.6179490025296",
        "mean_motion" : ".7822765636860801",
        "equinox" : "J2000"
      }
    }, {
      "links" : {
        "self" : "https://api.nasa.gov/neo/rest/v1/neo/3743605?api_key=t0TVs3DtDT2H8Oy2Zy8m2eVrNsAVKAexjcZXUckd"
      },
      "neo_reference_id" : "3743605",
      "name" : "(2016 CU193)",
      "nasa_jpl_url" : "http://ssd.jpl.nasa.gov/sbdb.cgi?sstr=3743605",
      "absolute_magnitude_h" : 19.9,
      "estimated_diameter" : {
        "kilometers" : {
          "estimated_diameter_min" : 0.2783267681,
          "estimated_diameter_max" : 0.6223575734
        },
        "meters" : {
          "estimated_diameter_min" : 278.3267680719,
          "estimated_diameter_max" : 622.3575733667
        },
        "miles" : {
          "estimated_diameter_min" : 0.1729441822,
          "estimated_diameter_max" : 0.3867149477
        },
        "feet" : {
          "estimated_diameter_min" : 913.1455937611,
          "estimated_diameter_max" : 2041.8556210042
        }
      },
      "is_potentially_hazardous_asteroid" : true,
      "close_approach_data" : [ {
        "close_approach_date" : "2000-08-22",
        "epoch_date_close_approach" : 966927600000,
        "relative_velocity" : {
          "kilometers_per_second" : "29.0640819423",
          "kilometers_per_hour" : "104630.6949923045",
          "miles_per_hour" : "65013.4448967461"
        },
        "miss_distance" : {
          "astronomical" : "0.1690095367",
          "lunar" : "65.7447128296",
          "kilometers" : "25283468",
          "miles" : "15710418"
        },
        "orbiting_body" : "Earth"
      } ],
      "orbital_data" : {
        "orbit_id" : "21",
        "orbit_determination_date" : "2017-04-06 08:28:24",
        "orbit_uncertainty" : "3",
        "minimum_orbit_intersection" : ".011885",
        "jupiter_tisserand_invariant" : "4.174",
        "epoch_osculation" : "2458000.5",
        "eccentricity" : ".356230241656585",
        "semi_major_axis" : "1.472437091130799",
        "inclination" : "49.88513728721448",
        "ascending_node_longitude" : "322.3926566979586",
        "orbital_period" : "652.6097385549875",
        "perihelion_distance" : ".9479104703331553",
        "perihelion_argument" : "323.09620676",
        "aphelion_distance" : "1.996963711928442",
        "perihelion_time" : "2458277.877148415760",
        "mean_anomaly" : "206.9900653784679",
        "mean_motion" : ".5516313636341287",
        "equinox" : "J2000"
      }
    } ]
  }
}