{
  "links" : {
    "next" : "https://api.nasa.gov/neo/rest/v1/feed?start_date=2003-10-09&end_date=2003-10-09&detailed=true&api_key=t0TVs3DtDT2H8Oy2Zy8m2eVrNsAVKAexjcZXUckd",
    "prev" : "https://api.nasa.gov/neo/rest/v1/feed?start_date=2003-10-07&end_date=2003-10-07&detailed=true&api_key=t0TVs3DtDT2H8Oy2Zy8m2eVrNsAVKAexjcZXUckd",
    "self" : "https://api.nasa.gov/neo/rest/v1/feed?start_date=2003-10-08&end_date=2003-10-08&detailed=true&api_key=t0TVs3DtDT2H8Oy2Zy8m2eVrNsAVKAexjcZXUckd"
  },
  "element_count" : 10,
  "near_earth_objects" : {
    "2003-10-08" : [ {
      "links" : {
        "self" : "https://api.nasa.gov/neo/rest/v1/neo/2163692?api_key=t0TVs3DtDT2H8Oy2Zy8m2eVrNsAVKAexjcZXUckd"
      },
      "neo_reference_id" : "2163692",
      "name" : "163692 (2003 CY18)",
      "nasa_jpl_url" : "http://ssd.jpl.nasa.gov/sbdb.cgi?sstr=2163692",
      "absolute_magnitude_h" : 18.0,
      "estimated_diameter" : {
        "kilometers" : {
          "estimated_diameter_min" : 0.6676594135,
          "estimated_diameter_max" : 1.4929318344
        },
        "meters" : {
          "estimated_diameter_min" : 667.6594134952,
          "estimated_diameter_max" : 1492.931834393
        },
        "miles" : {
          "estimated_diameter_min" : 0.4148641974,
          "estimated_diameter_max" : 0.9276645469
        },
        "feet" : {
          "estimated_diameter_min" : 2190.4837101717,
          "estimated_diameter_max" : 4898.07047955
        }
      },
      "is_potentially_hazardous_asteroid" : false,
      "close_approach_data" : [ {
        "close_approach_date" : "2003-10-08",
        "epoch_date_close_approach" : 1065596400000,
        "relative_velocity" : {
          "kilometers_per_second" : "23.6704731513",
          "kilometers_per_hour" : "85213.7033447513",
          "miles_per_hour" : "52948.4813921873"
        },
        "miss_distance" : {
          "astronomical" : "0.4855918272",
          "lunar" : "188.8952178955",
          "kilometers" : "72643504",
          "miles" : "45138580"
        },
        "orbiting_body" : "Earth"
      } ],
      "orbital_data" : {
        "orbit_id" : "105",
        "orbit_determination_date" : "2017-04-06 09:26:12",
        "orbit_uncertainty" : "0",
        "minimum_orbit_intersection" : ".0917908",
        "jupiter_tisserand_invariant" : "4.389",
        "epoch_osculation" : "2458000.5",
        "eccentricity" : ".4105083818306902",
        "semi_major_axis" : "1.526165977284935",
        "inclination" : "7.199239152288495",
        "ascending_node_longitude" : "114.4189705320425",
        "orbital_period" : "688.6540062064493",
        "perihelion_distance" : ".8996620515446422",
        "perihelion_argument" : "180.8703494031337",
        "aphelion_distance" : "2.152669903025227",
        "perihelion_time" : "2457699.936800955371",
        "mean_anomaly" : "157.1220826146309",
        "mean_motion" : ".522758884367946",
        "equinox" : "J2000"
      }
    }, {
      "links" : {
        "self" : "https://api.nasa.gov/neo/rest/v1/neo/3152308?api_key=t0TVs3DtDT2H8Oy2Zy8m2eVrNsAVKAexjcZXUckd"
      },
      "neo_reference_id" : "3152308",
      "name" : "(2003 GR)",
      "nasa_jpl_url" : "http://ssd.jpl.nasa.gov/sbdb.cgi?sstr=3152308",
      "absolute_magnitude_h" : 20.6,
      "estimated_diameter" : {
        "kilometers" : {
          "estimated_diameter_min" : 0.2016299194,
          "estimated_diameter_max" : 0.4508582062
        },
        "meters" : {
          "estimated_diameter_min" : 201.6299194428,
          "estimated_diameter_max" : 450.8582061718
        },
        "miles" : {
          "estimated_diameter_min" : 0.1252869847,
          "estimated_diameter_max" : 0.2801502144
        },
        "feet" : {
          "estimated_diameter_min" : 661.5155049046,
          "estimated_diameter_max" : 1479.1936371367
        }
      },
      "is_potentially_hazardous_asteroid" : false,
      "close_approach_data" : [ {
        "close_approach_date" : "2003-10-08",
        "epoch_date_close_approach" : 1065596400000,
        "relative_velocity" : {
          "kilometers_per_second" : "26.9529356459",
          "kilometers_per_hour" : "97030.5683253779",
          "miles_per_hour" : "60291.0217463994"
        },
        "miss_distance" : {
          "astronomical" : "0.3022611919",
          "lunar" : "117.5796051025",
          "kilometers" : "45217632",
          "miles" : "28096934"
        },
        "orbiting_body" : "Earth"
      } ],
      "orbital_data" : {
        "orbit_id" : "28",
        "orbit_determination_date" : "2016-04-25 11:28:32",
        "orbit_uncertainty" : "0",
        "minimum_orbit_intersection" : ".208414",
        "jupiter_tisserand_invariant" : "4.307",
        "epoch_osculation" : "2457600.5",
        "eccentricity" : ".3177174602816489",
        "semi_major_axis" : "1.384741474161663",
        "inclination" : "55.83220241239702",
        "ascending_node_longitude" : "21.13939104257681",
        "orbital_period" : "595.1843136886561",
        "perihelion_distance" : ".9447849298443527",
        "perihelion_argument" : "273.06025495016",
        "aphelion_distance" : "1.824698018478972",
        "perihelion_time" : "2457591.911024886504",
        "mean_anomaly" : "5.195081539860796",
        "mean_motion" : ".6048546504340802",
        "equinox" : "J2000"
      }
    }, {
      "links" : {
        "self" : "https://api.nasa.gov/neo/rest/v1/neo/3293789?api_key=t0TVs3DtDT2H8Oy2Zy8m2eVrNsAVKAexjcZXUckd"
      },
      "neo_reference_id" : "3293789",
      "name" : "(2005 TP45)",
      "nasa_jpl_url" : "http://ssd.jpl.nasa.gov/sbdb.cgi?sstr=3293789",
      "absolute_magnitude_h" : 20.9,
      "estimated_diameter" : {
        "kilometers" : {
          "estimated_diameter_min" : 0.1756123185,
          "estimated_diameter_max" : 0.3926810818
        },
        "meters" : {
          "estimated_diameter_min" : 175.6123184804,
          "estimated_diameter_max" : 392.6810818086
        },
        "miles" : {
          "estimated_diameter_min" : 0.1091204019,
          "estimated_diameter_max" : 0.2440006365
        },
        "feet" : {
          "estimated_diameter_min" : 576.1559189633,
          "estimated_diameter_max" : 1288.3238004408
        }
      },
      "is_potentially_hazardous_asteroid" : false,
      "close_approach_data" : [ {
        "close_approach_date" : "2003-10-08",
        "epoch_date_close_approach" : 1065596400000,
        "relative_velocity" : {
          "kilometers_per_second" : "14.7111059774",
          "kilometers_per_hour" : "52959.9815185871",
          "miles_per_hour" : "32907.2729608132"
        },
        "miss_distance" : {
          "astronomical" : "0.4980986552",
          "lunar" : "193.7603759766",
          "kilometers" : "74514496",
          "miles" : "46301160"
        },
        "orbiting_body" : "Earth"
      } ],
      "orbital_data" : {
        "orbit_id" : "18",
        "orbit_determination_date" : "2017-04-06 09:10:17",
        "orbit_uncertainty" : "1",
        "minimum_orbit_intersection" : ".13527",
        "jupiter_tisserand_invariant" : "4.333",
        "epoch_osculation" : "2458000.5",
        "eccentricity" : ".2710754074773427",
        "semi_major_axis" : "1.551193965498546",
        "inclination" : "21.37971937822925",
        "ascending_node_longitude" : "13.7582669740409",
        "orbital_period" : "705.6633900236828",
        "perihelion_distance" : "1.130703429224633",
        "perihelion_argument" : "10.58991392937039",
        "aphelion_distance" : "1.97168450177246",
        "perihelion_time" : "2457899.189762115752",
        "mean_anomaly" : "51.68425364550269",
        "mean_motion" : ".5101582497965751",
        "equinox" : "J2000"
      }
    }, {
      "links" : {
        "self" : "https://api.nasa.gov/neo/rest/v1/neo/3367904?api_key=t0TVs3DtDT2H8Oy2Zy8m2eVrNsAVKAexjcZXUckd"
      },
      "neo_reference_id" : "3367904",
      "name" : "(2007 CT26)",
      "nasa_jpl_url" : "http://ssd.jpl.nasa.gov/sbdb.cgi?sstr=3367904",
      "absolute_magnitude_h" : 23.4,
      "estimated_diameter" : {
        "kilometers" : {
          "estimated_diameter_min" : 0.0555334912,
          "estimated_diameter_max" : 0.1241766613
        },
        "meters" : {
          "estimated_diameter_min" : 55.5334911581,
          "estimated_diameter_max" : 124.1766612574
        },
        "miles" : {
          "estimated_diameter_min" : 0.0345069009,
          "estimated_diameter_max" : 0.0771597762
        },
        "feet" : {
          "estimated_diameter_min" : 182.1964991311,
          "estimated_diameter_max" : 407.4037573197
        }
      },
      "is_potentially_hazardous_asteroid" : false,
      "close_approach_data" : [ {
        "close_approach_date" : "2003-10-08",
        "epoch_date_close_approach" : 1065596400000,
        "relative_velocity" : {
          "kilometers_per_second" : "18.6779292915",
          "kilometers_per_hour" : "67240.5454494918",
          "miles_per_hour" : "41780.6600322134"
        },
        "miss_distance" : {
          "astronomical" : "0.4771345541",
          "lunar" : "185.6053466797",
          "kilometers" : "71378312",
          "miles" : "44352428"
        },
        "orbiting_body" : "Earth"
      } ],
      "orbital_data" : {
        "orbit_id" : "21",
        "orbit_determination_date" : "2017-04-06 09:07:02",
        "orbit_uncertainty" : "2",
        "minimum_orbit_intersection" : ".00254036",
        "jupiter_tisserand_invariant" : "6.831",
        "epoch_osculation" : "2458000.5",
        "eccentricity" : ".3867949629851297",
        "semi_major_axis" : ".8552311489314504",
        "inclination" : "2.892604278535861",
        "ascending_node_longitude" : "321.6436242761665",
        "orbital_period" : "288.8841352421323",
        "perihelion_distance" : ".52443204833678",
        "perihelion_argument" : "44.51354434991903",
        "aphelion_distance" : "1.186030249526121",
        "perihelion_time" : "2458109.192546315628",
        "mean_anomaly" : "224.5501365423565",
        "mean_motion" : "1.246174351866921",
        "equinox" : "J2000"
      }
    }, {
      "links" : {
        "self" : "https://api.nasa.gov/neo/rest/v1/neo/3516407?api_key=t0TVs3DtDT2H8Oy2Zy8m2eVrNsAVKAexjcZXUckd"
      },
      "neo_reference_id" : "3516407",
      "name" : "(2010 GJ65)",
      "nasa_jpl_url" : "http://ssd.jpl.nasa.gov/sbdb.cgi?sstr=3516407",
      "absolute_magnitude_h" : 21.1,
      "estimated_diameter" : {
        "kilometers" : {
          "estimated_diameter_min" : 0.160160338,
          "estimated_diameter_max" : 0.358129403
        },
        "meters" : {
          "estimated_diameter_min" : 160.1603379786,
          "estimated_diameter_max" : 358.1294030194
        },
        "miles" : {
          "estimated_diameter_min" : 0.0995189894,
          "estimated_diameter_max" : 0.2225312253
        },
        "feet" : {
          "estimated_diameter_min" : 525.4604432536,
          "estimated_diameter_max" : 1174.9652706022
        }
      },
      "is_potentially_hazardous_asteroid" : false,
      "close_approach_data" : [ {
        "close_approach_date" : "2003-10-08",
        "epoch_date_close_approach" : 1065596400000,
        "relative_velocity" : {
          "kilometers_per_second" : "19.4757507976",
          "kilometers_per_hour" : "70112.7028713478",
          "miles_per_hour" : "43565.3069591438"
        },
        "miss_distance" : {
          "astronomical" : "0.2912096199",
          "lunar" : "113.2805404663",
          "kilometers" : "43564336",
          "miles" : "27069624"
        },
        "orbiting_body" : "Earth"
      } ],
      "orbital_data" : {
        "orbit_id" : "15",
        "orbit_determination_date" : "2017-04-06 08:57:48",
        "orbit_uncertainty" : "1",
        "minimum_orbit_intersection" : ".123563",
        "jupiter_tisserand_invariant" : "4.541",
        "epoch_osculation" : "2458000.5",
        "eccentricity" : ".3735969690124822",
        "semi_major_axis" : "1.440871811089175",
        "inclination" : "17.77415389487224",
        "ascending_node_longitude" : "21.74465514836455",
        "orbital_period" : "631.7371900797314",
        "perihelion_distance" : ".9025664697307334",
        "perihelion_argument" : "275.792373090931",
        "aphelion_distance" : "1.979177152447617",
        "perihelion_time" : "2457924.075997419271",
        "mean_anomaly" : "43.55076978385608",
        "mean_motion" : ".569857221726276",
        "equinox" : "J2000"
      }
    }, {
      "links" : {
        "self" : "https://api.nasa.gov/neo/rest/v1/neo/3633139?api_key=t0TVs3DtDT2H8Oy2Zy8m2eVrNsAVKAexjcZXUckd"
      },
      "neo_reference_id" : "3633139",
      "name" : "(2013 FQ10)",
      "nasa_jpl_url" : "http://ssd.jpl.nasa.gov/sbdb.cgi?sstr=3633139",
      "absolute_magnitude_h" : 22.5,
      "estimated_diameter" : {
        "kilometers" : {
          "estimated_diameter_min" : 0.0840533402,
          "estimated_diameter_max" : 0.1879489824
        },
        "meters" : {
          "estimated_diameter_min" : 84.0533402073,
          "estimated_diameter_max" : 187.9489824394
        },
        "miles" : {
          "estimated_diameter_min" : 0.0522283081,
          "estimated_diameter_max" : 0.1167860472
        },
        "feet" : {
          "estimated_diameter_min" : 275.7655606856,
          "estimated_diameter_max" : 616.6305395464
        }
      },
      "is_potentially_hazardous_asteroid" : false,
      "close_approach_data" : [ {
        "close_approach_date" : "2003-10-08",
        "epoch_date_close_approach" : 1065596400000,
        "relative_velocity" : {
          "kilometers_per_second" : "12.4270258402",
          "kilometers_per_hour" : "44737.293024607",
          "miles_per_hour" : "27798.0141018731"
        },
        "miss_distance" : {
          "astronomical" : "0.2451721541",
          "lunar" : "95.3719711304",
          "kilometers" : "36677232",
          "miles" : "22790176"
        },
        "orbiting_body" : "Earth"
      } ],
      "orbital_data" : {
        "orbit_id" : "26",
        "orbit_determination_date" : "2017-04-06 08:46:20",
        "orbit_uncertainty" : "3",
        "minimum_orbit_intersection" : ".117067",
        "jupiter_tisserand_invariant" : "6.363",
        "epoch_osculation" : "2458000.5",
        "eccentricity" : ".1927995832037375",
        "semi_major_axis" : ".9345891260135571",
        "inclination" : "16.86183045573991",
        "ascending_node_longitude" : "189.9044552541507",
        "orbital_period" : "330.0118330355344",
        "perihelion_distance" : ".754400732051398",
        "perihelion_argument" : "180.078502707074",
        "aphelion_distance" : "1.114777519975716",
        "perihelion_time" : "2457868.480331573811",
        "mean_anomaly" : "144.0162923743112",
        "mean_motion" : "1.090869974838862",
        "equinox" : "J2000"
      }
    }, {
      "links" : {
        "self" : "https://api.nasa.gov/neo/rest/v1/neo/3651205?api_key=t0TVs3DtDT2H8Oy2Zy8m2eVrNsAVKAexjcZXUckd"
      },
      "neo_reference_id" : "3651205",
      "name" : "(2013 UB)",
      "nasa_jpl_url" : "http://ssd.jpl.nasa.gov/sbdb.cgi?sstr=3651205",
      "absolute_magnitude_h" : 26.6,
      "estimated_diameter" : {
        "kilometers" : {
          "estimated_diameter_min" : 0.0127219879,
          "estimated_diameter_max" : 0.0284472297
        },
        "meters" : {
          "estimated_diameter_min" : 12.7219878539,
          "estimated_diameter_max" : 28.4472296503
        },
        "miles" : {
          "estimated_diameter_min" : 0.0079050743,
          "estimated_diameter_max" : 0.0176762835
        },
        "feet" : {
          "estimated_diameter_min" : 41.7388066307,
          "estimated_diameter_max" : 93.330808926
        }
      },
      "is_potentially_hazardous_asteroid" : false,
      "close_approach_data" : [ {
        "close_approach_date" : "2003-10-08",
        "epoch_date_close_approach" : 1065596400000,
        "relative_velocity" : {
          "kilometers_per_second" : "21.8824691776",
          "kilometers_per_hour" : "78776.8890392797",
          "miles_per_hour" : "48948.8953033236"
        },
        "miss_distance" : {
          "astronomical" : "0.4438539112",
          "lunar" : "172.6591796875",
          "kilometers" : "66399600",
          "miles" : "41258800"
        },
        "orbiting_body" : "Earth"
      } ],
      "orbital_data" : {
        "orbit_id" : "19",
        "orbit_determination_date" : "2017-04-06 08:44:08",
        "orbit_uncertainty" : "3",
        "minimum_orbit_intersection" : ".00343614",
        "jupiter_tisserand_invariant" : "6.910",
        "epoch_osculation" : "2458000.5",
        "eccentricity" : ".3147001391204445",
        "semi_major_axis" : ".8466507095626049",
        "inclination" : "3.223395259945169",
        "ascending_node_longitude" : "209.5699870994489",
        "orbital_period" : "284.547544289644",
        "perihelion_distance" : ".5802096134768301",
        "perihelion_argument" : "314.3820047867616",
        "aphelion_distance" : "1.11309180564838",
        "perihelion_time" : "2458094.417208726019",
        "mean_anomaly" : "241.1791005760668",
        "mean_motion" : "1.265166427279204",
        "equinox" : "J2000"
      }
    }, {
      "links" : {
        "self" : "https://api.nasa.gov/neo/rest/v1/neo/3653519?api_key=t0TVs3DtDT2H8Oy2Zy8m2eVrNsAVKAexjcZXUckd"
      },
      "neo_reference_id" : "3653519",
      "name" : "(2013 VX4)",
      "nasa_jpl_url" : "http://ssd.jpl.nasa.gov/sbdb.cgi?sstr=3653519",
      "absolute_magnitude_h" : 23.7,
      "estimated_diameter" : {
        "kilometers" : {
          "estimated_diameter_min" : 0.0483676488,
          "estimated_diameter_max" : 0.1081533507
        },
        "meters" : {
          "estimated_diameter_min" : 48.3676488219,
          "estimated_diameter_max" : 108.1533506775
        },
        "miles" : {
          "estimated_diameter_min" : 0.0300542543,
          "estimated_diameter_max" : 0.0672033557
        },
        "feet" : {
          "estimated_diameter_min" : 158.6865169607,
          "estimated_diameter_max" : 354.8338390368
        }
      },
      "is_potentially_hazardous_asteroid" : false,
      "close_approach_data" : [ {
        "close_approach_date" : "2003-10-08",
        "epoch_date_close_approach" : 1065596400000,
        "relative_velocity" : {
          "kilometers_per_second" : "19.2052985635",
          "kilometers_per_hour" : "69139.0748287256",
          "miles_per_hour" : "42960.3323567712"
        },
        "miss_distance" : {
          "astronomical" : "0.4015760889",
          "lunar" : "156.213104248",
          "kilometers" : "60074932",
          "miles" : "37328832"
        },
        "orbiting_body" : "Earth"
      } ],
      "orbital_data" : {
        "orbit_id" : "7",
        "orbit_determination_date" : "2017-04-06 08:43:49",
        "orbit_uncertainty" : "6",
        "minimum_orbit_intersection" : ".00265357",
        "jupiter_tisserand_invariant" : "3.869",
        "epoch_osculation" : "2458000.5",
        "eccentricity" : ".4709473963654882",
        "semi_major_axis" : "1.845457395963558",
        "inclination" : "3.051305207686706",
        "ascending_node_longitude" : "83.32439126170303",
        "orbital_period" : "915.7026314649733",
        "perihelion_distance" : ".9763440402310867",
        "perihelion_argument" : "352.1125429760876",
        "aphelion_distance" : "2.71457075169603",
        "perihelion_time" : "2457544.981121146472",
        "mean_anomaly" : "179.0830240652669",
        "mean_motion" : ".3931407289111525",
        "equinox" : "J2000"
      }
    }, {
      "links" : {
        "self" : "https://api.nasa.gov/neo/rest/v1/neo/3691160?api_key=t0TVs3DtDT2H8Oy2Zy8m2eVrNsAVKAexjcZXUckd"
      },
      "neo_reference_id" : "3691160",
      "name" : "(2014 SZ261)",
      "nasa_jpl_url" : "http://ssd.jpl.nasa.gov/sbdb.cgi?sstr=3691160",
      "absolute_magnitude_h" : 20.9,
      "estimated_diameter" : {
        "kilometers" : {
          "estimated_diameter_min" : 0.1756123185,
          "estimated_diameter_max" : 0.3926810818
        },
        "meters" : {
          "estimated_diameter_min" : 175.6123184804,
          "estimated_diameter_max" : 392.6810818086
        },
        "miles" : {
          "estimated_diameter_min" : 0.1091204019,
          "estimated_diameter_max" : 0.2440006365
        },
        "feet" : {
          "estimated_diameter_min" : 576.1559189633,
          "estimated_diameter_max" : 1288.3238004408
        }
      },
      "is_potentially_hazardous_asteroid" : false,
      "close_approach_data" : [ {
        "close_approach_date" : "2003-10-08",
        "epoch_date_close_approach" : 1065596400000,
        "relative_velocity" : {
          "kilometers_per_second" : "3.6466799647",
          "kilometers_per_hour" : "13128.0478730883",
          "miles_per_hour" : "8157.258413142"
        },
        "miss_distance" : {
          "astronomical" : "0.3809322201",
          "lunar" : "148.1826324463",
          "kilometers" : "56986648",
          "miles" : "35409860"
        },
        "orbiting_body" : "Earth"
      } ],
      "orbital_data" : {
        "orbit_id" : "30",
        "orbit_determination_date" : "2017-04-06 08:38:22",
        "orbit_uncertainty" : "4",
        "minimum_orbit_intersection" : ".276466",
        "jupiter_tisserand_invariant" : "3.797",
        "epoch_osculation" : "2458000.5",
        "eccentricity" : ".3516568909981072",
        "semi_major_axis" : "1.956841646375495",
        "inclination" : "7.550481295889456",
        "ascending_node_longitude" : "219.8705037239206",
        "orbital_period" : "999.8433232675392",
        "perihelion_distance" : "1.268704796835471",
        "perihelion_argument" : "178.8341268973511",
        "aphelion_distance" : "2.64497849591552",
        "perihelion_time" : "2457963.494316893991",
        "mean_anomaly" : "13.3241334998628",
        "mean_motion" : ".3600564124622062",
        "equinox" : "J2000"
      }
    }, {
      "links" : {
        "self" : "https://api.nasa.gov/neo/rest/v1/neo/2467347?api_key=t0TVs3DtDT2H8Oy2Zy8m2eVrNsAVKAexjcZXUckd"
      },
      "neo_reference_id" : "2467347",
      "name" : "467347 (2003 GR)",
      "nasa_jpl_url" : "http://ssd.jpl.nasa.gov/sbdb.cgi?sstr=2467347",
      "absolute_magnitude_h" : 20.6,
      "estimated_diameter" : {
        "kilometers" : {
          "estimated_diameter_min" : 0.2016299194,
          "estimated_diameter_max" : 0.4508582062
        },
        "meters" : {
          "estimated_diameter_min" : 201.6299194428,
          "estimated_diameter_max" : 450.8582061718
        },
        "miles" : {
          "estimated_diameter_min" : 0.1252869847,
          "estimated_diameter_max" : 0.2801502144
        },
        "feet" : {
          "estimated_diameter_min" : 661.5155049046,
          "estimated_diameter_max" : 1479.1936371367
        }
      },
      "is_potentially_hazardous_asteroid" : false,
      "close_approach_data" : [ {
        "close_approach_date" : "2003-10-08",
        "epoch_date_close_approach" : 1065596400000,
        "relative_velocity" : {
          "kilometers_per_second" : "26.9529240493",
          "kilometers_per_hour" : "97030.5265774156",
          "miles_per_hour" : "60290.9958058391"
        },
        "miss_distance" : {
          "astronomical" : "0.3022610442",
          "lunar" : "117.5795516968",
          "kilometers" : "45217612",
          "miles" : "28096920"
        },
        "orbiting_body" : "Earth"
      } ],
      "orbital_data" : {
        "orbit_id" : "32",
        "orbit_determination_date" : "2017-04-06 09:19:26",
        "orbit_uncertainty" : "0",
        "minimum_orbit_intersection" : ".209354",
        "jupiter_tisserand_invariant" : "4.307",
        "epoch_osculation" : "2458000.5",
        "eccentricity" : ".3177444461929936",
        "semi_major_axis" : "1.384710656640559",
        "inclination" : "55.83310949087334",
        "ascending_node_longitude" : "21.13880702737665",
        "orbital_period" : "595.1644449946381",
        "perihelion_distance" : ".9447265359087681",
        "perihelion_argument" : "273.0471416072223",
        "aphelion_distance" : "1.82469477737235",
        "perihelion_time" : "2458187.047025217805",
        "mean_anomaly" : "247.1623974798852",
        "mean_motion" : ".604874842621426",
        "equinox" : "J2000"
      }
    } ]
  }
}