{
  "links" : {
    "next" : "https://api.nasa.gov/neo/rest/v1/feed?start_date=1998-08-09&end_date=1998-08-09&detailed=true&api_key=t0TVs3DtDT2H8Oy2Zy8m2eVrNsAVKAexjcZXUckd",
    "prev" : "https://api.nasa.gov/neo/rest/v1/feed?start_date=1998-08-07&end_date=1998-08-07&detailed=true&api_key=t0TVs3DtDT2H8Oy2Zy8m2eVrNsAVKAexjcZXUckd",
    "self" : "https://api.nasa.gov/neo/rest/v1/feed?start_date=1998-08-08&end_date=1998-08-08&detailed=true&api_key=t0TVs3DtDT2H8Oy2Zy8m2eVrNsAVKAexjcZXUckd"
  },
  "element_count" : 7,
  "near_earth_objects" : {
    "1998-08-08" : [ {
      "links" : {
        "self" : "https://api.nasa.gov/neo/rest/v1/neo/2307070?api_key=t0TVs3DtDT2H8Oy2Zy8m2eVrNsAVKAexjcZXUckd"
      },
      "neo_reference_id" : "2307070",
      "name" : "307070 (2002 AV31)",
      "nasa_jpl_url" : "http://ssd.jpl.nasa.gov/sbdb.cgi?sstr=2307070",
      "absolute_magnitude_h" : 20.7,
      "estimated_diameter" : {
        "kilometers" : {
          "estimated_diameter_min" : 0.1925550782,
          "estimated_diameter_max" : 0.4305662442
        },
        "meters" : {
          "estimated_diameter_min" : 192.5550781879,
          "estimated_diameter_max" : 430.566244241
        },
        "miles" : {
          "estimated_diameter_min" : 0.1196481415,
          "estimated_diameter_max" : 0.2675413778
        },
        "feet" : {
          "estimated_diameter_min" : 631.7424027221,
          "estimated_diameter_max" : 1412.6189567557
        }
      },
      "is_potentially_hazardous_asteroid" : false,
      "close_approach_data" : [ {
        "close_approach_date" : "1998-08-08",
        "epoch_date_close_approach" : 902559600000,
        "relative_velocity" : {
          "kilometers_per_second" : "13.7466010842",
          "kilometers_per_hour" : "49487.7639031474",
          "miles_per_hour" : "30749.771965264"
        },
        "miss_distance" : {
          "astronomical" : "0.2632146314",
          "lunar" : "102.3904876709",
          "kilometers" : "39376348",
          "miles" : "24467328"
        },
        "orbiting_body" : "Earth"
      } ],
      "orbital_data" : {
        "orbit_id" : "75",
        "orbit_determination_date" : "2017-04-06 09:23:59",
        "orbit_uncertainty" : "0",
        "minimum_orbit_intersection" : ".143015",
        "jupiter_tisserand_invariant" : "4.911",
        "epoch_osculation" : "2458000.5",
        "eccentricity" : ".249441069304206",
        "semi_major_axis" : "1.310034736062646",
        "inclination" : "14.97551130247512",
        "ascending_node_longitude" : "119.3113637536016",
        "orbital_period" : "547.6746555831121",
        "perihelion_distance" : ".9832582706735261",
        "perihelion_argument" : "267.3785244832686",
        "aphelion_distance" : "1.636811201451766",
        "perihelion_time" : "2458217.784534408203",
        "mean_anomaly" : "217.173539820518",
        "mean_motion" : ".6573245563403077",
        "equinox" : "J2000"
      }
    }, {
      "links" : {
        "self" : "https://api.nasa.gov/neo/rest/v1/neo/3621808?api_key=t0TVs3DtDT2H8Oy2Zy8m2eVrNsAVKAexjcZXUckd"
      },
      "neo_reference_id" : "3621808",
      "name" : "(2012 YD7)",
      "nasa_jpl_url" : "http://ssd.jpl.nasa.gov/sbdb.cgi?sstr=3621808",
      "absolute_magnitude_h" : 24.3,
      "estimated_diameter" : {
        "kilometers" : {
          "estimated_diameter_min" : 0.0366906138,
          "estimated_diameter_max" : 0.0820427065
        },
        "meters" : {
          "estimated_diameter_min" : 36.6906137531,
          "estimated_diameter_max" : 82.0427064882
        },
        "miles" : {
          "estimated_diameter_min" : 0.0227984834,
          "estimated_diameter_max" : 0.0509789586
        },
        "feet" : {
          "estimated_diameter_min" : 120.3760332259,
          "estimated_diameter_max" : 269.1689931548
        }
      },
      "is_potentially_hazardous_asteroid" : false,
      "close_approach_data" : [ {
        "close_approach_date" : "1998-08-08",
        "epoch_date_close_approach" : 902559600000,
        "relative_velocity" : {
          "kilometers_per_second" : "8.6219680589",
          "kilometers_per_hour" : "31039.0850120354",
          "miles_per_hour" : "19286.4803509505"
        },
        "miss_distance" : {
          "astronomical" : "0.2976443671",
          "lunar" : "115.7836608887",
          "kilometers" : "44526964",
          "miles" : "27667774"
        },
        "orbiting_body" : "Earth"
      } ],
      "orbital_data" : {
        "orbit_id" : "11",
        "orbit_determination_date" : "2017-04-06 08:47:30",
        "orbit_uncertainty" : "6",
        "minimum_orbit_intersection" : ".0176679",
        "jupiter_tisserand_invariant" : "6.710",
        "epoch_osculation" : "2458000.5",
        "eccentricity" : ".2188246479519052",
        "semi_major_axis" : ".8807603940786342",
        "inclination" : "2.539955944876938",
        "ascending_node_longitude" : "72.80569810923522",
        "orbital_period" : "301.9152794474248",
        "perihelion_distance" : ".6880283109143958",
        "perihelion_argument" : "201.5871641006392",
        "aphelion_distance" : "1.073492477242872",
        "perihelion_time" : "2457945.828344577145",
        "mean_anomaly" : "65.18979757583048",
        "mean_motion" : "1.192387482537762",
        "equinox" : "J2000"
      }
    }, {
      "links" : {
        "self" : "https://api.nasa.gov/neo/rest/v1/neo/3712665?api_key=t0TVs3DtDT2H8Oy2Zy8m2eVrNsAVKAexjcZXUckd"
      },
      "neo_reference_id" : "3712665",
      "name" : "(2015 DJ215)",
      "nasa_jpl_url" : "http://ssd.jpl.nasa.gov/sbdb.cgi?sstr=3712665",
      "absolute_magnitude_h" : 24.0,
      "estimated_diameter" : {
        "kilometers" : {
          "estimated_diameter_min" : 0.0421264611,
          "estimated_diameter_max" : 0.0941976306
        },
        "meters" : {
          "estimated_diameter_min" : 42.1264610556,
          "estimated_diameter_max" : 94.1976305719
        },
        "miles" : {
          "estimated_diameter_min" : 0.0261761612,
          "estimated_diameter_max" : 0.0585316759
        },
        "feet" : {
          "estimated_diameter_min" : 138.2101784897,
          "estimated_diameter_max" : 309.0473542854
        }
      },
      "is_potentially_hazardous_asteroid" : false,
      "close_approach_data" : [ {
        "close_approach_date" : "1998-08-08",
        "epoch_date_close_approach" : 902559600000,
        "relative_velocity" : {
          "kilometers_per_second" : "14.6693768102",
          "kilometers_per_hour" : "52809.7565168244",
          "miles_per_hour" : "32813.9289868012"
        },
        "miss_distance" : {
          "astronomical" : "0.3745197385",
          "lunar" : "145.6881713867",
          "kilometers" : "56027356",
          "miles" : "34813784"
        },
        "orbiting_body" : "Earth"
      } ],
      "orbital_data" : {
        "orbit_id" : "12",
        "orbit_determination_date" : "2017-04-06 08:35:18",
        "orbit_uncertainty" : "4",
        "minimum_orbit_intersection" : ".0109591",
        "jupiter_tisserand_invariant" : "5.516",
        "epoch_osculation" : "2458000.5",
        "eccentricity" : ".1483967510987464",
        "semi_major_axis" : "1.132196999251865",
        "inclination" : "4.069632203267333",
        "ascending_node_longitude" : "2.583070805553164",
        "orbital_period" : "440.0291283039898",
        "perihelion_distance" : ".964182642959138",
        "perihelion_argument" : "233.2488045964447",
        "aphelion_distance" : "1.300211355544591",
        "perihelion_time" : "2458030.211924425665",
        "mean_anomaly" : "335.6918528678629",
        "mean_motion" : ".8181276575656545",
        "equinox" : "J2000"
      }
    }, {
      "links" : {
        "self" : "https://api.nasa.gov/neo/rest/v1/neo/3755345?api_key=t0TVs3DtDT2H8Oy2Zy8m2eVrNsAVKAexjcZXUckd"
      },
      "neo_reference_id" : "3755345",
      "name" : "(2016 NG33)",
      "nasa_jpl_url" : "http://ssd.jpl.nasa.gov/sbdb.cgi?sstr=3755345",
      "absolute_magnitude_h" : 21.5,
      "estimated_diameter" : {
        "kilometers" : {
          "estimated_diameter_min" : 0.1332155667,
          "estimated_diameter_max" : 0.2978790628
        },
        "meters" : {
          "estimated_diameter_min" : 133.2155666981,
          "estimated_diameter_max" : 297.8790627982
        },
        "miles" : {
          "estimated_diameter_min" : 0.0827762899,
          "estimated_diameter_max" : 0.1850934111
        },
        "feet" : {
          "estimated_diameter_min" : 437.0589598459,
          "estimated_diameter_max" : 977.2935443908
        }
      },
      "is_potentially_hazardous_asteroid" : true,
      "close_approach_data" : [ {
        "close_approach_date" : "1998-08-08",
        "epoch_date_close_approach" : 902559600000,
        "relative_velocity" : {
          "kilometers_per_second" : "16.1930688692",
          "kilometers_per_hour" : "58295.0479290595",
          "miles_per_hour" : "36222.2757534759"
        },
        "miss_distance" : {
          "astronomical" : "0.1927693977",
          "lunar" : "74.9872970581",
          "kilometers" : "28837892",
          "miles" : "17919034"
        },
        "orbiting_body" : "Earth"
      } ],
      "orbital_data" : {
        "orbit_id" : "21",
        "orbit_determination_date" : "2017-07-22 06:20:09",
        "orbit_uncertainty" : "2",
        "minimum_orbit_intersection" : ".0266238",
        "jupiter_tisserand_invariant" : "5.786",
        "epoch_osculation" : "2458000.5",
        "eccentricity" : ".09500120835969413",
        "semi_major_axis" : "1.037463616574977",
        "inclination" : "29.92221234429334",
        "ascending_node_longitude" : "136.7628698018643",
        "orbital_period" : "385.9737234794006",
        "perihelion_distance" : ".9389033193711358",
        "perihelion_argument" : "39.29024990295736",
        "aphelion_distance" : "1.136023913778818",
        "perihelion_time" : "2457847.970954788954",
        "mean_anomaly" : "142.2647525872501",
        "mean_motion" : ".9327059799686419",
        "equinox" : "J2000"
      }
    }, {
      "links" : {
        "self" : "https://api.nasa.gov/neo/rest/v1/neo/3172316?api_key=t0TVs3DtDT2H8Oy2Zy8m2eVrNsAVKAexjcZXUckd"
      },
      "neo_reference_id" : "3172316",
      "name" : "(2004 AY1)",
      "nasa_jpl_url" : "http://ssd.jpl.nasa.gov/sbdb.cgi?sstr=3172316",
      "absolute_magnitude_h" : 21.2,
      "estimated_diameter" : {
        "kilometers" : {
          "estimated_diameter_min" : 0.1529519353,
          "estimated_diameter_max" : 0.3420109247
        },
        "meters" : {
          "estimated_diameter_min" : 152.9519353442,
          "estimated_diameter_max" : 342.0109247198
        },
        "miles" : {
          "estimated_diameter_min" : 0.095039897,
          "estimated_diameter_max" : 0.2125156703
        },
        "feet" : {
          "estimated_diameter_min" : 501.8108275547,
          "estimated_diameter_max" : 1122.0831222578
        }
      },
      "is_potentially_hazardous_asteroid" : false,
      "close_approach_data" : [ {
        "close_approach_date" : "1998-08-08",
        "epoch_date_close_approach" : 902559600000,
        "relative_velocity" : {
          "kilometers_per_second" : "24.6385423663",
          "kilometers_per_hour" : "88698.7525186843",
          "miles_per_hour" : "55113.9554191792"
        },
        "miss_distance" : {
          "astronomical" : "0.3829030869",
          "lunar" : "148.9493103027",
          "kilometers" : "57281488",
          "miles" : "35593068"
        },
        "orbiting_body" : "Earth"
      } ],
      "orbital_data" : {
        "orbit_id" : "12",
        "orbit_determination_date" : "2017-04-06 09:13:18",
        "orbit_uncertainty" : "1",
        "minimum_orbit_intersection" : ".0821264",
        "jupiter_tisserand_invariant" : "3.741",
        "epoch_osculation" : "2458000.5",
        "eccentricity" : ".5728478295710542",
        "semi_major_axis" : "1.886308045152003",
        "inclination" : "5.520978982865006",
        "ascending_node_longitude" : "40.05790041760162",
        "orbital_period" : "946.2749694021879",
        "perihelion_distance" : ".8057405755842599",
        "perihelion_argument" : "2.179782023666718",
        "aphelion_distance" : "2.966875514719746",
        "perihelion_time" : "2457700.850842473583",
        "mean_anomaly" : "113.9982565296635",
        "mean_motion" : ".3804391024180119",
        "equinox" : "J2000"
      }
    }, {
      "links" : {
        "self" : "https://api.nasa.gov/neo/rest/v1/neo/3771619?api_key=t0TVs3DtDT2H8Oy2Zy8m2eVrNsAVKAexjcZXUckd"
      },
      "neo_reference_id" : "3771619",
      "name" : "(2017 FE1)",
      "nasa_jpl_url" : "http://ssd.jpl.nasa.gov/sbdb.cgi?sstr=3771619",
      "absolute_magnitude_h" : 20.224,
      "estimated_diameter" : {
        "kilometers" : {
          "estimated_diameter_min" : 0.239747991,
          "estimated_diameter_max" : 0.5360928053
        },
        "meters" : {
          "estimated_diameter_min" : 239.7479909872,
          "estimated_diameter_max" : 536.0928053164
        },
        "miles" : {
          "estimated_diameter_min" : 0.1489724489,
          "estimated_diameter_max" : 0.3331125225
        },
        "feet" : {
          "estimated_diameter_min" : 786.5747987504,
          "estimated_diameter_max" : 1758.8347193942
        }
      },
      "is_potentially_hazardous_asteroid" : true,
      "close_approach_data" : [ {
        "close_approach_date" : "1998-08-08",
        "epoch_date_close_approach" : 902559600000,
        "relative_velocity" : {
          "kilometers_per_second" : "16.0128171825",
          "kilometers_per_hour" : "57646.1418570061",
          "miles_per_hour" : "35819.0707555381"
        },
        "miss_distance" : {
          "astronomical" : "0.1526505046",
          "lunar" : "59.3810462952",
          "kilometers" : "22836190",
          "miles" : "14189751"
        },
        "orbiting_body" : "Earth"
      } ],
      "orbital_data" : {
        "orbit_id" : "43",
        "orbit_determination_date" : "2017-09-28 06:48:20",
        "orbit_uncertainty" : "4",
        "minimum_orbit_intersection" : ".0171437",
        "jupiter_tisserand_invariant" : "3.210",
        "epoch_osculation" : "2458000.5",
        "eccentricity" : ".6232358170488214",
        "semi_major_axis" : "2.428548821536242",
        "inclination" : "3.087205204949315",
        "ascending_node_longitude" : "60.32062883035827",
        "orbital_period" : "1382.352125909409",
        "perihelion_distance" : ".9149902125031499",
        "perihelion_argument" : "201.5446239471582",
        "aphelion_distance" : "3.942107430569334",
        "perihelion_time" : "2457918.590028696333",
        "mean_anomaly" : "21.33146042649668",
        "mean_motion" : ".2604256855055411",
        "equinox" : "J2000"
      }
    }, {
      "links" : {
        "self" : "https://api.nasa.gov/neo/rest/v1/neo/3752441?api_key=t0TVs3DtDT2H8Oy2Zy8m2eVrNsAVKAexjcZXUckd"
      },
      "neo_reference_id" : "3752441",
      "name" : "(2016 HL3)",
      "nasa_jpl_url" : "http://ssd.jpl.nasa.gov/sbdb.cgi?sstr=3752441",
      "absolute_magnitude_h" : 24.7,
      "estimated_diameter" : {
        "kilometers" : {
          "estimated_diameter_min" : 0.0305179233,
          "estimated_diameter_max" : 0.0682401509
        },
        "meters" : {
          "estimated_diameter_min" : 30.5179232594,
          "estimated_diameter_max" : 68.2401509401
        },
        "miles" : {
          "estimated_diameter_min" : 0.0189629525,
          "estimated_diameter_max" : 0.0424024508
        },
        "feet" : {
          "estimated_diameter_min" : 100.1244233463,
          "estimated_diameter_max" : 223.8850168104
        }
      },
      "is_potentially_hazardous_asteroid" : false,
      "close_approach_data" : [ {
        "close_approach_date" : "1998-08-08",
        "epoch_date_close_approach" : 902559600000,
        "relative_velocity" : {
          "kilometers_per_second" : "8.7252764872",
          "kilometers_per_hour" : "31410.995353881",
          "miles_per_hour" : "19517.5709741935"
        },
        "miss_distance" : {
          "astronomical" : "0.1504113041",
          "lunar" : "58.5099983215",
          "kilometers" : "22501212",
          "miles" : "13981605"
        },
        "orbiting_body" : "Earth"
      } ],
      "orbital_data" : {
        "orbit_id" : "12",
        "orbit_determination_date" : "2017-06-19 06:17:48",
        "orbit_uncertainty" : "2",
        "minimum_orbit_intersection" : ".0382611",
        "jupiter_tisserand_invariant" : "6.222",
        "epoch_osculation" : "2458000.5",
        "eccentricity" : ".1644539434706337",
        "semi_major_axis" : ".968587523459933",
        "inclination" : "3.452676186344187",
        "ascending_node_longitude" : "100.0634816782151",
        "orbital_period" : "348.1823343669631",
        "perihelion_distance" : ".8092994856304921",
        "perihelion_argument" : "335.8989664862722",
        "aphelion_distance" : "1.127875561289374",
        "perihelion_time" : "2458081.456350852196",
        "mean_anomaly" : "276.2959075457455",
        "mean_motion" : "1.033941025912538",
        "equinox" : "J2000"
      }
    } ]
  }
}