{
  "links" : {
    "next" : "https://api.nasa.gov/neo/rest/v1/feed?start_date=1998-09-09&end_date=1998-09-09&detailed=true&api_key=t0TVs3DtDT2H8Oy2Zy8m2eVrNsAVKAexjcZXUckd",
    "prev" : "https://api.nasa.gov/neo/rest/v1/feed?start_date=1998-09-07&end_date=1998-09-07&detailed=true&api_key=t0TVs3DtDT2H8Oy2Zy8m2eVrNsAVKAexjcZXUckd",
    "self" : "https://api.nasa.gov/neo/rest/v1/feed?start_date=1998-09-08&end_date=1998-09-08&detailed=true&api_key=t0TVs3DtDT2H8Oy2Zy8m2eVrNsAVKAexjcZXUckd"
  },
  "element_count" : 7,
  "near_earth_objects" : {
    "1998-09-08" : [ {
      "links" : {
        "self" : "https://api.nasa.gov/neo/rest/v1/neo/3014162?api_key=t0TVs3DtDT2H8Oy2Zy8m2eVrNsAVKAexjcZXUckd"
      },
      "neo_reference_id" : "3014162",
      "name" : "(1998 QV3)",
      "nasa_jpl_url" : "http://ssd.jpl.nasa.gov/sbdb.cgi?sstr=3014162",
      "absolute_magnitude_h" : 20.5,
      "estimated_diameter" : {
        "kilometers" : {
          "estimated_diameter_min" : 0.2111324448,
          "estimated_diameter_max" : 0.4721064988
        },
        "meters" : {
          "estimated_diameter_min" : 211.1324447897,
          "estimated_diameter_max" : 472.1064988055
        },
        "miles" : {
          "estimated_diameter_min" : 0.1311915784,
          "estimated_diameter_max" : 0.2933532873
        },
        "feet" : {
          "estimated_diameter_min" : 692.6917701639,
          "estimated_diameter_max" : 1548.9058855411
        }
      },
      "is_potentially_hazardous_asteroid" : false,
      "close_approach_data" : [ {
        "close_approach_date" : "1998-09-08",
        "epoch_date_close_approach" : 905238000000,
        "relative_velocity" : {
          "kilometers_per_second" : "9.7513600763",
          "kilometers_per_hour" : "35104.8962746363",
          "miles_per_hour" : "21812.8173546483"
        },
        "miss_distance" : {
          "astronomical" : "0.1698062952",
          "lunar" : "66.054649353",
          "kilometers" : "25402662",
          "miles" : "15784482"
        },
        "orbiting_body" : "Earth"
      } ],
      "orbital_data" : {
        "orbit_id" : "11",
        "orbit_determination_date" : "2017-04-06 09:17:44",
        "orbit_uncertainty" : "7",
        "minimum_orbit_intersection" : ".159943",
        "jupiter_tisserand_invariant" : "3.358",
        "epoch_osculation" : "2458000.5",
        "eccentricity" : ".5114831682449562",
        "semi_major_axis" : "2.315738538657362",
        "inclination" : "14.24861525615875",
        "ascending_node_longitude" : "332.8672693426393",
        "orbital_period" : "1287.160523624725",
        "perihelion_distance" : "1.13127725407795",
        "perihelion_argument" : "33.51119368952249",
        "aphelion_distance" : "3.500199823236775",
        "perihelion_time" : "2457520.930590701964",
        "mean_anomaly" : "134.1285598637797",
        "mean_motion" : ".2796853954052423",
        "equinox" : "J2000"
      }
    }, {
      "links" : {
        "self" : "https://api.nasa.gov/neo/rest/v1/neo/2137078?api_key=t0TVs3DtDT2H8Oy2Zy8m2eVrNsAVKAexjcZXUckd"
      },
      "neo_reference_id" : "2137078",
      "name" : "137078 (1998 XZ4)",
      "nasa_jpl_url" : "http://ssd.jpl.nasa.gov/sbdb.cgi?sstr=2137078",
      "absolute_magnitude_h" : 16.3,
      "estimated_diameter" : {
        "kilometers" : {
          "estimated_diameter_min" : 1.4606796427,
          "estimated_diameter_max" : 3.2661789745
        },
        "meters" : {
          "estimated_diameter_min" : 1460.6796427136,
          "estimated_diameter_max" : 3266.1789744576
        },
        "miles" : {
          "estimated_diameter_min" : 0.9076239703,
          "estimated_diameter_max" : 2.0295088955
        },
        "feet" : {
          "estimated_diameter_min" : 4792.2561990004,
          "estimated_diameter_max" : 10715.8106265596
        }
      },
      "is_potentially_hazardous_asteroid" : false,
      "close_approach_data" : [ {
        "close_approach_date" : "1998-09-08",
        "epoch_date_close_approach" : 905238000000,
        "relative_velocity" : {
          "kilometers_per_second" : "21.4845455542",
          "kilometers_per_hour" : "77344.3639950674",
          "miles_per_hour" : "48058.7799501573"
        },
        "miss_distance" : {
          "astronomical" : "0.324911407",
          "lunar" : "126.3905410767",
          "kilometers" : "48606056",
          "miles" : "30202404"
        },
        "orbiting_body" : "Earth"
      } ],
      "orbital_data" : {
        "orbit_id" : "80",
        "orbit_determination_date" : "2017-05-09 06:48:01",
        "orbit_uncertainty" : "0",
        "minimum_orbit_intersection" : ".299389",
        "jupiter_tisserand_invariant" : "3.548",
        "epoch_osculation" : "2458000.5",
        "eccentricity" : ".6379547499621221",
        "semi_major_axis" : "1.938665238367981",
        "inclination" : "23.15018515724092",
        "ascending_node_longitude" : "324.454697819794",
        "orbital_period" : "985.9449380402025",
        "perihelion_distance" : ".7018845409646777",
        "perihelion_argument" : "9.62714859598611",
        "aphelion_distance" : "3.175445935771283",
        "perihelion_time" : "2457963.105781672570",
        "mean_anomaly" : "13.65382393933013",
        "mean_motion" : ".3651319522118393",
        "equinox" : "J2000"
      }
    }, {
      "links" : {
        "self" : "https://api.nasa.gov/neo/rest/v1/neo/3147555?api_key=t0TVs3DtDT2H8Oy2Zy8m2eVrNsAVKAexjcZXUckd"
      },
      "neo_reference_id" : "3147555",
      "name" : "(2003 BR47)",
      "nasa_jpl_url" : "http://ssd.jpl.nasa.gov/sbdb.cgi?sstr=3147555",
      "absolute_magnitude_h" : 21.4,
      "estimated_diameter" : {
        "kilometers" : {
          "estimated_diameter_min" : 0.1394938229,
          "estimated_diameter_max" : 0.3119176705
        },
        "meters" : {
          "estimated_diameter_min" : 139.4938229344,
          "estimated_diameter_max" : 311.9176705226
        },
        "miles" : {
          "estimated_diameter_min" : 0.0866774163,
          "estimated_diameter_max" : 0.1938165949
        },
        "feet" : {
          "estimated_diameter_min" : 457.6569140361,
          "estimated_diameter_max" : 1023.3519701574
        }
      },
      "is_potentially_hazardous_asteroid" : true,
      "close_approach_data" : [ {
        "close_approach_date" : "1998-09-08",
        "epoch_date_close_approach" : 905238000000,
        "relative_velocity" : {
          "kilometers_per_second" : "19.3288245002",
          "kilometers_per_hour" : "69583.7682007747",
          "miles_per_hour" : "43236.6475245314"
        },
        "miss_distance" : {
          "astronomical" : "0.2462718906",
          "lunar" : "95.7997665405",
          "kilometers" : "36841752",
          "miles" : "22892402"
        },
        "orbiting_body" : "Earth"
      } ],
      "orbital_data" : {
        "orbit_id" : "30",
        "orbit_determination_date" : "2017-04-06 09:14:23",
        "orbit_uncertainty" : "2",
        "minimum_orbit_intersection" : ".00821447",
        "jupiter_tisserand_invariant" : "4.162",
        "epoch_osculation" : "2458000.5",
        "eccentricity" : ".500204618581255",
        "semi_major_axis" : "1.628235212203004",
        "inclination" : "4.420352694024873",
        "ascending_node_longitude" : "314.5558551777094",
        "orbital_period" : "758.8818057479712",
        "perihelion_distance" : ".8137844389224318",
        "perihelion_argument" : "112.5073822807987",
        "aphelion_distance" : "2.442685985483577",
        "perihelion_time" : "2457939.933367442604",
        "mean_anomaly" : "28.73173075901091",
        "mean_motion" : ".4743821729197683",
        "equinox" : "J2000"
      }
    }, {
      "links" : {
        "self" : "https://api.nasa.gov/neo/rest/v1/neo/3562830?api_key=t0TVs3DtDT2H8Oy2Zy8m2eVrNsAVKAexjcZXUckd"
      },
      "neo_reference_id" : "3562830",
      "name" : "(2011 GP59)",
      "nasa_jpl_url" : "http://ssd.jpl.nasa.gov/sbdb.cgi?sstr=3562830",
      "absolute_magnitude_h" : 24.3,
      "estimated_diameter" : {
        "kilometers" : {
          "estimated_diameter_min" : 0.0366906138,
          "estimated_diameter_max" : 0.0820427065
        },
        "meters" : {
          "estimated_diameter_min" : 36.6906137531,
          "estimated_diameter_max" : 82.0427064882
        },
        "miles" : {
          "estimated_diameter_min" : 0.0227984834,
          "estimated_diameter_max" : 0.0509789586
        },
        "feet" : {
          "estimated_diameter_min" : 120.3760332259,
          "estimated_diameter_max" : 269.1689931548
        }
      },
      "is_potentially_hazardous_asteroid" : false,
      "close_approach_data" : [ {
        "close_approach_date" : "1998-09-08",
        "epoch_date_close_approach" : 905238000000,
        "relative_velocity" : {
          "kilometers_per_second" : "12.8887443817",
          "kilometers_per_hour" : "46399.4797742557",
          "miles_per_hour" : "28830.8323075091"
        },
        "miss_distance" : {
          "astronomical" : "0.3744142077",
          "lunar" : "145.6471252441",
          "kilometers" : "56011568",
          "miles" : "34803976"
        },
        "orbiting_body" : "Earth"
      } ],
      "orbital_data" : {
        "orbit_id" : "18",
        "orbit_determination_date" : "2017-04-06 08:53:46",
        "orbit_uncertainty" : "1",
        "minimum_orbit_intersection" : ".00347209",
        "jupiter_tisserand_invariant" : "6.769",
        "epoch_osculation" : "2458000.5",
        "eccentricity" : ".2576795112710575",
        "semi_major_axis" : ".8689334157518706",
        "inclination" : "8.513761555893636",
        "ascending_node_longitude" : "24.36394732138642",
        "orbital_period" : "295.8544970740713",
        "perihelion_distance" : ".6450270778538379",
        "perihelion_argument" : "319.2955599321823",
        "aphelion_distance" : "1.092839753649903",
        "perihelion_time" : "2458129.448434056194",
        "mean_anomaly" : "203.0936939633281",
        "mean_motion" : "1.216814358275139",
        "equinox" : "J2000"
      }
    }, {
      "links" : {
        "self" : "https://api.nasa.gov/neo/rest/v1/neo/3608622?api_key=t0TVs3DtDT2H8Oy2Zy8m2eVrNsAVKAexjcZXUckd"
      },
      "neo_reference_id" : "3608622",
      "name" : "(2012 RL15)",
      "nasa_jpl_url" : "http://ssd.jpl.nasa.gov/sbdb.cgi?sstr=3608622",
      "absolute_magnitude_h" : 24.3,
      "estimated_diameter" : {
        "kilometers" : {
          "estimated_diameter_min" : 0.0366906138,
          "estimated_diameter_max" : 0.0820427065
        },
        "meters" : {
          "estimated_diameter_min" : 36.6906137531,
          "estimated_diameter_max" : 82.0427064882
        },
        "miles" : {
          "estimated_diameter_min" : 0.0227984834,
          "estimated_diameter_max" : 0.0509789586
        },
        "feet" : {
          "estimated_diameter_min" : 120.3760332259,
          "estimated_diameter_max" : 269.1689931548
        }
      },
      "is_potentially_hazardous_asteroid" : false,
      "close_approach_data" : [ {
        "close_approach_date" : "1998-09-08",
        "epoch_date_close_approach" : 905238000000,
        "relative_velocity" : {
          "kilometers_per_second" : "13.5475597051",
          "kilometers_per_hour" : "48771.2149383013",
          "miles_per_hour" : "30304.5363043017"
        },
        "miss_distance" : {
          "astronomical" : "0.2195399143",
          "lunar" : "85.4010238647",
          "kilometers" : "32842704",
          "miles" : "20407510"
        },
        "orbiting_body" : "Earth"
      } ],
      "orbital_data" : {
        "orbit_id" : "7",
        "orbit_determination_date" : "2017-04-06 08:49:01",
        "orbit_uncertainty" : "7",
        "minimum_orbit_intersection" : ".077424",
        "jupiter_tisserand_invariant" : "6.638",
        "epoch_osculation" : "2458000.5",
        "eccentricity" : ".2940179782073041",
        "semi_major_axis" : ".8766289996357493",
        "inclination" : "26.49645631312304",
        "ascending_node_longitude" : "172.9998697407372",
        "orbital_period" : "299.7934755168271",
        "perihelion_distance" : ".6188843135249548",
        "perihelion_argument" : "334.079659313107",
        "aphelion_distance" : "1.134373685746544",
        "perihelion_time" : "2458097.260118828766",
        "mean_anomaly" : "243.8078690061405",
        "mean_motion" : "1.200826667022624",
        "equinox" : "J2000"
      }
    }, {
      "links" : {
        "self" : "https://api.nasa.gov/neo/rest/v1/neo/3646599?api_key=t0TVs3DtDT2H8Oy2Zy8m2eVrNsAVKAexjcZXUckd"
      },
      "neo_reference_id" : "3646599",
      "name" : "(2013 QJ10)",
      "nasa_jpl_url" : "http://ssd.jpl.nasa.gov/sbdb.cgi?sstr=3646599",
      "absolute_magnitude_h" : 19.5,
      "estimated_diameter" : {
        "kilometers" : {
          "estimated_diameter_min" : 0.3346223745,
          "estimated_diameter_max" : 0.7482383761
        },
        "meters" : {
          "estimated_diameter_min" : 334.6223744549,
          "estimated_diameter_max" : 748.2383760735
        },
        "miles" : {
          "estimated_diameter_min" : 0.2079246394,
          "estimated_diameter_max" : 0.464933628
        },
        "feet" : {
          "estimated_diameter_min" : 1097.8424710066,
          "estimated_diameter_max" : 2454.8503937571
        }
      },
      "is_potentially_hazardous_asteroid" : true,
      "close_approach_data" : [ {
        "close_approach_date" : "1998-09-08",
        "epoch_date_close_approach" : 905238000000,
        "relative_velocity" : {
          "kilometers_per_second" : "10.9054252177",
          "kilometers_per_hour" : "39259.5307837704",
          "miles_per_hour" : "24394.3456695044"
        },
        "miss_distance" : {
          "astronomical" : "0.3545848241",
          "lunar" : "137.9334869385",
          "kilometers" : "53045132",
          "miles" : "32960718"
        },
        "orbiting_body" : "Earth"
      } ],
      "orbital_data" : {
        "orbit_id" : "74",
        "orbit_determination_date" : "2016-12-31 06:19:01",
        "orbit_uncertainty" : "1",
        "minimum_orbit_intersection" : ".0237275",
        "jupiter_tisserand_invariant" : "6.161",
        "epoch_osculation" : "2457800.5",
        "eccentricity" : ".4252555942420398",
        "semi_major_axis" : ".9595549068433741",
        "inclination" : "18.14867878219412",
        "ascending_node_longitude" : "327.4855216322815",
        "orbital_period" : "343.323216608476",
        "perihelion_distance" : ".5514988147258298",
        "perihelion_argument" : "243.7933036866469",
        "aphelion_distance" : "1.367610998960918",
        "perihelion_time" : "2457825.071344209016",
        "mean_anomaly" : "334.2351128984866",
        "mean_motion" : "1.048574586817244",
        "equinox" : "J2000"
      }
    }, {
      "links" : {
        "self" : "https://api.nasa.gov/neo/rest/v1/neo/2482796?api_key=t0TVs3DtDT2H8Oy2Zy8m2eVrNsAVKAexjcZXUckd"
      },
      "neo_reference_id" : "2482796",
      "name" : "482796 (2013 QJ10)",
      "nasa_jpl_url" : "http://ssd.jpl.nasa.gov/sbdb.cgi?sstr=2482796",
      "absolute_magnitude_h" : 19.5,
      "estimated_diameter" : {
        "kilometers" : {
          "estimated_diameter_min" : 0.3346223745,
          "estimated_diameter_max" : 0.7482383761
        },
        "meters" : {
          "estimated_diameter_min" : 334.6223744549,
          "estimated_diameter_max" : 748.2383760735
        },
        "miles" : {
          "estimated_diameter_min" : 0.2079246394,
          "estimated_diameter_max" : 0.464933628
        },
        "feet" : {
          "estimated_diameter_min" : 1097.8424710066,
          "estimated_diameter_max" : 2454.8503937571
        }
      },
      "is_potentially_hazardous_asteroid" : true,
      "close_approach_data" : [ {
        "close_approach_date" : "1998-09-08",
        "epoch_date_close_approach" : 905238000000,
        "relative_velocity" : {
          "kilometers_per_second" : "10.9054232968",
          "kilometers_per_hour" : "39259.5238686236",
          "miles_per_hour" : "24394.3413727012"
        },
        "miss_distance" : {
          "astronomical" : "0.3545847997",
          "lunar" : "137.9334869385",
          "kilometers" : "53045132",
          "miles" : "32960718"
        },
        "orbiting_body" : "Earth"
      } ],
      "orbital_data" : {
        "orbit_id" : "78",
        "orbit_determination_date" : "2017-09-26 06:51:55",
        "orbit_uncertainty" : "1",
        "minimum_orbit_intersection" : ".0242684",
        "jupiter_tisserand_invariant" : "6.161",
        "epoch_osculation" : "2458000.5",
        "eccentricity" : ".4252201464767748",
        "semi_major_axis" : ".9595421959633043",
        "inclination" : "18.14805013584654",
        "ascending_node_longitude" : "327.4840661508824",
        "orbital_period" : "343.3163948115964",
        "perihelion_distance" : ".5515255228451419",
        "perihelion_argument" : "243.7977576134674",
        "aphelion_distance" : "1.367558869081466",
        "perihelion_time" : "2458168.386997859231",
        "mean_anomaly" : "183.9544625811109",
        "mean_motion" : "1.04859542230006",
        "equinox" : "J2000"
      }
    } ]
  }
}