{
  "links" : {
    "next" : "https://api.nasa.gov/neo/rest/v1/feed?start_date=2003-09-23&end_date=2003-09-23&detailed=true&api_key=t0TVs3DtDT2H8Oy2Zy8m2eVrNsAVKAexjcZXUckd",
    "prev" : "https://api.nasa.gov/neo/rest/v1/feed?start_date=2003-09-21&end_date=2003-09-21&detailed=true&api_key=t0TVs3DtDT2H8Oy2Zy8m2eVrNsAVKAexjcZXUckd",
    "self" : "https://api.nasa.gov/neo/rest/v1/feed?start_date=2003-09-22&end_date=2003-09-22&detailed=true&api_key=t0TVs3DtDT2H8Oy2Zy8m2eVrNsAVKAexjcZXUckd"
  },
  "element_count" : 8,
  "near_earth_objects" : {
    "2003-09-22" : [ {
      "links" : {
        "self" : "https://api.nasa.gov/neo/rest/v1/neo/2369986?api_key=t0TVs3DtDT2H8Oy2Zy8m2eVrNsAVKAexjcZXUckd"
      },
      "neo_reference_id" : "2369986",
      "name" : "369986 (1998 SO)",
      "nasa_jpl_url" : "http://ssd.jpl.nasa.gov/sbdb.cgi?sstr=2369986",
      "absolute_magnitude_h" : 20.6,
      "estimated_diameter" : {
        "kilometers" : {
          "estimated_diameter_min" : 0.2016299194,
          "estimated_diameter_max" : 0.4508582062
        },
        "meters" : {
          "estimated_diameter_min" : 201.6299194428,
          "estimated_diameter_max" : 450.8582061718
        },
        "miles" : {
          "estimated_diameter_min" : 0.1252869847,
          "estimated_diameter_max" : 0.2801502144
        },
        "feet" : {
          "estimated_diameter_min" : 661.5155049046,
          "estimated_diameter_max" : 1479.1936371367
        }
      },
      "is_potentially_hazardous_asteroid" : false,
      "close_approach_data" : [ {
        "close_approach_date" : "2003-09-22",
        "epoch_date_close_approach" : 1064214000000,
        "relative_velocity" : {
          "kilometers_per_second" : "18.5546298258",
          "kilometers_per_hour" : "66796.667372826",
          "miles_per_hour" : "41504.8514572985"
        },
        "miss_distance" : {
          "astronomical" : "0.2361368782",
          "lunar" : "91.8572463989",
          "kilometers" : "35325576",
          "miles" : "21950294"
        },
        "orbiting_body" : "Earth"
      } ],
      "orbital_data" : {
        "orbit_id" : "31",
        "orbit_determination_date" : "2017-04-06 09:22:32",
        "orbit_uncertainty" : "0",
        "minimum_orbit_intersection" : ".198787",
        "jupiter_tisserand_invariant" : "7.576",
        "epoch_osculation" : "2458000.5",
        "eccentricity" : ".6985957132571475",
        "semi_major_axis" : ".7315079080521292",
        "inclination" : "30.34471532020354",
        "ascending_node_longitude" : "176.1496741794256",
        "orbital_period" : "228.5214468595822",
        "perihelion_distance" : ".2204796192732081",
        "perihelion_argument" : "359.8568383897207",
        "aphelion_distance" : "1.24253619683105",
        "perihelion_time" : "2458037.650067830598",
        "mean_anomaly" : "301.4758456906104",
        "mean_motion" : "1.575344480560752",
        "equinox" : "J2000"
      }
    }, {
      "links" : {
        "self" : "https://api.nasa.gov/neo/rest/v1/neo/2418198?api_key=t0TVs3DtDT2H8Oy2Zy8m2eVrNsAVKAexjcZXUckd"
      },
      "neo_reference_id" : "2418198",
      "name" : "418198 (2008 CN70)",
      "nasa_jpl_url" : "http://ssd.jpl.nasa.gov/sbdb.cgi?sstr=2418198",
      "absolute_magnitude_h" : 19.0,
      "estimated_diameter" : {
        "kilometers" : {
          "estimated_diameter_min" : 0.4212646106,
          "estimated_diameter_max" : 0.9419763057
        },
        "meters" : {
          "estimated_diameter_min" : 421.2646105562,
          "estimated_diameter_max" : 941.9763057186
        },
        "miles" : {
          "estimated_diameter_min" : 0.2617616123,
          "estimated_diameter_max" : 0.5853167591
        },
        "feet" : {
          "estimated_diameter_min" : 1382.1017848971,
          "estimated_diameter_max" : 3090.4735428537
        }
      },
      "is_potentially_hazardous_asteroid" : false,
      "close_approach_data" : [ {
        "close_approach_date" : "2003-09-22",
        "epoch_date_close_approach" : 1064214000000,
        "relative_velocity" : {
          "kilometers_per_second" : "17.5229220681",
          "kilometers_per_hour" : "63082.5194453306",
          "miles_per_hour" : "39197.0243742389"
        },
        "miss_distance" : {
          "astronomical" : "0.3063954725",
          "lunar" : "119.1878356934",
          "kilometers" : "45836112",
          "miles" : "28481238"
        },
        "orbiting_body" : "Earth"
      } ],
      "orbital_data" : {
        "orbit_id" : "27",
        "orbit_determination_date" : "2017-04-06 09:21:15",
        "orbit_uncertainty" : "1",
        "minimum_orbit_intersection" : ".089119",
        "jupiter_tisserand_invariant" : "6.790",
        "epoch_osculation" : "2458000.5",
        "eccentricity" : ".3796180454982264",
        "semi_major_axis" : ".8518399107691234",
        "inclination" : "24.45381292450054",
        "ascending_node_longitude" : "150.7160727104503",
        "orbital_period" : "287.1675763522205",
        "perihelion_distance" : ".5284661087655652",
        "perihelion_argument" : "114.3228501887263",
        "aphelion_distance" : "1.175213712772681",
        "perihelion_time" : "2458030.389950124187",
        "mean_anomaly" : "322.5292584163147",
        "mean_motion" : "1.253623422856236",
        "equinox" : "J2000"
      }
    }, {
      "links" : {
        "self" : "https://api.nasa.gov/neo/rest/v1/neo/2459462?api_key=t0TVs3DtDT2H8Oy2Zy8m2eVrNsAVKAexjcZXUckd"
      },
      "neo_reference_id" : "2459462",
      "name" : "459462 (2013 AY52)",
      "nasa_jpl_url" : "http://ssd.jpl.nasa.gov/sbdb.cgi?sstr=2459462",
      "absolute_magnitude_h" : 20.0,
      "estimated_diameter" : {
        "kilometers" : {
          "estimated_diameter_min" : 0.2658,
          "estimated_diameter_max" : 0.5943468684
        },
        "meters" : {
          "estimated_diameter_min" : 265.8,
          "estimated_diameter_max" : 594.3468684194
        },
        "miles" : {
          "estimated_diameter_min" : 0.1651604118,
          "estimated_diameter_max" : 0.369309908
        },
        "feet" : {
          "estimated_diameter_min" : 872.047272,
          "estimated_diameter_max" : 1949.9569797852
        }
      },
      "is_potentially_hazardous_asteroid" : false,
      "close_approach_data" : [ {
        "close_approach_date" : "2003-09-22",
        "epoch_date_close_approach" : 1064214000000,
        "relative_velocity" : {
          "kilometers_per_second" : "14.551833709",
          "kilometers_per_hour" : "52386.601352549",
          "miles_per_hour" : "32550.9968237547"
        },
        "miss_distance" : {
          "astronomical" : "0.3919617914",
          "lunar" : "152.4731292725",
          "kilometers" : "58636648",
          "miles" : "36435124"
        },
        "orbiting_body" : "Earth"
      } ],
      "orbital_data" : {
        "orbit_id" : "55",
        "orbit_determination_date" : "2017-04-06 09:19:42",
        "orbit_uncertainty" : "0",
        "minimum_orbit_intersection" : ".0807848",
        "jupiter_tisserand_invariant" : "4.799",
        "epoch_osculation" : "2458000.5",
        "eccentricity" : ".4746876747199205",
        "semi_major_axis" : "1.314375527495198",
        "inclination" : "18.34785379410367",
        "ascending_node_longitude" : "116.3866871754969",
        "orbital_period" : "550.398983756292",
        "perihelion_distance" : ".6904576646397335",
        "perihelion_argument" : "251.7817482034049",
        "aphelion_distance" : "1.938293390350662",
        "perihelion_time" : "2457866.918401974633",
        "mean_anomaly" : "87.37184607598292",
        "mean_motion" : ".6540709751008595",
        "equinox" : "J2000"
      }
    }, {
      "links" : {
        "self" : "https://api.nasa.gov/neo/rest/v1/neo/3157482?api_key=t0TVs3DtDT2H8Oy2Zy8m2eVrNsAVKAexjcZXUckd"
      },
      "neo_reference_id" : "3157482",
      "name" : "(2003 OA3)",
      "nasa_jpl_url" : "http://ssd.jpl.nasa.gov/sbdb.cgi?sstr=3157482",
      "absolute_magnitude_h" : 19.5,
      "estimated_diameter" : {
        "kilometers" : {
          "estimated_diameter_min" : 0.3346223745,
          "estimated_diameter_max" : 0.7482383761
        },
        "meters" : {
          "estimated_diameter_min" : 334.6223744549,
          "estimated_diameter_max" : 748.2383760735
        },
        "miles" : {
          "estimated_diameter_min" : 0.2079246394,
          "estimated_diameter_max" : 0.464933628
        },
        "feet" : {
          "estimated_diameter_min" : 1097.8424710066,
          "estimated_diameter_max" : 2454.8503937571
        }
      },
      "is_potentially_hazardous_asteroid" : false,
      "close_approach_data" : [ {
        "close_approach_date" : "2003-09-22",
        "epoch_date_close_approach" : 1064214000000,
        "relative_velocity" : {
          "kilometers_per_second" : "14.871597145",
          "kilometers_per_hour" : "53537.7497218495",
          "miles_per_hour" : "33266.275653557"
        },
        "miss_distance" : {
          "astronomical" : "0.4501213948",
          "lunar" : "175.0972290039",
          "kilometers" : "67337200",
          "miles" : "41841400"
        },
        "orbiting_body" : "Earth"
      } ],
      "orbital_data" : {
        "orbit_id" : "22",
        "orbit_determination_date" : "2017-04-06 09:13:59",
        "orbit_uncertainty" : "0",
        "minimum_orbit_intersection" : ".203527",
        "jupiter_tisserand_invariant" : "3.934",
        "epoch_osculation" : "2458000.5",
        "eccentricity" : ".3480238675685466",
        "semi_major_axis" : "1.805560251222267",
        "inclination" : "17.67268974420964",
        "ascending_node_longitude" : "189.6782932722025",
        "orbital_period" : "886.1686968183236",
        "perihelion_distance" : "1.177182189463857",
        "perihelion_argument" : "148.2661899892445",
        "aphelion_distance" : "2.433938312980677",
        "perihelion_time" : "2458221.715139442730",
        "mean_anomaly" : "270.1328556455322",
        "mean_motion" : ".4062431919481408",
        "equinox" : "J2000"
      }
    }, {
      "links" : {
        "self" : "https://api.nasa.gov/neo/rest/v1/neo/3158123?api_key=t0TVs3DtDT2H8Oy2Zy8m2eVrNsAVKAexjcZXUckd"
      },
      "neo_reference_id" : "3158123",
      "name" : "(2003 QW30)",
      "nasa_jpl_url" : "http://ssd.jpl.nasa.gov/sbdb.cgi?sstr=3158123",
      "absolute_magnitude_h" : 20.6,
      "estimated_diameter" : {
        "kilometers" : {
          "estimated_diameter_min" : 0.2016299194,
          "estimated_diameter_max" : 0.4508582062
        },
        "meters" : {
          "estimated_diameter_min" : 201.6299194428,
          "estimated_diameter_max" : 450.8582061718
        },
        "miles" : {
          "estimated_diameter_min" : 0.1252869847,
          "estimated_diameter_max" : 0.2801502144
        },
        "feet" : {
          "estimated_diameter_min" : 661.5155049046,
          "estimated_diameter_max" : 1479.1936371367
        }
      },
      "is_potentially_hazardous_asteroid" : false,
      "close_approach_data" : [ {
        "close_approach_date" : "2003-09-22",
        "epoch_date_close_approach" : 1064214000000,
        "relative_velocity" : {
          "kilometers_per_second" : "13.6126385255",
          "kilometers_per_hour" : "49005.498691688",
          "miles_per_hour" : "30450.1111176214"
        },
        "miss_distance" : {
          "astronomical" : "0.1206131684",
          "lunar" : "46.9185218811",
          "kilometers" : "18043472",
          "miles" : "11211694"
        },
        "orbiting_body" : "Earth"
      } ],
      "orbital_data" : {
        "orbit_id" : "34",
        "orbit_determination_date" : "2017-09-18 06:53:14",
        "orbit_uncertainty" : "0",
        "minimum_orbit_intersection" : ".0652715",
        "jupiter_tisserand_invariant" : "5.772",
        "epoch_osculation" : "2458000.5",
        "eccentricity" : ".3317082697596067",
        "semi_major_axis" : "1.053323839283434",
        "inclination" : "11.27914257689591",
        "ascending_node_longitude" : "164.5916251099949",
        "orbital_period" : "394.8583232984511",
        "perihelion_distance" : ".7039276110581799",
        "perihelion_argument" : "303.1134494460026",
        "aphelion_distance" : "1.402720067508688",
        "perihelion_time" : "2458108.962474973935",
        "mean_anomaly" : "261.1126556369853",
        "mean_motion" : ".9117194162015836",
        "equinox" : "J2000"
      }
    }, {
      "links" : {
        "self" : "https://api.nasa.gov/neo/rest/v1/neo/3253645?api_key=t0TVs3DtDT2H8Oy2Zy8m2eVrNsAVKAexjcZXUckd"
      },
      "neo_reference_id" : "3253645",
      "name" : "(2004 ST2)",
      "nasa_jpl_url" : "http://ssd.jpl.nasa.gov/sbdb.cgi?sstr=3253645",
      "absolute_magnitude_h" : 24.2,
      "estimated_diameter" : {
        "kilometers" : {
          "estimated_diameter_min" : 0.0384197891,
          "estimated_diameter_max" : 0.0859092601
        },
        "meters" : {
          "estimated_diameter_min" : 38.4197891064,
          "estimated_diameter_max" : 85.9092601232
        },
        "miles" : {
          "estimated_diameter_min" : 0.0238729428,
          "estimated_diameter_max" : 0.0533815229
        },
        "feet" : {
          "estimated_diameter_min" : 126.0491808919,
          "estimated_diameter_max" : 281.8545369825
        }
      },
      "is_potentially_hazardous_asteroid" : false,
      "close_approach_data" : [ {
        "close_approach_date" : "2003-09-22",
        "epoch_date_close_approach" : 1064214000000,
        "relative_velocity" : {
          "kilometers_per_second" : "19.0210108284",
          "kilometers_per_hour" : "68475.6389823642",
          "miles_per_hour" : "42548.0991221251"
        },
        "miss_distance" : {
          "astronomical" : "0.3448072116",
          "lunar" : "134.1300048828",
          "kilometers" : "51582424",
          "miles" : "32051832"
        },
        "orbiting_body" : "Earth"
      } ],
      "orbital_data" : {
        "orbit_id" : "9",
        "orbit_determination_date" : "2017-04-06 09:12:11",
        "orbit_uncertainty" : "8",
        "minimum_orbit_intersection" : ".0463673",
        "jupiter_tisserand_invariant" : "6.231",
        "epoch_osculation" : "2453268.5",
        "eccentricity" : ".1864239846368418",
        "semi_major_axis" : ".9544791257413487",
        "inclination" : "22.08973384988336",
        "ascending_node_longitude" : "356.8192145896746",
        "orbital_period" : "340.6026944156107",
        "perihelion_distance" : ".7765413238679573",
        "perihelion_argument" : "226.9409120999215",
        "aphelion_distance" : "1.13241692761474",
        "perihelion_time" : "2453155.863916846010",
        "mean_anomaly" : "119.050702182519",
        "mean_motion" : "1.056949947555965",
        "equinox" : "J2000"
      }
    }, {
      "links" : {
        "self" : "https://api.nasa.gov/neo/rest/v1/neo/3323933?api_key=t0TVs3DtDT2H8Oy2Zy8m2eVrNsAVKAexjcZXUckd"
      },
      "neo_reference_id" : "3323933",
      "name" : "(2006 DV)",
      "nasa_jpl_url" : "http://ssd.jpl.nasa.gov/sbdb.cgi?sstr=3323933",
      "absolute_magnitude_h" : 19.6,
      "estimated_diameter" : {
        "kilometers" : {
          "estimated_diameter_min" : 0.3195618867,
          "estimated_diameter_max" : 0.7145621017
        },
        "meters" : {
          "estimated_diameter_min" : 319.5618867213,
          "estimated_diameter_max" : 714.5621017269
        },
        "miles" : {
          "estimated_diameter_min" : 0.1985664891,
          "estimated_diameter_max" : 0.4440081677
        },
        "feet" : {
          "estimated_diameter_min" : 1048.4314204307,
          "estimated_diameter_max" : 2344.3639258298
        }
      },
      "is_potentially_hazardous_asteroid" : false,
      "close_approach_data" : [ {
        "close_approach_date" : "2003-09-22",
        "epoch_date_close_approach" : 1064214000000,
        "relative_velocity" : {
          "kilometers_per_second" : "41.1111284484",
          "kilometers_per_hour" : "148000.0624142836",
          "miles_per_hour" : "91961.483226253"
        },
        "miss_distance" : {
          "astronomical" : "0.4778210329",
          "lunar" : "185.8723754883",
          "kilometers" : "71481008",
          "miles" : "44416240"
        },
        "orbiting_body" : "Earth"
      } ],
      "orbital_data" : {
        "orbit_id" : "15",
        "orbit_determination_date" : "2017-04-06 09:09:07",
        "orbit_uncertainty" : "0",
        "minimum_orbit_intersection" : ".12742",
        "jupiter_tisserand_invariant" : "3.218",
        "epoch_osculation" : "2458000.5",
        "eccentricity" : ".6145488186854587",
        "semi_major_axis" : "1.956492589043906",
        "inclination" : "54.75356278716307",
        "ascending_node_longitude" : "164.2775437758488",
        "orbital_period" : "999.5758102480108",
        "perihelion_distance" : ".7541323796801188",
        "perihelion_argument" : "93.95962631541444",
        "aphelion_distance" : "3.158852798407692",
        "perihelion_time" : "2457857.027226744791",
        "mean_anomaly" : "51.67211715443563",
        "mean_motion" : ".3601527731155061",
        "equinox" : "J2000"
      }
    }, {
      "links" : {
        "self" : "https://api.nasa.gov/neo/rest/v1/neo/3160850?api_key=t0TVs3DtDT2H8Oy2Zy8m2eVrNsAVKAexjcZXUckd"
      },
      "neo_reference_id" : "3160850",
      "name" : "(2003 TK2)",
      "nasa_jpl_url" : "http://ssd.jpl.nasa.gov/sbdb.cgi?sstr=3160850",
      "absolute_magnitude_h" : 19.8,
      "estimated_diameter" : {
        "kilometers" : {
          "estimated_diameter_min" : 0.2914439045,
          "estimated_diameter_max" : 0.6516883822
        },
        "meters" : {
          "estimated_diameter_min" : 291.4439045349,
          "estimated_diameter_max" : 651.6883821679
        },
        "miles" : {
          "estimated_diameter_min" : 0.1810947904,
          "estimated_diameter_max" : 0.4049402617
        },
        "feet" : {
          "estimated_diameter_min" : 956.1808197541,
          "estimated_diameter_max" : 2138.0853117517
        }
      },
      "is_potentially_hazardous_asteroid" : true,
      "close_approach_data" : [ {
        "close_approach_date" : "2003-09-22",
        "epoch_date_close_approach" : 1064214000000,
        "relative_velocity" : {
          "kilometers_per_second" : "12.4958487245",
          "kilometers_per_hour" : "44985.0554081687",
          "miles_per_hour" : "27951.9640118146"
        },
        "miss_distance" : {
          "astronomical" : "0.1291742993",
          "lunar" : "50.2487983704",
          "kilometers" : "19324200",
          "miles" : "12007501"
        },
        "orbiting_body" : "Earth"
      } ],
      "orbital_data" : {
        "orbit_id" : "26",
        "orbit_determination_date" : "2017-04-06 09:13:42",
        "orbit_uncertainty" : "1",
        "minimum_orbit_intersection" : ".0206764",
        "jupiter_tisserand_invariant" : "3.238",
        "epoch_osculation" : "2458000.5",
        "eccentricity" : ".6471413114439605",
        "semi_major_axis" : "2.34787281669121",
        "inclination" : "4.285237836394748",
        "ascending_node_longitude" : "1.026441962266346",
        "orbital_period" : "1314.045121905254",
        "perihelion_distance" : ".828467322994035",
        "perihelion_argument" : "320.9473133499655",
        "aphelion_distance" : "3.867278310388385",
        "perihelion_time" : "2458118.305759687961",
        "mean_anomaly" : "327.7255576839136",
        "mean_motion" : ".2739631950218198",
        "equinox" : "J2000"
      }
    } ]
  }
}