{
  "links" : {
    "next" : "https://api.nasa.gov/neo/rest/v1/feed?start_date=2008-08-09&end_date=2008-08-09&detailed=true&api_key=t0TVs3DtDT2H8Oy2Zy8m2eVrNsAVKAexjcZXUckd",
    "prev" : "https://api.nasa.gov/neo/rest/v1/feed?start_date=2008-08-07&end_date=2008-08-07&detailed=true&api_key=t0TVs3DtDT2H8Oy2Zy8m2eVrNsAVKAexjcZXUckd",
    "self" : "https://api.nasa.gov/neo/rest/v1/feed?start_date=2008-08-08&end_date=2008-08-08&detailed=true&api_key=t0TVs3DtDT2H8Oy2Zy8m2eVrNsAVKAexjcZXUckd"
  },
  "element_count" : 9,
  "near_earth_objects" : {
    "2008-08-08" : [ {
      "links" : {
        "self" : "https://api.nasa.gov/neo/rest/v1/neo/3645088?api_key=t0TVs3DtDT2H8Oy2Zy8m2eVrNsAVKAexjcZXUckd"
      },
      "neo_reference_id" : "3645088",
      "name" : "(2013 OH)",
      "nasa_jpl_url" : "http://ssd.jpl.nasa.gov/sbdb.cgi?sstr=3645088",
      "absolute_magnitude_h" : 21.2,
      "estimated_diameter" : {
        "kilometers" : {
          "estimated_diameter_min" : 0.1529519353,
          "estimated_diameter_max" : 0.3420109247
        },
        "meters" : {
          "estimated_diameter_min" : 152.9519353442,
          "estimated_diameter_max" : 342.0109247198
        },
        "miles" : {
          "estimated_diameter_min" : 0.095039897,
          "estimated_diameter_max" : 0.2125156703
        },
        "feet" : {
          "estimated_diameter_min" : 501.8108275547,
          "estimated_diameter_max" : 1122.0831222578
        }
      },
      "is_potentially_hazardous_asteroid" : false,
      "close_approach_data" : [ {
        "close_approach_date" : "2008-08-08",
        "epoch_date_close_approach" : 1218178800000,
        "relative_velocity" : {
          "kilometers_per_second" : "24.2157295152",
          "kilometers_per_hour" : "87176.6262546772",
          "miles_per_hour" : "54168.1653525243"
        },
        "miss_distance" : {
          "astronomical" : "0.2228335641",
          "lunar" : "86.6822509766",
          "kilometers" : "33335426",
          "miles" : "20713674"
        },
        "orbiting_body" : "Earth"
      } ],
      "orbital_data" : {
        "orbit_id" : "25",
        "orbit_determination_date" : "2017-04-06 08:45:19",
        "orbit_uncertainty" : "6",
        "minimum_orbit_intersection" : ".0772905",
        "jupiter_tisserand_invariant" : "3.722",
        "epoch_osculation" : "2458000.5",
        "eccentricity" : ".645558536527456",
        "semi_major_axis" : "1.848130611418522",
        "inclination" : "5.060536235781138",
        "ascending_node_longitude" : "207.8088853738873",
        "orbital_period" : "917.692997113462",
        "perihelion_distance" : ".6550541185995885",
        "perihelion_argument" : "203.590157159993",
        "aphelion_distance" : "3.041207104237456",
        "perihelion_time" : "2458407.085103818519",
        "mean_anomaly" : "200.5015208407765",
        "mean_motion" : ".3922880539922985",
        "equinox" : "J2000"
      }
    }, {
      "links" : {
        "self" : "https://api.nasa.gov/neo/rest/v1/neo/2367390?api_key=t0TVs3DtDT2H8Oy2Zy8m2eVrNsAVKAexjcZXUckd"
      },
      "neo_reference_id" : "2367390",
      "name" : "367390 (2008 MB5)",
      "nasa_jpl_url" : "http://ssd.jpl.nasa.gov/sbdb.cgi?sstr=2367390",
      "absolute_magnitude_h" : 19.1,
      "estimated_diameter" : {
        "kilometers" : {
          "estimated_diameter_min" : 0.4023045798,
          "estimated_diameter_max" : 0.8995803882
        },
        "meters" : {
          "estimated_diameter_min" : 402.3045798343,
          "estimated_diameter_max" : 899.5803881691
        },
        "miles" : {
          "estimated_diameter_min" : 0.2499803991,
          "estimated_diameter_max" : 0.5589731654
        },
        "feet" : {
          "estimated_diameter_min" : 1319.8969577037,
          "estimated_diameter_max" : 2951.3793207207
        }
      },
      "is_potentially_hazardous_asteroid" : false,
      "close_approach_data" : [ {
        "close_approach_date" : "2008-08-08",
        "epoch_date_close_approach" : 1218178800000,
        "relative_velocity" : {
          "kilometers_per_second" : "12.3548435594",
          "kilometers_per_hour" : "44477.4368140078",
          "miles_per_hour" : "27636.5495581261"
        },
        "miss_distance" : {
          "astronomical" : "0.1997298109",
          "lunar" : "77.6949005127",
          "kilometers" : "29879156",
          "miles" : "18566046"
        },
        "orbiting_body" : "Earth"
      } ],
      "orbital_data" : {
        "orbit_id" : "38",
        "orbit_determination_date" : "2017-04-06 09:22:36",
        "orbit_uncertainty" : "0",
        "minimum_orbit_intersection" : ".135843",
        "jupiter_tisserand_invariant" : "4.559",
        "epoch_osculation" : "2458000.5",
        "eccentricity" : ".3640283768619405",
        "semi_major_axis" : "1.427668455099822",
        "inclination" : "20.40291321821724",
        "ascending_node_longitude" : "115.2385786527509",
        "orbital_period" : "623.0737751962168",
        "perihelion_distance" : ".9079566246928398",
        "perihelion_argument" : "278.5902747331319",
        "aphelion_distance" : "1.947380285506805",
        "perihelion_time" : "2457873.534192131965",
        "mean_anomaly" : "73.35839294166811",
        "mean_motion" : ".5777806968149634",
        "equinox" : "J2000"
      }
    }, {
      "links" : {
        "self" : "https://api.nasa.gov/neo/rest/v1/neo/3175328?api_key=t0TVs3DtDT2H8Oy2Zy8m2eVrNsAVKAexjcZXUckd"
      },
      "neo_reference_id" : "3175328",
      "name" : "(2004 CE39)",
      "nasa_jpl_url" : "http://ssd.jpl.nasa.gov/sbdb.cgi?sstr=3175328",
      "absolute_magnitude_h" : 21.4,
      "estimated_diameter" : {
        "kilometers" : {
          "estimated_diameter_min" : 0.1394938229,
          "estimated_diameter_max" : 0.3119176705
        },
        "meters" : {
          "estimated_diameter_min" : 139.4938229344,
          "estimated_diameter_max" : 311.9176705226
        },
        "miles" : {
          "estimated_diameter_min" : 0.0866774163,
          "estimated_diameter_max" : 0.1938165949
        },
        "feet" : {
          "estimated_diameter_min" : 457.6569140361,
          "estimated_diameter_max" : 1023.3519701574
        }
      },
      "is_potentially_hazardous_asteroid" : false,
      "close_approach_data" : [ {
        "close_approach_date" : "2008-08-08",
        "epoch_date_close_approach" : 1218178800000,
        "relative_velocity" : {
          "kilometers_per_second" : "15.9881174683",
          "kilometers_per_hour" : "57557.2228859567",
          "miles_per_hour" : "35763.8199648879"
        },
        "miss_distance" : {
          "astronomical" : "0.3622023758",
          "lunar" : "140.8967285156",
          "kilometers" : "54184704",
          "miles" : "33668816"
        },
        "orbiting_body" : "Earth"
      } ],
      "orbital_data" : {
        "orbit_id" : "25",
        "orbit_determination_date" : "2017-04-06 09:13:10",
        "orbit_uncertainty" : "2",
        "minimum_orbit_intersection" : ".0781464",
        "jupiter_tisserand_invariant" : "5.845",
        "epoch_osculation" : "2458000.5",
        "eccentricity" : ".3913111970318248",
        "semi_major_axis" : "1.027208608418418",
        "inclination" : "17.70798528407041",
        "ascending_node_longitude" : "153.2475230271902",
        "orbital_period" : "380.2650420305567",
        "perihelion_distance" : ".6252503782568122",
        "perihelion_argument" : "126.0857325811944",
        "aphelion_distance" : "1.429166838580025",
        "perihelion_time" : "2458088.091445735072",
        "mean_anomaly" : "277.0764677808798",
        "mean_motion" : ".9467081119990822",
        "equinox" : "J2000"
      }
    }, {
      "links" : {
        "self" : "https://api.nasa.gov/neo/rest/v1/neo/3248972?api_key=t0TVs3DtDT2H8Oy2Zy8m2eVrNsAVKAexjcZXUckd"
      },
      "neo_reference_id" : "3248972",
      "name" : "(2004 OW10)",
      "nasa_jpl_url" : "http://ssd.jpl.nasa.gov/sbdb.cgi?sstr=3248972",
      "absolute_magnitude_h" : 24.5,
      "estimated_diameter" : {
        "kilometers" : {
          "estimated_diameter_min" : 0.0334622374,
          "estimated_diameter_max" : 0.0748238376
        },
        "meters" : {
          "estimated_diameter_min" : 33.4622374455,
          "estimated_diameter_max" : 74.8238376074
        },
        "miles" : {
          "estimated_diameter_min" : 0.0207924639,
          "estimated_diameter_max" : 0.0464933628
        },
        "feet" : {
          "estimated_diameter_min" : 109.7842471007,
          "estimated_diameter_max" : 245.4850393757
        }
      },
      "is_potentially_hazardous_asteroid" : false,
      "close_approach_data" : [ {
        "close_approach_date" : "2008-08-08",
        "epoch_date_close_approach" : 1218178800000,
        "relative_velocity" : {
          "kilometers_per_second" : "17.020663135",
          "kilometers_per_hour" : "61274.3872860432",
          "miles_per_hour" : "38073.5213667083"
        },
        "miss_distance" : {
          "astronomical" : "0.3615871823",
          "lunar" : "140.6574249268",
          "kilometers" : "54092676",
          "miles" : "33611632"
        },
        "orbiting_body" : "Earth"
      } ],
      "orbital_data" : {
        "orbit_id" : "9",
        "orbit_determination_date" : "2017-04-06 09:12:32",
        "orbit_uncertainty" : "7",
        "minimum_orbit_intersection" : ".00450092",
        "jupiter_tisserand_invariant" : "5.191",
        "epoch_osculation" : "2458000.5",
        "eccentricity" : ".2494094714759882",
        "semi_major_axis" : "1.223833511852768",
        "inclination" : "1.50430744037372",
        "ascending_node_longitude" : "102.5220429130752",
        "orbital_period" : "494.5178115400231",
        "perihelion_distance" : ".9185978424869664",
        "perihelion_argument" : "131.0165537573599",
        "aphelion_distance" : "1.529069181218569",
        "perihelion_time" : "2458094.774208275198",
        "mean_anomaly" : "291.3700857945249",
        "mean_motion" : ".727981867587117",
        "equinox" : "J2000"
      }
    }, {
      "links" : {
        "self" : "https://api.nasa.gov/neo/rest/v1/neo/3423199?api_key=t0TVs3DtDT2H8Oy2Zy8m2eVrNsAVKAexjcZXUckd"
      },
      "neo_reference_id" : "3423199",
      "name" : "(2008 PH3)",
      "nasa_jpl_url" : "http://ssd.jpl.nasa.gov/sbdb.cgi?sstr=3423199",
      "absolute_magnitude_h" : 21.7,
      "estimated_diameter" : {
        "kilometers" : {
          "estimated_diameter_min" : 0.1214940408,
          "estimated_diameter_max" : 0.2716689341
        },
        "meters" : {
          "estimated_diameter_min" : 121.4940407996,
          "estimated_diameter_max" : 271.6689340891
        },
        "miles" : {
          "estimated_diameter_min" : 0.0754928736,
          "estimated_diameter_max" : 0.1688071972
        },
        "feet" : {
          "estimated_diameter_min" : 398.6025088171,
          "estimated_diameter_max" : 891.3023057169
        }
      },
      "is_potentially_hazardous_asteroid" : false,
      "close_approach_data" : [ {
        "close_approach_date" : "2008-08-08",
        "epoch_date_close_approach" : 1218178800000,
        "relative_velocity" : {
          "kilometers_per_second" : "5.6271920679",
          "kilometers_per_hour" : "20257.8914443999",
          "miles_per_hour" : "12587.4659366606"
        },
        "miss_distance" : {
          "astronomical" : "0.1719418847",
          "lunar" : "66.8853988647",
          "kilometers" : "25722142",
          "miles" : "15982997"
        },
        "orbiting_body" : "Earth"
      } ],
      "orbital_data" : {
        "orbit_id" : "15",
        "orbit_determination_date" : "2017-04-06 09:03:08",
        "orbit_uncertainty" : "5",
        "minimum_orbit_intersection" : ".1645",
        "jupiter_tisserand_invariant" : "3.575",
        "epoch_osculation" : "2458000.5",
        "eccentricity" : ".4599656385481381",
        "semi_major_axis" : "2.128019147886512",
        "inclination" : "5.980867918031644",
        "ascending_node_longitude" : "89.78054410482702",
        "orbital_period" : "1133.865977071774",
        "perihelion_distance" : "1.149203461686228",
        "perihelion_argument" : "238.5821026000082",
        "aphelion_distance" : "3.106834834086796",
        "perihelion_time" : "2458096.335135217649",
        "mean_anomaly" : "329.5725514514053",
        "mean_motion" : ".3174978412613679",
        "equinox" : "J2000"
      }
    }, {
      "links" : {
        "self" : "https://api.nasa.gov/neo/rest/v1/neo/3607480?api_key=t0TVs3DtDT2H8Oy2Zy8m2eVrNsAVKAexjcZXUckd"
      },
      "neo_reference_id" : "3607480",
      "name" : "(2012 PP17)",
      "nasa_jpl_url" : "http://ssd.jpl.nasa.gov/sbdb.cgi?sstr=3607480",
      "absolute_magnitude_h" : 21.6,
      "estimated_diameter" : {
        "kilometers" : {
          "estimated_diameter_min" : 0.1272198785,
          "estimated_diameter_max" : 0.2844722965
        },
        "meters" : {
          "estimated_diameter_min" : 127.2198785394,
          "estimated_diameter_max" : 284.4722965033
        },
        "miles" : {
          "estimated_diameter_min" : 0.0790507431,
          "estimated_diameter_max" : 0.1767628354
        },
        "feet" : {
          "estimated_diameter_min" : 417.3880663071,
          "estimated_diameter_max" : 933.3080892598
        }
      },
      "is_potentially_hazardous_asteroid" : false,
      "close_approach_data" : [ {
        "close_approach_date" : "2008-08-08",
        "epoch_date_close_approach" : 1218178800000,
        "relative_velocity" : {
          "kilometers_per_second" : "7.284100758",
          "kilometers_per_hour" : "26222.7627289138",
          "miles_per_hour" : "16293.8049856409"
        },
        "miss_distance" : {
          "astronomical" : "0.2813502941",
          "lunar" : "109.4452590942",
          "kilometers" : "42089404",
          "miles" : "26153144"
        },
        "orbiting_body" : "Earth"
      } ],
      "orbital_data" : {
        "orbit_id" : "25",
        "orbit_determination_date" : "2017-04-06 08:49:20",
        "orbit_uncertainty" : "0",
        "minimum_orbit_intersection" : ".177335",
        "jupiter_tisserand_invariant" : "3.247",
        "epoch_osculation" : "2458000.5",
        "eccentricity" : ".5349720489630654",
        "semi_major_axis" : "2.499197241708532",
        "inclination" : "5.762600006082432",
        "ascending_node_longitude" : "242.5553598131882",
        "orbital_period" : "1443.109302379406",
        "perihelion_distance" : "1.162196572548877",
        "perihelion_argument" : "67.71141187653168",
        "aphelion_distance" : "3.836197910868186",
        "perihelion_time" : "2457592.614824715457",
        "mean_anomaly" : "101.7515879499407",
        "mean_motion" : ".2494613536247255",
        "equinox" : "J2000"
      }
    }, {
      "links" : {
        "self" : "https://api.nasa.gov/neo/rest/v1/neo/3721991?api_key=t0TVs3DtDT2H8Oy2Zy8m2eVrNsAVKAexjcZXUckd"
      },
      "neo_reference_id" : "3721991",
      "name" : "(2015 MT59)",
      "nasa_jpl_url" : "http://ssd.jpl.nasa.gov/sbdb.cgi?sstr=3721991",
      "absolute_magnitude_h" : 19.3,
      "estimated_diameter" : {
        "kilometers" : {
          "estimated_diameter_min" : 0.3669061375,
          "estimated_diameter_max" : 0.8204270649
        },
        "meters" : {
          "estimated_diameter_min" : 366.9061375314,
          "estimated_diameter_max" : 820.4270648822
        },
        "miles" : {
          "estimated_diameter_min" : 0.2279848336,
          "estimated_diameter_max" : 0.5097895857
        },
        "feet" : {
          "estimated_diameter_min" : 1203.7603322587,
          "estimated_diameter_max" : 2691.6899315481
        }
      },
      "is_potentially_hazardous_asteroid" : false,
      "close_approach_data" : [ {
        "close_approach_date" : "2008-08-08",
        "epoch_date_close_approach" : 1218178800000,
        "relative_velocity" : {
          "kilometers_per_second" : "15.1445590348",
          "kilometers_per_hour" : "54520.4125254488",
          "miles_per_hour" : "33876.864105049"
        },
        "miss_distance" : {
          "astronomical" : "0.1866093296",
          "lunar" : "72.5910263062",
          "kilometers" : "27916358",
          "miles" : "17346420"
        },
        "orbiting_body" : "Earth"
      } ],
      "orbital_data" : {
        "orbit_id" : "14",
        "orbit_determination_date" : "2017-08-10 06:19:11",
        "orbit_uncertainty" : "4",
        "minimum_orbit_intersection" : ".142426",
        "jupiter_tisserand_invariant" : "3.862",
        "epoch_osculation" : "2458000.5",
        "eccentricity" : ".6271351792262272",
        "semi_major_axis" : "1.752017090134415",
        "inclination" : "9.442336561804572",
        "ascending_node_longitude" : "52.16867639043816",
        "orbital_period" : "847.0439291449493",
        "perihelion_distance" : ".6532655383055554",
        "perihelion_argument" : "341.7716965677623",
        "aphelion_distance" : "2.850768641963274",
        "perihelion_time" : "2458124.775045254914",
        "mean_anomaly" : "307.1821770366373",
        "mean_motion" : ".4250074731819434",
        "equinox" : "J2000"
      }
    }, {
      "links" : {
        "self" : "https://api.nasa.gov/neo/rest/v1/neo/3726446?api_key=t0TVs3DtDT2H8Oy2Zy8m2eVrNsAVKAexjcZXUckd"
      },
      "neo_reference_id" : "3726446",
      "name" : "(2015 QH3)",
      "nasa_jpl_url" : "http://ssd.jpl.nasa.gov/sbdb.cgi?sstr=3726446",
      "absolute_magnitude_h" : 27.0,
      "estimated_diameter" : {
        "kilometers" : {
          "estimated_diameter_min" : 0.0105816886,
          "estimated_diameter_max" : 0.023661375
        },
        "meters" : {
          "estimated_diameter_min" : 10.5816885933,
          "estimated_diameter_max" : 23.6613750114
        },
        "miles" : {
          "estimated_diameter_min" : 0.0065751544,
          "estimated_diameter_max" : 0.0147024923
        },
        "feet" : {
          "estimated_diameter_min" : 34.7168272045,
          "estimated_diameter_max" : 77.6291855923
        }
      },
      "is_potentially_hazardous_asteroid" : false,
      "close_approach_data" : [ {
        "close_approach_date" : "2008-08-08",
        "epoch_date_close_approach" : 1218178800000,
        "relative_velocity" : {
          "kilometers_per_second" : "8.811197602",
          "kilometers_per_hour" : "31720.3113671016",
          "miles_per_hour" : "19709.7679158527"
        },
        "miss_distance" : {
          "astronomical" : "0.1252946075",
          "lunar" : "48.73960495",
          "kilometers" : "18743808",
          "miles" : "11646862"
        },
        "orbiting_body" : "Earth"
      } ],
      "orbital_data" : {
        "orbit_id" : "10",
        "orbit_determination_date" : "2017-04-06 08:32:21",
        "orbit_uncertainty" : "6",
        "minimum_orbit_intersection" : ".0110021",
        "jupiter_tisserand_invariant" : "5.099",
        "epoch_osculation" : "2458000.5",
        "eccentricity" : ".1935350653426434",
        "semi_major_axis" : "1.251667501118254",
        "inclination" : "11.87538146438773",
        "ascending_node_longitude" : "327.7604013589705",
        "orbital_period" : "511.4838094803323",
        "perihelion_distance" : "1.009425949502069",
        "perihelion_argument" : "23.37959695759399",
        "aphelion_distance" : "1.493909052734438",
        "perihelion_time" : "2457789.438851975472",
        "mean_anomaly" : "148.5521376835525",
        "mean_motion" : ".7038345952059756",
        "equinox" : "J2000"
      }
    }, {
      "links" : {
        "self" : "https://api.nasa.gov/neo/rest/v1/neo/3581669?api_key=t0TVs3DtDT2H8Oy2Zy8m2eVrNsAVKAexjcZXUckd"
      },
      "neo_reference_id" : "3581669",
      "name" : "(2011 TX8)",
      "nasa_jpl_url" : "http://ssd.jpl.nasa.gov/sbdb.cgi?sstr=3581669",
      "absolute_magnitude_h" : 21.9,
      "estimated_diameter" : {
        "kilometers" : {
          "estimated_diameter_min" : 0.1108038821,
          "estimated_diameter_max" : 0.2477650126
        },
        "meters" : {
          "estimated_diameter_min" : 110.8038821264,
          "estimated_diameter_max" : 247.7650126055
        },
        "miles" : {
          "estimated_diameter_min" : 0.068850319,
          "estimated_diameter_max" : 0.1539539936
        },
        "feet" : {
          "estimated_diameter_min" : 363.5298086356,
          "estimated_diameter_max" : 812.8773639568
        }
      },
      "is_potentially_hazardous_asteroid" : true,
      "close_approach_data" : [ {
        "close_approach_date" : "2008-08-08",
        "epoch_date_close_approach" : 1218178800000,
        "relative_velocity" : {
          "kilometers_per_second" : "33.64869915",
          "kilometers_per_hour" : "121135.3169399381",
          "miles_per_hour" : "75268.7751285965"
        },
        "miss_distance" : {
          "astronomical" : "0.3794413714",
          "lunar" : "147.6026916504",
          "kilometers" : "56763624",
          "miles" : "35271280"
        },
        "orbiting_body" : "Earth"
      } ],
      "orbital_data" : {
        "orbit_id" : "10",
        "orbit_determination_date" : "2017-08-31 06:17:07",
        "orbit_uncertainty" : "2",
        "minimum_orbit_intersection" : ".0127502",
        "jupiter_tisserand_invariant" : "6.307",
        "epoch_osculation" : "2458000.5",
        "eccentricity" : ".7084087807110201",
        "semi_major_axis" : ".9096019281258874",
        "inclination" : "5.972529528842588",
        "ascending_node_longitude" : "207.9357216803708",
        "orbital_period" : "316.8658860139521",
        "perihelion_distance" : ".2652319352898346",
        "perihelion_argument" : "313.2585948566511",
        "aphelion_distance" : "1.55397192096194",
        "perihelion_time" : "2458130.233737781752",
        "mean_anomaly" : "212.6059520355744",
        "mean_motion" : "1.136127351948984",
        "equinox" : "J2000"
      }
    } ]
  }
}