{
  "links" : {
    "next" : "https://api.nasa.gov/neo/rest/v1/feed?start_date=2007-05-23&end_date=2007-05-23&detailed=true&api_key=t0TVs3DtDT2H8Oy2Zy8m2eVrNsAVKAexjcZXUckd",
    "prev" : "https://api.nasa.gov/neo/rest/v1/feed?start_date=2007-05-21&end_date=2007-05-21&detailed=true&api_key=t0TVs3DtDT2H8Oy2Zy8m2eVrNsAVKAexjcZXUckd",
    "self" : "https://api.nasa.gov/neo/rest/v1/feed?start_date=2007-05-22&end_date=2007-05-22&detailed=true&api_key=t0TVs3DtDT2H8Oy2Zy8m2eVrNsAVKAexjcZXUckd"
  },
  "element_count" : 5,
  "near_earth_objects" : {
    "2007-05-22" : [ {
      "links" : {
        "self" : "https://api.nasa.gov/neo/rest/v1/neo/2378358?api_key=t0TVs3DtDT2H8Oy2Zy8m2eVrNsAVKAexjcZXUckd"
      },
      "neo_reference_id" : "2378358",
      "name" : "378358 (2007 LD)",
      "nasa_jpl_url" : "http://ssd.jpl.nasa.gov/sbdb.cgi?sstr=2378358",
      "absolute_magnitude_h" : 19.3,
      "estimated_diameter" : {
        "kilometers" : {
          "estimated_diameter_min" : 0.3669061375,
          "estimated_diameter_max" : 0.8204270649
        },
        "meters" : {
          "estimated_diameter_min" : 366.9061375314,
          "estimated_diameter_max" : 820.4270648822
        },
        "miles" : {
          "estimated_diameter_min" : 0.2279848336,
          "estimated_diameter_max" : 0.5097895857
        },
        "feet" : {
          "estimated_diameter_min" : 1203.7603322587,
          "estimated_diameter_max" : 2691.6899315481
        }
      },
      "is_potentially_hazardous_asteroid" : true,
      "close_approach_data" : [ {
        "close_approach_date" : "2007-05-22",
        "epoch_date_close_approach" : 1179817200000,
        "relative_velocity" : {
          "kilometers_per_second" : "18.5154003715",
          "kilometers_per_hour" : "66655.4413375051",
          "miles_per_hour" : "41417.0990910737"
        },
        "miss_distance" : {
          "astronomical" : "0.2975055046",
          "lunar" : "115.729637146",
          "kilometers" : "44506188",
          "miles" : "27654864"
        },
        "orbiting_body" : "Earth"
      } ],
      "orbital_data" : {
        "orbit_id" : "38",
        "orbit_determination_date" : "2017-04-06 09:22:21",
        "orbit_uncertainty" : "0",
        "minimum_orbit_intersection" : ".037944",
        "jupiter_tisserand_invariant" : "4.006",
        "epoch_osculation" : "2458000.5",
        "eccentricity" : ".4392821301805319",
        "semi_major_axis" : "1.726385605654085",
        "inclination" : "16.49497716465611",
        "ascending_node_longitude" : "226.2489569734699",
        "orbital_period" : "828.5240821376849",
        "perihelion_distance" : ".9680152592893509",
        "perihelion_argument" : "316.8843984461145",
        "aphelion_distance" : "2.484755952018819",
        "perihelion_time" : "2458350.618921145536",
        "mean_anomaly" : "207.870672283673",
        "mean_motion" : ".4345075873608401",
        "equinox" : "J2000"
      }
    }, {
      "links" : {
        "self" : "https://api.nasa.gov/neo/rest/v1/neo/3170221?api_key=t0TVs3DtDT2H8Oy2Zy8m2eVrNsAVKAexjcZXUckd"
      },
      "neo_reference_id" : "3170221",
      "name" : "(2003 YN107)",
      "nasa_jpl_url" : "http://ssd.jpl.nasa.gov/sbdb.cgi?sstr=3170221",
      "absolute_magnitude_h" : 26.5,
      "estimated_diameter" : {
        "kilometers" : {
          "estimated_diameter_min" : 0.0133215567,
          "estimated_diameter_max" : 0.0297879063
        },
        "meters" : {
          "estimated_diameter_min" : 13.3215566698,
          "estimated_diameter_max" : 29.7879062798
        },
        "miles" : {
          "estimated_diameter_min" : 0.008277629,
          "estimated_diameter_max" : 0.0185093411
        },
        "feet" : {
          "estimated_diameter_min" : 43.7058959846,
          "estimated_diameter_max" : 97.7293544391
        }
      },
      "is_potentially_hazardous_asteroid" : false,
      "close_approach_data" : [ {
        "close_approach_date" : "2007-05-22",
        "epoch_date_close_approach" : 1179817200000,
        "relative_velocity" : {
          "kilometers_per_second" : "3.0919829767",
          "kilometers_per_hour" : "11131.1387162509",
          "miles_per_hour" : "6916.4567206616"
        },
        "miss_distance" : {
          "astronomical" : "0.0616710812",
          "lunar" : "23.9900512695",
          "kilometers" : "9225863",
          "miles" : "5732685.5"
        },
        "orbiting_body" : "Earth"
      } ],
      "orbital_data" : {
        "orbit_id" : "17",
        "orbit_determination_date" : "2017-04-06 09:13:21",
        "orbit_uncertainty" : "1",
        "minimum_orbit_intersection" : ".00576149",
        "jupiter_tisserand_invariant" : "6.132",
        "epoch_osculation" : "2458000.5",
        "eccentricity" : ".01394849751423765",
        "semi_major_axis" : ".988667858326567",
        "inclination" : "4.320908199813253",
        "ascending_node_longitude" : "264.4056022167966",
        "orbital_period" : "359.0658068186285",
        "perihelion_distance" : ".9748774271622922",
        "perihelion_argument" : "87.81644303895897",
        "aphelion_distance" : "1.002458289490842",
        "perihelion_time" : "2457942.407117798018",
        "mean_anomaly" : "58.24402434197092",
        "mean_motion" : "1.00260173250594",
        "equinox" : "J2000"
      }
    }, {
      "links" : {
        "self" : "https://api.nasa.gov/neo/rest/v1/neo/3412748?api_key=t0TVs3DtDT2H8Oy2Zy8m2eVrNsAVKAexjcZXUckd"
      },
      "neo_reference_id" : "3412748",
      "name" : "(2008 KS)",
      "nasa_jpl_url" : "http://ssd.jpl.nasa.gov/sbdb.cgi?sstr=3412748",
      "absolute_magnitude_h" : 24.7,
      "estimated_diameter" : {
        "kilometers" : {
          "estimated_diameter_min" : 0.0305179233,
          "estimated_diameter_max" : 0.0682401509
        },
        "meters" : {
          "estimated_diameter_min" : 30.5179232594,
          "estimated_diameter_max" : 68.2401509401
        },
        "miles" : {
          "estimated_diameter_min" : 0.0189629525,
          "estimated_diameter_max" : 0.0424024508
        },
        "feet" : {
          "estimated_diameter_min" : 100.1244233463,
          "estimated_diameter_max" : 223.8850168104
        }
      },
      "is_potentially_hazardous_asteroid" : false,
      "close_approach_data" : [ {
        "close_approach_date" : "2007-05-22",
        "epoch_date_close_approach" : 1179817200000,
        "relative_velocity" : {
          "kilometers_per_second" : "12.9373370272",
          "kilometers_per_hour" : "46574.4132978034",
          "miles_per_hour" : "28939.5291960712"
        },
        "miss_distance" : {
          "astronomical" : "0.2237635246",
          "lunar" : "87.0440139771",
          "kilometers" : "33474548",
          "miles" : "20800120"
        },
        "orbiting_body" : "Earth"
      } ],
      "orbital_data" : {
        "orbit_id" : "7",
        "orbit_determination_date" : "2017-04-06 09:03:23",
        "orbit_uncertainty" : "8",
        "minimum_orbit_intersection" : ".0888196",
        "jupiter_tisserand_invariant" : "6.112",
        "epoch_osculation" : "2454616.5",
        "eccentricity" : ".1568922134767488",
        "semi_major_axis" : ".9743543311064372",
        "inclination" : "25.45421588845765",
        "ascending_node_longitude" : "246.1053750791025",
        "orbital_period" : "351.2964870111826",
        "perihelion_distance" : ".8214857233884914",
        "perihelion_argument" : "152.7814648359599",
        "aphelion_distance" : "1.127222938824383",
        "perihelion_time" : "2454753.758227841080",
        "mean_anomaly" : "219.3411438776618",
        "mean_motion" : "1.024775405706065",
        "equinox" : "J2000"
      }
    }, {
      "links" : {
        "self" : "https://api.nasa.gov/neo/rest/v1/neo/3673167?api_key=t0TVs3DtDT2H8Oy2Zy8m2eVrNsAVKAexjcZXUckd"
      },
      "neo_reference_id" : "3673167",
      "name" : "(2014 KA91)",
      "nasa_jpl_url" : "http://ssd.jpl.nasa.gov/sbdb.cgi?sstr=3673167",
      "absolute_magnitude_h" : 25.5,
      "estimated_diameter" : {
        "kilometers" : {
          "estimated_diameter_min" : 0.0211132445,
          "estimated_diameter_max" : 0.0472106499
        },
        "meters" : {
          "estimated_diameter_min" : 21.113244479,
          "estimated_diameter_max" : 47.2106498806
        },
        "miles" : {
          "estimated_diameter_min" : 0.0131191578,
          "estimated_diameter_max" : 0.0293353287
        },
        "feet" : {
          "estimated_diameter_min" : 69.2691770164,
          "estimated_diameter_max" : 154.8905885541
        }
      },
      "is_potentially_hazardous_asteroid" : false,
      "close_approach_data" : [ {
        "close_approach_date" : "2007-05-22",
        "epoch_date_close_approach" : 1179817200000,
        "relative_velocity" : {
          "kilometers_per_second" : "14.6976843873",
          "kilometers_per_hour" : "52911.6637941032",
          "miles_per_hour" : "32877.2502058415"
        },
        "miss_distance" : {
          "astronomical" : "0.2275802606",
          "lunar" : "88.5287246704",
          "kilometers" : "34045524",
          "miles" : "21154908"
        },
        "orbiting_body" : "Earth"
      } ],
      "orbital_data" : {
        "orbit_id" : "10",
        "orbit_determination_date" : "2017-04-06 08:40:13",
        "orbit_uncertainty" : "7",
        "minimum_orbit_intersection" : ".0199792",
        "jupiter_tisserand_invariant" : "5.071",
        "epoch_osculation" : "2458000.5",
        "eccentricity" : ".2779834513388536",
        "semi_major_axis" : "1.257133695688813",
        "inclination" : "9.226926450994135",
        "ascending_node_longitude" : "249.0385697048362",
        "orbital_period" : "514.8380392780659",
        "perihelion_distance" : ".9076713321668685",
        "perihelion_argument" : "67.59729437371954",
        "aphelion_distance" : "1.606596059210757",
        "perihelion_time" : "2457896.912779548721",
        "mean_anomaly" : "72.43326350700963",
        "mean_motion" : ".6992490308307672",
        "equinox" : "J2000"
      }
    }, {
      "links" : {
        "self" : "https://api.nasa.gov/neo/rest/v1/neo/3752455?api_key=t0TVs3DtDT2H8Oy2Zy8m2eVrNsAVKAexjcZXUckd"
      },
      "neo_reference_id" : "3752455",
      "name" : "(2016 HX3)",
      "nasa_jpl_url" : "http://ssd.jpl.nasa.gov/sbdb.cgi?sstr=3752455",
      "absolute_magnitude_h" : 21.2,
      "estimated_diameter" : {
        "kilometers" : {
          "estimated_diameter_min" : 0.1529519353,
          "estimated_diameter_max" : 0.3420109247
        },
        "meters" : {
          "estimated_diameter_min" : 152.9519353442,
          "estimated_diameter_max" : 342.0109247198
        },
        "miles" : {
          "estimated_diameter_min" : 0.095039897,
          "estimated_diameter_max" : 0.2125156703
        },
        "feet" : {
          "estimated_diameter_min" : 501.8108275547,
          "estimated_diameter_max" : 1122.0831222578
        }
      },
      "is_potentially_hazardous_asteroid" : false,
      "close_approach_data" : [ {
        "close_approach_date" : "2007-05-22",
        "epoch_date_close_approach" : 1179817200000,
        "relative_velocity" : {
          "kilometers_per_second" : "1.9801414653",
          "kilometers_per_hour" : "7128.5092750413",
          "miles_per_hour" : "4429.3784437055"
        },
        "miss_distance" : {
          "astronomical" : "0.3127496859",
          "lunar" : "121.6596298218",
          "kilometers" : "46786688",
          "miles" : "29071900"
        },
        "orbiting_body" : "Earth"
      } ],
      "orbital_data" : {
        "orbit_id" : "19",
        "orbit_determination_date" : "2017-04-06 08:26:20",
        "orbit_uncertainty" : "4",
        "minimum_orbit_intersection" : ".224921",
        "jupiter_tisserand_invariant" : "4.558",
        "epoch_osculation" : "2458000.5",
        "eccentricity" : ".1755056994598257",
        "semi_major_axis" : "1.481559134917922",
        "inclination" : "5.486227267482854",
        "ascending_node_longitude" : "168.5755274662697",
        "orbital_period" : "658.6836944800361",
        "perihelion_distance" : "1.221537062653058",
        "perihelion_argument" : "116.5382712094873",
        "aphelion_distance" : "1.741581207182786",
        "perihelion_time" : "2458258.804680228359",
        "mean_anomaly" : "218.8249782687957",
        "mean_motion" : ".5465445752140311",
        "equinox" : "J2000"
      }
    } ]
  }
}