{
  "links" : {
    "next" : "https://api.nasa.gov/neo/rest/v1/feed?start_date=1996-07-16&end_date=1996-07-16&detailed=true&api_key=t0TVs3DtDT2H8Oy2Zy8m2eVrNsAVKAexjcZXUckd",
    "prev" : "https://api.nasa.gov/neo/rest/v1/feed?start_date=1996-07-14&end_date=1996-07-14&detailed=true&api_key=t0TVs3DtDT2H8Oy2Zy8m2eVrNsAVKAexjcZXUckd",
    "self" : "https://api.nasa.gov/neo/rest/v1/feed?start_date=1996-07-15&end_date=1996-07-15&detailed=true&api_key=t0TVs3DtDT2H8Oy2Zy8m2eVrNsAVKAexjcZXUckd"
  },
  "element_count" : 6,
  "near_earth_objects" : {
    "1996-07-15" : [ {
      "links" : {
        "self" : "https://api.nasa.gov/neo/rest/v1/neo/2053409?api_key=t0TVs3DtDT2H8Oy2Zy8m2eVrNsAVKAexjcZXUckd"
      },
      "neo_reference_id" : "2053409",
      "name" : "53409 (1999 LU7)",
      "nasa_jpl_url" : "http://ssd.jpl.nasa.gov/sbdb.cgi?sstr=2053409",
      "absolute_magnitude_h" : 18.7,
      "estimated_diameter" : {
        "kilometers" : {
          "estimated_diameter_min" : 0.4836764882,
          "estimated_diameter_max" : 1.0815335068
        },
        "meters" : {
          "estimated_diameter_min" : 483.6764882185,
          "estimated_diameter_max" : 1081.533506775
        },
        "miles" : {
          "estimated_diameter_min" : 0.3005425432,
          "estimated_diameter_max" : 0.6720335566
        },
        "feet" : {
          "estimated_diameter_min" : 1586.8651696069,
          "estimated_diameter_max" : 3548.3383903678
        }
      },
      "is_potentially_hazardous_asteroid" : false,
      "close_approach_data" : [ {
        "close_approach_date" : "1996-07-15",
        "epoch_date_close_approach" : 837414000000,
        "relative_velocity" : {
          "kilometers_per_second" : "14.2836825359",
          "kilometers_per_hour" : "51421.2571290938",
          "miles_per_hour" : "31951.1694644639"
        },
        "miss_distance" : {
          "astronomical" : "0.1925656623",
          "lunar" : "74.9080429077",
          "kilometers" : "28807414",
          "miles" : "17900096"
        },
        "orbiting_body" : "Earth"
      } ],
      "orbital_data" : {
        "orbit_id" : "32",
        "orbit_determination_date" : "2017-04-06 09:29:04",
        "orbit_uncertainty" : "0",
        "minimum_orbit_intersection" : ".086402",
        "jupiter_tisserand_invariant" : "3.448",
        "epoch_osculation" : "2458000.5",
        "eccentricity" : ".6279743953246445",
        "semi_major_axis" : "2.101369834646658",
        "inclination" : "10.87121351264099",
        "ascending_node_longitude" : "206.72928149",
        "orbital_period" : "1112.633590821872",
        "perihelion_distance" : ".7817633833809747",
        "perihelion_argument" : "147.7260513272305",
        "aphelion_distance" : "3.420976285912341",
        "perihelion_time" : "2458114.064477531185",
        "mean_anomaly" : "323.2554578178543",
        "mean_motion" : ".323556652405288",
        "equinox" : "J2000"
      }
    }, {
      "links" : {
        "self" : "https://api.nasa.gov/neo/rest/v1/neo/2215442?api_key=t0TVs3DtDT2H8Oy2Zy8m2eVrNsAVKAexjcZXUckd"
      },
      "neo_reference_id" : "2215442",
      "name" : "215442 (2002 MQ3)",
      "nasa_jpl_url" : "http://ssd.jpl.nasa.gov/sbdb.cgi?sstr=2215442",
      "absolute_magnitude_h" : 18.5,
      "estimated_diameter" : {
        "kilometers" : {
          "estimated_diameter_min" : 0.5303407233,
          "estimated_diameter_max" : 1.1858779086
        },
        "meters" : {
          "estimated_diameter_min" : 530.3407233187,
          "estimated_diameter_max" : 1185.8779085771
        },
        "miles" : {
          "estimated_diameter_min" : 0.3295383456,
          "estimated_diameter_max" : 0.7368701419
        },
        "feet" : {
          "estimated_diameter_min" : 1739.963058693,
          "estimated_diameter_max" : 3890.675677576
        }
      },
      "is_potentially_hazardous_asteroid" : false,
      "close_approach_data" : [ {
        "close_approach_date" : "1996-07-15",
        "epoch_date_close_approach" : 837414000000,
        "relative_velocity" : {
          "kilometers_per_second" : "18.8508512966",
          "kilometers_per_hour" : "67863.0646679004",
          "miles_per_hour" : "42167.4692654518"
        },
        "miss_distance" : {
          "astronomical" : "0.2207406539",
          "lunar" : "85.8681182861",
          "kilometers" : "33022334",
          "miles" : "20519126"
        },
        "orbiting_body" : "Earth"
      } ],
      "orbital_data" : {
        "orbit_id" : "84",
        "orbit_determination_date" : "2017-07-20 06:21:05",
        "orbit_uncertainty" : "0",
        "minimum_orbit_intersection" : ".134651",
        "jupiter_tisserand_invariant" : "6.345",
        "epoch_osculation" : "2458000.5",
        "eccentricity" : ".2742321551611447",
        "semi_major_axis" : ".9136335757624727",
        "inclination" : "36.28414633490178",
        "ascending_node_longitude" : "109.0770212864657",
        "orbital_period" : "318.974895592967",
        "perihelion_distance" : ".6630858712535468",
        "perihelion_argument" : "346.8725461415661",
        "aphelion_distance" : "1.164181280271399",
        "perihelion_time" : "2458055.409435183113",
        "mean_anomaly" : "298.0283622973726",
        "mean_motion" : "1.128615464645794",
        "equinox" : "J2000"
      }
    }, {
      "links" : {
        "self" : "https://api.nasa.gov/neo/rest/v1/neo/3312033?api_key=t0TVs3DtDT2H8Oy2Zy8m2eVrNsAVKAexjcZXUckd"
      },
      "neo_reference_id" : "3312033",
      "name" : "(2006 AK8)",
      "nasa_jpl_url" : "http://ssd.jpl.nasa.gov/sbdb.cgi?sstr=3312033",
      "absolute_magnitude_h" : 21.2,
      "estimated_diameter" : {
        "kilometers" : {
          "estimated_diameter_min" : 0.1529519353,
          "estimated_diameter_max" : 0.3420109247
        },
        "meters" : {
          "estimated_diameter_min" : 152.9519353442,
          "estimated_diameter_max" : 342.0109247198
        },
        "miles" : {
          "estimated_diameter_min" : 0.095039897,
          "estimated_diameter_max" : 0.2125156703
        },
        "feet" : {
          "estimated_diameter_min" : 501.8108275547,
          "estimated_diameter_max" : 1122.0831222578
        }
      },
      "is_potentially_hazardous_asteroid" : false,
      "close_approach_data" : [ {
        "close_approach_date" : "1996-07-15",
        "epoch_date_close_approach" : 837414000000,
        "relative_velocity" : {
          "kilometers_per_second" : "16.336175244",
          "kilometers_per_hour" : "58810.2308783032",
          "miles_per_hour" : "36542.3904032434"
        },
        "miss_distance" : {
          "astronomical" : "0.2516498583",
          "lunar" : "97.8917922974",
          "kilometers" : "37646284",
          "miles" : "23392316"
        },
        "orbiting_body" : "Earth"
      } ],
      "orbital_data" : {
        "orbit_id" : "20",
        "orbit_determination_date" : "2016-07-12 06:16:29",
        "orbit_uncertainty" : "0",
        "minimum_orbit_intersection" : ".109607",
        "jupiter_tisserand_invariant" : "5.316",
        "epoch_osculation" : "2457600.5",
        "eccentricity" : ".1224300066361258",
        "semi_major_axis" : "1.157034097103852",
        "inclination" : "28.94828137810144",
        "ascending_node_longitude" : "118.5841151778075",
        "orbital_period" : "454.587681732057",
        "perihelion_distance" : "1.015378404917204",
        "perihelion_argument" : "72.06262379211482",
        "aphelion_distance" : "1.298689789290501",
        "perihelion_time" : "2457457.326683237953",
        "mean_anomaly" : "113.3827336410694",
        "mean_motion" : ".7919264301846859",
        "equinox" : "J2000"
      }
    }, {
      "links" : {
        "self" : "https://api.nasa.gov/neo/rest/v1/neo/3672904?api_key=t0TVs3DtDT2H8Oy2Zy8m2eVrNsAVKAexjcZXUckd"
      },
      "neo_reference_id" : "3672904",
      "name" : "(2014 KU76)",
      "nasa_jpl_url" : "http://ssd.jpl.nasa.gov/sbdb.cgi?sstr=3672904",
      "absolute_magnitude_h" : 20.5,
      "estimated_diameter" : {
        "kilometers" : {
          "estimated_diameter_min" : 0.2111324448,
          "estimated_diameter_max" : 0.4721064988
        },
        "meters" : {
          "estimated_diameter_min" : 211.1324447897,
          "estimated_diameter_max" : 472.1064988055
        },
        "miles" : {
          "estimated_diameter_min" : 0.1311915784,
          "estimated_diameter_max" : 0.2933532873
        },
        "feet" : {
          "estimated_diameter_min" : 692.6917701639,
          "estimated_diameter_max" : 1548.9058855411
        }
      },
      "is_potentially_hazardous_asteroid" : false,
      "close_approach_data" : [ {
        "close_approach_date" : "1996-07-15",
        "epoch_date_close_approach" : 837414000000,
        "relative_velocity" : {
          "kilometers_per_second" : "7.9895870277",
          "kilometers_per_hour" : "28762.5132996543",
          "miles_per_hour" : "17871.9072222213"
        },
        "miss_distance" : {
          "astronomical" : "0.3377261183",
          "lunar" : "131.3754577637",
          "kilometers" : "50523108",
          "miles" : "31393604"
        },
        "orbiting_body" : "Earth"
      } ],
      "orbital_data" : {
        "orbit_id" : "17",
        "orbit_determination_date" : "2017-04-06 08:40:16",
        "orbit_uncertainty" : "2",
        "minimum_orbit_intersection" : ".115461",
        "jupiter_tisserand_invariant" : "4.470",
        "epoch_osculation" : "2458000.5",
        "eccentricity" : ".3511886804280298",
        "semi_major_axis" : "1.483602347233337",
        "inclination" : "15.65470982096072",
        "ascending_node_longitude" : "79.75512749594029",
        "orbital_period" : "660.0467462532848",
        "perihelion_distance" : ".9625779966285335",
        "perihelion_argument" : "291.2313205767788",
        "aphelion_distance" : "2.00462669783814",
        "perihelion_time" : "2458285.779444198996",
        "mean_anomaly" : "204.4040509333435",
        "mean_motion" : ".545415914923478",
        "equinox" : "J2000"
      }
    }, {
      "links" : {
        "self" : "https://api.nasa.gov/neo/rest/v1/neo/3735995?api_key=t0TVs3DtDT2H8Oy2Zy8m2eVrNsAVKAexjcZXUckd"
      },
      "neo_reference_id" : "3735995",
      "name" : "(2015 XN55)",
      "nasa_jpl_url" : "http://ssd.jpl.nasa.gov/sbdb.cgi?sstr=3735995",
      "absolute_magnitude_h" : 27.2,
      "estimated_diameter" : {
        "kilometers" : {
          "estimated_diameter_min" : 0.0096506147,
          "estimated_diameter_max" : 0.0215794305
        },
        "meters" : {
          "estimated_diameter_min" : 9.6506146958,
          "estimated_diameter_max" : 21.5794304844
        },
        "miles" : {
          "estimated_diameter_min" : 0.0059966121,
          "estimated_diameter_max" : 0.0134088323
        },
        "feet" : {
          "estimated_diameter_min" : 31.6621227185,
          "estimated_diameter_max" : 70.7986587106
        }
      },
      "is_potentially_hazardous_asteroid" : false,
      "close_approach_data" : [ {
        "close_approach_date" : "1996-07-15",
        "epoch_date_close_approach" : 837414000000,
        "relative_velocity" : {
          "kilometers_per_second" : "8.15649753",
          "kilometers_per_hour" : "29363.391107865",
          "miles_per_hour" : "18245.2693247731"
        },
        "miss_distance" : {
          "astronomical" : "0.4856850031",
          "lunar" : "188.9314575195",
          "kilometers" : "72657440",
          "miles" : "45147240"
        },
        "orbiting_body" : "Earth"
      } ],
      "orbital_data" : {
        "orbit_id" : "21",
        "orbit_determination_date" : "2017-04-06 08:30:11",
        "orbit_uncertainty" : "5",
        "minimum_orbit_intersection" : ".00656022",
        "jupiter_tisserand_invariant" : "5.233",
        "epoch_osculation" : "2458000.5",
        "eccentricity" : ".2540604699776785",
        "semi_major_axis" : "1.209548851326339",
        "inclination" : "2.955318531028155",
        "ascending_node_longitude" : "75.96084464915424",
        "orbital_period" : "485.8850614953669",
        "perihelion_distance" : ".9022503016974079",
        "perihelion_argument" : "61.30450354539078",
        "aphelion_distance" : "1.51684740095527",
        "perihelion_time" : "2457902.633153661437",
        "mean_anomaly" : "72.51110905416995",
        "mean_motion" : ".7409159666116485",
        "equinox" : "J2000"
      }
    }, {
      "links" : {
        "self" : "https://api.nasa.gov/neo/rest/v1/neo/2469929?api_key=t0TVs3DtDT2H8Oy2Zy8m2eVrNsAVKAexjcZXUckd"
      },
      "neo_reference_id" : "2469929",
      "name" : "469929 (2006 AK8)",
      "nasa_jpl_url" : "http://ssd.jpl.nasa.gov/sbdb.cgi?sstr=2469929",
      "absolute_magnitude_h" : 21.0,
      "estimated_diameter" : {
        "kilometers" : {
          "estimated_diameter_min" : 0.1677084622,
          "estimated_diameter_max" : 0.3750075218
        },
        "meters" : {
          "estimated_diameter_min" : 167.7084621628,
          "estimated_diameter_max" : 375.0075217981
        },
        "miles" : {
          "estimated_diameter_min" : 0.1042091748,
          "estimated_diameter_max" : 0.2330187988
        },
        "feet" : {
          "estimated_diameter_min" : 550.2246310023,
          "estimated_diameter_max" : 1230.3396778159
        }
      },
      "is_potentially_hazardous_asteroid" : false,
      "close_approach_data" : [ {
        "close_approach_date" : "1996-07-15",
        "epoch_date_close_approach" : 837414000000,
        "relative_velocity" : {
          "kilometers_per_second" : "16.3361889767",
          "kilometers_per_hour" : "58810.2803162402",
          "miles_per_hour" : "36542.4211220549"
        },
        "miss_distance" : {
          "astronomical" : "0.2516497905",
          "lunar" : "97.8917694092",
          "kilometers" : "37646276",
          "miles" : "23392310"
        },
        "orbiting_body" : "Earth"
      } ],
      "orbital_data" : {
        "orbit_id" : "22",
        "orbit_determination_date" : "2017-04-06 09:19:15",
        "orbit_uncertainty" : "0",
        "minimum_orbit_intersection" : ".112305",
        "jupiter_tisserand_invariant" : "5.316",
        "epoch_osculation" : "2458000.5",
        "eccentricity" : ".1224386896716886",
        "semi_major_axis" : "1.156999425484827",
        "inclination" : "28.94759776946955",
        "ascending_node_longitude" : "118.5788098439422",
        "orbital_period" : "454.5672486615737",
        "perihelion_distance" : "1.015337931877568",
        "perihelion_argument" : "72.05834114507975",
        "aphelion_distance" : "1.298660919092086",
        "perihelion_time" : "2457911.899389005705",
        "mean_anomaly" : "70.1683195431728",
        "mean_motion" : ".7919620277527315",
        "equinox" : "J2000"
      }
    } ]
  }
}