{
  "links" : {
    "next" : "https://api.nasa.gov/neo/rest/v1/feed?start_date=2001-07-09&end_date=2001-07-09&detailed=true&api_key=t0TVs3DtDT2H8Oy2Zy8m2eVrNsAVKAexjcZXUckd",
    "prev" : "https://api.nasa.gov/neo/rest/v1/feed?start_date=2001-07-07&end_date=2001-07-07&detailed=true&api_key=t0TVs3DtDT2H8Oy2Zy8m2eVrNsAVKAexjcZXUckd",
    "self" : "https://api.nasa.gov/neo/rest/v1/feed?start_date=2001-07-08&end_date=2001-07-08&detailed=true&api_key=t0TVs3DtDT2H8Oy2Zy8m2eVrNsAVKAexjcZXUckd"
  },
  "element_count" : 7,
  "near_earth_objects" : {
    "2001-07-08" : [ {
      "links" : {
        "self" : "https://api.nasa.gov/neo/rest/v1/neo/3079905?api_key=t0TVs3DtDT2H8Oy2Zy8m2eVrNsAVKAexjcZXUckd"
      },
      "neo_reference_id" : "3079905",
      "name" : "(2001 MD1)",
      "nasa_jpl_url" : "http://ssd.jpl.nasa.gov/sbdb.cgi?sstr=3079905",
      "absolute_magnitude_h" : 21.4,
      "estimated_diameter" : {
        "kilometers" : {
          "estimated_diameter_min" : 0.1394938229,
          "estimated_diameter_max" : 0.3119176705
        },
        "meters" : {
          "estimated_diameter_min" : 139.4938229344,
          "estimated_diameter_max" : 311.9176705226
        },
        "miles" : {
          "estimated_diameter_min" : 0.0866774163,
          "estimated_diameter_max" : 0.1938165949
        },
        "feet" : {
          "estimated_diameter_min" : 457.6569140361,
          "estimated_diameter_max" : 1023.3519701574
        }
      },
      "is_potentially_hazardous_asteroid" : false,
      "close_approach_data" : [ {
        "close_approach_date" : "2001-07-08",
        "epoch_date_close_approach" : 994575600000,
        "relative_velocity" : {
          "kilometers_per_second" : "6.817568046",
          "kilometers_per_hour" : "24543.2449655574",
          "miles_per_hour" : "15250.217962071"
        },
        "miss_distance" : {
          "astronomical" : "0.0614805628",
          "lunar" : "23.9159393311",
          "kilometers" : "9197361",
          "miles" : "5714975.5"
        },
        "orbiting_body" : "Earth"
      } ],
      "orbital_data" : {
        "orbit_id" : "28",
        "orbit_determination_date" : "2017-04-06 09:16:19",
        "orbit_uncertainty" : "6",
        "minimum_orbit_intersection" : ".0664216",
        "jupiter_tisserand_invariant" : "3.571",
        "epoch_osculation" : "2458000.5",
        "eccentricity" : ".4925911348649259",
        "semi_major_axis" : "2.107250537032775",
        "inclination" : "5.859775756281907",
        "ascending_node_longitude" : "265.7495811772811",
        "orbital_period" : "1117.307429628981",
        "perihelion_distance" : "1.069237603551076",
        "perihelion_argument" : "27.5070412076922",
        "aphelion_distance" : "3.145263470514474",
        "perihelion_time" : "2457688.692065295916",
        "mean_anomaly" : "100.4655061953224",
        "mean_motion" : ".3222031738565845",
        "equinox" : "J2000"
      }
    }, {
      "links" : {
        "self" : "https://api.nasa.gov/neo/rest/v1/neo/2369984?api_key=t0TVs3DtDT2H8Oy2Zy8m2eVrNsAVKAexjcZXUckd"
      },
      "neo_reference_id" : "2369984",
      "name" : "369984 (1998 QR52)",
      "nasa_jpl_url" : "http://ssd.jpl.nasa.gov/sbdb.cgi?sstr=2369984",
      "absolute_magnitude_h" : 18.8,
      "estimated_diameter" : {
        "kilometers" : {
          "estimated_diameter_min" : 0.4619074603,
          "estimated_diameter_max" : 1.0328564805
        },
        "meters" : {
          "estimated_diameter_min" : 461.9074602816,
          "estimated_diameter_max" : 1032.8564805039
        },
        "miles" : {
          "estimated_diameter_min" : 0.2870159005,
          "estimated_diameter_max" : 0.6417870641
        },
        "feet" : {
          "estimated_diameter_min" : 1515.4444719902,
          "estimated_diameter_max" : 3388.6368554964
        }
      },
      "is_potentially_hazardous_asteroid" : false,
      "close_approach_data" : [ {
        "close_approach_date" : "2001-07-08",
        "epoch_date_close_approach" : 994575600000,
        "relative_velocity" : {
          "kilometers_per_second" : "20.1229203487",
          "kilometers_per_hour" : "72442.5132553067",
          "miles_per_hour" : "45012.9605279988"
        },
        "miss_distance" : {
          "astronomical" : "0.4352324274",
          "lunar" : "169.3054199219",
          "kilometers" : "65109844",
          "miles" : "40457384"
        },
        "orbiting_body" : "Earth"
      } ],
      "orbital_data" : {
        "orbit_id" : "74",
        "orbit_determination_date" : "2017-04-06 09:22:32",
        "orbit_uncertainty" : "0",
        "minimum_orbit_intersection" : ".209541",
        "jupiter_tisserand_invariant" : "5.803",
        "epoch_osculation" : "2458000.5",
        "eccentricity" : ".287746565372645",
        "semi_major_axis" : "1.043616937397781",
        "inclination" : "17.63552586668034",
        "ascending_node_longitude" : "316.2223522622041",
        "orbital_period" : "389.4126946448688",
        "perihelion_distance" : ".743319748096851",
        "perihelion_argument" : "204.3110432368127",
        "aphelion_distance" : "1.343914126698711",
        "perihelion_time" : "2457865.145652577157",
        "mean_anomaly" : "125.1309105797424",
        "mean_motion" : ".9244690914052193",
        "equinox" : "J2000"
      }
    }, {
      "links" : {
        "self" : "https://api.nasa.gov/neo/rest/v1/neo/3329371?api_key=t0TVs3DtDT2H8Oy2Zy8m2eVrNsAVKAexjcZXUckd"
      },
      "neo_reference_id" : "3329371",
      "name" : "(2006 GC1)",
      "nasa_jpl_url" : "http://ssd.jpl.nasa.gov/sbdb.cgi?sstr=3329371",
      "absolute_magnitude_h" : 21.0,
      "estimated_diameter" : {
        "kilometers" : {
          "estimated_diameter_min" : 0.1677084622,
          "estimated_diameter_max" : 0.3750075218
        },
        "meters" : {
          "estimated_diameter_min" : 167.7084621628,
          "estimated_diameter_max" : 375.0075217981
        },
        "miles" : {
          "estimated_diameter_min" : 0.1042091748,
          "estimated_diameter_max" : 0.2330187988
        },
        "feet" : {
          "estimated_diameter_min" : 550.2246310023,
          "estimated_diameter_max" : 1230.3396778159
        }
      },
      "is_potentially_hazardous_asteroid" : true,
      "close_approach_data" : [ {
        "close_approach_date" : "2001-07-08",
        "epoch_date_close_approach" : 994575600000,
        "relative_velocity" : {
          "kilometers_per_second" : "41.6650350753",
          "kilometers_per_hour" : "149994.1262711931",
          "miles_per_hour" : "93200.5169600088"
        },
        "miss_distance" : {
          "astronomical" : "0.4556332453",
          "lunar" : "177.2413330078",
          "kilometers" : "68161768",
          "miles" : "42353756"
        },
        "orbiting_body" : "Earth"
      } ],
      "orbital_data" : {
        "orbit_id" : "14",
        "orbit_determination_date" : "2017-04-06 09:08:50",
        "orbit_uncertainty" : "7",
        "minimum_orbit_intersection" : ".0100614",
        "jupiter_tisserand_invariant" : "3.709",
        "epoch_osculation" : "2458000.5",
        "eccentricity" : ".8163276464779837",
        "semi_major_axis" : "1.705269010105178",
        "inclination" : "5.979575792330841",
        "ascending_node_longitude" : "196.3360095293396",
        "orbital_period" : "813.3693002475742",
        "perihelion_distance" : ".3132107724741769",
        "perihelion_argument" : "232.6532731575389",
        "aphelion_distance" : "3.097327247736178",
        "perihelion_time" : "2457829.502951594784",
        "mean_anomaly" : "75.68387128348735",
        "mean_motion" : ".4426033781830994",
        "equinox" : "J2000"
      }
    }, {
      "links" : {
        "self" : "https://api.nasa.gov/neo/rest/v1/neo/3426410?api_key=t0TVs3DtDT2H8Oy2Zy8m2eVrNsAVKAexjcZXUckd"
      },
      "neo_reference_id" : "3426410",
      "name" : "(2008 QV11)",
      "nasa_jpl_url" : "http://ssd.jpl.nasa.gov/sbdb.cgi?sstr=3426410",
      "absolute_magnitude_h" : 21.0,
      "estimated_diameter" : {
        "kilometers" : {
          "estimated_diameter_min" : 0.1677084622,
          "estimated_diameter_max" : 0.3750075218
        },
        "meters" : {
          "estimated_diameter_min" : 167.7084621628,
          "estimated_diameter_max" : 375.0075217981
        },
        "miles" : {
          "estimated_diameter_min" : 0.1042091748,
          "estimated_diameter_max" : 0.2330187988
        },
        "feet" : {
          "estimated_diameter_min" : 550.2246310023,
          "estimated_diameter_max" : 1230.3396778159
        }
      },
      "is_potentially_hazardous_asteroid" : false,
      "close_approach_data" : [ {
        "close_approach_date" : "2001-07-08",
        "epoch_date_close_approach" : 994575600000,
        "relative_velocity" : {
          "kilometers_per_second" : "10.4612053693",
          "kilometers_per_hour" : "37660.3393294674",
          "miles_per_hour" : "23400.6702905793"
        },
        "miss_distance" : {
          "astronomical" : "0.2835854219",
          "lunar" : "110.3147354126",
          "kilometers" : "42423776",
          "miles" : "26360912"
        },
        "orbiting_body" : "Earth"
      } ],
      "orbital_data" : {
        "orbit_id" : "16",
        "orbit_determination_date" : "2017-04-06 09:03:02",
        "orbit_uncertainty" : "1",
        "minimum_orbit_intersection" : ".0984179",
        "jupiter_tisserand_invariant" : "6.469",
        "epoch_osculation" : "2458000.5",
        "eccentricity" : ".4527922930841961",
        "semi_major_axis" : ".907864592986423",
        "inclination" : "8.278695740027688",
        "ascending_node_longitude" : "114.3798292883882",
        "orbital_period" : "315.9585012447702",
        "perihelion_distance" : ".4967905021181501",
        "perihelion_argument" : "7.392326563703367",
        "aphelion_distance" : "1.318938683854696",
        "perihelion_time" : "2457968.757085862307",
        "mean_anomaly" : "36.16756328615697",
        "mean_motion" : "1.139390136937988",
        "equinox" : "J2000"
      }
    }, {
      "links" : {
        "self" : "https://api.nasa.gov/neo/rest/v1/neo/3606252?api_key=t0TVs3DtDT2H8Oy2Zy8m2eVrNsAVKAexjcZXUckd"
      },
      "neo_reference_id" : "3606252",
      "name" : "(2012 OO)",
      "nasa_jpl_url" : "http://ssd.jpl.nasa.gov/sbdb.cgi?sstr=3606252",
      "absolute_magnitude_h" : 20.6,
      "estimated_diameter" : {
        "kilometers" : {
          "estimated_diameter_min" : 0.2016299194,
          "estimated_diameter_max" : 0.4508582062
        },
        "meters" : {
          "estimated_diameter_min" : 201.6299194428,
          "estimated_diameter_max" : 450.8582061718
        },
        "miles" : {
          "estimated_diameter_min" : 0.1252869847,
          "estimated_diameter_max" : 0.2801502144
        },
        "feet" : {
          "estimated_diameter_min" : 661.5155049046,
          "estimated_diameter_max" : 1479.1936371367
        }
      },
      "is_potentially_hazardous_asteroid" : true,
      "close_approach_data" : [ {
        "close_approach_date" : "2001-07-08",
        "epoch_date_close_approach" : 994575600000,
        "relative_velocity" : {
          "kilometers_per_second" : "18.6806202512",
          "kilometers_per_hour" : "67250.2329044824",
          "miles_per_hour" : "41786.6794400102"
        },
        "miss_distance" : {
          "astronomical" : "0.4793954177",
          "lunar" : "186.4848175049",
          "kilometers" : "71716536",
          "miles" : "44562588"
        },
        "orbiting_body" : "Earth"
      } ],
      "orbital_data" : {
        "orbit_id" : "64",
        "orbit_determination_date" : "2017-04-06 08:49:25",
        "orbit_uncertainty" : "1",
        "minimum_orbit_intersection" : ".0367835",
        "jupiter_tisserand_invariant" : "4.118",
        "epoch_osculation" : "2458000.5",
        "eccentricity" : ".3836068966139597",
        "semi_major_axis" : "1.69636469597206",
        "inclination" : "4.835215901038818",
        "ascending_node_longitude" : "160.9186993500462",
        "orbital_period" : "807.0069318808823",
        "perihelion_distance" : "1.045627499424735",
        "perihelion_argument" : "179.8823533698328",
        "aphelion_distance" : "2.347101892519386",
        "perihelion_time" : "2457780.588301226384",
        "mean_anomaly" : "98.10103040129439",
        "mean_motion" : ".446092822475455",
        "equinox" : "J2000"
      }
    }, {
      "links" : {
        "self" : "https://api.nasa.gov/neo/rest/v1/neo/3663745?api_key=t0TVs3DtDT2H8Oy2Zy8m2eVrNsAVKAexjcZXUckd"
      },
      "neo_reference_id" : "3663745",
      "name" : "(2014 EQ12)",
      "nasa_jpl_url" : "http://ssd.jpl.nasa.gov/sbdb.cgi?sstr=3663745",
      "absolute_magnitude_h" : 21.1,
      "estimated_diameter" : {
        "kilometers" : {
          "estimated_diameter_min" : 0.160160338,
          "estimated_diameter_max" : 0.358129403
        },
        "meters" : {
          "estimated_diameter_min" : 160.1603379786,
          "estimated_diameter_max" : 358.1294030194
        },
        "miles" : {
          "estimated_diameter_min" : 0.0995189894,
          "estimated_diameter_max" : 0.2225312253
        },
        "feet" : {
          "estimated_diameter_min" : 525.4604432536,
          "estimated_diameter_max" : 1174.9652706022
        }
      },
      "is_potentially_hazardous_asteroid" : true,
      "close_approach_data" : [ {
        "close_approach_date" : "2001-07-08",
        "epoch_date_close_approach" : 994575600000,
        "relative_velocity" : {
          "kilometers_per_second" : "17.7877138282",
          "kilometers_per_hour" : "64035.7697814289",
          "miles_per_hour" : "39789.337062244"
        },
        "miss_distance" : {
          "astronomical" : "0.3592854921",
          "lunar" : "139.7620544434",
          "kilometers" : "53748348",
          "miles" : "33397674"
        },
        "orbiting_body" : "Earth"
      } ],
      "orbital_data" : {
        "orbit_id" : "36",
        "orbit_determination_date" : "2017-04-06 08:42:07",
        "orbit_uncertainty" : "3",
        "minimum_orbit_intersection" : ".0344406",
        "jupiter_tisserand_invariant" : "2.907",
        "epoch_osculation" : "2458000.5",
        "eccentricity" : ".7443353025787529",
        "semi_major_axis" : "2.635713611900079",
        "inclination" : "11.01689399173103",
        "ascending_node_longitude" : "178.0285924816238",
        "orbital_period" : "1562.952415649553",
        "perihelion_distance" : ".673858923075496",
        "perihelion_argument" : "92.29293647474854",
        "aphelion_distance" : "4.597568300724662",
        "perihelion_time" : "2458357.733234171023",
        "mean_anomaly" : "277.717287478569",
        "mean_motion" : ".230333307908409",
        "equinox" : "J2000"
      }
    }, {
      "links" : {
        "self" : "https://api.nasa.gov/neo/rest/v1/neo/3761394?api_key=t0TVs3DtDT2H8Oy2Zy8m2eVrNsAVKAexjcZXUckd"
      },
      "neo_reference_id" : "3761394",
      "name" : "(2016 UA6)",
      "nasa_jpl_url" : "http://ssd.jpl.nasa.gov/sbdb.cgi?sstr=3761394",
      "absolute_magnitude_h" : 25.8,
      "estimated_diameter" : {
        "kilometers" : {
          "estimated_diameter_min" : 0.0183888672,
          "estimated_diameter_max" : 0.0411187571
        },
        "meters" : {
          "estimated_diameter_min" : 18.388867207,
          "estimated_diameter_max" : 41.1187571041
        },
        "miles" : {
          "estimated_diameter_min" : 0.0114263088,
          "estimated_diameter_max" : 0.0255500032
        },
        "feet" : {
          "estimated_diameter_min" : 60.3309310875,
          "estimated_diameter_max" : 134.9040630575
        }
      },
      "is_potentially_hazardous_asteroid" : false,
      "close_approach_data" : [ {
        "close_approach_date" : "2001-07-08",
        "epoch_date_close_approach" : 994575600000,
        "relative_velocity" : {
          "kilometers_per_second" : "17.5333995686",
          "kilometers_per_hour" : "63120.2384467966",
          "miles_per_hour" : "39220.4614948998"
        },
        "miss_distance" : {
          "astronomical" : "0.4475201396",
          "lunar" : "174.0853271484",
          "kilometers" : "66948060",
          "miles" : "41599596"
        },
        "orbiting_body" : "Earth"
      } ],
      "orbital_data" : {
        "orbit_id" : "5",
        "orbit_determination_date" : "2017-04-06 08:22:51",
        "orbit_uncertainty" : "6",
        "minimum_orbit_intersection" : ".0427449",
        "jupiter_tisserand_invariant" : "6.288",
        "epoch_osculation" : "2458000.5",
        "eccentricity" : ".1841362581086677",
        "semi_major_axis" : ".9518606430250496",
        "inclination" : "12.15731792550923",
        "ascending_node_longitude" : "206.9549893206024",
        "orbital_period" : "339.2020608831951",
        "perihelion_distance" : ".7765885859775066",
        "perihelion_argument" : "311.7207967985387",
        "aphelion_distance" : "1.127132700072593",
        "perihelion_time" : "2458127.581177548735",
        "mean_anomaly" : "225.1269281842642",
        "mean_motion" : "1.061314306471642",
        "equinox" : "J2000"
      }
    } ]
  }
}