{
  "links" : {
    "next" : "https://api.nasa.gov/neo/rest/v1/feed?start_date=1997-03-09&end_date=1997-03-09&detailed=true&api_key=t0TVs3DtDT2H8Oy2Zy8m2eVrNsAVKAexjcZXUckd",
    "prev" : "https://api.nasa.gov/neo/rest/v1/feed?start_date=1997-03-07&end_date=1997-03-07&detailed=true&api_key=t0TVs3DtDT2H8Oy2Zy8m2eVrNsAVKAexjcZXUckd",
    "self" : "https://api.nasa.gov/neo/rest/v1/feed?start_date=1997-03-08&end_date=1997-03-08&detailed=true&api_key=t0TVs3DtDT2H8Oy2Zy8m2eVrNsAVKAexjcZXUckd"
  },
  "element_count" : 8,
  "near_earth_objects" : {
    "1997-03-08" : [ {
      "links" : {
        "self" : "https://api.nasa.gov/neo/rest/v1/neo/2003362?api_key=t0TVs3DtDT2H8Oy2Zy8m2eVrNsAVKAexjcZXUckd"
      },
      "neo_reference_id" : "2003362",
      "name" : "3362 Khufu (1984 QA)",
      "nasa_jpl_url" : "http://ssd.jpl.nasa.gov/sbdb.cgi?sstr=2003362",
      "absolute_magnitude_h" : 18.3,
      "estimated_diameter" : {
        "kilometers" : {
          "estimated_diameter_min" : 0.5815070396,
          "estimated_diameter_max" : 1.30028927
        },
        "meters" : {
          "estimated_diameter_min" : 581.5070396458,
          "estimated_diameter_max" : 1300.2892700427
        },
        "miles" : {
          "estimated_diameter_min" : 0.3613316107,
          "estimated_diameter_max" : 0.807962044
        },
        "feet" : {
          "estimated_diameter_min" : 1907.8315559515,
          "estimated_diameter_max" : 4266.0410487267
        }
      },
      "is_potentially_hazardous_asteroid" : true,
      "close_approach_data" : [ {
        "close_approach_date" : "1997-03-08",
        "epoch_date_close_approach" : 857808000000,
        "relative_velocity" : {
          "kilometers_per_second" : "17.1717946252",
          "kilometers_per_hour" : "61818.4606508269",
          "miles_per_hour" : "38411.5873971763"
        },
        "miss_distance" : {
          "astronomical" : "0.4262457732",
          "lunar" : "165.8096008301",
          "kilometers" : "63765460",
          "miles" : "39622020"
        },
        "orbiting_body" : "Earth"
      } ],
      "orbital_data" : {
        "orbit_id" : "23",
        "orbit_determination_date" : "2017-04-06 09:30:43",
        "orbit_uncertainty" : "1",
        "minimum_orbit_intersection" : ".013395",
        "jupiter_tisserand_invariant" : "6.017",
        "epoch_osculation" : "2458000.5",
        "eccentricity" : ".4685677328906181",
        "semi_major_axis" : ".9895267061027037",
        "inclination" : "9.91682854015037",
        "ascending_node_longitude" : "152.4478065215989",
        "orbital_period" : "359.5337847595645",
        "perihelion_distance" : ".5258664207894388",
        "perihelion_argument" : "55.04820444943432",
        "aphelion_distance" : "1.453186991415969",
        "perihelion_time" : "2458083.859959691524",
        "mean_anomaly" : "276.5319456445037",
        "mean_motion" : "1.001296721643968",
        "equinox" : "J2000"
      }
    }, {
      "links" : {
        "self" : "https://api.nasa.gov/neo/rest/v1/neo/3273782?api_key=t0TVs3DtDT2H8Oy2Zy8m2eVrNsAVKAexjcZXUckd"
      },
      "neo_reference_id" : "3273782",
      "name" : "(2005 ES70)",
      "nasa_jpl_url" : "http://ssd.jpl.nasa.gov/sbdb.cgi?sstr=3273782",
      "absolute_magnitude_h" : 23.8,
      "estimated_diameter" : {
        "kilometers" : {
          "estimated_diameter_min" : 0.046190746,
          "estimated_diameter_max" : 0.1032856481
        },
        "meters" : {
          "estimated_diameter_min" : 46.1907460282,
          "estimated_diameter_max" : 103.2856480504
        },
        "miles" : {
          "estimated_diameter_min" : 0.0287015901,
          "estimated_diameter_max" : 0.0641787064
        },
        "feet" : {
          "estimated_diameter_min" : 151.544447199,
          "estimated_diameter_max" : 338.8636855496
        }
      },
      "is_potentially_hazardous_asteroid" : false,
      "close_approach_data" : [ {
        "close_approach_date" : "1997-03-08",
        "epoch_date_close_approach" : 857808000000,
        "relative_velocity" : {
          "kilometers_per_second" : "11.9170193564",
          "kilometers_per_hour" : "42901.2696831502",
          "miles_per_hour" : "26657.1805983996"
        },
        "miss_distance" : {
          "astronomical" : "0.088457649",
          "lunar" : "34.4100265503",
          "kilometers" : "13233076",
          "miles" : "8222652.5"
        },
        "orbiting_body" : "Earth"
      } ],
      "orbital_data" : {
        "orbit_id" : "34",
        "orbit_determination_date" : "2017-03-09 06:17:26",
        "orbit_uncertainty" : "0",
        "minimum_orbit_intersection" : ".052677",
        "jupiter_tisserand_invariant" : "7.480",
        "epoch_osculation" : "2455882.5",
        "eccentricity" : ".3864587856542614",
        "semi_major_axis" : ".7629744336180587",
        "inclination" : "20.83376792025673",
        "ascending_node_longitude" : "352.9223651783215",
        "orbital_period" : "243.4240059087946",
        "perihelion_distance" : ".4681162605167759",
        "perihelion_argument" : "351.1788107856062",
        "aphelion_distance" : "1.057832606719342",
        "perihelion_time" : "2455988.218870874459",
        "mean_anomaly" : "203.652258647551",
        "mean_motion" : "1.478900976327223",
        "equinox" : "J2000"
      }
    }, {
      "links" : {
        "self" : "https://api.nasa.gov/neo/rest/v1/neo/3358222?api_key=t0TVs3DtDT2H8Oy2Zy8m2eVrNsAVKAexjcZXUckd"
      },
      "neo_reference_id" : "3358222",
      "name" : "(2006 VX2)",
      "nasa_jpl_url" : "http://ssd.jpl.nasa.gov/sbdb.cgi?sstr=3358222",
      "absolute_magnitude_h" : 24.6,
      "estimated_diameter" : {
        "kilometers" : {
          "estimated_diameter_min" : 0.0319561887,
          "estimated_diameter_max" : 0.0714562102
        },
        "meters" : {
          "estimated_diameter_min" : 31.9561886721,
          "estimated_diameter_max" : 71.4562101727
        },
        "miles" : {
          "estimated_diameter_min" : 0.0198566489,
          "estimated_diameter_max" : 0.0444008168
        },
        "feet" : {
          "estimated_diameter_min" : 104.8431420431,
          "estimated_diameter_max" : 234.436392583
        }
      },
      "is_potentially_hazardous_asteroid" : false,
      "close_approach_data" : [ {
        "close_approach_date" : "1997-03-08",
        "epoch_date_close_approach" : 857808000000,
        "relative_velocity" : {
          "kilometers_per_second" : "11.9627445665",
          "kilometers_per_hour" : "43065.8804393064",
          "miles_per_hour" : "26759.4633207457"
        },
        "miss_distance" : {
          "astronomical" : "0.3501600343",
          "lunar" : "136.2122497559",
          "kilometers" : "52383196",
          "miles" : "32549408"
        },
        "orbiting_body" : "Earth"
      } ],
      "orbital_data" : {
        "orbit_id" : "9",
        "orbit_determination_date" : "2017-04-06 09:07:40",
        "orbit_uncertainty" : "3",
        "minimum_orbit_intersection" : ".0229498",
        "jupiter_tisserand_invariant" : "6.369",
        "epoch_osculation" : "2458000.5",
        "eccentricity" : ".2905494026388007",
        "semi_major_axis" : ".9341333812727444",
        "inclination" : "9.817652545581334",
        "ascending_node_longitude" : "47.27364766014583",
        "orbital_period" : "329.7704711105523",
        "perihelion_distance" : ".6627214853589855",
        "perihelion_argument" : "126.5422880699391",
        "aphelion_distance" : "1.205545277186503",
        "perihelion_time" : "2458093.687053184270",
        "mean_anomaly" : "258.2706394742939",
        "mean_motion" : "1.09166839222337",
        "equinox" : "J2000"
      }
    }, {
      "links" : {
        "self" : "https://api.nasa.gov/neo/rest/v1/neo/3367900?api_key=t0TVs3DtDT2H8Oy2Zy8m2eVrNsAVKAexjcZXUckd"
      },
      "neo_reference_id" : "3367900",
      "name" : "(2007 CM26)",
      "nasa_jpl_url" : "http://ssd.jpl.nasa.gov/sbdb.cgi?sstr=3367900",
      "absolute_magnitude_h" : 25.1,
      "estimated_diameter" : {
        "kilometers" : {
          "estimated_diameter_min" : 0.0253837029,
          "estimated_diameter_max" : 0.0567596853
        },
        "meters" : {
          "estimated_diameter_min" : 25.3837029364,
          "estimated_diameter_max" : 56.7596852866
        },
        "miles" : {
          "estimated_diameter_min" : 0.0157726969,
          "estimated_diameter_max" : 0.0352688224
        },
        "feet" : {
          "estimated_diameter_min" : 83.279867942,
          "estimated_diameter_max" : 186.2194458756
        }
      },
      "is_potentially_hazardous_asteroid" : false,
      "close_approach_data" : [ {
        "close_approach_date" : "1997-03-08",
        "epoch_date_close_approach" : 857808000000,
        "relative_velocity" : {
          "kilometers_per_second" : "14.374248719",
          "kilometers_per_hour" : "51747.295388576",
          "miles_per_hour" : "32153.7569596405"
        },
        "miss_distance" : {
          "astronomical" : "0.2861279559",
          "lunar" : "111.3037719727",
          "kilometers" : "42804132",
          "miles" : "26597256"
        },
        "orbiting_body" : "Earth"
      } ],
      "orbital_data" : {
        "orbit_id" : "8",
        "orbit_determination_date" : "2017-04-06 09:07:02",
        "orbit_uncertainty" : "7",
        "minimum_orbit_intersection" : ".0625089",
        "jupiter_tisserand_invariant" : "6.351",
        "epoch_osculation" : "2458000.5",
        "eccentricity" : ".1801079215882435",
        "semi_major_axis" : ".9426514025783045",
        "inclination" : "7.149034415938549",
        "ascending_node_longitude" : "142.5955768918681",
        "orbital_period" : "334.291322949438",
        "perihelion_distance" : ".7728724176776834",
        "perihelion_argument" : "152.4312432342022",
        "aphelion_distance" : "1.112430387478925",
        "perihelion_time" : "2457951.297406473824",
        "mean_anomaly" : "52.98651940212829",
        "mean_motion" : "1.076905008552826",
        "equinox" : "J2000"
      }
    }, {
      "links" : {
        "self" : "https://api.nasa.gov/neo/rest/v1/neo/3663258?api_key=t0TVs3DtDT2H8Oy2Zy8m2eVrNsAVKAexjcZXUckd"
      },
      "neo_reference_id" : "3663258",
      "name" : "(2014 EL)",
      "nasa_jpl_url" : "http://ssd.jpl.nasa.gov/sbdb.cgi?sstr=3663258",
      "absolute_magnitude_h" : 27.0,
      "estimated_diameter" : {
        "kilometers" : {
          "estimated_diameter_min" : 0.0105816886,
          "estimated_diameter_max" : 0.023661375
        },
        "meters" : {
          "estimated_diameter_min" : 10.5816885933,
          "estimated_diameter_max" : 23.6613750114
        },
        "miles" : {
          "estimated_diameter_min" : 0.0065751544,
          "estimated_diameter_max" : 0.0147024923
        },
        "feet" : {
          "estimated_diameter_min" : 34.7168272045,
          "estimated_diameter_max" : 77.6291855923
        }
      },
      "is_potentially_hazardous_asteroid" : false,
      "close_approach_data" : [ {
        "close_approach_date" : "1997-03-08",
        "epoch_date_close_approach" : 857808000000,
        "relative_velocity" : {
          "kilometers_per_second" : "8.9651943985",
          "kilometers_per_hour" : "32274.6998345267",
          "miles_per_hour" : "20054.2433499591"
        },
        "miss_distance" : {
          "astronomical" : "0.1603051022",
          "lunar" : "62.3586845398",
          "kilometers" : "23981302",
          "miles" : "14901290"
        },
        "orbiting_body" : "Earth"
      } ],
      "orbital_data" : {
        "orbit_id" : "5",
        "orbit_determination_date" : "2017-04-06 08:42:10",
        "orbit_uncertainty" : "6",
        "minimum_orbit_intersection" : ".00868037",
        "jupiter_tisserand_invariant" : "6.367",
        "epoch_osculation" : "2458000.5",
        "eccentricity" : ".3886601532555771",
        "semi_major_axis" : ".9290750404534955",
        "inclination" : "10.32123161510657",
        "ascending_node_longitude" : "164.2426710948232",
        "orbital_period" : "327.0955353193154",
        "perihelion_distance" : ".5679805928449084",
        "perihelion_argument" : "235.4620122293462",
        "aphelion_distance" : "1.290169488062083",
        "perihelion_time" : "2457956.558425439994",
        "mean_anomaly" : "48.3619161177466",
        "mean_motion" : "1.100595884467096",
        "equinox" : "J2000"
      }
    }, {
      "links" : {
        "self" : "https://api.nasa.gov/neo/rest/v1/neo/3745107?api_key=t0TVs3DtDT2H8Oy2Zy8m2eVrNsAVKAexjcZXUckd"
      },
      "neo_reference_id" : "3745107",
      "name" : "(2016 EZ26)",
      "nasa_jpl_url" : "http://ssd.jpl.nasa.gov/sbdb.cgi?sstr=3745107",
      "absolute_magnitude_h" : 22.6,
      "estimated_diameter" : {
        "kilometers" : {
          "estimated_diameter_min" : 0.0802703167,
          "estimated_diameter_max" : 0.1794898848
        },
        "meters" : {
          "estimated_diameter_min" : 80.2703167283,
          "estimated_diameter_max" : 179.4898847799
        },
        "miles" : {
          "estimated_diameter_min" : 0.049877647,
          "estimated_diameter_max" : 0.1115298092
        },
        "feet" : {
          "estimated_diameter_min" : 263.3540659348,
          "estimated_diameter_max" : 588.8775935812
        }
      },
      "is_potentially_hazardous_asteroid" : false,
      "close_approach_data" : [ {
        "close_approach_date" : "1997-03-08",
        "epoch_date_close_approach" : 857808000000,
        "relative_velocity" : {
          "kilometers_per_second" : "21.9020005711",
          "kilometers_per_hour" : "78847.2020560597",
          "miles_per_hour" : "48992.5850775556"
        },
        "miss_distance" : {
          "astronomical" : "0.4534058947",
          "lunar" : "176.3748931885",
          "kilometers" : "67828552",
          "miles" : "42146712"
        },
        "orbiting_body" : "Earth"
      } ],
      "orbital_data" : {
        "orbit_id" : "21",
        "orbit_determination_date" : "2017-08-10 06:19:44",
        "orbit_uncertainty" : "5",
        "minimum_orbit_intersection" : ".00311644",
        "jupiter_tisserand_invariant" : "3.227",
        "epoch_osculation" : "2458000.5",
        "eccentricity" : ".5949944618529281",
        "semi_major_axis" : "2.437341095343046",
        "inclination" : "6.816909153805089",
        "ascending_node_longitude" : "67.30087795887871",
        "orbital_period" : "1389.865879924807",
        "perihelion_distance" : ".987136641967384",
        "perihelion_argument" : "156.9161230212152",
        "aphelion_distance" : "3.887545548718708",
        "perihelion_time" : "2457504.485350775876",
        "mean_anomaly" : "128.4766223128991",
        "mean_motion" : ".2590177981917769",
        "equinox" : "J2000"
      }
    }, {
      "links" : {
        "self" : "https://api.nasa.gov/neo/rest/v1/neo/3759358?api_key=t0TVs3DtDT2H8Oy2Zy8m2eVrNsAVKAexjcZXUckd"
      },
      "neo_reference_id" : "3759358",
      "name" : "(2016 RD34)",
      "nasa_jpl_url" : "http://ssd.jpl.nasa.gov/sbdb.cgi?sstr=3759358",
      "absolute_magnitude_h" : 27.6,
      "estimated_diameter" : {
        "kilometers" : {
          "estimated_diameter_min" : 0.0080270317,
          "estimated_diameter_max" : 0.0179489885
        },
        "meters" : {
          "estimated_diameter_min" : 8.0270316728,
          "estimated_diameter_max" : 17.948988478
        },
        "miles" : {
          "estimated_diameter_min" : 0.0049877647,
          "estimated_diameter_max" : 0.0111529809
        },
        "feet" : {
          "estimated_diameter_min" : 26.3354065935,
          "estimated_diameter_max" : 58.8877593581
        }
      },
      "is_potentially_hazardous_asteroid" : false,
      "close_approach_data" : [ {
        "close_approach_date" : "1997-03-08",
        "epoch_date_close_approach" : 857808000000,
        "relative_velocity" : {
          "kilometers_per_second" : "3.0475838253",
          "kilometers_per_hour" : "10971.301771103",
          "miles_per_hour" : "6817.1402588279"
        },
        "miss_distance" : {
          "astronomical" : "0.1480454571",
          "lunar" : "57.589679718",
          "kilometers" : "22147284",
          "miles" : "13761684"
        },
        "orbiting_body" : "Earth"
      } ],
      "orbital_data" : {
        "orbit_id" : "24",
        "orbit_determination_date" : "2017-07-07 14:49:31",
        "orbit_uncertainty" : "2",
        "minimum_orbit_intersection" : ".00413039",
        "jupiter_tisserand_invariant" : "5.869",
        "epoch_osculation" : "2458000.5",
        "eccentricity" : ".03465790641939192",
        "semi_major_axis" : "1.046201107437048",
        "inclination" : "1.958140191587871",
        "ascending_node_longitude" : "349.6108221207024",
        "orbital_period" : "390.8599660611051",
        "perihelion_distance" : "1.009941967359631",
        "perihelion_argument" : "11.00424494728957",
        "aphelion_distance" : "1.082460247514466",
        "perihelion_time" : "2458045.010391022267",
        "mean_anomaly" : "319.003883335775",
        "mean_motion" : ".9210459787629398",
        "equinox" : "J2000"
      }
    }, {
      "links" : {
        "self" : "https://api.nasa.gov/neo/rest/v1/neo/2483656?api_key=t0TVs3DtDT2H8Oy2Zy8m2eVrNsAVKAexjcZXUckd"
      },
      "neo_reference_id" : "2483656",
      "name" : "483656 (2005 ES70)",
      "nasa_jpl_url" : "http://ssd.jpl.nasa.gov/sbdb.cgi?sstr=2483656",
      "absolute_magnitude_h" : 23.8,
      "estimated_diameter" : {
        "kilometers" : {
          "estimated_diameter_min" : 0.046190746,
          "estimated_diameter_max" : 0.1032856481
        },
        "meters" : {
          "estimated_diameter_min" : 46.1907460282,
          "estimated_diameter_max" : 103.2856480504
        },
        "miles" : {
          "estimated_diameter_min" : 0.0287015901,
          "estimated_diameter_max" : 0.0641787064
        },
        "feet" : {
          "estimated_diameter_min" : 151.544447199,
          "estimated_diameter_max" : 338.8636855496
        }
      },
      "is_potentially_hazardous_asteroid" : false,
      "close_approach_data" : [ {
        "close_approach_date" : "1997-03-08",
        "epoch_date_close_approach" : 857808000000,
        "relative_velocity" : {
          "kilometers_per_second" : "11.9169874048",
          "kilometers_per_hour" : "42901.1546572778",
          "miles_per_hour" : "26657.1091257958"
        },
        "miss_distance" : {
          "astronomical" : "0.0884573193",
          "lunar" : "34.4098968506",
          "kilometers" : "13233026",
          "miles" : "8222621.5"
        },
        "orbiting_body" : "Earth"
      } ],
      "orbital_data" : {
        "orbit_id" : "41",
        "orbit_determination_date" : "2017-07-20 13:13:56",
        "orbit_uncertainty" : "0",
        "minimum_orbit_intersection" : ".0515902",
        "jupiter_tisserand_invariant" : "7.480",
        "epoch_osculation" : "2456125.5",
        "eccentricity" : ".3864450668773289",
        "semi_major_axis" : ".7629535011587539",
        "inclination" : "20.83340836762825",
        "ascending_node_longitude" : "352.9209234711133",
        "orbital_period" : "243.4139883487221",
        "perihelion_distance" : ".468113884379167",
        "perihelion_argument" : "351.1779799498096",
        "aphelion_distance" : "1.057793117938341",
        "perihelion_time" : "2456231.633385316556",
        "mean_anomaly" : "203.0327732060237",
        "mean_motion" : "1.478961839630405",
        "equinox" : "J2000"
      }
    } ]
  }
}