{
  "links" : {
    "next" : "https://api.nasa.gov/neo/rest/v1/feed?start_date=2005-05-16&end_date=2005-05-16&detailed=true&api_key=t0TVs3DtDT2H8Oy2Zy8m2eVrNsAVKAexjcZXUckd",
    "prev" : "https://api.nasa.gov/neo/rest/v1/feed?start_date=2005-05-14&end_date=2005-05-14&detailed=true&api_key=t0TVs3DtDT2H8Oy2Zy8m2eVrNsAVKAexjcZXUckd",
    "self" : "https://api.nasa.gov/neo/rest/v1/feed?start_date=2005-05-15&end_date=2005-05-15&detailed=true&api_key=t0TVs3DtDT2H8Oy2Zy8m2eVrNsAVKAexjcZXUckd"
  },
  "element_count" : 7,
  "near_earth_objects" : {
    "2005-05-15" : [ {
      "links" : {
        "self" : "https://api.nasa.gov/neo/rest/v1/neo/3151655?api_key=t0TVs3DtDT2H8Oy2Zy8m2eVrNsAVKAexjcZXUckd"
      },
      "neo_reference_id" : "3151655",
      "name" : "(2003 FY6)",
      "nasa_jpl_url" : "http://ssd.jpl.nasa.gov/sbdb.cgi?sstr=3151655",
      "absolute_magnitude_h" : 22.4,
      "estimated_diameter" : {
        "kilometers" : {
          "estimated_diameter_min" : 0.0880146521,
          "estimated_diameter_max" : 0.1968067451
        },
        "meters" : {
          "estimated_diameter_min" : 88.0146520901,
          "estimated_diameter_max" : 196.8067450894
        },
        "miles" : {
          "estimated_diameter_min" : 0.0546897524,
          "estimated_diameter_max" : 0.122290004
        },
        "feet" : {
          "estimated_diameter_min" : 288.7619911632,
          "estimated_diameter_max" : 645.6914415591
        }
      },
      "is_potentially_hazardous_asteroid" : false,
      "close_approach_data" : [ {
        "close_approach_date" : "2005-05-15",
        "epoch_date_close_approach" : 1116140400000,
        "relative_velocity" : {
          "kilometers_per_second" : "16.9618752488",
          "kilometers_per_hour" : "61062.7508957905",
          "miles_per_hour" : "37942.0187441094"
        },
        "miss_distance" : {
          "astronomical" : "0.1255503016",
          "lunar" : "48.8390655518",
          "kilometers" : "18782058",
          "miles" : "11670630"
        },
        "orbiting_body" : "Earth"
      } ],
      "orbital_data" : {
        "orbit_id" : "22",
        "orbit_determination_date" : "2017-04-06 09:14:13",
        "orbit_uncertainty" : "1",
        "minimum_orbit_intersection" : ".00341163",
        "jupiter_tisserand_invariant" : "7.733",
        "epoch_osculation" : "2458000.5",
        "eccentricity" : ".5820928669232597",
        "semi_major_axis" : ".7300342420693026",
        "inclination" : "6.604606154991182",
        "ascending_node_longitude" : "359.2873158856723",
        "orbital_period" : "227.8312397941655",
        "perihelion_distance" : ".3050865171510333",
        "perihelion_argument" : "29.56892377631691",
        "aphelion_distance" : "1.154981966987572",
        "perihelion_time" : "2457898.856231345907",
        "mean_anomaly" : "160.6090400444316",
        "mean_motion" : "1.58011693359191",
        "equinox" : "J2000"
      }
    }, {
      "links" : {
        "self" : "https://api.nasa.gov/neo/rest/v1/neo/3277570?api_key=t0TVs3DtDT2H8Oy2Zy8m2eVrNsAVKAexjcZXUckd"
      },
      "neo_reference_id" : "3277570",
      "name" : "(2005 JU1)",
      "nasa_jpl_url" : "http://ssd.jpl.nasa.gov/sbdb.cgi?sstr=3277570",
      "absolute_magnitude_h" : 21.6,
      "estimated_diameter" : {
        "kilometers" : {
          "estimated_diameter_min" : 0.1272198785,
          "estimated_diameter_max" : 0.2844722965
        },
        "meters" : {
          "estimated_diameter_min" : 127.2198785394,
          "estimated_diameter_max" : 284.4722965033
        },
        "miles" : {
          "estimated_diameter_min" : 0.0790507431,
          "estimated_diameter_max" : 0.1767628354
        },
        "feet" : {
          "estimated_diameter_min" : 417.3880663071,
          "estimated_diameter_max" : 933.3080892598
        }
      },
      "is_potentially_hazardous_asteroid" : true,
      "close_approach_data" : [ {
        "close_approach_date" : "2005-05-15",
        "epoch_date_close_approach" : 1116140400000,
        "relative_velocity" : {
          "kilometers_per_second" : "17.056609606",
          "kilometers_per_hour" : "61403.7945817134",
          "miles_per_hour" : "38153.9300277319"
        },
        "miss_distance" : {
          "astronomical" : "0.047940819",
          "lunar" : "18.648979187",
          "kilometers" : "7171844.5",
          "miles" : "4456377.5"
        },
        "orbiting_body" : "Earth"
      } ],
      "orbital_data" : {
        "orbit_id" : "25",
        "orbit_determination_date" : "2017-04-06 09:11:01",
        "orbit_uncertainty" : "0",
        "minimum_orbit_intersection" : ".0337898",
        "jupiter_tisserand_invariant" : "3.197",
        "epoch_osculation" : "2458000.5",
        "eccentricity" : ".6857605190028158",
        "semi_major_axis" : "2.336677832950294",
        "inclination" : "6.068235325952641",
        "ascending_node_longitude" : "33.0783101367947",
        "orbital_period" : "1304.658009433912",
        "perihelion_distance" : ".7342764294839256",
        "perihelion_argument" : "269.4573383429569",
        "aphelion_distance" : "3.939079236416662",
        "perihelion_time" : "2457474.330509825733",
        "mean_anomaly" : "145.1882524715619",
        "mean_motion" : ".2759343808085025",
        "equinox" : "J2000"
      }
    }, {
      "links" : {
        "self" : "https://api.nasa.gov/neo/rest/v1/neo/3477577?api_key=t0TVs3DtDT2H8Oy2Zy8m2eVrNsAVKAexjcZXUckd"
      },
      "neo_reference_id" : "3477577",
      "name" : "(2009 WM1)",
      "nasa_jpl_url" : "http://ssd.jpl.nasa.gov/sbdb.cgi?sstr=3477577",
      "absolute_magnitude_h" : 20.4,
      "estimated_diameter" : {
        "kilometers" : {
          "estimated_diameter_min" : 0.2210828104,
          "estimated_diameter_max" : 0.4943561926
        },
        "meters" : {
          "estimated_diameter_min" : 221.0828103591,
          "estimated_diameter_max" : 494.3561926196
        },
        "miles" : {
          "estimated_diameter_min" : 0.137374447,
          "estimated_diameter_max" : 0.3071786018
        },
        "feet" : {
          "estimated_diameter_min" : 725.3373275385,
          "estimated_diameter_max" : 1621.9035709942
        }
      },
      "is_potentially_hazardous_asteroid" : true,
      "close_approach_data" : [ {
        "close_approach_date" : "2005-05-15",
        "epoch_date_close_approach" : 1116140400000,
        "relative_velocity" : {
          "kilometers_per_second" : "13.1896827449",
          "kilometers_per_hour" : "47482.8578816771",
          "miles_per_hour" : "29504.0013320899"
        },
        "miss_distance" : {
          "astronomical" : "0.3833030158",
          "lunar" : "149.1048736572",
          "kilometers" : "57341316",
          "miles" : "35630240"
        },
        "orbiting_body" : "Earth"
      } ],
      "orbital_data" : {
        "orbit_id" : "28",
        "orbit_determination_date" : "2017-04-06 08:59:10",
        "orbit_uncertainty" : "1",
        "minimum_orbit_intersection" : ".000726616",
        "jupiter_tisserand_invariant" : "5.253",
        "epoch_osculation" : "2458000.5",
        "eccentricity" : ".1690550541257498",
        "semi_major_axis" : "1.180565643936547",
        "inclination" : "25.76652944458216",
        "ascending_node_longitude" : "240.2767934509194",
        "orbital_period" : "468.5259367359506",
        "perihelion_distance" : ".9809850551018531",
        "perihelion_argument" : "162.5888396063844",
        "aphelion_distance" : "1.38014623277124",
        "perihelion_time" : "2457943.658818288195",
        "mean_anomaly" : "43.67490423007742",
        "mean_motion" : ".7683672808126457",
        "equinox" : "J2000"
      }
    }, {
      "links" : {
        "self" : "https://api.nasa.gov/neo/rest/v1/neo/3478254?api_key=t0TVs3DtDT2H8Oy2Zy8m2eVrNsAVKAexjcZXUckd"
      },
      "neo_reference_id" : "3478254",
      "name" : "(2009 WV25)",
      "nasa_jpl_url" : "http://ssd.jpl.nasa.gov/sbdb.cgi?sstr=3478254",
      "absolute_magnitude_h" : 24.0,
      "estimated_diameter" : {
        "kilometers" : {
          "estimated_diameter_min" : 0.0421264611,
          "estimated_diameter_max" : 0.0941976306
        },
        "meters" : {
          "estimated_diameter_min" : 42.1264610556,
          "estimated_diameter_max" : 94.1976305719
        },
        "miles" : {
          "estimated_diameter_min" : 0.0261761612,
          "estimated_diameter_max" : 0.0585316759
        },
        "feet" : {
          "estimated_diameter_min" : 138.2101784897,
          "estimated_diameter_max" : 309.0473542854
        }
      },
      "is_potentially_hazardous_asteroid" : false,
      "close_approach_data" : [ {
        "close_approach_date" : "2005-05-15",
        "epoch_date_close_approach" : 1116140400000,
        "relative_velocity" : {
          "kilometers_per_second" : "5.9945178647",
          "kilometers_per_hour" : "21580.2643129277",
          "miles_per_hour" : "13409.1370115522"
        },
        "miss_distance" : {
          "astronomical" : "0.4565828798",
          "lunar" : "177.6107330322",
          "kilometers" : "68303824",
          "miles" : "42442028"
        },
        "orbiting_body" : "Earth"
      } ],
      "orbital_data" : {
        "orbit_id" : "33",
        "orbit_determination_date" : "2017-04-06 08:59:02",
        "orbit_uncertainty" : "0",
        "minimum_orbit_intersection" : ".00514136",
        "jupiter_tisserand_invariant" : "4.653",
        "epoch_osculation" : "2458000.5",
        "eccentricity" : ".4267840955022945",
        "semi_major_axis" : "1.400731543121683",
        "inclination" : ".4121431865261659",
        "ascending_node_longitude" : "341.8848718549262",
        "orbital_period" : "605.5232034913353",
        "perihelion_distance" : ".8029215984489625",
        "perihelion_argument" : "155.0247334237937",
        "aphelion_distance" : "1.998541487794404",
        "perihelion_time" : "2458243.185951428313",
        "mean_anomaly" : "215.71660671226",
        "mean_motion" : ".5945271757123531",
        "equinox" : "J2000"
      }
    }, {
      "links" : {
        "self" : "https://api.nasa.gov/neo/rest/v1/neo/3522159?api_key=t0TVs3DtDT2H8Oy2Zy8m2eVrNsAVKAexjcZXUckd"
      },
      "neo_reference_id" : "3522159",
      "name" : "(2010 JL88)",
      "nasa_jpl_url" : "http://ssd.jpl.nasa.gov/sbdb.cgi?sstr=3522159",
      "absolute_magnitude_h" : 26.8,
      "estimated_diameter" : {
        "kilometers" : {
          "estimated_diameter_min" : 0.0116025908,
          "estimated_diameter_max" : 0.0259441818
        },
        "meters" : {
          "estimated_diameter_min" : 11.6025908209,
          "estimated_diameter_max" : 25.9441817907
        },
        "miles" : {
          "estimated_diameter_min" : 0.0072095135,
          "estimated_diameter_max" : 0.0161209622
        },
        "feet" : {
          "estimated_diameter_min" : 38.066244069,
          "estimated_diameter_max" : 85.1187093863
        }
      },
      "is_potentially_hazardous_asteroid" : false,
      "close_approach_data" : [ {
        "close_approach_date" : "2005-05-15",
        "epoch_date_close_approach" : 1116140400000,
        "relative_velocity" : {
          "kilometers_per_second" : "15.6880168909",
          "kilometers_per_hour" : "56476.8608072854",
          "miles_per_hour" : "35092.5249832824"
        },
        "miss_distance" : {
          "astronomical" : "0.0285511309",
          "lunar" : "11.1063899994",
          "kilometers" : "4271188.5",
          "miles" : "2653993.5"
        },
        "orbiting_body" : "Earth"
      } ],
      "orbital_data" : {
        "orbit_id" : "7",
        "orbit_determination_date" : "2017-04-06 08:57:30",
        "orbit_uncertainty" : "7",
        "minimum_orbit_intersection" : ".000890089",
        "jupiter_tisserand_invariant" : "4.560",
        "epoch_osculation" : "2458000.5",
        "eccentricity" : ".5032392100039692",
        "semi_major_axis" : "1.423170800664768",
        "inclination" : ".09368772386426626",
        "ascending_node_longitude" : "268.6643547227957",
        "orbital_period" : "620.1317452242974",
        "perihelion_distance" : ".7069754512375139",
        "perihelion_argument" : "51.52874072155497",
        "aphelion_distance" : "2.139366150092023",
        "perihelion_time" : "2457867.556210228463",
        "mean_anomaly" : "77.17676878554724",
        "mean_motion" : ".5805218048783979",
        "equinox" : "J2000"
      }
    }, {
      "links" : {
        "self" : "https://api.nasa.gov/neo/rest/v1/neo/3772756?api_key=t0TVs3DtDT2H8Oy2Zy8m2eVrNsAVKAexjcZXUckd"
      },
      "neo_reference_id" : "3772756",
      "name" : "(2017 FU90)",
      "nasa_jpl_url" : "http://ssd.jpl.nasa.gov/sbdb.cgi?sstr=3772756",
      "absolute_magnitude_h" : 25.261,
      "estimated_diameter" : {
        "kilometers" : {
          "estimated_diameter_min" : 0.02356975,
          "estimated_diameter_max" : 0.0527035633
        },
        "meters" : {
          "estimated_diameter_min" : 23.5697500293,
          "estimated_diameter_max" : 52.7035632782
        },
        "miles" : {
          "estimated_diameter_min" : 0.0146455591,
          "estimated_diameter_max" : 0.0327484658
        },
        "feet" : {
          "estimated_diameter_min" : 77.3285786861,
          "estimated_diameter_max" : 172.9119585455
        }
      },
      "is_potentially_hazardous_asteroid" : false,
      "close_approach_data" : [ {
        "close_approach_date" : "2005-05-15",
        "epoch_date_close_approach" : 1116140400000,
        "relative_velocity" : {
          "kilometers_per_second" : "29.521362747",
          "kilometers_per_hour" : "106276.9058891132",
          "miles_per_hour" : "66036.3363287104"
        },
        "miss_distance" : {
          "astronomical" : "0.3540060699",
          "lunar" : "137.7083587646",
          "kilometers" : "52958556",
          "miles" : "32906922"
        },
        "orbiting_body" : "Earth"
      } ],
      "orbital_data" : {
        "orbit_id" : "7",
        "orbit_determination_date" : "2017-04-06 08:19:07",
        "orbit_uncertainty" : "6",
        "minimum_orbit_intersection" : ".00190795",
        "jupiter_tisserand_invariant" : "7.317",
        "epoch_osculation" : "2458000.5",
        "eccentricity" : ".6494637157279622",
        "semi_major_axis" : ".7730525241157382",
        "inclination" : "2.344330310301229",
        "ascending_node_longitude" : "359.8720975592116",
        "orbital_period" : "248.262960891315",
        "perihelion_distance" : ".2709829593506508",
        "perihelion_argument" : "34.6780792930637",
        "aphelion_distance" : "1.275122088880826",
        "perihelion_time" : "2458025.492060521556",
        "mean_anomaly" : "323.7596290825725",
        "mean_motion" : "1.450075350376577",
        "equinox" : "J2000"
      }
    }, {
      "links" : {
        "self" : "https://api.nasa.gov/neo/rest/v1/neo/3684730?api_key=t0TVs3DtDT2H8Oy2Zy8m2eVrNsAVKAexjcZXUckd"
      },
      "neo_reference_id" : "3684730",
      "name" : "(2014 QE365)",
      "nasa_jpl_url" : "http://ssd.jpl.nasa.gov/sbdb.cgi?sstr=3684730",
      "absolute_magnitude_h" : 21.0,
      "estimated_diameter" : {
        "kilometers" : {
          "estimated_diameter_min" : 0.1677084622,
          "estimated_diameter_max" : 0.3750075218
        },
        "meters" : {
          "estimated_diameter_min" : 167.7084621628,
          "estimated_diameter_max" : 375.0075217981
        },
        "miles" : {
          "estimated_diameter_min" : 0.1042091748,
          "estimated_diameter_max" : 0.2330187988
        },
        "feet" : {
          "estimated_diameter_min" : 550.2246310023,
          "estimated_diameter_max" : 1230.3396778159
        }
      },
      "is_potentially_hazardous_asteroid" : false,
      "close_approach_data" : [ {
        "close_approach_date" : "2005-05-15",
        "epoch_date_close_approach" : 1116140400000,
        "relative_velocity" : {
          "kilometers_per_second" : "9.9288201126",
          "kilometers_per_hour" : "35743.7524053431",
          "miles_per_hour" : "22209.7777098645"
        },
        "miss_distance" : {
          "astronomical" : "0.4657202598",
          "lunar" : "181.1651763916",
          "kilometers" : "69670760",
          "miles" : "43291404"
        },
        "orbiting_body" : "Earth"
      } ],
      "orbital_data" : {
        "orbit_id" : "8",
        "orbit_determination_date" : "2017-07-21 17:42:02",
        "orbit_uncertainty" : "3",
        "minimum_orbit_intersection" : ".160257",
        "jupiter_tisserand_invariant" : "6.678",
        "epoch_osculation" : "2458000.5",
        "eccentricity" : ".5403987975131028",
        "semi_major_axis" : ".8645032153163674",
        "inclination" : "16.11051952565454",
        "ascending_node_longitude" : "151.8445779225763",
        "orbital_period" : "293.5947911182117",
        "perihelion_distance" : ".3973267173131915",
        "perihelion_argument" : "352.9349692801855",
        "aphelion_distance" : "1.331679713319543",
        "perihelion_time" : "2457873.258509870335",
        "mean_anomaly" : "156.0209439418701",
        "mean_motion" : "1.22617979232149",
        "equinox" : "J2000"
      }
    } ]
  }
}