{
  "links" : {
    "next" : "https://api.nasa.gov/neo/rest/v1/feed?start_date=1996-10-23&end_date=1996-10-23&detailed=true&api_key=t0TVs3DtDT2H8Oy2Zy8m2eVrNsAVKAexjcZXUckd",
    "prev" : "https://api.nasa.gov/neo/rest/v1/feed?start_date=1996-10-21&end_date=1996-10-21&detailed=true&api_key=t0TVs3DtDT2H8Oy2Zy8m2eVrNsAVKAexjcZXUckd",
    "self" : "https://api.nasa.gov/neo/rest/v1/feed?start_date=1996-10-22&end_date=1996-10-22&detailed=true&api_key=t0TVs3DtDT2H8Oy2Zy8m2eVrNsAVKAexjcZXUckd"
  },
  "element_count" : 7,
  "near_earth_objects" : {
    "1996-10-22" : [ {
      "links" : {
        "self" : "https://api.nasa.gov/neo/rest/v1/neo/2065679?api_key=t0TVs3DtDT2H8Oy2Zy8m2eVrNsAVKAexjcZXUckd"
      },
      "neo_reference_id" : "2065679",
      "name" : "65679 (1989 UQ)",
      "nasa_jpl_url" : "http://ssd.jpl.nasa.gov/sbdb.cgi?sstr=2065679",
      "absolute_magnitude_h" : 19.4,
      "estimated_diameter" : {
        "kilometers" : {
          "estimated_diameter_min" : 0.3503926411,
          "estimated_diameter_max" : 0.7835017643
        },
        "meters" : {
          "estimated_diameter_min" : 350.3926411083,
          "estimated_diameter_max" : 783.5017643338
        },
        "miles" : {
          "estimated_diameter_min" : 0.2177238258,
          "estimated_diameter_max" : 0.4868452748
        },
        "feet" : {
          "estimated_diameter_min" : 1149.5821926537,
          "estimated_diameter_max" : 2570.543928497
        }
      },
      "is_potentially_hazardous_asteroid" : true,
      "close_approach_data" : [ {
        "close_approach_date" : "1996-10-22",
        "epoch_date_close_approach" : 845967600000,
        "relative_velocity" : {
          "kilometers_per_second" : "5.9702516366",
          "kilometers_per_hour" : "21492.9058919391",
          "miles_per_hour" : "13354.8558860218"
        },
        "miss_distance" : {
          "astronomical" : "0.1504907471",
          "lunar" : "58.5409011841",
          "kilometers" : "22513096",
          "miles" : "13988989"
        },
        "orbiting_body" : "Earth"
      } ],
      "orbital_data" : {
        "orbit_id" : "87",
        "orbit_determination_date" : "2017-09-28 06:49:19",
        "orbit_uncertainty" : "0",
        "minimum_orbit_intersection" : ".014081",
        "jupiter_tisserand_invariant" : "6.495",
        "epoch_osculation" : "2458000.5",
        "eccentricity" : ".2647923813830853",
        "semi_major_axis" : ".9150848909019338",
        "inclination" : "1.299779773515747",
        "ascending_node_longitude" : "178.2269959178986",
        "orbital_period" : "319.7352390754124",
        "perihelion_distance" : ".67277738347233",
        "perihelion_argument" : "14.89636077699754",
        "aphelion_distance" : "1.157392398331538",
        "perihelion_time" : "2457869.688731147636",
        "mean_anomaly" : "147.2845374286194",
        "mean_motion" : "1.125931570886657",
        "equinox" : "J2000"
      }
    }, {
      "links" : {
        "self" : "https://api.nasa.gov/neo/rest/v1/neo/3279740?api_key=t0TVs3DtDT2H8Oy2Zy8m2eVrNsAVKAexjcZXUckd"
      },
      "neo_reference_id" : "3279740",
      "name" : "(2005 LX36)",
      "nasa_jpl_url" : "http://ssd.jpl.nasa.gov/sbdb.cgi?sstr=3279740",
      "absolute_magnitude_h" : 20.8,
      "estimated_diameter" : {
        "kilometers" : {
          "estimated_diameter_min" : 0.1838886721,
          "estimated_diameter_max" : 0.411187571
        },
        "meters" : {
          "estimated_diameter_min" : 183.8886720703,
          "estimated_diameter_max" : 411.1875710413
        },
        "miles" : {
          "estimated_diameter_min" : 0.1142630881,
          "estimated_diameter_max" : 0.2555000322
        },
        "feet" : {
          "estimated_diameter_min" : 603.309310875,
          "estimated_diameter_max" : 1349.040630575
        }
      },
      "is_potentially_hazardous_asteroid" : true,
      "close_approach_data" : [ {
        "close_approach_date" : "1996-10-22",
        "epoch_date_close_approach" : 845967600000,
        "relative_velocity" : {
          "kilometers_per_second" : "28.4314268852",
          "kilometers_per_hour" : "102353.1367867204",
          "miles_per_hour" : "63598.2587995041"
        },
        "miss_distance" : {
          "astronomical" : "0.4154957886",
          "lunar" : "161.6278533936",
          "kilometers" : "62157284",
          "miles" : "38622748"
        },
        "orbiting_body" : "Earth"
      } ],
      "orbital_data" : {
        "orbit_id" : "16",
        "orbit_determination_date" : "2017-04-06 09:10:53",
        "orbit_uncertainty" : "6",
        "minimum_orbit_intersection" : ".0223565",
        "jupiter_tisserand_invariant" : "5.664",
        "epoch_osculation" : "2458000.5",
        "eccentricity" : ".5751418981914321",
        "semi_major_axis" : "1.029762031716671",
        "inclination" : "32.96837721388167",
        "ascending_node_longitude" : "252.7712717747759",
        "orbital_period" : "381.6838104842295",
        "perihelion_distance" : ".4375027421096789",
        "perihelion_argument" : "239.1063115967533",
        "aphelion_distance" : "1.622021321323663",
        "perihelion_time" : "2458047.791913343934",
        "mean_anomaly" : "315.3947840171238",
        "mean_motion" : ".9431890745988939",
        "equinox" : "J2000"
      }
    }, {
      "links" : {
        "self" : "https://api.nasa.gov/neo/rest/v1/neo/3458581?api_key=t0TVs3DtDT2H8Oy2Zy8m2eVrNsAVKAexjcZXUckd"
      },
      "neo_reference_id" : "3458581",
      "name" : "(2009 HW44)",
      "nasa_jpl_url" : "http://ssd.jpl.nasa.gov/sbdb.cgi?sstr=3458581",
      "absolute_magnitude_h" : 17.5,
      "estimated_diameter" : {
        "kilometers" : {
          "estimated_diameter_min" : 0.8405334021,
          "estimated_diameter_max" : 1.8794898244
        },
        "meters" : {
          "estimated_diameter_min" : 840.5334020728,
          "estimated_diameter_max" : 1879.4898243938
        },
        "miles" : {
          "estimated_diameter_min" : 0.5222830806,
          "estimated_diameter_max" : 1.1678604717
        },
        "feet" : {
          "estimated_diameter_min" : 2757.6556068564,
          "estimated_diameter_max" : 6166.3053954643
        }
      },
      "is_potentially_hazardous_asteroid" : false,
      "close_approach_data" : [ {
        "close_approach_date" : "1996-10-22",
        "epoch_date_close_approach" : 845967600000,
        "relative_velocity" : {
          "kilometers_per_second" : "24.5299014074",
          "kilometers_per_hour" : "88307.6450666036",
          "miles_per_hour" : "54870.9364581905"
        },
        "miss_distance" : {
          "astronomical" : "0.3201337673",
          "lunar" : "124.5320358276",
          "kilometers" : "47891332",
          "miles" : "29758294"
        },
        "orbiting_body" : "Earth"
      } ],
      "orbital_data" : {
        "orbit_id" : "16",
        "orbit_determination_date" : "2017-04-06 09:00:42",
        "orbit_uncertainty" : "2",
        "minimum_orbit_intersection" : ".318245",
        "jupiter_tisserand_invariant" : "2.808",
        "epoch_osculation" : "2458000.5",
        "eccentricity" : ".5925624366460417",
        "semi_major_axis" : "2.688137642562123",
        "inclination" : "41.08370494090043",
        "ascending_node_longitude" : "37.88716226368044",
        "orbital_period" : "1609.813927842703",
        "perihelion_distance" : "1.095248251045565",
        "perihelion_argument" : "296.5642038548451",
        "aphelion_distance" : "4.28102703407868",
        "perihelion_time" : "2458366.105539685356",
        "mean_anomaly" : "278.2402437882319",
        "mean_motion" : ".2236283298172433",
        "equinox" : "J2000"
      }
    }, {
      "links" : {
        "self" : "https://api.nasa.gov/neo/rest/v1/neo/3550075?api_key=t0TVs3DtDT2H8Oy2Zy8m2eVrNsAVKAexjcZXUckd"
      },
      "neo_reference_id" : "3550075",
      "name" : "(2010 UM7)",
      "nasa_jpl_url" : "http://ssd.jpl.nasa.gov/sbdb.cgi?sstr=3550075",
      "absolute_magnitude_h" : 27.6,
      "estimated_diameter" : {
        "kilometers" : {
          "estimated_diameter_min" : 0.0080270317,
          "estimated_diameter_max" : 0.0179489885
        },
        "meters" : {
          "estimated_diameter_min" : 8.0270316728,
          "estimated_diameter_max" : 17.948988478
        },
        "miles" : {
          "estimated_diameter_min" : 0.0049877647,
          "estimated_diameter_max" : 0.0111529809
        },
        "feet" : {
          "estimated_diameter_min" : 26.3354065935,
          "estimated_diameter_max" : 58.8877593581
        }
      },
      "is_potentially_hazardous_asteroid" : false,
      "close_approach_data" : [ {
        "close_approach_date" : "1996-10-22",
        "epoch_date_close_approach" : 845967600000,
        "relative_velocity" : {
          "kilometers_per_second" : "15.2296111406",
          "kilometers_per_hour" : "54826.6001062504",
          "miles_per_hour" : "34067.1171604643"
        },
        "miss_distance" : {
          "astronomical" : "0.0583296523",
          "lunar" : "22.6902351379",
          "kilometers" : "8725992",
          "miles" : "5422080"
        },
        "orbiting_body" : "Earth"
      } ],
      "orbital_data" : {
        "orbit_id" : "15",
        "orbit_determination_date" : "2017-04-06 08:56:07",
        "orbit_uncertainty" : "5",
        "minimum_orbit_intersection" : ".00262576",
        "jupiter_tisserand_invariant" : "2.934",
        "epoch_osculation" : "2458000.5",
        "eccentricity" : ".6811402669582243",
        "semi_major_axis" : "2.789499927346585",
        "inclination" : "4.552909818436204",
        "ascending_node_longitude" : "217.8391865229604",
        "orbital_period" : "1701.719433610778",
        "perihelion_distance" : ".8894592021537847",
        "perihelion_argument" : "223.7746477489298",
        "aphelion_distance" : "4.689540652539384",
        "perihelion_time" : "2457236.954709828849",
        "mean_anomaly" : "161.5285687126289",
        "mean_motion" : ".2115507367957463",
        "equinox" : "J2000"
      }
    }, {
      "links" : {
        "self" : "https://api.nasa.gov/neo/rest/v1/neo/3735678?api_key=t0TVs3DtDT2H8Oy2Zy8m2eVrNsAVKAexjcZXUckd"
      },
      "neo_reference_id" : "3735678",
      "name" : "(2015 XT1)",
      "nasa_jpl_url" : "http://ssd.jpl.nasa.gov/sbdb.cgi?sstr=3735678",
      "absolute_magnitude_h" : 23.3,
      "estimated_diameter" : {
        "kilometers" : {
          "estimated_diameter_min" : 0.058150704,
          "estimated_diameter_max" : 0.130028927
        },
        "meters" : {
          "estimated_diameter_min" : 58.1507039646,
          "estimated_diameter_max" : 130.0289270043
        },
        "miles" : {
          "estimated_diameter_min" : 0.0361331611,
          "estimated_diameter_max" : 0.0807962044
        },
        "feet" : {
          "estimated_diameter_min" : 190.7831555951,
          "estimated_diameter_max" : 426.6041048727
        }
      },
      "is_potentially_hazardous_asteroid" : false,
      "close_approach_data" : [ {
        "close_approach_date" : "1996-10-22",
        "epoch_date_close_approach" : 845967600000,
        "relative_velocity" : {
          "kilometers_per_second" : "16.7190712641",
          "kilometers_per_hour" : "60188.6565508298",
          "miles_per_hour" : "37398.8905107087"
        },
        "miss_distance" : {
          "astronomical" : "0.2533048404",
          "lunar" : "98.5355834961",
          "kilometers" : "37893864",
          "miles" : "23546156"
        },
        "orbiting_body" : "Earth"
      } ],
      "orbital_data" : {
        "orbit_id" : "15",
        "orbit_determination_date" : "2017-04-06 08:30:16",
        "orbit_uncertainty" : "6",
        "minimum_orbit_intersection" : ".0485347",
        "jupiter_tisserand_invariant" : "7.021",
        "epoch_osculation" : "2458000.5",
        "eccentricity" : ".3300272165303476",
        "semi_major_axis" : ".8298855011061081",
        "inclination" : "4.977297292677525",
        "ascending_node_longitude" : "143.8828765846776",
        "orbital_period" : "276.1376932132466",
        "perihelion_distance" : ".5560006991371665",
        "perihelion_argument" : "102.3412275502733",
        "aphelion_distance" : "1.10377030307505",
        "perihelion_time" : "2458042.420887140630",
        "mean_anomaly" : "305.3478473184306",
        "mean_motion" : "1.303697426493641",
        "equinox" : "J2000"
      }
    }, {
      "links" : {
        "self" : "https://api.nasa.gov/neo/rest/v1/neo/3346470?api_key=t0TVs3DtDT2H8Oy2Zy8m2eVrNsAVKAexjcZXUckd"
      },
      "neo_reference_id" : "3346470",
      "name" : "(2006 SB142)",
      "nasa_jpl_url" : "http://ssd.jpl.nasa.gov/sbdb.cgi?sstr=3346470",
      "absolute_magnitude_h" : 21.8,
      "estimated_diameter" : {
        "kilometers" : {
          "estimated_diameter_min" : 0.1160259082,
          "estimated_diameter_max" : 0.2594418179
        },
        "meters" : {
          "estimated_diameter_min" : 116.0259082094,
          "estimated_diameter_max" : 259.4418179074
        },
        "miles" : {
          "estimated_diameter_min" : 0.0720951346,
          "estimated_diameter_max" : 0.1612096218
        },
        "feet" : {
          "estimated_diameter_min" : 380.6624406898,
          "estimated_diameter_max" : 851.1870938635
        }
      },
      "is_potentially_hazardous_asteroid" : false,
      "close_approach_data" : [ {
        "close_approach_date" : "1996-10-22",
        "epoch_date_close_approach" : 845967600000,
        "relative_velocity" : {
          "kilometers_per_second" : "4.3868556408",
          "kilometers_per_hour" : "15792.6803067136",
          "miles_per_hour" : "9812.9573828021"
        },
        "miss_distance" : {
          "astronomical" : "0.3147869233",
          "lunar" : "122.4521102905",
          "kilometers" : "47091452",
          "miles" : "29261272"
        },
        "orbiting_body" : "Earth"
      } ],
      "orbital_data" : {
        "orbit_id" : "16",
        "orbit_determination_date" : "2017-04-06 09:08:01",
        "orbit_uncertainty" : "0",
        "minimum_orbit_intersection" : ".275615",
        "jupiter_tisserand_invariant" : "3.499",
        "epoch_osculation" : "2458000.5",
        "eccentricity" : ".4324848567211262",
        "semi_major_axis" : "2.23544841835612",
        "inclination" : "7.669155323448742",
        "ascending_node_longitude" : "9.64025703181016",
        "orbital_period" : "1220.802490848324",
        "perihelion_distance" : "1.268650829435906",
        "perihelion_argument" : "18.1204002541054",
        "aphelion_distance" : "3.202246007276335",
        "perihelion_time" : "2457696.686369463151",
        "mean_anomaly" : "89.59099265702127",
        "mean_motion" : ".2948879959688152",
        "equinox" : "J2000"
      }
    }, {
      "links" : {
        "self" : "https://api.nasa.gov/neo/rest/v1/neo/3774566?api_key=t0TVs3DtDT2H8Oy2Zy8m2eVrNsAVKAexjcZXUckd"
      },
      "neo_reference_id" : "3774566",
      "name" : "(2017 JA2)",
      "nasa_jpl_url" : "http://ssd.jpl.nasa.gov/sbdb.cgi?sstr=3774566",
      "absolute_magnitude_h" : 24.771,
      "estimated_diameter" : {
        "kilometers" : {
          "estimated_diameter_min" : 0.0295362242,
          "estimated_diameter_max" : 0.0660450052
        },
        "meters" : {
          "estimated_diameter_min" : 29.5362242448,
          "estimated_diameter_max" : 66.04500521
        },
        "miles" : {
          "estimated_diameter_min" : 0.0183529532,
          "estimated_diameter_max" : 0.0410384509
        },
        "feet" : {
          "estimated_diameter_min" : 96.9036259512,
          "estimated_diameter_max" : 216.6830948931
        }
      },
      "is_potentially_hazardous_asteroid" : false,
      "close_approach_data" : [ {
        "close_approach_date" : "1996-10-22",
        "epoch_date_close_approach" : 845967600000,
        "relative_velocity" : {
          "kilometers_per_second" : "14.0941119936",
          "kilometers_per_hour" : "50738.8031769125",
          "miles_per_hour" : "31527.1191184543"
        },
        "miss_distance" : {
          "astronomical" : "0.1875383683",
          "lunar" : "72.9524230957",
          "kilometers" : "28055342",
          "miles" : "17432780"
        },
        "orbiting_body" : "Earth"
      } ],
      "orbital_data" : {
        "orbit_id" : "7",
        "orbit_determination_date" : "2017-05-13 06:43:37",
        "orbit_uncertainty" : "6",
        "minimum_orbit_intersection" : ".00110762",
        "jupiter_tisserand_invariant" : "5.238",
        "epoch_osculation" : "2458000.5",
        "eccentricity" : ".2898466862462304",
        "semi_major_axis" : "1.201587166856475",
        "inclination" : "9.531888215277331",
        "ascending_node_longitude" : "51.05078793359044",
        "orbital_period" : "481.0955600553713",
        "perihelion_distance" : ".8533111083071299",
        "perihelion_argument" : "252.2569134231705",
        "aphelion_distance" : "1.549863225405821",
        "perihelion_time" : "2457943.139473665754",
        "mean_anomaly" : "42.92242788096369",
        "mean_motion" : ".748292085586003",
        "equinox" : "J2000"
      }
    } ]
  }
}