{
  "links" : {
    "next" : "https://api.nasa.gov/neo/rest/v1/feed?start_date=2002-01-23&end_date=2002-01-23&detailed=true&api_key=t0TVs3DtDT2H8Oy2Zy8m2eVrNsAVKAexjcZXUckd",
    "prev" : "https://api.nasa.gov/neo/rest/v1/feed?start_date=2002-01-21&end_date=2002-01-21&detailed=true&api_key=t0TVs3DtDT2H8Oy2Zy8m2eVrNsAVKAexjcZXUckd",
    "self" : "https://api.nasa.gov/neo/rest/v1/feed?start_date=2002-01-22&end_date=2002-01-22&detailed=true&api_key=t0TVs3DtDT2H8Oy2Zy8m2eVrNsAVKAexjcZXUckd"
  },
  "element_count" : 6,
  "near_earth_objects" : {
    "2002-01-22" : [ {
      "links" : {
        "self" : "https://api.nasa.gov/neo/rest/v1/neo/2004660?api_key=t0TVs3DtDT2H8Oy2Zy8m2eVrNsAVKAexjcZXUckd"
      },
      "neo_reference_id" : "2004660",
      "name" : "4660 Nereus (1982 DB)",
      "nasa_jpl_url" : "http://ssd.jpl.nasa.gov/sbdb.cgi?sstr=2004660",
      "absolute_magnitude_h" : 18.2,
      "estimated_diameter" : {
        "kilometers" : {
          "estimated_diameter_min" : 0.6089126221,
          "estimated_diameter_max" : 1.3615700154
        },
        "meters" : {
          "estimated_diameter_min" : 608.9126221057,
          "estimated_diameter_max" : 1361.5700153859
        },
        "miles" : {
          "estimated_diameter_min" : 0.3783606449,
          "estimated_diameter_max" : 0.846040122
        },
        "feet" : {
          "estimated_diameter_min" : 1997.7448871092,
          "estimated_diameter_max" : 4467.0933692788
        }
      },
      "is_potentially_hazardous_asteroid" : true,
      "close_approach_data" : [ {
        "close_approach_date" : "2002-01-22",
        "epoch_date_close_approach" : 1011686400000,
        "relative_velocity" : {
          "kilometers_per_second" : "5.4188485375",
          "kilometers_per_hour" : "19507.8547349629",
          "miles_per_hour" : "12121.4222935107"
        },
        "miss_distance" : {
          "astronomical" : "0.0290239466",
          "lunar" : "11.2903156281",
          "kilometers" : "4341920.5",
          "miles" : "2697944.5"
        },
        "orbiting_body" : "Earth"
      } ],
      "orbital_data" : {
        "orbit_id" : "105",
        "orbit_determination_date" : "2017-07-27 06:21:49",
        "orbit_uncertainty" : "0",
        "minimum_orbit_intersection" : ".00290752",
        "jupiter_tisserand_invariant" : "4.493",
        "epoch_osculation" : "2458000.5",
        "eccentricity" : ".3600073024231731",
        "semi_major_axis" : "1.488684198998776",
        "inclination" : "1.431697832801353",
        "ascending_node_longitude" : "314.4434169545978",
        "orbital_period" : "663.4409817098345",
        "perihelion_distance" : ".9527470163572247",
        "perihelion_argument" : "158.0200614561001",
        "aphelion_distance" : "2.024621381640328",
        "perihelion_time" : "2458259.655366065614",
        "mean_anomaly" : "219.3756877315948",
        "mean_motion" : ".5426255084095049",
        "equinox" : "J2000"
      }
    }, {
      "links" : {
        "self" : "https://api.nasa.gov/neo/rest/v1/neo/2416002?api_key=t0TVs3DtDT2H8Oy2Zy8m2eVrNsAVKAexjcZXUckd"
      },
      "neo_reference_id" : "2416002",
      "name" : "416002 (2002 BN)",
      "nasa_jpl_url" : "http://ssd.jpl.nasa.gov/sbdb.cgi?sstr=2416002",
      "absolute_magnitude_h" : 20.5,
      "estimated_diameter" : {
        "kilometers" : {
          "estimated_diameter_min" : 0.2111324448,
          "estimated_diameter_max" : 0.4721064988
        },
        "meters" : {
          "estimated_diameter_min" : 211.1324447897,
          "estimated_diameter_max" : 472.1064988055
        },
        "miles" : {
          "estimated_diameter_min" : 0.1311915784,
          "estimated_diameter_max" : 0.2933532873
        },
        "feet" : {
          "estimated_diameter_min" : 692.6917701639,
          "estimated_diameter_max" : 1548.9058855411
        }
      },
      "is_potentially_hazardous_asteroid" : false,
      "close_approach_data" : [ {
        "close_approach_date" : "2002-01-22",
        "epoch_date_close_approach" : 1011686400000,
        "relative_velocity" : {
          "kilometers_per_second" : "17.5395385817",
          "kilometers_per_hour" : "63142.3388941524",
          "miles_per_hour" : "39234.1938534249"
        },
        "miss_distance" : {
          "astronomical" : "0.172391637",
          "lunar" : "67.0603485107",
          "kilometers" : "25789422",
          "miles" : "16024804"
        },
        "orbiting_body" : "Earth"
      } ],
      "orbital_data" : {
        "orbit_id" : "31",
        "orbit_determination_date" : "2017-04-06 09:21:23",
        "orbit_uncertainty" : "0",
        "minimum_orbit_intersection" : ".090748",
        "jupiter_tisserand_invariant" : "6.554",
        "epoch_osculation" : "2458000.5",
        "eccentricity" : ".5464253273647408",
        "semi_major_axis" : ".8750159597970893",
        "inclination" : "27.75263660449618",
        "ascending_node_longitude" : "115.7699321917712",
        "orbital_period" : "298.966404488153",
        "perihelion_distance" : ".3968850775155919",
        "perihelion_argument" : "147.2420224399091",
        "aphelion_distance" : "1.353146842078587",
        "perihelion_time" : "2458056.263988608750",
        "mean_anomaly" : "292.851866973082",
        "mean_motion" : "1.204148675555502",
        "equinox" : "J2000"
      }
    }, {
      "links" : {
        "self" : "https://api.nasa.gov/neo/rest/v1/neo/3114020?api_key=t0TVs3DtDT2H8Oy2Zy8m2eVrNsAVKAexjcZXUckd"
      },
      "neo_reference_id" : "3114020",
      "name" : "(2002 CR11)",
      "nasa_jpl_url" : "http://ssd.jpl.nasa.gov/sbdb.cgi?sstr=3114020",
      "absolute_magnitude_h" : 20.2,
      "estimated_diameter" : {
        "kilometers" : {
          "estimated_diameter_min" : 0.2424124811,
          "estimated_diameter_max" : 0.5420507863
        },
        "meters" : {
          "estimated_diameter_min" : 242.4124811008,
          "estimated_diameter_max" : 542.0507863358
        },
        "miles" : {
          "estimated_diameter_min" : 0.1506280858,
          "estimated_diameter_max" : 0.3368146392
        },
        "feet" : {
          "estimated_diameter_min" : 795.3165644948,
          "estimated_diameter_max" : 1778.3819018419
        }
      },
      "is_potentially_hazardous_asteroid" : false,
      "close_approach_data" : [ {
        "close_approach_date" : "2002-01-22",
        "epoch_date_close_approach" : 1011686400000,
        "relative_velocity" : {
          "kilometers_per_second" : "11.8865609808",
          "kilometers_per_hour" : "42791.6195307972",
          "miles_per_hour" : "26589.0482579001"
        },
        "miss_distance" : {
          "astronomical" : "0.2459066805",
          "lunar" : "95.657699585",
          "kilometers" : "36787116",
          "miles" : "22858454"
        },
        "orbiting_body" : "Earth"
      } ],
      "orbital_data" : {
        "orbit_id" : "18",
        "orbit_determination_date" : "2017-04-06 09:15:29",
        "orbit_uncertainty" : "1",
        "minimum_orbit_intersection" : ".175909",
        "jupiter_tisserand_invariant" : "3.134",
        "epoch_osculation" : "2458000.5",
        "eccentricity" : ".5893962982263675",
        "semi_major_axis" : "2.491810121865178",
        "inclination" : "20.73281965400971",
        "ascending_node_longitude" : "324.8649200968495",
        "orbital_period" : "1436.715725399718",
        "perihelion_distance" : "1.023146460154849",
        "perihelion_argument" : "122.7305476281022",
        "aphelion_distance" : "3.960473783575508",
        "perihelion_time" : "2458011.728967381746",
        "mean_anomaly" : "357.1863409121494",
        "mean_motion" : ".250571489986192",
        "equinox" : "J2000"
      }
    }, {
      "links" : {
        "self" : "https://api.nasa.gov/neo/rest/v1/neo/3409651?api_key=t0TVs3DtDT2H8Oy2Zy8m2eVrNsAVKAexjcZXUckd"
      },
      "neo_reference_id" : "3409651",
      "name" : "(2008 HF2)",
      "nasa_jpl_url" : "http://ssd.jpl.nasa.gov/sbdb.cgi?sstr=3409651",
      "absolute_magnitude_h" : 19.6,
      "estimated_diameter" : {
        "kilometers" : {
          "estimated_diameter_min" : 0.3195618867,
          "estimated_diameter_max" : 0.7145621017
        },
        "meters" : {
          "estimated_diameter_min" : 319.5618867213,
          "estimated_diameter_max" : 714.5621017269
        },
        "miles" : {
          "estimated_diameter_min" : 0.1985664891,
          "estimated_diameter_max" : 0.4440081677
        },
        "feet" : {
          "estimated_diameter_min" : 1048.4314204307,
          "estimated_diameter_max" : 2344.3639258298
        }
      },
      "is_potentially_hazardous_asteroid" : false,
      "close_approach_data" : [ {
        "close_approach_date" : "2002-01-22",
        "epoch_date_close_approach" : 1011686400000,
        "relative_velocity" : {
          "kilometers_per_second" : "33.2105210844",
          "kilometers_per_hour" : "119557.8759038965",
          "miles_per_hour" : "74288.6146137295"
        },
        "miss_distance" : {
          "astronomical" : "0.3649041989",
          "lunar" : "141.9477386475",
          "kilometers" : "54588892",
          "miles" : "33919964"
        },
        "orbiting_body" : "Earth"
      } ],
      "orbital_data" : {
        "orbit_id" : "23",
        "orbit_determination_date" : "2017-04-06 09:03:37",
        "orbit_uncertainty" : "1",
        "minimum_orbit_intersection" : ".175833",
        "jupiter_tisserand_invariant" : "3.802",
        "epoch_osculation" : "2458000.5",
        "eccentricity" : ".7460805009807657",
        "semi_major_axis" : "1.69720524133842",
        "inclination" : "14.58526317114164",
        "ascending_node_longitude" : "208.7424877511944",
        "orbital_period" : "807.6068116937344",
        "perihelion_distance" : ".4309535046134701",
        "perihelion_argument" : "153.8551516741431",
        "aphelion_distance" : "2.963456978063369",
        "perihelion_time" : "2457912.421710684124",
        "mean_anomaly" : "39.26190776823187",
        "mean_motion" : ".445761470541585",
        "equinox" : "J2000"
      }
    }, {
      "links" : {
        "self" : "https://api.nasa.gov/neo/rest/v1/neo/3720978?api_key=t0TVs3DtDT2H8Oy2Zy8m2eVrNsAVKAexjcZXUckd"
      },
      "neo_reference_id" : "3720978",
      "name" : "(2015 LG2)",
      "nasa_jpl_url" : "http://ssd.jpl.nasa.gov/sbdb.cgi?sstr=3720978",
      "absolute_magnitude_h" : 20.3,
      "estimated_diameter" : {
        "kilometers" : {
          "estimated_diameter_min" : 0.2315021222,
          "estimated_diameter_max" : 0.5176544822
        },
        "meters" : {
          "estimated_diameter_min" : 231.5021222103,
          "estimated_diameter_max" : 517.6544821978
        },
        "miles" : {
          "estimated_diameter_min" : 0.1438487052,
          "estimated_diameter_max" : 0.3216554833
        },
        "feet" : {
          "estimated_diameter_min" : 759.5214226325,
          "estimated_diameter_max" : 1698.3415313737
        }
      },
      "is_potentially_hazardous_asteroid" : true,
      "close_approach_data" : [ {
        "close_approach_date" : "2002-01-22",
        "epoch_date_close_approach" : 1011686400000,
        "relative_velocity" : {
          "kilometers_per_second" : "12.3626768559",
          "kilometers_per_hour" : "44505.6366810877",
          "miles_per_hour" : "27654.0718588681"
        },
        "miss_distance" : {
          "astronomical" : "0.4933435977",
          "lunar" : "191.91065979",
          "kilometers" : "73803152",
          "miles" : "45859152"
        },
        "orbiting_body" : "Earth"
      } ],
      "orbital_data" : {
        "orbit_id" : "35",
        "orbit_determination_date" : "2017-04-06 08:33:13",
        "orbit_uncertainty" : "0",
        "minimum_orbit_intersection" : ".0182368",
        "jupiter_tisserand_invariant" : "5.033",
        "epoch_osculation" : "2458000.5",
        "eccentricity" : ".1816245750926944",
        "semi_major_axis" : "1.259393819644585",
        "inclination" : "21.28546587467291",
        "ascending_node_longitude" : "133.1422936356661",
        "orbital_period" : "516.2270569581268",
        "perihelion_distance" : "1.030656952277271",
        "perihelion_argument" : "188.8909328939633",
        "aphelion_distance" : "1.488130687011898",
        "perihelion_time" : "2457761.291135039198",
        "mean_anomaly" : "166.8165010437914",
        "mean_motion" : ".6973675539622113",
        "equinox" : "J2000"
      }
    }, {
      "links" : {
        "self" : "https://api.nasa.gov/neo/rest/v1/neo/3092114?api_key=t0TVs3DtDT2H8Oy2Zy8m2eVrNsAVKAexjcZXUckd"
      },
      "neo_reference_id" : "3092114",
      "name" : "(1993 DA)",
      "nasa_jpl_url" : "http://ssd.jpl.nasa.gov/sbdb.cgi?sstr=3092114",
      "absolute_magnitude_h" : 26.4,
      "estimated_diameter" : {
        "kilometers" : {
          "estimated_diameter_min" : 0.0139493823,
          "estimated_diameter_max" : 0.0311917671
        },
        "meters" : {
          "estimated_diameter_min" : 13.9493822934,
          "estimated_diameter_max" : 31.1917670523
        },
        "miles" : {
          "estimated_diameter_min" : 0.0086677416,
          "estimated_diameter_max" : 0.0193816595
        },
        "feet" : {
          "estimated_diameter_min" : 45.7656914036,
          "estimated_diameter_max" : 102.3351970157
        }
      },
      "is_potentially_hazardous_asteroid" : false,
      "close_approach_data" : [ {
        "close_approach_date" : "2002-01-22",
        "epoch_date_close_approach" : 1011686400000,
        "relative_velocity" : {
          "kilometers_per_second" : "10.1546599848",
          "kilometers_per_hour" : "36556.7759453344",
          "miles_per_hour" : "22714.9589200329"
        },
        "miss_distance" : {
          "astronomical" : "0.2674191605",
          "lunar" : "104.0260543823",
          "kilometers" : "40005336",
          "miles" : "24858164"
        },
        "orbiting_body" : "Earth"
      } ],
      "orbital_data" : {
        "orbit_id" : "12",
        "orbit_determination_date" : "2017-04-06 09:18:21",
        "orbit_uncertainty" : "6",
        "minimum_orbit_intersection" : ".0355467",
        "jupiter_tisserand_invariant" : "6.384",
        "epoch_osculation" : "2458000.5",
        "eccentricity" : ".09290087273231146",
        "semi_major_axis" : ".9360956173801899",
        "inclination" : "12.38480390588035",
        "ascending_node_longitude" : "329.0534793799209",
        "orbital_period" : "330.8100879954508",
        "perihelion_distance" : ".8491315175646783",
        "perihelion_argument" : "354.0644784903601",
        "aphelion_distance" : "1.023059717195701",
        "perihelion_time" : "2458121.114380891518",
        "mean_anomaly" : "228.7428869413935",
        "mean_motion" : "1.088237671896362",
        "equinox" : "J2000"
      }
    } ]
  }
}