Date,Stock_Price,Sentiment
2020-01-01,87.45401188473625,0.30246595408298416
2020-01-02,145.07143064099162,-0.7868139393840186
2020-01-03,123.1993941811405,0.31569060920607206
2020-01-04,109.86584841970367,0.9988274515413331
2020-01-05,65.60186404424365,-0.9035759222788879
2020-01-06,65.59945203362027,0.9543483684426346
2020-01-07,55.80836121681995,-0.18618407855425878
2020-01-08,136.6176145774935,0.7415069006745183
2020-01-09,110.11150117432088,0.5647709681165469
2020-01-10,120.80725777960456,0.1340325219733356
2020-01-11,52.05844942958024,0.476898418502653
2020-01-12,146.99098521619942,0.7570311226026958
2020-01-13,133.24426408004217,-0.19171935669793405
2020-01-14,71.23391106782762,-0.3459336768735226
2020-01-15,68.18249672071006,0.33518677112716944
2020-01-16,68.34045098534338,0.6156918838825172
2020-01-17,80.42422429595376,0.5245702695532315
2020-01-18,102.4756431632238,0.595627297717269
2020-01-19,93.19450186421157,-0.128833370374134
2020-01-20,79.1229140198042,0.6356684323500432
2020-01-21,111.18528947223794,-0.7595818892587831
2020-01-22,63.94938606520418,0.08897819592169909
2020-01-23,79.21446485352182,-0.9884826790037569
2020-01-24,86.63618432936917,-0.3508283401994594
2020-01-25,95.6069984217036,-0.26707693025720425
2020-01-26,128.51759613930136,-0.20765461678148922
2020-01-27,69.96737821583598,0.39093441337972434
2020-01-28,101.42344384136116,-0.22288379745930853
2020-01-29,109.24145688620425,-0.1026127547549387
2020-01-30,54.64504127199977,-0.5249117382513451
2020-01-31,110.75448519014384,-0.25349641674131984
2020-02-01,67.05241236872915,-0.545460745473697
2020-02-02,56.50515929852795,-0.8536081524631127
2020-02-03,144.88855372533334,0.2068971867627558
2020-02-04,146.56320330745592,0.3364255971100325
2020-02-05,130.8397348116461,0.238980692019229
2020-02-06,80.46137691733708,-0.0730119123988553
2020-02-07,59.76721140063839,-0.24042843964154037
2020-02-08,118.42330265121569,0.7266672991436505
2020-02-09,94.01524937396013,0.03816357027243611
2020-02-10,62.20382348447788,-0.041636244740538064
2020-02-11,99.51769101112703,-0.9487158683871286
2020-02-12,53.43885211152184,-0.3175043447476873
2020-02-13,140.9320402078782,-0.23960876242828588
2020-02-14,75.8779981600017,-0.20235443820619903
2020-02-15,116.2522284353982,0.16034473845466457
2020-02-16,81.1711076089411,0.06720509345375691
2020-02-17,102.00680211778108,0.21581018558688925
2020-02-18,104.67102793432797,0.5297665230842565
2020-02-19,68.4854455525527,0.625971477432187
2020-02-20,146.95846277645586,0.4362461524529888
2020-02-21,127.51328233611146,0.9110473919098694
2020-02-22,143.9498941564189,-0.9635348346472767
2020-02-23,139.4827350427649,-0.6084440286329078
2020-02-24,109.78999788110852,-0.9848742500437158
2020-02-25,142.18742350231167,0.294949428309206
2020-02-26,58.84925020519195,0.7960610978999738
2020-02-27,69.59828624191452,-0.5130354068474015
2020-02-28,54.52272889105381,0.8540690895926133
2020-02-29,82.53303307632643,-0.8794652194208783
2020-03-01,88.8677289689482,0.8688720536110286
2020-03-02,77.13490317738959,-0.2967546255207312
2020-03-03,132.87375091519294,-0.797158343101567
2020-03-04,85.67533266935894,-0.02825648162734873
2020-03-05,78.09345096873807,-0.4864468645589841
2020-03-06,104.26960831582485,-0.43025419607615434
2020-03-07,64.09242249747626,-0.38542007014742685
2020-03-08,130.21969807540398,0.6060517956653269
2020-03-09,57.45506436797708,0.07832255335050897
2020-03-10,148.68869366005174,-0.3773846016879927
2020-03-11,127.22447692966574,0.22066756662183673
2020-03-12,69.87156815341724,0.4323013484463871
2020-03-13,50.55221171236024,-0.45475199853293247
2020-03-14,131.54614284548342,-0.17290179694929697
2020-03-15,120.68573438476172,-0.7562278133261049
2020-03-16,122.90071680409874,-0.6377013009306394
2020-03-17,127.12703466859458,0.3622357079299656
2020-03-18,57.40446517340904,-0.6371233046087461
2020-03-19,85.84657285442725,0.05032676733412034
2020-03-20,61.58690595251297,0.41809252344486536
2020-03-21,136.31034258755935,-0.7862461538105123
2020-03-22,112.3298126827558,0.1346244392578071
2020-03-23,83.08980248526493,-0.4868744325972725
2020-03-24,56.355835028602364,0.9258537504751596
2020-03-25,81.09823217156622,-0.03290870656015055
2020-03-26,82.51833220267471,0.6119850995503162
2020-03-27,122.96061783380641,0.10045308431252353
2020-03-28,113.75574713552132,-0.9131749342903617
2020-03-29,138.72127425763267,0.2663027511880447
2020-03-30,97.22149251619493,0.902806684413314
2020-03-31,61.95942459383017,0.20322364029266238
2020-04-01,121.3244787222995,0.6383777188535804
2020-04-02,126.07850486168974,0.7684129266968156
2020-04-03,106.12771975694963,-0.543840456102135
2020-04-04,127.0967179954561,-0.5759103201835467
2020-04-05,99.37955963643907,0.22196197770198345
2020-04-06,102.2732829381994,-0.17794306038659058
2020-04-07,92.75410183585495,0.6797226057334407
2020-04-08,52.54191267440952,0.8000462467960223
2020-04-09,60.78914269933044,-0.2931572413945638
2020-04-10,53.14291856867342,-0.5262588820510359
2020-04-11,113.64104112637804,0.5610510304877236
2020-04-12,81.43559810763267,-0.4503879289037278
2020-04-13,100.85706911647029,0.6452286370273568
2020-04-14,140.7566473926093,-0.15252349270247434
2020-04-15,74.92922291488749,0.3350997985829409
2020-04-16,91.03829230356297,-0.8089293723306636
2020-04-17,125.55511385430486,0.24771864935314603
2020-04-18,72.87981654916224,-0.09646464252554177
2020-04-19,57.6979909828793,0.1732169263509482
2020-04-20,78.9751452913768,-0.6639715845102732
2020-04-21,66.12212872540044,0.47374748988836424
2020-04-22,142.9697652342573,0.7255941550864571
2020-04-23,130.8120379564417,-0.5665203998184487
2020-04-24,113.34037565104234,-0.8085708889596765
2020-04-25,137.14605901877178,-0.9527228279073272
2020-04-26,130.36720768991145,0.283943000886532
2020-04-27,68.65700588860358,0.21418807217756153
2020-04-28,139.25589984899779,0.09339482542814004
2020-04-29,103.93422419156508,-0.5361058077680492
2020-04-30,130.74401551640625,-0.21818800818897066
2020-05-01,139.60912999234932,0.1889526703723461
2020-05-02,81.80034749718638,-0.00646628228166124
2020-05-03,61.00519245276767,0.9755710404297746
2020-05-04,72.79351625419417,-0.7271204948865337
2020-05-05,92.71077886262563,0.3902891080951876
2020-05-06,131.80147659224932,-0.19136246379141575
2020-05-07,136.07305832563435,-0.14360077014877048
2020-05-08,50.69521305311907,0.43519553131635247
2020-05-09,101.07473025775657,0.3848723026487393
2020-05-10,91.7411003148779,0.9825119874043766
2020-05-11,72.21078104707303,-0.7432114210917495
2020-05-12,61.98653673336828,-0.7917807012316673
2020-05-13,83.7615171403628,0.4486776342574823
2020-05-14,144.2909703912519,0.1567738340128182
2020-05-15,82.32029320207553,-0.45167866688038827
2020-05-16,101.87906217433661,-0.8411612620220268
2020-05-17,120.30189588951778,-0.8286835008071389
2020-05-18,86.3629602379294,0.7883817493282366
2020-05-19,147.17820827209607,-0.6162653505625142
2020-05-20,146.24472949421113,-0.3532568757689585
2020-05-21,75.17822958253642,-0.546687195546024
2020-05-22,99.72485058923854,-0.2900073883361254
2020-05-23,80.08783098167697,-0.8611523145078133
2020-05-24,78.48404943774676,0.03811958181654074
2020-05-25,53.68869473545328,-0.8647748728155702
2020-05-26,110.95643339798968,0.6007130156447231
2020-05-27,100.26790232288616,-0.532575836179134
2020-05-28,55.14787512499893,0.08002382920902118
2020-05-29,77.86464642366114,0.7601581751229165
2020-05-30,140.82658859666537,0.30175473809438835
2020-05-31,73.95618906669725,0.0659155731026706
2020-06-01,64.4894872091223,-0.3513324937692488
2020-06-02,98.94527602775631,-0.33399617388360414
2020-06-03,148.56504541106005,0.33897391039638025
2020-06-04,74.20552715115004,0.9882787224423351
2020-06-05,117.21355474058785,0.32367837969875723
2020-06-06,126.16196153287176,0.1155668347400498
2020-06-07,73.76375439923997,0.4613010204784922
2020-06-08,122.82163486118596,-0.0695887754325637
2020-06-09,86.77831327192533,-0.8797153147984296
2020-06-10,113.23058305935794,0.12459363175581961
2020-06-11,113.35297107608946,0.9152505690107604
2020-06-12,103.57746840747585,-0.6493941152846807
2020-06-13,59.02897700544083,0.3800097816413315
2020-06-14,133.5302495589238,-0.598132622681887
2020-06-15,82.07800649717359,0.07165536894616253
2020-06-16,68.65185103998542,-0.8066471007065608
2020-06-17,54.07751415547639,-0.09925812748362972
2020-06-18,109.08929431882419,0.5123266577904921
2020-06-19,117.75643618422824,-0.30485695152203585
2020-06-20,51.65878289278562,0.32982344897443605
2020-06-21,101.2093058299281,0.5908999215794584
2020-06-22,72.6495775197938,0.8543556389589053
2020-06-23,114.51727904094498,-0.5307158362890929
2020-06-24,67.43664290049915,-0.20136816838138372
2020-06-25,119.09377381024659,-0.6951679733391651
2020-06-26,88.67353463005374,0.9849670043167504
2020-06-27,143.67299887367346,0.8540019358485906
2020-06-28,63.75209441459933,0.07991426056111917
2020-06-29,84.10663510502584,0.6840665887528425
2020-06-30,61.34735212405891,0.041915954544084366
2020-07-01,142.4693618278563,0.24717137600551942
2020-07-02,137.7339353380981,-0.8217511357679668
2020-07-03,75.79416277151556,0.5105408409936159
2020-07-04,115.99840460341791,-0.7445730327295303
2020-07-05,131.7222200201216,0.6521352605050568
2020-07-06,105.52008115994623,0.5640561753407718
2020-07-07,102.96505783560065,0.4174893954859529
2020-07-08,74.18522909004517,-0.9276792389504758
2020-07-09,59.31027678058992,-0.3937432881093428
2020-07-10,139.72157579533268,-0.47377486017831427
2020-07-11,140.04180571633304,-0.2797271850569618
2020-07-12,113.31014572732678,-0.8247145064723229
2020-07-13,83.90297910487007,0.8739156460621256
2020-07-14,84.92095746126608,0.10760448142475254
2020-07-15,122.59556788702393,-0.3889513786839529
2020-07-16,139.71102599525773,-0.20603696585143316
2020-07-17,138.70864242651174,-0.10559491899032869
2020-07-18,127.98755458576238,0.2011886667212346
2020-07-19,114.20316461542878,0.031358855392995544
2020-07-20,58.41399649950488,0.8387839464288347
2020-07-21,66.16287140946137,-0.006073034188339488
2020-07-22,139.85541885270794,0.9843160296466253
2020-07-23,110.64290596595899,0.7028499154901915
2020-07-24,50.91970516166297,-0.5829789712853284
2020-07-25,60.14715428660321,0.8611904292878325
2020-07-26,116.35017691080559,-0.7672672042290478
2020-07-27,50.50615838462187,0.6348994169823832
2020-07-28,66.08080514174986,-0.23875341304683984
2020-07-29,104.87337893665861,0.755948640890139
2020-07-30,119.18951976926932,0.7361133802149007
2020-07-31,115.19612595026005,0.6118508002352423
2020-08-01,72.42693094605598,0.5800608726141228
2020-08-02,121.2179221347536,-0.39064172180391843
2020-08-03,73.72490874968001,-0.8381614338974956
2020-08-04,82.53996981592678,-0.1940396424696771
2020-08-05,124.64914051180241,-0.6529509700269827
2020-08-06,114.96328990472146,0.3899021778049234
2020-08-07,134.9223410494178,-0.30780054692442893
2020-08-08,115.76128923003434,0.9512204017198298
2020-08-09,106.83086033354716,0.28194415469066403
2020-08-10,59.36747678280925,0.6449611272687219
2020-08-11,86.77158030594336,-0.7349506545163031
2020-08-12,76.52023676817254,0.7240289645452451
2020-08-13,74.39896433790835,0.8455143810267887
2020-08-14,147.30105547524454,-0.025876162362128197
2020-08-15,89.30977246667604,0.21250587550195488
2020-08-16,139.20465551771133,0.5296196018059909
2020-08-17,113.11386259972629,-0.6503227454791749
2020-08-18,129.48113035416486,0.005132152926884848
2020-08-19,100.2637093105192,-0.2026739444553738
2020-08-20,107.69038846263591,-0.7072520156755018
2020-08-21,99.25176938188639,-0.2649311554169371
2020-08-22,69.52429877980445,-0.8636553812290129
2020-08-23,122.24521152615053,-0.948376186101026
2020-08-24,78.07723624408558,-0.7296674216903545
2020-08-25,52.43159664314538,0.9262302231783477
2020-08-26,114.54722959071678,0.09905907179003393
2020-08-27,67.7110679407049,0.9316443223064399
2020-08-28,144.04585843529145,-0.13500424333973604
2020-08-29,145.39285770025873,-0.37636773382948085
2020-08-30,141.48643902204486,0.012283725680488189
2020-08-31,87.01587002554444,-0.12097662273417975
2020-09-01,51.54566165288674,-0.7886706314765122
2020-09-02,142.83185625877252,0.28165262938041247
2020-09-03,92.81841483173143,-0.5679236349808008
2020-09-04,146.66548190436697,0.23917590979565917
2020-09-05,146.3619977089253,0.30040218479630676
2020-09-06,135.300945546736,-0.6959502937427038
2020-09-07,79.44488920695856,-0.8773007457786637
2020-09-08,88.50977286019253,0.5615231721368796
2020-09-09,135.1136671516857,-0.08039915246135965
2020-09-10,81.69220051562777,-0.8836724089890484
2020-09-11,66.94927466860925,0.9897326343395343
2020-09-12,105.68012624583501,-0.8844388780072667
2020-09-13,143.61547741607808,0.39007045771710636
2020-09-14,119.6029796674973,0.9673578505268272
2020-09-15,107.0061170089365,-0.5216397915681488
2020-09-16,59.71764937707685,-0.7155012626256076
2020-09-17,111.50072266991697,-0.7572301211551422
2020-09-18,149.00538501042632,-0.3934497048648089
2020-09-19,64.0084015236524,-0.7979083779787066
2020-09-20,101.83296523637367,0.3843226833882638
2020-09-21,137.73730719279553,-0.8754164037398746
2020-09-22,124.07686177542044,0.01884425629957942
2020-09-23,119.7015740995268,0.9933937077059536
2020-09-24,120.24840839871092,0.6279405390120376
2020-09-25,85.94911512197552,0.23043887646202177
2020-09-26,79.35918442644933,-0.38749275842677666
2020-09-27,130.93611554785136,0.24779167258327695
2020-09-28,131.01133946791808,0.05408292782330326
2020-09-29,136.70723185801037,-0.14783323221925704
2020-09-30,141.32405525564712,-0.738579246519601
2020-10-01,101.13423988609378,0.7732084304809335
2020-10-02,100.15162946871996,-0.10043070235735496
2020-10-03,129.82951789667752,-0.6107549763584699
2020-10-04,114.99639307777652,-0.26448129824542077
2020-10-05,120.19668772577033,-0.17174049494214594
2020-10-06,129.5792669436101,0.6550757911337486
2020-10-07,139.00053418175662,0.4672287611228041
2020-10-08,83.79951568515358,0.5386097872826796
2020-10-09,87.55829526399441,-0.9779374711427056
2020-10-10,59.3981939840869,-0.16769200364047698
2020-10-11,107.8280140996174,-0.03731169672935275
2020-10-12,53.59422737967421,-0.9616154463538866
2020-10-13,96.55980181324603,-0.48037358250993156
2020-10-14,104.26446347075766,0.52057964624427
2020-10-15,78.65412521282843,-0.7257805885420019
2020-10-16,109.08332605690107,0.0706202629051833
2020-10-17,53.05002499390494,-0.569596255965525
2020-10-18,53.734818874921444,-0.9757584507122135
2020-10-19,132.26005606596584,-0.517597084800917
2020-10-20,86.01906414112628,0.9517475098201076
2020-10-21,62.70605126518848,0.6030742237659792
2020-10-22,102.22432600548044,0.9191532886420668
2020-10-23,126.99935530986109,-0.024291912147275108
2020-10-24,71.58210274968431,-0.780527602644993
2020-10-25,112.28904758190004,0.09591897794738591
2020-10-26,58.5347464993768,-0.09124533088007825
2020-10-27,55.168172116860774,0.6887141654792319
2020-10-28,103.13546315681481,-0.8038348384315108
2020-10-29,104.06351216101065,-0.023517725956443636
2020-10-30,113.74299014982066,-0.6999026706120315
2020-10-31,122.60913337226616,-0.35064814621988005
2020-11-01,147.58520794625346,0.4747141547755993
2020-11-02,101.63003483011954,-0.04796374126246694
2020-11-03,82.29564729412459,-0.24822342970846134
2020-11-04,129.51861947687036,-0.21104744285992938
2020-11-05,77.08322512620742,-0.08110646318802672
2020-11-06,93.8971420705636,0.5700330876741138
2020-11-07,57.8456381342266,0.7841693778804688
2020-11-08,52.53507434154575,0.9106693730078566
2020-11-09,146.2648414677925,0.5738067725105902
2020-11-10,133.59801205122056,-0.36918620850397454
2020-11-11,119.59742060936979,0.3762694121730843
2020-11-12,90.89529444142698,-0.12479375188921615
2020-11-13,67.32943200708458,-0.49065875590789765
2020-11-14,65.6437042671086,0.6817431588518452
2020-11-15,75.02428981645953,-0.92314730207535
2020-11-16,104.92266647061206,0.803523984270847
2020-11-17,121.45959227000624,-0.07704507075053169
2020-11-18,116.01973767177313,0.27440295361656086
2020-11-19,77.99338969459428,0.3187078444115654
2020-11-20,145.4865280663194,0.7902354814130728
2020-11-21,123.78969166957685,0.27333936433441464
2020-11-22,105.43540525114007,0.22786716952012354
2020-11-23,111.17207462343522,-0.8666959188786201
2020-11-24,91.96000624277899,0.03681604389040816
2020-11-25,74.77309895011575,-0.6996619983659167
2020-11-26,85.59726786512616,0.47486753744297117
2020-11-27,125.78461104643691,0.02444384162534896
2020-11-28,51.439348862975585,0.3604555584167066
2020-11-29,61.607264050691626,-0.9166541987952315
2020-11-30,54.600264202175275,-0.8304159679083936
2020-12-01,54.07288023189702,0.4326467761253645
2020-12-02,135.5460584011007,-0.8558313280026533
2020-12-03,120.36578593800236,-0.8574865444694828
2020-12-04,97.41738290873252,-0.9757830495302251
2020-12-05,59.78341606510015,0.9130027965989602
2020-12-06,99.16158751168324,0.4750167189180139
2020-12-07,97.34717707805657,-0.2934971829958717
2020-12-08,67.32018699100152,-0.40692883742468955
2020-12-09,93.3851649237973,-0.3005935405083009
2020-12-10,89.85047343973734,0.5493070623623637
2020-12-11,111.58500980522165,0.3227412221408288
2020-12-12,113.50936508676438,-0.6296088642650641
2020-12-13,54.53040097720445,-0.6517813293318313
2020-12-14,87.46126146264712,-0.8032087005732054
2020-12-15,112.58599157142365,0.3206054394026763
2020-12-16,100.31362585800878,0.5287453244434719
2020-12-17,135.64898411883223,-0.46990714334999195
2020-12-18,115.8693631618945,-0.9581100779381744
2020-12-19,66.29344270814298,-0.8356566650471453
2020-12-20,57.056874740042986,0.9357200696900609
2020-12-21,114.24192782063156,-0.4091104450451595
2020-12-22,52.65113105416218,0.5384462956762672
2020-12-23,108.57755812734632,0.24932713770852755
2020-12-24,144.02302414249576,-0.2361207206942082
2020-12-25,107.5474177875879,-0.5886254756088898
2020-12-26,88.8169926206522,-0.7572271636811871
2020-12-27,114.32882184423532,0.23002593607773325
2020-12-28,95.82528904915166,0.549267561275576
2020-12-29,104.56167893159349,0.28780850708226136
2020-12-30,144.14648087765252,0.06060426649831663
2020-12-31,88.61026378007742,-0.9160975531367275
2021-01-01,146.11905638239142,0.9369775551887676
2021-01-02,140.53506419560637,0.5974283833091492
2021-01-03,69.57911347892964,-0.4143559265980705
2021-01-04,56.936130087516545,0.9599406587177013
2021-01-05,60.07780013774266,0.2037631792726442
2021-01-06,51.822182565154975,0.16484531641449296
2021-01-07,59.44429607559284,0.4961463588590642
2021-01-08,118.30067734163569,0.6235395761802751
2021-01-09,57.1188648460229,0.3129572146630053
2021-01-10,81.89756302937613,-0.7438085072676
2021-01-11,134.48753109694547,-0.3234649880110032
2021-01-12,52.32719357358258,0.8561672806520995
2021-01-13,131.44684825889357,-0.5507687763122961
2021-01-14,78.18547747733999,-0.25566595232497336
2021-01-15,61.81648276216563,-0.135846234111608
2021-01-16,119.67371653641507,-0.12119002061109563
2021-01-17,112.8942846779884,0.22587916498905103
2021-01-18,137.7472013527053,0.8861516754894152
2021-01-19,123.50710438038858,-0.5186145763349901
2021-01-20,130.34809303848488,-0.7569972473981639
2021-01-21,78.20345725713065,-0.6050590202801254
2021-01-22,67.74395437797229,0.773849800418539
2021-01-23,125.06147516408583,0.291621625310412
2021-01-24,130.6834739267264,-0.42818642152167974
2021-01-25,149.0505142000673,0.6318938779372345
2021-01-26,91.26176769114265,0.7227399927268721
2021-01-27,87.20180857927832,0.6930286773805561
2021-01-28,127.64129607419969,0.8378530672791089
2021-01-29,84.08035402530179,-0.49551795965327683
2021-01-30,143.07573256035647,0.5100838574925566
2021-01-31,135.8412751843012,-0.07892100545171998
2021-02-01,92.89940273750184,0.6839971057801231
2021-02-02,125.08710677914974,0.4569813543232264
2021-02-03,125.45428740846823,0.5528948929994493
2021-02-04,60.31238688359326,0.312323675362143
2021-02-05,140.25529066795667,-0.6451424610605863
2021-02-06,100.52523724478571,0.09005383779387666
2021-02-07,132.64574661077415,0.9693394790490164
2021-02-08,82.00496010306117,0.8747761329942378
2021-02-09,139.55232284962005,-0.9136525284059767
2021-02-10,88.92016787341632,-0.6703703685411257
2021-02-11,51.08376514802983,-0.7365424530908762
2021-02-12,140.53819764192636,0.451959819970591
2021-02-13,59.128667678613354,0.6355706597138902
2021-02-14,81.93136375904149,-0.5729772673786562
2021-02-15,145.0061967050805,0.011705385903657994
2021-02-16,145.0607146937556,0.6814060560224
2021-02-17,107.34378881232861,0.4656030895325012
2021-02-18,113.18372121697993,0.08447441098369657
2021-02-19,94.84455219783197,0.18069538091754578
2021-02-20,79.32107716980646,0.01672109383255993
2021-02-21,82.8664545369916,-0.40490309736235885
2021-02-22,117.25184560770384,0.13004398571803222
2021-02-23,125.237452943768,0.3777706041001814
2021-02-24,129.15790437258485,0.7466458317216154
2021-02-25,128.96181427945538,0.27258270795849615
2021-02-26,59.12061030486903,0.522243074086316
2021-02-27,99.44203047025815,-0.679856730090854
2021-02-28,55.755876001664426,-0.07688505116042021
2021-03-01,104.95288823237355,-0.9813367603458134
2021-03-02,94.1530501373377,-0.506642270956754
2021-03-03,138.77041827582997,0.45292343022600967
2021-03-04,85.09150125520787,0.9836199026987269
2021-03-05,61.706701642760585,-0.8016438008255682
2021-03-06,64.29916820528359,-0.1970113682774235
2021-03-07,126.15106317174723,0.600141937398319
2021-03-08,111.8218063316261,-0.5919287307422023
2021-03-09,60.11226761227903,0.11016989860457249
2021-03-10,58.41068061149974,0.4661425920593496
2021-03-11,120.096913145912,0.23197090052035807
2021-03-12,57.27630063641935,-0.6239505307691677
2021-03-13,132.18600592903562,-0.28923086262852116
2021-03-14,120.62422271564962,0.5675835689707944
2021-03-15,58.13487806418998,0.10845302826403325
2021-03-16,58.48377140851919,-0.9895407729141745
2021-03-17,148.66395785011753,0.5219815200561877
2021-03-18,87.42707957561203,-0.9293772901195219
2021-03-19,87.06421470668909,0.4914675654624643
2021-03-20,131.27995672575025,-0.5950388796695252
2021-03-21,144.72485773838588,0.9161469602387604
2021-03-22,148.6001063822871,-0.26411849739583104
2021-03-23,125.33781852589416,-0.3461367673238418
2021-03-24,87.62595855309158,-0.7022238993351106
2021-03-25,58.35007166986688,-0.38879156901957024
2021-03-26,127.71469159274368,0.7533015236564011
2021-03-27,105.8404249735805,0.9926686752544946
2021-03-28,92.42220092469762,-0.2633809389863033
2021-03-29,140.6354385094736,-0.10277873809091487
2021-03-30,61.11974823061513,0.4441418764054741
2021-03-31,99.26251042908592,0.772391560930149
2021-04-01,51.135364476741906,0.1860886683735683
2021-04-02,96.86606419941262,-0.21694860364434132
2021-04-03,55.63032756818374,-0.1747563183027525
2021-04-04,61.88179162680719,0.39123629299361373
2021-04-05,61.752624677710486,-0.9935634727914426
2021-04-06,114.92103021160635,0.23917867491968137
2021-04-07,124.60448792654233,-0.2890139791172852
2021-04-08,108.33687650971596,0.5883946625541685
2021-04-09,146.21725484745417,-0.8140187203537357
2021-04-10,87.4870579523704,0.176404533896781
2021-04-11,78.57120862818607,-0.03805422022775251
2021-04-12,136.85991281894604,0.2846510518104548
2021-04-13,72.35958385194526,-0.8702928110340633
2021-04-14,146.32225394406112,0.15996757485626256
2021-04-15,51.21544746898164,0.12296917591904744
2021-04-16,146.9878826707639,0.12132018883234186
2021-04-17,54.31599119505761,0.20697533319290962
2021-04-18,139.11431136980713,0.35293587445272445
2021-04-19,102.77011090862999,0.6099779993615395
2021-04-20,149.29647961193004,-0.4603585597435713
2021-04-21,57.37965647353989,0.6500988203601241
2021-04-22,105.38542844013207,-0.0034886354730927494
2021-04-23,146.9302535619099,-0.8458834417313377
2021-04-24,102.30978441701488,-0.8828981415120416
2021-04-25,112.93986381352624,-0.3315233626078784
2021-04-26,119.57486889846172,0.5697939542229351
2021-04-27,95.45410647677733,0.4153618694818315
2021-04-28,112.75580800840635,0.5772299293448129
2021-04-29,108.43143119231001,0.03453811288321873
2021-04-30,140.11580104909888,-0.11960200408901889
2021-05-01,54.54463803414579,-0.7050949465874321
2021-05-02,78.09631895922303,-0.3436144927813769
2021-05-03,145.04114840765587,-0.13196126765224947
2021-05-04,139.02637838909163,-0.8227991406407655
2021-05-05,95.56567527857129,-0.5587760945775775
2021-05-06,112.01325978015367,0.19645058812747762
2021-05-07,77.73811829811326,0.4713262284783797
2021-05-08,68.81211597237613,0.9966950227858993
2021-05-09,96.36984049399823,0.8662266626871153
2021-05-10,85.33522280260527,0.28513039907038307
2021-05-11,108.3656111850872,-0.157503893411856
2021-05-12,57.77346369649848,0.27235472941646544
2021-05-13,147.43948076661667,0.571303236160464
2021-05-14,148.62107444796027,-0.7633276181532254
2021-05-15,119.81617140197451,-0.1801902206074235
2021-05-16,103.60963663441204,0.6796045712712344
2021-05-17,80.95276162863277,-0.23233409613391198
2021-05-18,131.37950197069486,0.14374454245437307
2021-05-19,118.47311725538793,0.17553872172439644
2021-05-20,66.26169393448913,-0.6310474937327213
2021-05-21,141.09271844938425,-0.27552911669542324
2021-05-22,132.25372429231692,-0.3309774225161357
2021-05-23,144.9799913291924,-0.9476065829358704
2021-05-24,122.571950838836,-0.9516164722172895
2021-05-25,111.341519593579,0.6633940873515469
2021-05-26,91.82430362906189,-0.4538583800543752
2021-05-27,143.2728483354013,0.03615753247763087
2021-05-28,136.60638895004084,-0.4025488528224539
2021-05-29,54.52186701061894,0.881358490230681
2021-05-30,52.6366974497252,-0.4814064822684525
2021-05-31,87.64633668780496,-0.14068637452212984
2021-06-01,131.0553330781833,0.7454605009692037
2021-06-02,148.72761293149443,0.6838671335836173
2021-06-03,65.04168911035282,-0.6277971643074454
2021-06-04,109.4130715352135,0.6052866195914208
2021-06-05,88.08908566310215,-0.0836262265242147
2021-06-06,146.99143978146031,-0.03406225582928957
2021-06-07,134.21189231357087,-0.7330400551681124
2021-06-08,133.83287047111378,-0.8387969724857507
2021-06-09,96.86931597949703,0.4558786139475304
2021-06-10,91.48195023376653,-0.0070776952894004985
2021-06-11,77.34070719307063,-0.1262985947696409
2021-06-12,55.63754966509271,0.45901645730479346
2021-06-13,136.47223762550533,0.5310257979822195
2021-06-14,131.29010091300776,-0.6821836646612929
2021-06-15,149.97176732861305,0.22045029895528256
2021-06-16,149.66368370739053,-0.7292918354446289
2021-06-17,105.54317056026275,0.5027501720580914
2021-06-18,126.89874151805105,0.31391031253427903
2021-06-19,144.47657298824282,0.9132292421669159
2021-06-20,134.96473906774116,-0.8620839672871576
2021-06-21,74.73481017431976,-0.8858905576974914
2021-06-22,95.05441353100935,-0.4356258506135997
2021-06-23,62.9159415151495,-0.47658863252818806
2021-06-24,145.40510272587224,-0.5060424018560004
2021-06-25,110.617463445088,0.8125091610420734
2021-06-26,72.86428055034628,-0.5009076003009878
2021-06-27,117.17006844058567,-0.456100547742738
2021-06-28,111.81282404578958,0.5187965248359274
2021-06-29,85.81627180328405,-0.10052031509892001
2021-06-30,61.355759219962906,0.5534211139103624
2021-07-01,117.15731955927996,-0.8692676848712295
2021-07-02,102.03077009037932,-0.024857612653231387
2021-07-03,127.23183917356393,-0.9327727996334347
2021-07-04,102.01635011119933,-0.874693593089291
2021-07-05,135.218150031854,0.8128749066888219
2021-07-06,105.19068387744855,-0.7215092577648097
2021-07-07,106.09379715353862,0.06484136455043421
2021-07-08,137.66536026583452,-0.1778087947985869
2021-07-09,90.34828662123971,-0.30531334748231465
2021-07-10,63.40152284506407,0.7996666913745449
2021-07-11,52.8782676313339,-0.956353206449021
2021-07-12,125.5137255673619,0.3275793723511782
2021-07-13,112.03095513534646,0.9267888684271008
2021-07-14,120.40797680992236,0.12033636692368388
2021-07-15,71.29641615089108,0.8736449240661837
2021-07-16,63.63714755867697,-0.8954842414279525
2021-07-17,51.45446656678819,-0.1624133618516772
2021-07-18,85.0587558806597,-0.4796844180758977
2021-07-19,108.99176868546331,0.4616419299614596
2021-07-20,89.22440450997323,0.9625941809944933
2021-07-21,93.74749220237291,-0.4869398751115044
2021-07-22,140.41586944937484,0.30834920294814894
2021-07-23,84.82554670233003,-0.6038047344805197
2021-07-24,101.39894891598108,0.1306605091432198
2021-07-25,128.3653012741143,-0.0721350266233276
2021-07-26,89.65427823212701,0.9440106592630741
2021-07-27,112.20867002278735,0.21705454539293312
2021-07-28,136.23637087467452,-0.30098725582636243
2021-07-29,144.95206236576422,-0.7718084302241333
2021-07-30,64.7073480929038,-0.6975063425301309
2021-07-31,142.65876251614944,-0.5493661400975298
2021-08-01,99.21162930795381,-0.498066677319404
2021-08-02,75.82443882989584,0.7012321156822756
2021-08-03,95.91357562382613,0.12244557656504984
2021-08-04,148.0032575285477,0.04678182274873288
2021-08-05,99.26180939928696,-0.7704622562615651
2021-08-06,82.87516102875082,0.7202793866988699
2021-08-07,113.34008543167258,0.44562860641696744
2021-08-08,74.0145618778193,-0.8646632761999968
2021-08-09,57.586332810866395,0.41567019445953735
2021-08-10,62.88797219106492,0.08707643468529214
2021-08-11,62.80458389577724,-0.8365493085064435
2021-08-12,65.19026935122943,-0.08339871694268708
2021-08-13,63.882717264941014,-0.030607425739906047
2021-08-14,114.08747448032146,-0.6684509196734485
2021-08-15,68.18800843991448,0.8913962940005646
2021-08-16,84.56672833238632,0.6999507429613239
2021-08-17,139.6788409906012,0.33804467465821664
2021-08-18,97.39616402628724,-0.0754088779987856
2021-08-19,116.75577385210272,-0.17646891683098298
2021-08-20,67.23198712016298,0.30194693430190833
2021-08-21,69.22890188086708,0.09086373881381093
2021-08-22,54.08686162664789,-0.8754537882362288
2021-08-23,66.89350630721646,0.025005297540663385
2021-08-24,77.85903390319586,0.612807234465679
2021-08-25,67.70104842767468,-0.08152024480608389
2021-08-26,58.87025337570556,-0.8960868448914632
2021-08-27,62.063587110060084,0.5725563987680662
2021-08-28,96.07787680327257,-0.5972724357280512
2021-08-29,70.63337184057926,-0.48275833022392245
2021-08-30,86.42698610480755,-0.6705872931354082
2021-08-31,100.34172708548569,-0.3395698702570049
2021-09-01,119.03948286293652,0.5135030113772701
2021-09-02,53.931213984109895,0.03877171900787468
2021-09-03,129.94103989090428,-0.5902374516985749
2021-09-04,112.79003894909079,0.7556601563040817
2021-09-05,58.17590319488719,0.7591637099030584
2021-09-06,137.35786241067774,0.7411568500920138
2021-09-07,142.08724005318132,-0.5224075772369214
2021-09-08,56.107795985486376,-0.0975213116380238
2021-09-09,77.68776481472037,0.9699793122817502
2021-09-10,130.62012797930612,0.5440249526199807
2021-09-11,124.82596903836584,-0.9456651575488804
2021-09-12,68.45210193563773,-0.8695908174790159
2021-09-13,70.93493233367103,-0.07213724637533447
2021-09-14,87.0472102791382,0.8184404117231203
2021-09-15,98.45229851910213,0.07740359590542845
2021-09-16,111.8254771530296,-0.0043749839314195516
2021-09-17,86.89136395697724,-0.7890526000867388
2021-09-18,96.25347161331479,0.3135602094485881
2021-09-19,124.74709381337566,0.644206321200451
2021-09-20,53.66832028905979,-0.23915998498487534
2021-09-21,75.24369443440207,0.551223701850655
2021-09-22,121.33495858845524,0.9289533078016232
2021-09-23,139.52068376871995,-0.5924670817446218
2021-09-24,101.16774421156661,0.04665926238948259
2021-09-25,103.21134852653157,-0.4257240838308489
2021-09-26,60.7172011339776,0.5857088380676787
2021-09-27,94.74123668234546,0.155186731762315
2021-09-28,103.2617266455023,0.2691648351006075
2021-09-29,74.24705036347297,0.5958283192317881
2021-09-30,76.9243230949381,-0.20805905467509023
2021-10-01,87.72841631046226,0.8301801368140864
2021-10-02,52.00711977777264,0.06605773449227992
2021-10-03,82.20791655831783,-0.684090354329304
2021-10-04,71.14480069965447,0.3917982363376049
2021-10-05,82.74973521779147,0.5865227008765088
2021-10-06,61.97621318192512,-0.36647664586494666
2021-10-07,139.0527280739895,0.7143585139975059
2021-10-08,109.35924535540487,0.8122865095315328
2021-10-09,117.91023191444896,-0.44619102524438214
2021-10-10,128.91712386073382,0.9670429454304441
2021-10-11,99.84421989290573,-0.7185769439024832
2021-10-12,58.69202880874237,-0.5959686631950201
2021-10-13,103.71065418185478,-0.6315503215239477
2021-10-14,108.68411180208791,0.7879794200157408
2021-10-15,124.54394741843299,0.3085851046499237
2021-10-16,93.16595462296794,-0.6957914335554543
2021-10-17,62.75803027955638,-0.11935316326330203
2021-10-18,78.37759057987245,0.23059605013960405
2021-10-19,86.30822963986351,-0.8330718300212334
2021-10-20,114.59172413316013,0.7648327368146774
2021-10-21,107.07783046689119,0.6072070708830704
2021-10-22,85.60967258978462,0.01041354715327647
2021-10-23,148.65152487929797,0.9342532305183409
2021-10-24,110.57748193568872,-0.1644780414498006
2021-10-25,73.72267917359945,0.9682206380729956
2021-10-26,60.17824726204037,0.33583999760725414
2021-10-27,65.28591391843321,0.2693425465078829
2021-10-28,74.59577283845081,-0.66809020940843
2021-10-29,66.06813732595558,0.763855516609288
2021-10-30,68.65670240513057,-0.1450206241587697
2021-10-31,78.50951686938471,-0.6755331884350413
2021-11-01,67.33735952947548,-0.9747849600484819
2021-11-02,139.67654246264252,0.11951136727676515
2021-11-03,58.02337456616422,0.05479924424535265
2021-11-04,102.45113895702546,0.4387072447383171
2021-11-05,91.03968269896615,0.7805161060356043
2021-11-06,148.23786169086065,-0.841186830713941
2021-11-07,61.203890216805235,0.4629929806807247
2021-11-08,89.78555990457417,-0.6251761118048356
2021-11-09,146.9470433275369,0.7163541063143279
2021-11-10,136.55071258939802,0.6381270277233122
2021-11-11,131.70720709492798,0.08158750997108877
2021-11-12,75.79028270449399,0.42048559724662304
2021-11-13,67.08875873900658,-0.3712997736325032
2021-11-14,116.8643219924431,-0.057664202134370734
2021-11-15,142.93759891275857,0.6432737954209433
2021-11-16,105.67628930139298,-0.0814696056535722
2021-11-17,107.16126894698999,-0.2844034693491164
2021-11-18,77.99790936602841,-0.011575105499400218
2021-11-19,126.94929331919369,0.6564985048744367
2021-11-20,68.70437485575233,-0.32958390525825454
2021-11-21,82.36792364042437,-0.6524768137285124
2021-11-22,92.54364386164167,0.4240280406615615
2021-11-23,100.7610378684455,0.6519564254161636
2021-11-24,74.24097324150802,-0.7987250429529333
2021-11-25,61.483682473920354,-0.5202517744881106
2021-11-26,111.06200424416326,-0.7160560204780122
2021-11-27,78.86305532402558,-0.30411717683566675
2021-11-28,108.12382214226122,-0.0992980421891747
2021-11-29,65.43627152742023,0.49765267392661294
2021-11-30,98.11401018548175,0.30229516976334825
2021-12-01,103.25894325515858,0.24185713495686234
2021-12-02,55.18235368224269,-0.2952501067806912
2021-12-03,83.66042781939205,0.6828951061695199
2021-12-04,63.44146769389742,-0.05742566520367087
2021-12-05,56.33749704727678,0.958209876030309
2021-12-06,148.99602323899452,0.2682842765914737
2021-12-07,82.2353844974723,-0.7474705168709945
2021-12-08,130.9874445854635,0.352355124150868
2021-12-09,75.46406547637639,-0.34979196913660204
2021-12-10,118.15027222239293,0.37265439337219486
2021-12-11,126.02278598896865,-0.8607177036751885
2021-12-12,109.56387406078443,-0.6502371256480812
2021-12-13,97.15761885501584,0.7114745178115727
2021-12-14,91.18409141472685,-0.5456408859529702
2021-12-15,84.88682665429954,0.6740822504858801
2021-12-16,142.9529144247826,-0.44144782309117914
2021-12-17,133.0619407787729,0.2857638201174153
2021-12-18,146.50269106665127,0.388301147019662
2021-12-19,62.42972234855447,0.025309506290105865
2021-12-20,123.08674752036443,-0.3893786466065374
2021-12-21,143.83404568210378,-0.5747112472578078
2021-12-22,68.12330661656601,-0.9336212908751476
2021-12-23,56.649626736677746,-0.3921071975185524
2021-12-24,124.11206492900591,0.306325581062566
2021-12-25,107.4473113179912,0.8766096368969654
2021-12-26,134.1828776758272,0.742408964526104
2021-12-27,63.97723766262895,0.5321295530706052
2021-12-28,129.52673118598904,0.5768946865065974
2021-12-29,70.16273200477445,0.3299698069519905
2021-12-30,66.36559428657046,-0.479426284867994
2021-12-31,66.4265797930993,0.8143900614116597
2022-01-01,131.45747202313822,0.3414646238116681
2022-01-02,116.51972206962002,0.1208812619608799
2022-01-03,102.30654247691193,-0.7780210615730379
2022-01-04,85.88304841235025,-0.10588891238714915
2022-01-05,137.72005408131082,-0.07928345759614741
2022-01-06,89.24451074226354,0.72912721904534
2022-01-07,131.65994394715773,0.09329644037557694
2022-01-08,93.91349085702184,-0.2391989020591807
2022-01-09,87.69444294249075,0.9536006570213187
2022-01-10,96.26797856696064,-0.7785588133473687
2022-01-11,80.13778741641421,-0.15490314337611077
2022-01-12,124.76093801762511,-0.9159506496571894
2022-01-13,100.27203900924792,0.4798082415338607
2022-01-14,73.22126951468172,0.8361531043983013
2022-01-15,139.95745732745684,-0.43992534089902113
2022-01-16,88.38912213732114,0.7166833535982418
2022-01-17,104.35528611139887,-0.41556353907620447
2022-01-18,140.6472110964547,0.8215403232878304
2022-01-19,112.42379959139922,0.5079238071935679
2022-01-20,61.68980407083641,0.6098135536828773
2022-01-21,143.9832123613475,-0.963986888799091
2022-01-22,112.77080530714179,0.9256207141480519
2022-01-23,83.49056146570861,0.4533419841406465
2022-01-24,63.927207266338726,-0.39049780922773336
2022-01-25,129.4025189270296,0.6587893297176939
2022-01-26,112.00727559285136,-0.4369576031701401
2022-01-27,103.34610919763216,0.7455076791322559
2022-01-28,139.38925830509578,-0.774839219176126
2022-01-29,128.8597211224531,0.4073719549215915
2022-01-30,65.16748797327512,0.08139695328982066
2022-01-31,81.17220677955483,-0.8069310596091184
2022-02-01,74.84891398144657,-0.516212343482322
2022-02-02,124.3946292572677,-0.9751919274453704
2022-02-03,53.35324347357794,-0.06246406907098834
2022-02-04,106.98896848713164,-0.39746947847999925
2022-02-05,126.24586857406905,0.19671496859551763
2022-02-06,137.67656367617496,-0.40552438458276563
2022-02-07,84.20817487159076,-0.4001617769860306
2022-02-08,132.12573046720127,0.4863863974632068
2022-02-09,61.063173695520724,-0.9037143280432931
2022-02-10,134.6452291734518,0.8057899903839745
2022-02-11,62.74886623319824,0.7045277487823629
2022-02-12,89.72872905603673,0.33560936645281303
2022-02-13,129.72953657795534,0.1864431402147686
2022-02-14,64.99174273487738,0.7846049962793045
2022-02-15,72.92513952326415,-0.6293396409425711
2022-02-16,122.22525683930662,-0.8420616756183428
2022-02-17,122.00365365460743,-0.5209796601809238
2022-02-18,114.11476328852973,0.5891565574003805
2022-02-19,119.39484444671,-0.9306594665470334
2022-02-20,104.27244433475963,0.16561367016697925
2022-02-21,75.17990589069527,0.9908750323826199
2022-02-22,84.56959935039194,0.7113921876750788
2022-02-23,68.15977168014257,0.04289137808717891
2022-02-24,140.84505613336285,-0.8727181814267153
2022-02-25,108.33917947661205,0.6627470287714197
2022-02-26,90.08514167636399,0.1979570163544211
2022-02-27,96.20058036441327,-0.7701340058808663
2022-02-28,144.72833396118153,-0.8122854303532876
2022-03-01,65.33514031160801,0.8192536388731848
2022-03-02,108.62298320167972,0.3384005258761569
2022-03-03,100.5888678884466,0.6585735986335111
2022-03-04,111.14542354346477,0.7579578005645347
2022-03-05,51.81101838208405,0.14354470409664444
2022-03-06,137.21239089441514,0.03489270351008256
2022-03-07,143.21182824836126,-0.13914517935801962
2022-03-08,106.51331835892088,-0.36610682441776143
2022-03-09,119.66508238768922,-0.13080807828257646
2022-03-10,142.24993811772958,0.5477593114603128
2022-03-11,120.72386343133986,0.20384686203026314
2022-03-12,65.25390429142614,0.7850465799096922
2022-03-13,107.62883601668132,-0.11323997124162455
2022-03-14,110.6715046382856,0.21417915743750804
2022-03-15,92.4130671302386,0.26261510618397743
2022-03-16,123.64442356247228,0.18339432461265104
2022-03-17,143.43670147690148,0.40526754617103267
2022-03-18,142.55685129067763,-0.5251330632503874
2022-03-19,95.08393714041321,0.02472755509158131
2022-03-20,61.323804584075525,-0.7915503943833047
2022-03-21,148.48411989623344,-0.2309773447103749
2022-03-22,133.88980864459342,-0.02466586275747118
2022-03-23,62.46626812032669,0.30444851909094495
2022-03-24,142.08418826173724,0.901062105172407
2022-03-25,136.98963620621282,0.20130213309671174
2022-03-26,101.88380571260721,0.4871878323531196
2022-03-27,109.12754357449293,0.012532118990405516
2022-03-28,89.90027038701302,0.2682080627526626
2022-03-29,55.47616388220313,-0.8581355677324531
2022-03-30,83.51972416459009,-0.491216838316306
2022-03-31,130.28534485980114,-0.2762938135897226
2022-04-01,50.46320230046029,-0.05501328998697286
2022-04-02,83.34991716911442,-0.9087025089952325
2022-04-03,89.81686935909434,-0.7199518048933646
2022-04-04,103.7395602937923,-0.44637138441738844
2022-04-05,141.98556164127604,0.9430653818021013
2022-04-06,84.63459943659612,-0.3373059857938985
2022-04-07,84.69532018962278,-0.035917883775834936
2022-04-08,123.75012481097484,-0.6078045745232141
2022-04-09,95.22179408898072,0.22156014215153652
2022-04-10,72.4604822939982,-0.4386335689680514
2022-04-11,95.24395161326933,-0.5860148431231464
2022-04-12,64.08570203797998,0.03314525689195813
2022-04-13,67.63869865062233,-0.9889884016791584
2022-04-14,99.83677727394797,-0.9846719347015493
2022-04-15,91.89254495045479,-0.5618623817962844
2022-04-16,141.48459010681,-0.9265572749983577
2022-04-17,86.23938991166331,-0.7839484917386172
2022-04-18,108.05883502780435,-0.3222787013224968
2022-04-19,113.22642879195304,0.6051713591596257
2022-04-20,51.30944565883336,0.14409728673860167
2022-04-21,116.35373720167107,0.025335451912832818
2022-04-22,67.80359668697514,-0.4130223535837567
2022-04-23,146.1070317469455,0.8635074388656327
2022-04-24,64.8662727753113,-0.20596991752561666
2022-04-25,91.46241237270237,-0.825814466408457
2022-04-26,58.534966807864386,0.23413303223560256
2022-04-27,149.68742518459473,-0.7723232130467972
2022-04-28,100.21950103312426,-0.30955371439661583
2022-04-29,109.53850173200438,0.01482387743561775
2022-04-30,56.70764773884275,0.7484450493703516
2022-05-01,124.99604703991778,-0.012906839319762664
2022-05-02,70.99055930955858,0.4045175320633285
2022-05-03,139.80542894407137,0.9856336779981407
2022-05-04,70.51396404820072,-0.7370217602040368
2022-05-05,69.06877206636665,-0.45053694896096097
2022-05-06,53.65496678480949,-0.2108478488047072
2022-05-07,97.20669451099992,-0.15634364292233727
2022-05-08,106.48411332626165,-0.17795784946890847
2022-05-09,56.57086394283524,0.8152220051131098
2022-05-10,127.55276166950105,0.4280652889337129
2022-05-11,95.32888347480275,0.2158104281814075
2022-05-12,102.439026932758,-0.3812545642744358
2022-05-13,94.07627469382282,0.6475807684425894
2022-05-14,90.0763060875326,0.9101210229699779
2022-05-15,105.96403313082179,0.6423965651004531
2022-05-16,65.52402459307125,-0.9968697896170542
2022-05-17,68.1928130495271,0.27280274036681407
2022-05-18,136.17856210135173,-0.8977292371157986
2022-05-19,144.61154621336328,-0.4847855593325563
2022-05-20,87.3309316279753,-0.8809505993044566
2022-05-21,77.07446731435537,0.2075909058987755
2022-05-22,114.39995432390158,0.37317982698521357
2022-05-23,90.87341710980964,-0.7710247238681898
2022-05-24,52.538635566034486,-0.23232223391004103
2022-05-25,65.61525973661904,-0.08752698208891596
2022-05-26,121.59722288473975,-0.2618939564781668
2022-05-27,115.89239419101514,-0.7579499990296139
2022-05-28,52.70959925034835,-0.16210441962504918
2022-05-29,72.19721619329495,0.5023560956168363
2022-05-30,73.10747965880714,-0.8579846709334891
2022-05-31,117.18927435987284,-0.8396399718361931
2022-06-01,51.97105377543642,-0.29045741632803157
2022-06-02,60.41085819845738,0.8834514232378501
2022-06-03,129.99160853731894,0.3371452934458281
2022-06-04,67.85446620543337,0.3573399133451296
2022-06-05,115.27461078518748,-0.27616001832427006
2022-06-06,73.81827810467266,0.18732158241707686
2022-06-07,59.94413927593452,-0.9797376319445132
2022-06-08,74.3172190999454,0.2721920928190844
2022-06-09,122.22669318556592,0.8265738951524735
2022-06-10,135.56964681062857,0.22514693668963837
2022-06-11,133.02198645669915,0.7473971869326901
2022-06-12,89.71835296184548,0.4479461109321876
2022-06-13,116.80851365706462,-0.7588831671926195
2022-06-14,70.4984295415821,0.8049066145716834
2022-06-15,79.31477302610134,-0.8671123112884502
2022-06-16,139.63358185211197,0.06793494509552755
2022-06-17,51.300192351073605,-0.7157257524130847
2022-06-18,58.5508530854468,-0.9765867785381919
2022-06-19,70.78862551460273,-0.155931479744722
2022-06-20,52.65322038738197,-0.4099185846916875
2022-06-21,68.14354350897973,-0.027999012404793966
2022-06-22,108.30415609696922,0.1543997734691016
2022-06-23,92.1424550592498,-0.9125218553821053
2022-06-24,139.2671711076975,-0.7539934097525087
2022-06-25,131.7443561738441,0.1172847929008507
2022-06-26,84.1817351697876,-0.31366529365468354
2022-06-27,75.94234334312925,0.458346975098896
2022-06-28,87.96924081672668,0.30458329718387933
2022-06-29,109.02949425148077,0.6912087259798136
2022-06-30,76.80636408228763,0.3849856533384506
2022-07-01,112.41489078491341,-0.14013784521970374
2022-07-02,90.94116521912404,0.3459332447888648
2022-07-03,105.20471808519802,-0.44923765148916295
2022-07-04,93.61265291353166,-0.38737300244357464
2022-07-05,79.44657595419177,0.5779703198415866
2022-07-06,144.84533069621568,-0.10716096719683565
2022-07-07,126.36057941597608,0.596760681036705
2022-07-08,64.01131757664525,0.6448447473365568
2022-07-09,136.84679758979127,0.7151246753225675
2022-07-10,98.74311982495136,0.8332704716824146
2022-07-11,139.45522268940914,-0.13802955897340752
2022-07-12,129.98552559473154,-0.36226636335772233
2022-07-13,92.52135044692335,0.16439749318822772
2022-07-14,52.24693083201174,-0.25765515312474485
2022-07-15,76.8677359384946,0.2021483336004659
2022-07-16,104.16342146608669,0.4111717252876492
2022-07-17,113.34782198261473,0.37681003698427373
2022-07-18,75.78876854332023,-0.2508942259597573
2022-07-19,63.93560740728241,-0.6662795966024944
2022-07-20,133.4930236799299,-0.13894132307558493
2022-07-21,148.44021807035523,-0.7148117118361825
2022-07-22,102.56901823026858,0.7801940703676167
2022-07-23,67.16792858483035,-0.3082450785242852
2022-07-24,77.2307326519369,-0.6910805055533524
2022-07-25,51.83906765474667,-0.9491044801884982
2022-07-26,141.4298806560499,0.2916447725729685
2022-07-27,61.77510828901411,0.2738046349094865
2022-07-28,107.65164755142536,-0.31879166683741667
2022-07-29,77.4055220687206,-0.856576222304698
2022-07-30,105.41780025157934,-0.18074221020953596
2022-07-31,115.14203883518643,-0.37756500987321284
2022-08-01,132.97418037072015,0.3542412794700187
2022-08-02,70.64212717606031,0.2115584989053807
2022-08-03,51.09958286584805,-0.27081254360492
2022-08-04,63.68856300688073,-0.5642148914900198
2022-08-05,140.00186418481053,0.9760719323111837
2022-08-06,137.38900775625154,-0.09199675760777026
2022-08-07,109.74131021703083,0.3765484715604741
2022-08-08,110.05168604336534,-0.7188940648432784
2022-08-09,116.50366745462554,-0.0288206006812044
2022-08-10,67.53712786234496,-0.944926560261069
2022-08-11,141.44119459249598,0.010910235820899894
2022-08-12,91.8770524892073,0.9280348142354047
2022-08-13,88.31385282494975,-0.23158657402839955
2022-08-14,101.89177052828376,-0.9220079748501768
2022-08-15,54.696596677505504,-0.9380884181613129
2022-08-16,66.62833687560794,-0.22402648010626103
2022-08-17,123.80336164263704,-0.6799501270736119
2022-08-18,58.27986679251265,-0.9532958073436282
2022-08-19,110.31521094663881,0.5124272279003537
2022-08-20,74.5349109681321,-0.08295398223621864
2022-08-21,88.92956140419766,-0.42151045605469095
2022-08-22,78.86937367706999,0.8001663660329614
2022-08-23,85.56727164649492,-0.7677220795989488
2022-08-24,121.90459051842456,0.9118376579106384
2022-08-25,79.71217156231751,-0.37206656524529436
2022-08-26,106.64046402968972,0.7768073446173624
2022-08-27,97.60504021990997,0.20588575295892309
2022-08-28,116.36711653626482,0.6534147194829749
2022-08-29,143.68297393247582,0.9680263264209286
2022-08-30,123.25720972102503,-0.42318912436250855
2022-08-31,71.49403785907568,0.9222709708151859
2022-09-01,53.118313506128466,-0.2210362101951593
2022-09-02,76.22640442998251,-0.22897619052615537
2022-09-03,109.50779307002549,-0.3192257914909886
2022-09-04,55.14258134842503,0.08281521469517039
2022-09-05,99.63662472012363,-0.6917099136430258
2022-09-06,109.68428489168892,0.10742297071602236
2022-09-07,83.42438908169609,0.08340962482000802
2022-09-08,127.09122037458219,0.52380362520974
2022-09-09,60.65982531337718,0.6672999238751711
2022-09-10,57.513778173580874,-0.11911729937515192
2022-09-11,122.81887562036033,-0.3953335012970125
2022-09-12,99.54913162061985,-0.48133020536581106
2022-09-13,118.84023964277361,-0.6107523265902561
2022-09-14,93.48273386037462,-0.8847048356019502
2022-09-15,74.64020332391068,-0.3151040423305733
2022-09-16,131.91023176742,-0.4595046157384335
2022-09-17,129.94158789689794,0.9328347717328147
2022-09-18,119.46964708544267,0.11541765250008784
2022-09-19,77.21451372299627,-0.3054459219389849
2022-09-20,109.0230666869087,0.16093520198739197
2022-09-21,86.09738969400269,-0.721606597308609
2022-09-22,59.158207332663416,-0.11191250159559418
2022-09-23,141.73135754622427,0.25246864284212767
2022-09-24,63.68186309189614,-0.022204336415097226
2022-09-25,145.02373538208025,-0.1964423986913515
2022-09-26,94.60057729579557,0.9876967777993964
2022-09-27,68.51329288386196,0.760629524297854
2022-09-28,104.1900947378358,0.24681191631888022
2022-09-29,137.29458358764083,0.13875472236456554
2022-09-30,123.22248864095612,0.2413209596491681
2022-10-01,130.65611478614497,-0.5973757843551335
2022-10-02,115.87833667107174,-0.20972451347136278
2022-10-03,119.22765645178525,-0.9210809342182014
2022-10-04,134.91956515653192,-0.048907925026346666
2022-10-05,74.96680088591859,0.08604916791532635
2022-10-06,98.94249636431405,-0.5445005277935808
2022-10-07,72.12094418196023,0.9280576943310275
2022-10-08,148.76680079966468,0.818909221874484
2022-10-09,144.40593396866132,0.4442864709118117
2022-10-10,53.94268113685059,0.06677325753072516
2022-10-11,120.55751725156884,0.7399383192953699
2022-10-12,142.52483174156657,-0.7386953123530742
2022-10-13,68.05753451273335,0.58101958854977
2022-10-14,106.79452305526294,-0.7503583720663034
2022-10-15,141.54882975880417,0.5884213250988108
2022-10-16,53.394597858579885,-0.4484648634972861
2022-10-17,119.742026724684,0.7541811620363779
2022-10-18,79.73490073725507,0.8880841876507957
2022-10-19,142.43961953765304,-0.7024080611897687
2022-10-20,147.10582451653676,-0.07464878986921297
2022-10-21,144.4266489113434,0.9619747563253702
2022-10-22,97.42142166574638,-0.03318512805370677
2022-10-23,136.20426509893133,0.7270950450290903
2022-10-24,134.45493985350703,0.1774630442626397
2022-10-25,81.91004732432556,-0.24934018416079629
2022-10-26,132.89154741506775,-0.4284328889482596
2022-10-27,53.700763471549266,-0.5935538178278255
2022-10-28,109.6269878482053,0.5235963827553944
2022-10-29,73.0008837287703,-0.22691898635394425
2022-10-30,62.05668857772788,0.022550924401502304
2022-10-31,57.695320162920915,-0.015349039997636149
2022-11-01,119.62887758781397,0.15455805846626247
2022-11-02,83.9874963768066,0.7311542912491045
2022-11-03,122.47667715287615,0.9614786871668588
2022-11-04,56.53563407989424,-0.18483158285236612
2022-11-05,81.52903378306104,0.6550378442126061
2022-11-06,103.94912923753373,0.5290555893094353
2022-11-07,129.07231648389637,0.1470579029111465
2022-11-08,81.87525029320699,0.9120942872238662
2022-11-09,112.58913764370091,-0.5990509689431944
2022-11-10,138.5977748236187,-0.7814715793807572
2022-11-11,111.58631881823047,0.7079239339108443
2022-11-12,73.29594747536338,-0.1217003667325034
2022-11-13,52.4400781556538,0.693937708414121
2022-11-14,137.00988739009298,0.7861804103908299
2022-11-15,52.126941085038716,-0.8750848127618571
2022-11-16,137.47016726841994,0.7669295259721214
2022-11-17,102.8937134027212,-0.10336188926115564
2022-11-18,143.90676985128962,0.02086497800846443
2022-11-19,129.87832357736653,0.25318502218642047
2022-11-20,149.79341105333373,0.8527652134601735
2022-11-21,85.07118154517102,-0.9617678111404719
2022-11-22,126.71882889311269,-0.0463130633643658
2022-11-23,90.19309136092421,0.37544408486112135
2022-11-24,97.98756203039088,0.4454139153964569
2022-11-25,112.750546321837,0.38506486307421595
2022-11-26,137.36771141863386,-0.7311297411837563
2022-11-27,148.4083469199295,-0.40120882325663754
2022-11-28,126.82734138645182,-0.2825689491659731
2022-11-29,91.77667821673337,0.60887441535901
2022-11-30,92.13570022770702,-0.44248025517089395
2022-12-01,123.75823015888915,-0.5785900722655937
2022-12-02,73.87771457683023,0.9148960380761924
2022-12-03,61.04741131313946,-0.9822734297730622
2022-12-04,85.46221576407765,0.9956417113639564
2022-12-05,78.72389916540817,0.35364259771479123
2022-12-06,79.63081204559901,0.6569385988982341
2022-12-07,73.36077510499099,-0.4107612073076137
2022-12-08,54.209318963636186,-0.97136944466588
2022-12-09,51.78739347334138,0.4757390371230601
2022-12-10,148.77223897360315,0.6682891940013516
2022-12-11,92.77731337358622,0.48095226390703827
2022-12-12,88.43266471596817,-0.7142994253983228
2022-12-13,117.96472826930699,0.5068558445139382
2022-12-14,71.82538878650641,0.537845564215282
2022-12-15,144.99611839502253,0.3170810313401098
2022-12-16,128.6345014415552,0.5322318655911724
2022-12-17,58.94110023122595,0.6918428793554643
2022-12-18,91.75807757849284,0.22720822847491684
2022-12-19,137.9118307562165,-0.8227905720606419
2022-12-20,144.473202229141,-0.02474438066557827
2022-12-21,96.74015112498697,-0.8447013306567899
2022-12-22,111.34113892107078,-0.18491393793513833
2022-12-23,66.70339460920752,-0.18578702174874473
2022-12-24,149.11686261369766,-0.8679803117195168
2022-12-25,73.16717013834435,-0.30235893206104136
2022-12-26,144.27317741351257,-0.7780038024173703
2022-12-27,114.96466489923685,0.6164704200184443
2022-12-28,110.77367948788591,0.8953760519289415
2022-12-29,101.26885110165085,-0.8553670494841228
2022-12-30,73.06698117177586,0.9102304145834028
2022-12-31,67.65280320055084,0.045153198673490325
2023-01-01,72.04862090701754,-0.4008686440922522
2023-01-02,68.64382621442545,-0.846275849447673
2023-01-03,127.95844735667534,0.0012485361408356432
2023-01-04,85.01252591667301,0.5890310889814974
2023-01-05,55.78426765633964,0.4141729545333963
2023-01-06,146.91026301408112,-0.8995479770720525
2023-01-07,138.37858849634256,-0.854196329264193
2023-01-08,142.7752283195213,-0.19425343473472578
2023-01-09,149.49078226464354,-0.40941901190411345
2023-01-10,67.38952492194873,-0.5352313538879043
2023-01-11,89.62420189026588,-0.4379910021825728
2023-01-12,125.82384757040913,0.6069654865937693
2023-01-13,119.60206180537922,0.8584561072637078
2023-01-14,65.3895906339855,-0.18979461094486716
2023-01-15,131.58331249906178,0.8122220042649941
2023-01-16,72.44405718366608,-0.3570085975042361
2023-01-17,72.3817614822623,-0.047126027312416774
2023-01-18,103.69744228934135,-0.5479420043680006
2023-01-19,109.29399348417031,0.28095208435168795
2023-01-20,108.00862078378111,0.9579622303496178
2023-01-21,59.148683739775485,0.20698619208675728
2023-01-22,137.74608626303802,-0.28437183177290226
2023-01-23,76.5600042588706,0.29563489198105675
2023-01-24,62.95149212828042,-0.7541586430692249
2023-01-25,138.87480798689774,0.7773181605307973
2023-01-26,145.56514982297534,0.006167901559672728
2023-01-27,136.21276172654507,-0.10130051592071587
2023-01-28,130.9516074724878,0.17172957690703838
2023-01-29,115.52419806390218,0.2495677255788049
2023-01-30,105.08573706091393,-0.8564483875469739
2023-01-31,58.698675991141016,0.3652344424468048
2023-02-01,90.84532130706987,-0.5161366393689408
2023-02-02,87.2688517012314,0.4279052650131796
2023-02-03,75.97537837603262,0.6450695887683935
2023-02-04,122.3420113688585,0.6079170151050406
2023-02-05,99.58757350787708,0.10500193481577824
2023-02-06,58.10462159076479,0.04033978462150234
2023-02-07,72.01832019498113,-0.7142480773211766
2023-02-08,118.32587636595959,0.5506923008062712
2023-02-09,57.61308594903002,-0.45718123910657127
2023-02-10,135.12069140487688,-0.006609154364106917
2023-02-11,99.51465270139744,-0.4314518141449666
2023-02-12,98.0586577326648,-0.7323432740006137
2023-02-13,109.24077846595176,0.25911539378347315
2023-02-14,132.4680965925149,-0.8913359303541923
2023-02-15,84.78092079021931,0.4972904682524
2023-02-16,117.80161525590636,-0.3648264094777667
2023-02-17,106.5731963995791,-0.9997306139910294
2023-02-18,76.70282701694214,0.022258278474459603
2023-02-19,137.8629986355158,-0.9062961829447937
2023-02-20,129.7426021606928,-0.44766088435820106
2023-02-21,115.84518346584255,0.41395297491143235
2023-02-22,135.05817290942417,-0.8746207567562683
2023-02-23,136.72942009598023,0.6786769847120047
2023-02-24,120.83629767150347,-0.9923601546828338
2023-02-25,133.70133283636721,-0.5063522615961955
2023-02-26,119.74714616692836,0.4818081123041429
2023-02-27,118.01407717603004,-0.36745970054138644
2023-02-28,111.86113782151844,-0.7962152238679729
2023-03-01,125.27166395576413,-0.27953216239914425
2023-03-02,65.86051052930736,-0.45921342723094893
2023-03-03,138.08707591989284,0.6854238043211098
2023-03-04,137.1843527745232,-0.37330416482971374
2023-03-05,52.924728303455915,0.5778649435520145
2023-03-06,132.58167505647629,0.7837442896214695
2023-03-07,62.88698674734452,-0.13236516084694094
2023-03-08,83.51188542591419,0.819886287708784
2023-03-09,124.35082562916078,-0.2453638920736143
2023-03-10,66.07598960483082,0.9281568329802163
2023-03-11,131.7967024119062,-0.8214209509488541
2023-03-12,133.2134177957742,0.3740385330064855
2023-03-13,100.74677337608362,-0.012371919086142658
2023-03-14,50.638587171683355,-0.22470238908870588
2023-03-15,78.70381331749128,0.2654237574972018
2023-03-16,111.69269183757422,0.4077141832686624
2023-03-17,148.11861780274234,-0.9912734606993818
2023-03-18,113.18135270166684,-0.6660938225056026
2023-03-19,75.98035810641598,0.4260921012686374
2023-03-20,113.40057030996113,0.33277082715641293
2023-03-21,103.99853797158555,0.9320950102573544
2023-03-22,127.98453951511436,0.522075580501566
2023-03-23,60.69806388269584,0.9015454154626761
2023-03-24,126.1027902502028,0.4050810030696139
2023-03-25,104.12665786761103,-0.4038955827211137
2023-03-26,146.29920038589947,-0.789270155498287
2023-03-27,84.1872166038686,0.5636477266898712
2023-03-28,113.26218931339481,0.2882984429518318
2023-03-29,143.20281055100173,-0.9036279752134075
2023-03-30,60.250972799067924,-0.27989906819804333
2023-03-31,143.72284872364511,0.9135996309685723
2023-04-01,118.78857223008133,0.0008022914204024456
2023-04-02,56.78370591051719,-0.13454172796059072
2023-04-03,80.09635669468162,-0.08460078968141205
2023-04-04,120.81720886452815,-0.5822345519896726
2023-04-05,56.73506014687717,-0.2625856582704096
2023-04-06,108.21704601762733,-0.26037348802564675
2023-04-07,84.58830569529567,-0.8952899596250552
2023-04-08,112.0915517767477,0.5351352570358365
2023-04-09,54.57420338125129,-0.16699113619224204
2023-04-10,137.15368061523765,0.6443597736328466
2023-04-11,147.3488969177397,0.7006960022397908
2023-04-12,146.88778552856917,-0.5760118906026839
2023-04-13,124.96518317429248,0.31470696434025713
2023-04-14,63.0086240130632,-0.05543639167403658
2023-04-15,125.82631959290225,0.7603134758429702
2023-04-16,52.45869164588015,-0.5685186416470918
2023-04-17,52.212355152899725,0.35562640062008843
2023-04-18,82.36102191495412,0.21550424450544514
2023-04-19,98.86431904046657,-0.40939704485633444
2023-04-20,127.04074178077931,-0.7267981926976548
2023-04-21,118.32953766065052,0.30327952095455313
2023-04-22,94.59027063767483,0.4771949162646614
2023-04-23,77.36266662816658,-0.3687453124733
2023-04-24,149.7124500157711,0.2896652080446276
2023-04-25,92.61813022359729,-0.20973818477699346
2023-04-26,95.13870243296755,0.42641376656523544
2023-04-27,66.36238211916691,-0.6015694502118938
2023-04-28,129.48095487499293,0.7804300052723487
2023-04-29,119.36822257814886,-0.42518080706884054
2023-04-30,72.07696127887604,-0.2644280244876942
2023-05-01,58.238104561584265,-0.8838160958393004
2023-05-02,118.0499302074713,-0.7769755753574472
2023-05-03,115.45112142811352,0.03172380542465625
2023-05-04,77.32595269982093,-0.464814646544057
2023-05-05,145.08635622504102,0.6709604514843888
2023-05-06,65.10578917809002,-0.9706132226900923
2023-05-07,93.2334801042602,-0.24181190265612762
2023-05-08,144.3615920167599,-0.32530890646181465
2023-05-09,91.97273169261223,-0.9613447381647979
2023-05-10,113.85259476640856,-0.7512632019989796
2023-05-11,89.75943979627942,-0.17271465016272947
2023-05-12,77.421520234867,-0.01427083110510674
2023-05-13,148.39776479598282,-0.1914205054902618
2023-05-14,90.9334006315043,0.061875356824187655
2023-05-15,139.40992036791346,0.19026334981136306
2023-05-16,72.99546058910862,-0.9801523577443287
2023-05-17,71.31047040250833,-0.07180968109299224
2023-05-18,53.11340828845113,0.9269984817751766
2023-05-19,115.1666825375885,0.038064560259097435
2023-05-20,86.85263437237612,0.35508453491790637
2023-05-21,136.4358249839637,-0.3762722841662336
2023-05-22,97.32099066915572,0.5479827563055251
2023-05-23,146.81934279147217,0.5458429637522302
2023-05-24,68.55255157031212,0.0425920953082779
2023-05-25,136.86231679556107,0.9520276465584272
2023-05-26,127.65968527917417,-0.7488995704746932
2023-05-27,127.0921844644052,-0.966104670220838
2023-05-28,134.47832281168877,0.540316423514192
2023-05-29,126.10239909429988,0.6143110747297651
2023-05-30,112.62203216314154,-0.7595855417588475
2023-05-31,63.12448776823876,-0.46883433408278785
2023-06-01,53.252617949125195,-0.9648952732667422
2023-06-02,142.0847847815687,-0.4133827784388706
2023-06-03,111.6650314520738,0.546283747837343
2023-06-04,129.65372909761763,0.03592105542515789
2023-06-05,98.15223515125501,-0.3038088136634238
2023-06-06,61.73081889623945,-0.2565214101873394
2023-06-07,62.51857922025504,-0.9972927485690637
2023-06-08,118.55652872289714,-0.4003989448695282
2023-06-09,93.03058948994627,0.292917483275861
2023-06-10,70.05247267003367,0.9483888876327142
2023-06-11,99.15945467414369,0.694121653967799
2023-06-12,56.42089370751341,-0.9528100707089417
2023-06-13,108.19714019143987,0.7971212093496787
2023-06-14,76.89934044350977,0.5663968265972519
2023-06-15,129.75591006371883,0.5607522471419608
2023-06-16,81.03619589235737,-0.08400848199285704
2023-06-17,95.52201490818013,-0.20398941409099436
2023-06-18,51.162053990810065,-0.39416854233361476
2023-06-19,57.244688779455885,-0.8686102820912684
2023-06-20,89.24935564066848,-0.5435292730126018
2023-06-21,97.99388347171235,-0.5067927300439508
2023-06-22,110.00205481193038,-0.03184586057959682
2023-06-23,79.16625787093032,0.49488881319338796
2023-06-24,119.49818861265426,-0.05238034320410678
2023-06-25,136.01223971892045,-0.8843111011056788
2023-06-26,127.98509888933498,0.9155796019764078
2023-06-27,53.961882534835716,0.8854486381882245
2023-06-28,98.0506947257829,0.5703790862968168
2023-06-29,60.49301784181749,0.9826558031284411
2023-06-30,74.20450158625275,0.08896466560052585
2023-07-01,148.66625932671465,0.9255367005064121
2023-07-02,64.24955429015132,-0.8487899187664985
2023-07-03,99.88881534513561,-0.2686385034772574
2023-07-04,111.81557343181191,-0.5492374639864683
2023-07-05,120.2464970544104,-0.6083338317314599
2023-07-06,105.96486834869141,-0.7183941022146478
2023-07-07,50.97708474191837,0.2448272831319933
2023-07-08,82.6461308243992,0.5626437114946101
2023-07-09,101.77116433847115,0.1565967988407213
2023-07-10,58.786649914483334,-0.7060745808235807
2023-07-11,85.06269312091808,0.6222475398669418
2023-07-12,53.320310879136656,0.27190941432745697
2023-07-13,57.85784971550208,-0.22366858774600895
2023-07-14,89.6923276201596,0.3482605910721259
2023-07-15,63.271575404306034,-0.4801900415143343
2023-07-16,106.75408482615582,-0.309615583011579
2023-07-17,118.94649691372658,0.8349716862639804
2023-07-18,130.0586699109083,-0.4189909886571592
2023-07-19,70.01502442448101,-0.06002346368412681
2023-07-20,66.74825822590698,0.7802822747920293
2023-07-21,60.45678403344002,0.41544270053505494
2023-07-22,113.64302495436367,-0.8755935476705945
2023-07-23,120.64757264869012,-0.7053939114420593
2023-07-24,53.158614482564204,-0.9843168184561664
2023-07-25,143.62122462436898,0.2618435804583268
2023-07-26,55.19712836514724,-0.10465314917916335
2023-07-27,104.12963353010704,-0.7314502981954489
2023-07-28,120.90605194509165,0.9158682421135409
2023-07-29,137.09691237460856,0.059319447891239774
2023-07-30,121.40869321324278,-0.5162134117742216
2023-07-31,130.17280830697916,0.001207142309415099
2023-08-01,83.94501925428061,0.3592406654702156
2023-08-02,131.4825113746512,-0.847521564052871
2023-08-03,58.011484638467515,-0.45059236990421603
2023-08-04,139.48166560605276,0.6139309817679872
2023-08-05,104.75923761537362,-0.08067025919467752
2023-08-06,131.72977699624937,0.09315428406458981
2023-08-07,95.23182845183001,-0.1343679955810615
2023-08-08,114.35776951965249,-0.9122001147139898
2023-08-09,102.64026609361133,-0.6685004403596881
2023-08-10,123.15895217553319,-0.1089167225162182
2023-08-11,58.16299820305896,-0.5816290691841444
2023-08-12,56.03520839905638,-0.9000419426806425
2023-08-13,74.71032340101465,0.6872993281036475
2023-08-14,65.95446801131884,0.9623850583282316
2023-08-15,137.17835665922019,0.5862857479934789
2023-08-16,71.92139873580443,0.707569843409334
2023-08-17,147.58652558191312,-0.5160457393659093
2023-08-18,83.68957917711069,0.9212539510263995
2023-08-19,68.21179156886993,-0.6061485910931432
2023-08-20,128.9698507142479,0.9028596207236645
2023-08-21,115.87077755008761,0.9896385879319021
2023-08-22,99.8195716453139,0.4234456114920975
2023-08-23,105.53635509376312,0.9622874635836438
2023-08-24,121.92017782722638,0.13907955913420733
2023-08-25,72.84547413312987,-0.48091643364781933
2023-08-26,149.6333916056742,-0.12600822866875827
2023-08-27,147.4793162146783,0.18712187075757192
2023-08-28,115.03256863469369,-0.85383687594597
2023-08-29,69.9542450929145,0.2446865292344922
2023-08-30,118.02282424312914,0.9623556735245891
2023-08-31,57.219840897917585,-0.6197847004325447
2023-09-01,53.06525022058061,0.5851902325767666
2023-09-02,75.76828885112137,0.8157975875592387
2023-09-03,96.26229567393163,0.8874031856404416
2023-09-04,136.82725054083807,0.9202712088108944
2023-09-05,122.7169069766308,0.04291927744294388
2023-09-06,124.2706521199981,0.9546158159830074
2023-09-07,92.54933344480753,0.5146204142688777
2023-09-08,84.5934992546963,-0.6766571275260762
2023-09-09,87.10387629846028,-0.04619978706406003
2023-09-10,148.7649563736058,0.43666235074400794
2023-09-11,54.01091914124825,-0.5053193683618333
2023-09-12,136.70314961224486,0.2812303670977747
2023-09-13,107.86754085723933,0.33320095809323846
2023-09-14,93.86154191895905,-0.6746005123828682
2023-09-15,122.52576604151365,0.13017062490551257
2023-09-16,98.66689414247028,0.5432538219572154
2023-09-17,137.34232380816604,-0.002208670928116163
2023-09-18,140.07018640112585,-0.9757937664477851
2023-09-19,92.17209268734554,-0.9819230618414156
2023-09-20,77.68277972350515,-0.28594131205997564
2023-09-21,109.23503285933623,0.852388136863564
2023-09-22,141.23633456166908,-0.5426464407927825
2023-09-23,71.06621890056665,0.2687273777433743
2023-09-24,112.29665835634827,-0.5558482586133588
2023-09-25,113.15602200925206,-0.35666002068090275
2023-09-26,123.3113022415281,0.696084179202968
2023-09-27,63.15676851272598,0.45772288453989374
2023-09-28,121.58249646820886,-0.8092014453735787
2023-09-29,140.9032520665641,-0.14259595802713276
2023-09-30,67.96831088702419,-0.9416604727094711
2023-10-01,73.75433249238776,-0.03821970679398201
2023-10-02,147.13950940416396,0.32486802340213616
2023-10-03,68.09769527094898,-0.7629947528036969
2023-10-04,135.4385093369579,-0.42223012218166867
2023-10-05,99.22778564480348,-0.20432674899568615
2023-10-06,74.7231074403177,0.8390620493120995
2023-10-07,137.07499012725114,0.986510030845928
2023-10-08,94.53052550026655,-0.9101774020087683
2023-10-09,101.48173539296903,0.5220158469907841
2023-10-10,85.92333693997656,-0.25655186719531353
2023-10-11,109.29508514349274,-0.21508362754103993
2023-10-12,66.35238725850228,0.5085299466940454
2023-10-13,89.10815366517608,0.8368528642908173
2023-10-14,146.94123223352875,0.9018571890050968
2023-10-15,75.81334327011275,0.15424517207664157
2023-10-16,115.67366645412922,-0.2857576813989944
2023-10-17,82.51900642246949,0.5750981717175585
2023-10-18,127.34731256866006,-0.4979972334753995
2023-10-19,63.08736607183498,0.12814805766703552
2023-10-20,146.98210450785447,-0.2828430769502537
2023-10-21,95.37895413836392,0.3132621474157522
2023-10-22,73.6050463346464,-0.5192021742129862
2023-10-23,57.349674733001265,-0.6168141085303485
2023-10-24,66.97579050875407,0.8364781733508742
2023-10-25,101.97739485560177,-0.7963926341009262
2023-10-26,83.70031764312863,0.011915815469863311
2023-10-27,132.88833658826093,-0.5582944340739822
2023-10-28,93.08875236618059,-0.9221400733486651
2023-10-29,74.87142725876299,-0.9279623634171472
2023-10-30,111.714498660403,-0.6495564557883453
2023-10-31,120.67772168854458,0.7335407090120005
2023-11-01,66.70419079009498,-0.4350425120459467
2023-11-02,66.76192162883177,0.9009183411505914
2023-11-03,53.6671426933543,0.1632445859783871
2023-11-04,123.64020150656405,-0.12677162046246782
2023-11-05,116.38045276218051,0.1601776693389092
2023-11-06,97.46308757498139,0.03339677045253553
2023-11-07,134.41704489691972,0.5175525075146503
2023-11-08,130.56701529500532,-0.4350078680542955
2023-11-09,108.53543643967521,-0.29389921679939524
2023-11-10,136.82712805132587,0.7881886050665015
2023-11-11,70.58412100367683,0.8929130263008109
2023-11-12,61.19196193977279,0.785116454972949
2023-11-13,76.97496115169896,-0.16110401208537284
2023-11-14,55.70868560893149,0.5607310060137634
2023-11-15,103.1169528001032,-0.04732853339780241
2023-11-16,143.66056922949616,-0.004920295707795619
2023-11-17,53.934354066850965,-0.5906397818854321
2023-11-18,62.21099140100268,0.1822606065170329
2023-11-19,95.21990282834352,-0.6277282044933041
2023-11-20,143.38750175279048,-0.33687060186561246
2023-11-21,81.61561049767505,0.7100604032398703
2023-11-22,100.72348086883925,-0.5858483815782896
2023-11-23,54.15728590503921,-0.8576834296531344
2023-11-24,64.83432009620888,-0.8619848147743674
2023-11-25,148.6630122958847,0.8815690410062158
2023-11-26,146.51186964360454,0.013840875923669227
2023-11-27,50.493998093440965,-0.18117585636596334
2023-11-28,145.1811785423239,0.6217571620158369
2023-11-29,113.91199378155004,0.671651855821032
2023-11-30,136.79182945200222,-0.3356179337687908
2023-12-01,95.47398556338591,0.38723611494759047
2023-12-02,101.55960285792503,0.5422456317037732
2023-12-03,98.88465802569202,0.309301373731909
2023-12-04,116.68642575461044,-0.6968098503998013
2023-12-05,63.96512547563129,0.751766167034114
2023-12-06,52.997358987267795,0.0781891054720174
2023-12-07,80.79299415911909,-0.4350551472599926
2023-12-08,120.46807627366466,-0.14954362912461217
2023-12-09,70.18534521229483,-0.9248578192021852
2023-12-10,117.34324333249174,-0.7442663975551649
2023-12-11,146.99120461072704,0.5310935010317217
2023-12-12,59.39007157894184,-0.9999767304892677
2023-12-13,117.26021182251263,-0.16686834303541564
2023-12-14,94.37502193045711,0.045020362171176886
2023-12-15,136.81422543775054,-0.8907311599980554
2023-12-16,67.71497894473859,0.9461563259446657
2023-12-17,119.26259522261645,-0.5477493375006561
2023-12-18,133.81152896481103,-0.39160256072743826
2023-12-19,144.46142194740233,-0.39211497548994534
2023-12-20,118.32480282896458,-0.5391666757653002
2023-12-21,99.71747640084273,-0.9970523558273772
2023-12-22,111.78472402012139,0.4586895881759927
2023-12-23,136.89049844787183,0.9336909995985707
2023-12-24,107.06097466388297,-0.5514130334299099
2023-12-25,53.03870596968368,0.32609438360684484
2023-12-26,143.09486955069778,0.4837926539174302
2023-12-27,118.95267510315611,0.6968507581810495
2023-12-28,117.65133857772466,-0.15474160597278175
2023-12-29,71.56751523977172,-0.3941381887191415
2023-12-30,115.88854702326572,-0.34940973195393776
2023-12-31,89.38644056541585,0.42524266619702566
