Percentage in Operating Systems,Percentage in Algorithms,Percentage in Programming Concepts,Percentage in Software Engineering,Percentage in Computer Networks,Percentage in Electronics Subjects,Percentage in Computer Architecture,Percentage in Mathematics,Percentage in Communication Skills,Hours working per day,hackathons,coding skills rating,public speaking points,can work long time before system?,self-learning capability?,Extra-courses did,certifications,workshops,talent tests taken?,olympiads,reading and writing skills [1-5],memory capability score [1-10],higher education?,suggested_job_roll
82,99,26,60,26,6,17,83,64,32,78,33,4,0,0,48,97,62,0,77,3,6,0,Network Administrator
17,55,79,25,57,77,53,37,0,46,32,75,17,1,1,69,45,55,0,78,4,5,0,Web Developer
86,14,63,81,88,86,38,70,12,32,18,23,47,0,0,33,74,21,1,51,2,6,0,Systems Analyst
57,92,42,38,26,53,28,15,84,80,43,31,9,1,1,35,13,94,1,17,2,8,1,Data Scientist
89,82,51,45,97,63,64,52,0,86,42,78,99,0,0,4,52,87,1,43,1,6,0,Systems Analyst
41,23,10,27,26,11,98,69,58,28,100,97,3,0,0,27,28,80,1,94,5,6,1,Cybersecurity Analyst
37,22,62,81,88,84,31,54,86,52,31,100,94,0,1,59,25,46,0,27,3,2,1,Artificial Intelligence Engineer
98,69,11,90,39,41,87,44,27,79,9,42,84,1,0,37,39,27,0,68,2,2,1,Web Developer
48,67,27,47,26,63,81,32,11,72,60,75,38,1,0,89,76,65,0,50,1,7,1,Network Administrator
89,9,38,60,13,74,74,23,17,85,89,80,83,1,1,18,29,31,1,54,4,8,0,Data Scientist
31,87,80,13,29,34,81,66,37,68,87,39,61,1,1,97,53,87,0,66,4,7,0,Cybersecurity Analyst
97,49,91,50,26,87,13,94,26,34,20,18,7,1,0,76,42,28,1,49,4,4,0,Network Administrator
33,5,17,37,65,95,8,19,81,85,39,74,21,1,1,56,9,82,0,31,1,2,1,Systems Analyst
38,25,78,71,0,35,31,41,84,89,49,55,72,1,1,72,40,14,1,9,2,10,1,IT Manager
58,82,60,58,49,47,39,11,84,29,71,48,64,0,1,36,30,25,0,65,3,2,0,Software Developer
40,48,41,59,91,73,44,64,21,1,56,6,34,1,1,30,40,73,0,34,3,8,1,Network Administrator
91,1,84,21,35,95,22,55,21,45,26,55,25,0,1,14,2,63,1,87,5,10,0,Cybersecurity Analyst
98,59,48,59,90,73,27,99,58,82,12,43,85,0,0,48,24,100,0,14,3,1,1,Cybersecurity Analyst
2,30,8,66,32,45,28,61,87,96,16,33,72,1,1,59,69,67,1,9,3,7,1,Database Administrator
44,59,80,79,13,75,77,44,58,34,29,87,26,0,1,19,7,42,1,42,5,10,0,Cybersecurity Analyst
50,8,69,29,13,56,59,71,81,15,52,47,4,1,1,90,45,80,0,40,1,9,1,Database Administrator
97,95,36,36,44,59,51,9,96,35,53,1,86,1,1,38,83,8,0,67,4,10,1,Database Administrator
69,65,19,3,16,71,64,88,100,90,18,81,97,0,1,84,78,44,0,30,2,9,0,Cybersecurity Analyst
7,40,88,13,85,54,7,55,63,79,92,54,9,0,0,24,97,18,1,21,2,10,0,Cybersecurity Analyst
78,78,68,68,82,89,92,24,46,42,83,22,88,0,1,95,19,97,0,84,1,3,0,IT Manager
13,31,44,63,70,20,70,48,2,67,57,34,71,0,0,80,22,60,0,17,4,1,1,Cybersecurity Analyst
99,63,67,41,48,88,87,96,59,89,42,40,48,0,1,18,34,15,0,73,2,6,0,Cloud Solutions Architect
75,11,71,29,70,76,25,32,62,100,1,41,5,0,1,62,72,37,0,10,2,6,0,IT Manager
5,62,42,0,76,48,94,40,3,48,57,83,30,1,1,73,62,84,0,2,2,2,1,Software Developer
60,33,77,1,93,39,78,62,11,32,21,77,8,0,0,1,25,26,1,78,5,9,0,Cybersecurity Analyst
81,60,26,81,5,71,52,26,3,63,64,12,12,0,0,35,2,29,1,31,1,1,1,Network Administrator
87,65,66,50,66,66,11,82,5,52,2,72,46,1,1,12,91,56,0,21,3,7,0,IT Manager
70,96,42,99,87,51,73,66,5,28,44,30,99,0,0,73,59,29,1,42,2,9,1,Systems Analyst
65,63,47,70,90,12,65,54,98,6,90,52,11,1,1,6,7,92,1,82,4,3,0,Cybersecurity Analyst
40,88,21,77,38,26,57,55,10,34,65,61,0,0,0,7,76,37,1,45,3,2,1,Web Developer
53,15,94,34,36,60,63,27,30,21,72,63,73,1,1,98,39,26,0,82,2,7,0,IT Manager
59,58,64,45,99,44,59,30,85,29,30,19,79,1,0,67,92,15,0,10,5,5,0,IT Manager
43,24,96,89,59,18,91,94,89,47,66,44,47,0,0,31,73,72,1,11,3,9,1,Cybersecurity Analyst
45,42,3,51,41,59,45,33,9,46,87,56,10,1,1,8,52,98,0,86,5,10,0,Web Developer
38,84,17,92,57,65,90,8,58,57,57,89,40,0,1,8,93,18,1,48,4,10,1,Cloud Solutions Architect
15,32,81,31,21,1,39,82,84,60,47,48,16,1,0,30,92,63,0,96,2,3,0,Artificial Intelligence Engineer
5,29,53,67,92,55,98,45,56,44,52,11,11,1,0,11,5,67,0,30,2,2,0,Network Administrator
38,48,67,48,25,59,62,86,24,59,67,22,92,0,1,85,92,78,0,59,5,2,0,Cloud Solutions Architect
2,56,9,100,36,31,11,45,4,46,93,12,77,0,0,28,58,31,1,31,4,3,0,Data Scientist
46,35,63,28,31,21,35,95,15,31,94,52,84,0,0,66,76,13,1,24,1,1,1,Data Scientist
3,42,5,75,54,88,94,33,82,73,92,76,48,0,1,86,91,35,1,68,1,8,0,Data Scientist
90,100,4,50,42,19,57,19,44,68,86,99,100,1,1,79,43,64,0,19,3,6,0,Artificial Intelligence Engineer
0,78,71,50,39,43,87,13,78,94,1,100,2,0,1,90,96,61,0,59,3,7,1,Cloud Solutions Architect
45,41,83,88,13,83,4,2,15,62,48,38,92,0,1,49,74,77,0,77,4,3,0,Cybersecurity Analyst
92,76,30,57,95,40,11,54,44,99,30,3,1,1,1,12,97,71,1,16,4,2,0,Data Scientist
48,96,78,55,61,3,25,99,52,12,73,49,13,1,0,47,47,30,0,59,5,5,0,Systems Analyst
97,15,26,3,70,19,11,19,59,20,79,18,16,1,0,11,29,89,0,14,1,10,0,Software Developer
26,16,43,25,0,75,85,68,76,77,60,44,68,1,1,43,86,99,1,7,1,3,0,IT Manager
46,79,10,4,19,29,5,79,68,47,18,28,72,0,1,46,90,11,1,25,5,7,0,Web Developer
10,73,4,40,27,20,3,97,24,77,52,34,15,1,1,80,98,14,0,56,1,8,1,Artificial Intelligence Engineer
28,82,22,37,32,5,2,13,33,19,27,37,61,0,0,43,48,5,0,29,5,8,0,Web Developer
16,58,12,11,30,14,87,87,3,50,40,16,25,0,0,68,87,41,0,39,3,1,1,Systems Analyst
54,5,95,3,4,34,2,39,8,16,40,38,21,0,0,64,15,13,1,94,5,2,1,Web Developer
100,74,92,50,55,39,9,40,97,61,66,35,99,1,0,42,4,82,0,27,4,3,1,IT Manager
32,21,12,60,27,9,49,94,51,92,81,63,77,1,0,96,53,9,1,77,2,4,1,IT Manager
10,59,71,36,27,80,10,49,17,65,48,7,68,1,1,91,52,6,0,11,2,4,0,Cybersecurity Analyst
90,94,45,61,30,91,33,85,13,11,94,2,42,0,1,100,84,50,1,25,1,4,1,Systems Analyst
46,66,98,66,62,55,87,63,37,49,17,54,81,0,1,29,64,45,0,28,2,6,1,Cloud Solutions Architect
12,91,22,78,58,44,18,58,98,92,72,14,88,0,1,66,30,18,0,78,1,7,0,IT Manager
76,11,69,60,69,35,64,50,69,77,1,61,51,0,1,56,3,18,0,69,4,10,0,IT Manager
77,0,10,19,8,89,75,41,8,61,42,29,76,0,0,36,68,10,0,32,2,9,1,Software Developer
41,40,44,88,1,86,89,31,27,52,24,15,61,0,1,36,60,64,0,100,4,6,0,Web Developer
47,41,13,62,85,87,6,53,49,37,74,92,87,0,0,72,16,77,1,78,3,1,0,Cybersecurity Analyst
92,98,1,71,65,59,42,62,56,86,61,57,3,0,0,33,72,65,1,86,5,6,1,IT Manager
92,58,34,23,74,60,80,22,50,73,83,10,79,0,1,76,86,22,1,22,5,7,0,Data Scientist
7,61,35,15,96,15,31,47,53,11,20,56,77,0,0,84,38,51,1,17,4,2,0,Data Scientist
30,7,90,17,40,81,97,3,0,0,60,61,69,1,1,97,83,58,1,63,5,6,1,Cybersecurity Analyst
43,37,80,81,35,40,71,65,7,47,2,44,63,1,1,98,42,77,1,64,5,9,1,Artificial Intelligence Engineer
28,87,60,69,38,46,7,55,42,51,32,13,73,0,1,85,10,10,1,6,4,8,1,IT Manager
100,96,25,64,36,98,88,72,97,16,58,19,81,1,1,59,36,11,0,25,2,10,0,Artificial Intelligence Engineer
53,30,97,34,4,47,63,77,42,67,17,79,20,1,1,33,89,13,1,47,2,2,1,Database Administrator
59,11,94,17,39,99,52,6,73,36,45,1,22,0,1,46,78,62,1,20,3,5,0,Network Administrator
28,13,29,0,46,72,37,54,12,8,39,0,50,1,1,94,50,77,0,73,3,8,1,Cloud Solutions Architect
71,7,0,13,22,90,8,58,57,55,39,81,62,1,0,85,25,5,0,84,1,8,1,Cloud Solutions Architect
48,51,60,34,83,93,56,85,45,17,16,4,0,1,0,67,29,82,1,3,1,1,1,Cybersecurity Analyst
57,54,28,86,62,74,32,96,10,94,57,14,87,0,0,64,38,82,1,99,5,6,0,Cybersecurity Analyst
10,37,73,82,59,62,34,27,45,5,57,15,40,0,0,0,57,57,0,86,2,5,0,Systems Analyst
45,36,58,82,66,82,97,5,70,18,99,52,71,0,0,75,45,18,1,45,5,7,0,Artificial Intelligence Engineer
99,29,21,28,75,4,42,92,67,53,65,16,30,0,0,24,44,21,0,99,5,10,0,Data Scientist
34,36,24,15,86,47,54,36,28,78,17,39,7,0,0,79,66,25,1,37,2,10,0,Cloud Solutions Architect
45,27,73,61,3,11,34,23,27,8,3,12,26,1,1,70,12,79,1,36,4,5,0,Software Developer
37,58,25,19,13,16,13,71,23,33,25,64,33,1,1,86,22,65,1,79,3,5,0,Software Developer
24,56,46,58,26,62,86,84,90,65,6,69,49,0,0,1,68,83,1,11,3,10,0,Artificial Intelligence Engineer
95,40,89,50,49,28,58,80,82,33,12,52,70,1,1,60,38,66,0,73,1,7,0,Artificial Intelligence Engineer
68,39,41,99,70,32,75,31,56,50,58,42,25,0,1,30,5,83,0,94,1,7,1,Artificial Intelligence Engineer
22,93,58,97,50,93,33,18,88,52,52,81,34,1,1,94,72,28,0,64,5,2,1,Systems Analyst
32,23,7,38,25,61,99,81,76,51,90,78,57,1,0,82,74,28,1,93,2,3,0,Web Developer
66,72,91,31,3,80,53,51,80,48,22,19,1,1,1,32,30,21,1,85,1,6,0,Artificial Intelligence Engineer
15,21,42,37,24,7,99,67,71,30,30,73,27,1,1,80,87,61,1,1,3,4,1,Systems Analyst
12,60,69,48,5,86,34,89,64,28,87,96,89,0,1,81,28,89,0,95,3,9,1,Network Administrator
100,59,48,51,5,73,58,78,43,19,40,96,32,1,0,9,44,89,1,76,3,3,0,Cloud Solutions Architect
59,76,1,14,50,37,91,39,40,33,74,74,79,1,1,8,75,74,0,31,1,5,1,Artificial Intelligence Engineer
26,21,28,67,78,36,30,80,29,27,34,47,79,0,1,12,9,49,1,50,1,2,1,Web Developer
60,87,72,10,45,72,6,5,12,71,4,71,12,0,1,78,16,48,1,84,2,1,0,Network Administrator
88,41,38,73,90,68,90,16,34,46,27,74,76,1,1,98,84,9,1,31,4,5,0,IT Manager
6,52,33,85,31,53,7,33,92,29,9,57,67,1,1,58,87,56,0,35,5,3,1,Data Scientist
1,31,2,82,54,17,88,52,52,99,94,75,18,1,0,29,20,12,1,55,3,5,1,Systems Analyst
51,92,45,36,3,77,65,35,47,17,96,53,2,1,1,16,52,67,1,100,5,4,0,IT Manager
5,25,58,98,75,95,55,5,35,77,37,48,54,0,1,9,6,75,0,14,1,6,1,Systems Analyst
12,31,25,74,91,36,70,19,73,36,45,77,33,1,0,10,30,44,1,16,1,5,1,Artificial Intelligence Engineer
96,62,84,18,31,22,46,46,62,1,7,13,29,1,0,66,24,19,1,13,5,2,0,Data Scientist
59,6,84,33,80,52,34,23,0,76,26,36,81,0,0,77,40,89,1,81,1,3,0,Systems Analyst
29,21,39,46,2,73,33,99,14,40,66,84,56,0,1,38,88,95,1,87,1,6,1,Cybersecurity Analyst
73,74,58,41,27,11,38,8,43,48,3,93,77,1,1,63,41,22,0,85,5,6,0,IT Manager
80,3,86,70,86,51,67,63,1,20,33,80,82,1,0,54,39,91,1,82,3,3,1,Systems Analyst
91,31,9,66,95,7,57,33,29,56,56,2,82,0,1,93,39,78,0,61,2,4,0,Software Developer
62,32,91,31,38,86,22,54,97,79,26,17,19,1,0,82,76,28,1,6,4,7,0,Network Administrator
4,84,27,21,24,56,47,44,13,16,98,15,61,0,0,23,61,16,0,55,3,3,1,Cloud Solutions Architect
80,20,81,39,59,32,13,92,28,69,14,44,31,0,1,1,42,44,1,25,5,4,0,Cybersecurity Analyst
33,67,33,41,17,52,59,8,40,50,1,57,53,1,1,76,24,75,1,34,3,8,1,Web Developer
85,58,8,68,16,89,33,15,7,67,71,72,12,1,1,17,43,61,0,96,1,10,1,Database Administrator
9,90,52,15,52,29,5,56,21,66,60,5,94,1,1,29,82,32,0,15,2,10,1,Artificial Intelligence Engineer
40,53,95,28,99,22,74,84,59,58,97,56,25,1,1,100,3,12,0,49,5,6,1,Data Scientist
58,60,94,65,25,37,13,45,5,20,79,62,86,0,1,20,87,41,0,61,1,3,0,Systems Analyst
75,76,38,14,91,60,0,3,1,63,8,77,37,1,0,0,89,96,1,23,2,5,1,Cloud Solutions Architect
61,34,85,25,52,33,6,12,7,75,42,98,33,1,0,79,52,95,1,83,4,7,0,Web Developer
59,16,0,46,53,85,17,13,53,30,37,77,65,0,0,36,60,43,1,61,2,2,1,IT Manager
53,94,19,41,89,98,42,100,79,52,74,35,76,0,0,15,74,53,1,74,4,3,0,Database Administrator
58,67,97,31,11,51,68,13,84,0,93,45,33,1,1,60,47,12,0,72,2,8,0,Web Developer
24,61,17,67,27,17,56,34,90,5,40,43,61,1,0,0,27,89,1,61,2,6,0,Data Scientist
79,38,41,50,13,35,99,90,45,85,74,15,68,1,1,89,64,38,1,87,3,8,1,IT Manager
5,59,13,40,31,73,4,71,88,44,74,8,46,0,1,78,18,19,0,89,4,4,1,Database Administrator
79,48,96,43,3,22,91,3,33,71,14,25,63,0,1,59,90,65,0,42,2,10,0,Systems Analyst
51,35,71,48,33,35,67,74,37,18,56,33,1,1,1,39,48,79,0,16,3,9,1,Software Developer
37,44,17,71,55,8,72,94,96,10,91,17,31,0,0,15,36,72,1,41,4,5,1,Software Developer
58,75,71,24,38,82,36,12,29,73,85,69,14,0,0,28,51,15,1,41,1,4,1,Artificial Intelligence Engineer
85,14,96,0,73,22,8,57,28,11,33,61,91,1,1,0,93,83,1,66,2,4,1,Network Administrator
8,40,62,62,2,37,21,25,47,2,51,95,4,1,1,43,13,2,0,96,3,3,0,IT Manager
21,26,73,6,95,10,24,48,23,93,100,32,83,0,0,54,76,5,0,12,3,8,0,Software Developer
7,84,96,86,5,57,72,74,81,1,66,52,64,1,1,47,97,64,0,46,2,8,1,Cybersecurity Analyst
38,100,78,0,72,67,79,70,81,6,27,87,2,1,1,52,21,23,0,77,4,8,0,Systems Analyst
74,8,3,88,47,59,21,63,32,2,10,24,13,1,0,2,90,47,0,44,5,2,1,Web Developer
25,36,15,83,49,1,73,52,10,47,40,37,49,0,0,69,23,18,0,39,2,3,0,Web Developer
46,16,91,71,8,71,24,21,9,42,5,99,91,0,1,89,42,31,0,34,1,7,0,Web Developer
60,62,97,66,83,36,87,90,84,88,75,54,41,1,1,12,83,21,1,41,5,1,1,Network Administrator
78,96,44,97,77,100,16,3,31,23,54,46,38,1,0,79,44,28,0,10,4,5,0,Data Scientist
25,5,97,54,45,26,82,37,7,36,48,81,61,1,0,94,97,71,0,54,4,9,1,Artificial Intelligence Engineer
63,57,24,16,28,74,88,92,1,8,69,30,78,0,0,71,20,75,1,57,4,1,0,Artificial Intelligence Engineer
29,42,43,11,33,32,10,66,36,0,14,72,44,0,0,81,17,56,0,59,3,6,0,Systems Analyst
49,62,30,92,44,55,42,44,21,30,26,44,18,0,1,33,68,84,0,64,2,8,0,Database Administrator
27,9,93,88,84,48,98,51,42,56,48,86,83,1,0,47,29,76,0,63,5,2,0,Cybersecurity Analyst
65,66,85,72,80,65,93,25,71,3,31,98,65,1,0,10,87,69,1,87,2,2,0,Cloud Solutions Architect
73,54,55,61,58,26,90,88,57,50,75,45,44,1,1,57,19,60,0,88,1,8,0,Data Scientist
50,55,39,67,44,22,64,65,10,11,58,30,34,1,0,9,83,60,1,95,2,6,1,Web Developer
31,96,95,53,14,60,100,87,61,7,40,79,93,0,0,59,86,79,1,59,3,3,1,Database Administrator
47,75,20,41,78,21,19,32,88,75,84,21,87,0,1,68,84,84,1,68,3,4,1,Software Developer
78,23,13,36,93,24,73,73,67,35,30,48,88,1,1,90,3,7,1,3,3,6,0,Systems Analyst
26,37,11,57,59,3,12,32,19,7,11,78,58,0,1,22,67,3,0,78,3,6,0,Database Administrator
6,63,6,7,6,81,20,55,2,22,43,97,38,0,0,20,24,26,1,22,1,4,1,Systems Analyst
96,55,1,33,82,21,47,53,5,90,34,91,36,1,1,96,53,53,1,20,1,8,1,Software Developer
64,14,79,44,71,16,55,58,37,30,56,12,84,1,0,12,73,44,0,90,1,6,1,Cybersecurity Analyst
2,34,69,51,32,55,96,57,6,86,10,97,10,0,0,52,24,2,0,65,2,3,0,Systems Analyst
55,49,4,25,3,75,56,45,65,3,92,56,69,1,0,39,94,42,0,39,3,5,0,Cybersecurity Analyst
89,72,3,59,41,27,66,56,64,40,29,4,33,1,1,60,34,76,1,64,4,6,0,Software Developer
36,70,53,33,28,71,49,6,74,17,36,1,34,0,0,12,79,8,0,20,2,6,0,Artificial Intelligence Engineer
16,33,47,97,38,40,14,45,66,14,79,50,95,1,0,60,83,3,1,23,2,3,1,IT Manager
57,56,72,91,11,2,40,86,3,82,55,91,26,0,1,3,83,37,1,27,5,7,0,Cybersecurity Analyst
19,1,0,86,82,22,13,17,0,49,62,38,64,1,0,6,83,72,1,88,3,5,0,Data Scientist
27,78,39,96,58,78,81,72,61,84,46,27,40,1,1,76,72,57,0,67,5,1,1,Cloud Solutions Architect
62,79,72,34,64,13,8,69,18,15,69,92,50,1,0,8,29,36,0,47,5,4,1,Cybersecurity Analyst
10,64,70,40,55,26,60,93,53,47,79,5,49,1,1,76,45,45,1,27,5,5,0,Database Administrator
6,94,78,46,12,21,43,90,53,60,70,83,80,1,0,92,82,14,0,91,5,1,0,Systems Analyst
63,69,55,1,38,25,89,77,43,20,69,26,29,1,0,86,90,14,1,5,2,7,0,Network Administrator
37,16,35,18,86,61,44,33,80,28,92,98,72,0,0,68,100,73,0,100,1,2,1,Systems Analyst
35,58,16,4,54,5,4,91,73,89,20,44,38,0,1,82,47,58,1,68,3,3,0,Systems Analyst
18,28,60,88,78,41,0,16,88,54,43,19,31,0,0,92,39,58,0,4,4,4,1,Artificial Intelligence Engineer
94,68,32,93,94,47,53,91,23,30,58,32,4,0,0,95,58,68,1,74,3,4,1,Software Developer
52,43,46,8,97,79,12,100,31,68,94,42,84,1,0,73,13,81,1,2,2,4,1,Systems Analyst
84,94,89,94,68,84,26,3,24,50,9,24,94,1,1,81,31,9,0,97,1,3,1,Web Developer
72,78,20,30,9,16,37,9,5,94,19,82,51,0,1,62,0,48,1,78,3,10,0,Data Scientist
32,43,71,44,29,22,93,47,86,48,21,73,64,0,1,39,68,97,1,34,2,1,0,Web Developer
99,17,42,46,36,33,100,82,31,4,100,70,76,1,1,35,69,65,0,15,2,10,1,Web Developer
10,62,39,89,33,38,72,21,93,28,50,20,83,0,1,63,27,95,0,52,1,2,0,Data Scientist
27,23,95,87,77,35,58,77,38,20,93,50,48,1,1,97,35,100,1,96,1,4,1,Database Administrator
26,3,53,100,37,52,15,38,70,46,33,40,53,0,1,69,5,44,0,92,1,9,0,Systems Analyst
63,92,61,99,20,16,47,21,4,59,29,58,3,0,1,51,8,11,0,13,5,3,0,Software Developer
11,29,19,39,93,45,78,92,95,46,45,86,87,1,1,42,59,68,1,57,4,2,0,Cybersecurity Analyst
16,85,4,21,23,84,77,59,56,76,76,87,7,1,1,45,80,34,1,52,4,1,0,Web Developer
59,71,10,52,86,86,9,74,20,47,63,94,29,1,1,59,82,53,0,63,3,9,1,Cloud Solutions Architect
35,68,5,64,39,85,17,34,39,74,52,99,60,1,0,2,15,80,1,32,2,4,0,Web Developer
71,6,52,54,57,38,11,48,94,7,53,45,16,0,1,27,74,6,1,36,1,2,0,Database Administrator
12,83,90,41,27,68,61,59,84,58,46,48,49,1,1,100,78,16,1,2,5,1,1,IT Manager
28,26,8,77,4,60,94,40,72,98,100,99,54,1,1,22,31,64,1,0,4,4,1,Data Scientist
7,42,11,27,59,49,28,48,71,88,16,29,34,0,1,21,56,86,0,90,3,6,0,Network Administrator
51,40,73,15,86,3,99,34,9,20,55,49,35,1,0,11,62,5,0,20,4,10,0,IT Manager
43,27,13,89,2,65,51,52,73,27,44,44,0,1,0,100,9,89,0,73,3,8,1,Cybersecurity Analyst
55,48,30,9,54,61,41,81,16,99,11,96,41,0,0,17,17,5,0,56,1,1,1,Database Administrator
35,68,46,65,47,94,45,45,98,71,32,15,29,0,1,33,75,1,0,88,1,8,0,IT Manager
87,88,84,41,80,30,41,56,48,99,100,72,61,1,0,69,65,98,0,20,4,9,1,Artificial Intelligence Engineer
29,67,15,29,4,18,91,84,30,37,81,38,59,0,0,85,98,61,1,51,4,4,0,Database Administrator
50,8,75,9,52,75,67,19,16,0,69,14,58,0,1,87,46,9,1,2,1,8,1,Network Administrator
32,28,9,82,31,54,86,63,81,40,63,50,94,1,1,17,62,60,1,6,4,6,0,Data Scientist
24,7,73,11,5,17,20,24,69,87,60,88,32,0,0,35,41,47,1,25,2,10,0,Systems Analyst
21,47,29,38,23,86,16,0,75,26,33,32,86,0,1,85,97,92,0,44,1,8,0,IT Manager
5,53,100,49,90,29,70,80,50,18,76,5,10,0,1,8,25,65,1,50,3,3,1,Network Administrator
96,56,64,57,11,8,42,83,8,46,89,85,56,1,0,82,34,42,1,50,3,4,0,Data Scientist
71,77,34,40,5,24,82,85,71,5,55,79,15,1,0,71,12,48,0,90,5,7,0,Software Developer
43,87,54,70,57,90,67,63,30,44,69,47,18,0,0,19,29,98,0,54,5,4,0,Cybersecurity Analyst
34,69,38,81,61,56,86,72,27,91,59,61,90,1,1,87,32,98,1,27,3,7,0,Database Administrator
88,67,68,78,65,67,90,33,30,98,38,29,39,0,0,14,9,66,0,56,2,10,0,Artificial Intelligence Engineer
53,97,54,12,78,37,11,33,11,5,38,99,12,0,0,54,97,36,1,28,1,9,1,Web Developer
32,59,86,81,52,32,17,59,27,99,39,20,64,0,1,73,5,10,0,47,5,4,1,Data Scientist
59,88,60,71,57,32,4,68,35,22,4,83,72,0,0,40,33,100,1,15,3,8,1,Database Administrator
76,13,78,90,50,70,93,8,87,84,72,27,55,0,0,6,27,8,0,67,5,7,1,Software Developer
28,68,64,37,27,52,47,94,65,73,79,1,66,0,0,1,14,7,1,90,1,1,0,Software Developer
36,11,51,52,16,47,54,88,51,56,87,12,52,1,0,71,67,45,1,76,4,1,0,Software Developer
47,59,38,20,95,78,37,86,74,74,86,93,42,0,1,13,45,60,1,56,4,8,1,IT Manager
55,39,100,40,71,44,2,48,37,87,28,82,92,1,1,11,62,70,1,81,4,3,0,IT Manager
12,17,29,99,82,58,60,35,26,44,38,46,67,1,0,53,42,56,1,15,4,5,0,Artificial Intelligence Engineer
71,16,66,55,10,100,82,12,4,19,54,80,29,1,1,41,64,58,1,11,5,8,0,IT Manager
73,47,91,86,90,33,38,95,85,95,66,82,97,1,1,87,43,9,1,7,1,1,0,Database Administrator
61,76,92,83,22,22,31,6,61,58,75,13,59,1,1,12,79,38,0,34,4,3,1,Network Administrator
82,54,53,96,51,65,92,91,84,27,58,99,60,1,1,34,17,18,1,86,4,10,1,IT Manager
11,94,10,2,47,71,29,91,90,53,7,23,72,0,1,87,87,43,1,72,5,3,1,Data Scientist
36,4,74,99,58,48,2,2,21,71,70,89,81,1,0,93,76,1,1,68,4,3,1,Database Administrator
63,8,75,32,35,41,56,64,63,64,61,31,16,0,0,32,13,66,0,38,2,10,1,Systems Analyst
28,21,75,87,87,0,17,47,91,79,48,56,82,1,0,76,100,38,1,83,3,9,0,Web Developer
15,42,22,42,60,85,35,50,28,79,95,24,3,1,1,39,30,9,0,26,1,6,0,Network Administrator
68,25,5,21,3,51,39,31,64,45,56,36,67,1,1,53,83,85,1,4,4,5,1,Cybersecurity Analyst
4,65,49,28,41,5,37,47,19,62,8,21,53,1,0,9,55,41,1,89,2,4,0,Network Administrator
26,78,91,75,54,12,92,44,81,98,1,67,47,0,0,71,5,71,0,53,3,1,0,Network Administrator
100,71,58,74,71,66,23,32,21,64,97,15,27,1,0,2,27,36,0,5,4,9,1,Data Scientist
66,5,75,6,90,23,80,68,31,42,10,80,9,0,1,35,54,11,1,21,4,1,0,Network Administrator
48,79,95,56,73,77,86,10,19,32,89,61,53,0,0,62,69,43,0,86,2,5,1,Artificial Intelligence Engineer
99,12,17,56,57,81,2,1,34,17,95,7,8,0,0,2,13,55,1,15,5,3,1,Software Developer
85,94,96,51,95,95,50,52,86,56,57,32,28,0,1,98,53,57,1,64,3,1,1,Cybersecurity Analyst
10,86,80,85,6,65,23,63,75,75,6,85,9,1,0,80,32,55,1,52,4,8,0,Software Developer
98,42,60,17,76,6,78,72,20,93,12,4,65,0,1,46,72,42,0,14,2,1,0,Artificial Intelligence Engineer
71,71,44,90,19,17,26,38,86,14,27,9,17,1,1,55,84,77,0,89,5,3,0,Systems Analyst
42,86,10,74,8,45,31,47,78,93,15,74,99,1,0,38,96,88,1,32,5,2,0,IT Manager
2,86,60,22,48,83,53,51,52,60,36,13,85,0,0,15,11,97,1,61,2,3,0,Cybersecurity Analyst
32,63,96,94,93,27,36,49,19,35,92,54,48,0,1,75,43,80,1,75,3,5,0,Web Developer
0,69,82,9,85,47,34,66,18,83,75,67,29,1,0,97,42,66,0,77,5,4,1,Cloud Solutions Architect
89,25,46,92,32,23,59,19,65,8,15,96,53,1,0,25,59,1,1,84,2,4,1,Database Administrator
59,22,54,42,86,90,70,3,5,46,32,8,41,1,1,29,10,11,1,14,5,6,1,Software Developer
76,64,44,45,42,43,94,9,84,27,43,59,10,1,1,19,74,81,1,69,4,3,1,Data Scientist
80,92,73,10,66,32,70,59,13,78,63,82,55,1,1,5,15,39,0,11,1,1,1,Network Administrator
47,33,94,64,87,82,25,45,67,92,74,27,44,1,0,46,7,46,1,11,2,1,1,Systems Analyst
26,66,78,21,10,98,36,40,80,99,21,54,53,1,0,62,90,44,1,9,2,6,1,Cybersecurity Analyst
48,10,33,20,75,25,93,76,70,77,80,62,67,0,1,8,38,38,0,50,3,5,1,Data Scientist
72,90,82,96,42,40,76,34,49,75,7,58,33,1,0,44,63,69,0,66,5,7,1,Cloud Solutions Architect
51,97,69,23,83,42,97,36,31,15,14,63,45,0,0,9,31,53,1,52,4,6,1,Cybersecurity Analyst
71,14,69,20,47,3,97,82,39,59,99,58,76,1,0,12,80,56,1,56,1,9,1,IT Manager
35,68,7,17,5,4,51,35,17,91,50,100,55,1,1,24,17,95,0,19,5,2,0,Data Scientist
13,34,26,44,10,11,93,89,12,0,59,93,8,1,0,49,13,73,0,13,5,10,0,Network Administrator
75,3,8,49,45,26,28,91,8,98,64,38,99,0,1,45,39,48,1,80,2,7,1,Systems Analyst
96,57,39,12,55,14,26,53,61,21,38,30,5,0,1,20,10,56,1,83,2,10,0,Network Administrator
58,92,65,68,33,99,17,39,14,90,26,64,65,1,1,28,100,66,0,66,4,3,0,Database Administrator
2,95,3,42,29,93,70,92,12,74,12,58,51,1,0,28,36,21,0,85,4,8,1,Database Administrator
44,87,71,63,74,41,78,84,49,56,47,74,45,1,1,56,36,60,1,46,1,5,0,Data Scientist
15,85,79,85,52,68,64,13,72,72,5,25,68,1,0,7,9,78,1,54,5,9,0,Systems Analyst
33,35,79,23,63,36,80,22,11,27,62,2,2,0,0,96,16,17,0,97,2,4,0,Data Scientist
85,85,70,2,5,95,62,65,26,78,46,12,18,1,0,50,75,37,1,72,5,3,1,Data Scientist
30,46,24,37,31,94,27,46,67,20,36,33,21,0,1,32,26,38,0,85,5,7,1,Data Scientist
49,90,45,44,8,40,68,37,22,47,11,75,42,0,0,66,37,24,1,84,5,3,1,Data Scientist
5,49,76,70,67,96,29,90,66,62,12,27,55,0,0,34,42,0,0,50,4,10,0,Software Developer
29,67,99,51,81,29,67,2,37,41,19,42,14,1,1,67,10,24,0,18,3,10,1,Cloud Solutions Architect
94,97,98,0,39,32,32,85,47,17,81,63,58,0,1,33,14,16,0,71,4,7,1,Data Scientist
35,75,40,74,7,39,30,90,89,21,7,62,10,1,1,45,58,41,0,5,1,6,0,Web Developer
32,40,47,93,30,48,50,65,69,5,47,39,55,0,1,9,99,44,1,2,2,5,1,Data Scientist
38,41,49,59,55,1,100,54,57,95,87,0,31,0,1,55,16,85,0,36,4,1,0,Cybersecurity Analyst
70,54,0,7,47,0,41,83,32,35,83,1,47,0,0,12,3,13,0,21,2,9,0,Systems Analyst
97,93,9,77,85,96,10,72,80,8,61,12,37,1,1,42,68,40,1,52,3,2,0,Software Developer
90,29,80,23,72,74,40,71,100,37,86,66,6,0,0,44,74,52,0,66,4,4,0,Data Scientist
26,81,0,59,28,40,5,40,10,51,94,76,95,1,1,12,3,77,1,87,5,1,0,IT Manager
75,79,58,33,76,64,46,88,8,28,22,20,61,1,1,23,24,46,0,19,2,3,0,Web Developer
81,76,22,4,25,6,5,63,80,74,62,14,85,0,0,61,29,68,0,22,3,2,1,IT Manager
24,37,17,46,8,65,33,29,93,25,2,24,88,0,0,97,22,45,0,23,3,9,0,Artificial Intelligence Engineer
98,48,62,17,62,85,18,47,75,52,56,49,50,1,0,87,53,73,0,87,1,6,0,Web Developer
100,12,48,31,90,76,96,26,51,61,21,30,79,1,0,25,58,39,1,70,4,7,1,Web Developer
59,3,28,94,42,34,57,50,84,99,20,22,43,1,1,63,62,72,1,30,2,9,1,Software Developer
1,22,77,93,73,68,21,91,91,13,32,33,1,0,1,79,63,24,0,14,5,6,0,IT Manager
54,10,23,75,52,29,98,23,59,86,28,31,45,0,0,73,72,41,1,17,2,3,0,Cybersecurity Analyst
59,68,65,84,95,15,14,95,86,32,72,43,3,1,1,22,73,56,1,49,4,8,0,Data Scientist
95,36,97,0,89,36,25,63,5,61,38,62,4,0,1,56,35,98,0,42,2,8,0,IT Manager
75,43,84,56,19,4,95,3,90,92,77,47,48,1,1,58,6,86,1,68,5,9,1,Systems Analyst
93,97,66,10,42,79,28,26,86,9,16,77,28,0,0,69,14,19,0,90,3,5,1,Software Developer
65,35,80,85,36,45,80,69,27,1,17,64,34,1,0,1,65,4,1,60,2,1,1,Software Developer
27,89,82,87,77,17,17,79,97,71,39,51,88,0,1,76,59,2,1,50,1,3,1,Systems Analyst
10,22,40,71,27,63,70,11,65,91,64,43,92,1,1,79,90,63,0,49,2,6,1,Artificial Intelligence Engineer
25,98,56,28,19,100,45,44,52,68,48,69,74,1,1,29,79,36,1,86,2,6,1,Cloud Solutions Architect
56,53,25,18,44,36,63,6,3,36,28,46,22,0,0,19,3,78,1,56,2,1,0,Cybersecurity Analyst
58,58,56,58,92,62,26,34,76,14,87,85,70,0,0,68,29,86,0,55,5,5,0,Data Scientist
43,42,50,10,11,68,26,79,33,99,89,36,7,1,0,39,0,17,0,26,4,4,1,Software Developer
17,62,89,71,6,51,26,93,2,95,53,43,31,1,0,84,22,24,0,41,4,7,1,Systems Analyst
37,93,25,56,33,20,7,40,95,87,7,89,19,0,1,11,38,28,1,24,5,10,0,Network Administrator
1,29,96,19,30,10,78,23,59,86,2,68,8,1,0,76,50,5,1,40,3,10,1,IT Manager
51,13,12,27,42,47,49,18,67,10,9,28,78,1,1,95,7,69,1,71,2,6,1,Artificial Intelligence Engineer
34,24,19,41,1,46,56,91,86,51,85,80,37,0,1,36,83,73,1,8,5,8,0,Software Developer
11,11,85,86,75,17,3,26,8,94,15,59,75,1,0,59,22,87,0,7,3,1,0,Network Administrator
51,71,31,13,56,38,92,54,52,65,42,8,45,1,1,26,63,100,1,56,2,9,0,Data Scientist
1,24,50,84,73,100,47,78,80,24,24,9,83,1,0,93,81,19,0,70,5,3,1,Artificial Intelligence Engineer
55,1,66,91,99,49,70,99,32,41,28,16,75,0,1,61,37,44,0,57,3,5,0,Systems Analyst
25,39,17,84,57,84,100,4,14,62,83,95,55,0,0,51,13,48,1,77,5,5,0,Data Scientist
46,97,40,92,97,11,20,95,78,35,32,94,77,1,0,18,71,24,1,46,4,4,0,Web Developer
10,79,85,20,54,67,21,80,28,38,60,35,79,1,1,93,28,78,0,52,5,7,1,Database Administrator
52,55,28,39,50,95,61,75,25,72,34,25,49,1,1,27,42,25,0,73,1,2,0,Systems Analyst
76,55,49,0,50,53,34,33,19,21,14,61,90,0,1,86,89,35,1,59,2,8,0,Artificial Intelligence Engineer
33,21,70,85,60,71,45,46,64,1,91,4,42,1,1,8,37,57,0,2,3,8,1,Software Developer
36,80,37,48,57,51,76,98,54,56,6,54,34,0,1,96,15,31,0,72,1,9,0,Cloud Solutions Architect
47,0,15,63,56,50,77,78,100,24,84,73,13,1,1,58,20,73,1,100,4,9,0,Network Administrator
73,23,40,96,7,8,82,65,95,2,54,35,10,0,1,45,59,100,1,43,5,5,1,Network Administrator
91,97,44,45,91,57,78,69,98,91,9,53,36,0,1,76,11,12,1,1,5,10,0,Cybersecurity Analyst
18,84,49,99,1,88,77,32,40,71,9,100,57,1,0,2,41,19,0,64,1,9,0,Network Administrator
40,51,88,53,19,76,0,56,12,23,82,32,13,0,1,35,68,46,1,3,3,3,0,Cybersecurity Analyst
89,20,77,56,15,64,50,50,34,23,80,95,46,0,1,1,29,37,0,100,4,3,1,Artificial Intelligence Engineer
66,3,98,78,12,0,28,68,0,28,62,3,26,1,1,65,86,56,0,79,2,6,0,Data Scientist
94,96,65,53,64,82,51,61,40,17,2,59,32,0,1,5,11,24,1,59,3,2,0,Network Administrator
6,23,93,8,33,57,93,83,39,54,72,48,64,1,0,31,35,72,1,18,4,6,0,Artificial Intelligence Engineer
59,76,89,52,20,52,46,82,68,1,45,7,69,1,0,53,60,10,1,34,5,8,0,Database Administrator
19,78,59,62,55,95,73,55,13,26,89,64,13,0,1,86,0,24,0,18,3,7,0,Systems Analyst
5,0,11,38,5,28,75,30,90,44,57,78,92,1,1,22,60,53,0,40,2,1,1,Web Developer
15,50,1,79,40,31,92,43,46,19,23,31,23,0,1,4,76,12,1,6,5,8,1,Software Developer
96,68,73,68,19,58,56,90,9,67,98,19,75,0,1,28,67,26,1,58,3,10,0,Software Developer
22,26,1,81,7,56,35,78,58,76,67,62,18,0,1,65,39,97,1,85,3,4,0,Web Developer
74,50,1,11,98,37,58,79,69,97,52,83,71,1,0,29,75,4,0,80,1,9,0,Cloud Solutions Architect
81,41,100,82,92,20,46,73,70,64,27,8,59,1,0,57,9,41,1,76,2,7,0,Software Developer
62,22,63,16,77,13,3,81,21,23,57,17,80,0,1,81,89,39,0,18,2,2,1,Systems Analyst
80,74,97,39,18,1,49,92,14,15,92,94,43,1,0,100,54,23,0,75,5,3,0,Database Administrator
26,30,83,84,5,29,32,10,23,2,31,23,6,0,1,58,96,89,1,35,3,6,1,Systems Analyst
50,92,25,59,75,78,18,38,18,57,52,21,77,0,1,11,85,45,1,18,5,5,0,Systems Analyst
72,67,46,92,90,51,99,18,66,35,74,43,92,1,1,61,90,92,0,76,5,7,0,Cybersecurity Analyst
83,83,1,30,99,25,95,5,65,38,66,34,45,0,0,67,27,86,1,61,5,4,1,Database Administrator
98,27,95,18,13,48,10,77,56,65,97,12,84,1,0,28,69,5,1,48,2,7,1,Data Scientist
58,31,78,52,64,27,53,2,34,99,65,100,54,0,0,15,96,2,0,63,4,5,0,Network Administrator
95,90,17,90,74,82,45,56,8,33,69,25,32,0,0,60,77,16,0,18,3,1,0,Cybersecurity Analyst
24,56,62,60,67,10,20,9,20,1,8,34,34,1,1,60,83,29,0,60,5,6,0,Data Scientist
25,54,63,31,63,70,87,75,83,74,94,84,15,1,1,39,16,0,1,21,4,4,0,Software Developer
9,36,61,66,76,94,48,97,44,42,9,39,1,1,0,83,14,3,1,32,1,7,1,Systems Analyst
62,69,89,22,87,63,89,50,84,43,77,6,11,1,0,87,10,46,0,81,2,3,1,Systems Analyst
91,24,36,40,17,100,44,74,20,5,59,53,64,1,0,67,48,38,0,55,2,6,0,Software Developer
52,16,53,96,14,0,78,40,72,96,75,93,98,0,0,55,23,75,1,63,2,2,0,Data Scientist
65,40,66,34,20,36,13,83,78,74,20,72,73,0,0,85,98,9,1,62,2,1,0,Systems Analyst
12,93,7,83,84,69,4,38,44,49,46,22,77,1,1,95,42,3,0,57,2,4,0,Data Scientist
86,75,37,70,68,34,75,19,61,48,97,95,84,0,1,100,77,57,0,23,1,9,1,Software Developer
54,67,69,27,55,63,13,3,93,57,61,61,0,1,0,28,80,70,1,43,5,5,1,Software Developer
47,40,47,44,8,86,92,89,8,3,79,14,27,0,0,91,5,10,0,2,4,5,0,Artificial Intelligence Engineer
72,85,72,12,42,29,37,93,49,13,5,53,62,0,0,3,3,58,0,25,5,6,1,Database Administrator
56,72,7,36,13,60,15,73,0,23,4,16,50,1,1,100,41,44,0,5,1,7,1,Systems Analyst
55,45,100,16,54,0,85,60,85,79,56,14,19,1,0,32,30,54,1,56,2,3,1,Software Developer
87,87,4,88,57,99,25,9,73,8,50,43,6,0,1,72,98,77,1,97,2,4,0,Cybersecurity Analyst
24,82,79,23,81,51,75,52,18,23,32,47,68,0,0,92,4,2,0,14,1,9,1,Cybersecurity Analyst
79,13,51,0,11,96,61,75,3,99,33,98,95,1,1,14,92,6,1,82,5,4,1,Database Administrator
87,30,71,59,33,49,54,14,88,92,44,71,11,0,0,32,6,80,1,12,5,3,0,IT Manager
19,24,78,20,12,10,38,21,100,98,11,18,71,0,0,51,33,100,1,81,1,4,1,Database Administrator
36,41,65,0,6,15,22,48,40,43,56,60,31,1,1,59,5,40,1,66,1,8,1,Web Developer
16,26,24,97,13,27,27,1,13,94,54,96,66,0,0,61,88,41,1,66,1,1,1,Software Developer
16,100,21,7,88,76,58,40,62,65,21,61,99,0,0,17,35,16,0,39,3,2,0,IT Manager
28,66,93,84,65,32,49,56,74,93,47,85,56,0,0,31,82,60,1,72,1,6,0,Artificial Intelligence Engineer
51,63,53,31,8,88,1,5,42,31,61,96,6,0,0,98,65,8,1,7,4,4,0,Systems Analyst
48,56,17,91,74,24,60,74,63,19,62,4,0,1,1,22,92,32,1,16,2,5,1,Network Administrator
81,37,85,58,14,8,7,24,94,77,25,8,86,0,0,2,75,56,1,30,3,5,1,Cloud Solutions Architect
49,4,9,69,86,20,47,66,77,21,69,97,63,0,0,85,79,92,1,94,3,1,1,Cybersecurity Analyst
39,48,34,71,29,65,36,33,15,58,70,86,30,1,1,24,21,84,0,0,1,6,0,Software Developer
30,38,72,36,40,8,85,37,67,39,80,5,45,1,0,16,29,25,0,87,3,5,1,Database Administrator
36,49,89,36,43,83,84,4,46,37,99,10,37,1,1,32,58,47,0,17,1,9,0,Database Administrator
28,54,48,69,96,9,75,16,68,20,3,10,92,0,1,83,89,0,0,77,4,1,1,Data Scientist
45,100,48,13,42,84,20,25,50,99,98,52,20,1,1,42,93,69,0,88,5,4,1,Network Administrator
51,62,77,70,48,59,33,92,65,69,80,14,23,0,0,25,46,20,0,23,1,3,1,IT Manager
29,29,38,77,23,81,69,85,2,86,67,36,24,1,1,57,64,89,1,87,4,10,1,Software Developer
58,24,89,25,46,8,22,55,58,95,85,30,39,0,1,36,20,19,1,14,2,3,0,Network Administrator
43,0,21,49,23,10,16,96,34,65,11,51,39,1,0,31,31,76,0,26,1,3,1,Artificial Intelligence Engineer
24,1,33,90,10,88,5,3,95,87,72,54,0,0,0,88,90,21,0,42,1,5,1,Cybersecurity Analyst
67,45,40,53,25,99,50,2,7,19,36,96,78,0,1,48,76,45,0,82,3,2,0,Data Scientist
2,33,81,98,7,38,92,53,86,78,38,76,29,1,0,68,83,86,0,42,3,4,0,Cybersecurity Analyst
84,45,53,73,5,35,90,27,53,60,37,58,14,1,1,100,54,68,0,93,1,1,1,Artificial Intelligence Engineer
16,86,87,47,17,23,44,67,85,46,63,90,32,1,1,71,9,82,1,21,2,5,0,Database Administrator
28,73,5,75,57,89,95,48,74,16,47,9,88,1,0,45,2,49,1,46,3,3,1,Cloud Solutions Architect
42,74,46,50,3,72,97,69,43,61,51,55,75,0,0,28,53,86,0,10,4,8,1,Artificial Intelligence Engineer
8,75,20,91,89,67,47,66,79,63,58,56,73,1,0,51,5,57,0,33,3,8,1,Systems Analyst
66,74,5,47,76,49,83,54,100,29,13,69,98,1,1,91,52,45,0,39,2,7,1,Data Scientist
19,64,52,22,66,25,83,82,48,20,16,65,20,1,1,75,13,19,1,58,4,10,1,Cybersecurity Analyst
84,10,51,34,82,43,44,1,9,99,83,31,4,1,1,71,18,7,0,45,5,7,1,Cybersecurity Analyst
22,30,96,55,27,78,73,50,25,45,25,87,15,1,0,71,44,61,1,69,1,3,0,Web Developer
84,98,64,13,68,31,83,72,20,43,39,88,86,0,1,36,29,47,0,88,5,9,0,Artificial Intelligence Engineer
74,25,46,3,76,60,41,86,48,65,2,0,35,0,1,17,85,15,1,63,4,2,1,Systems Analyst
12,53,25,66,91,16,42,7,6,52,96,93,17,0,1,13,98,73,0,43,2,5,1,Cloud Solutions Architect
74,90,44,10,87,84,44,76,99,80,7,73,6,0,1,49,23,65,0,60,4,8,0,Artificial Intelligence Engineer
75,37,27,56,63,6,2,71,67,14,72,76,3,0,0,22,87,86,0,67,1,10,1,Cybersecurity Analyst
31,0,33,1,1,56,23,99,38,82,5,60,46,1,0,11,74,15,1,14,4,1,0,Network Administrator
13,32,78,37,44,0,32,47,3,59,71,67,72,0,0,24,33,60,1,7,1,3,0,Artificial Intelligence Engineer
93,90,74,31,10,87,80,60,60,43,6,19,11,0,0,53,8,74,1,98,1,2,1,IT Manager
85,82,11,52,36,100,38,41,37,70,52,33,63,1,1,40,36,30,0,97,5,7,1,Cybersecurity Analyst
17,65,46,62,98,52,19,51,30,85,17,59,94,1,1,56,5,94,0,64,5,2,1,Cybersecurity Analyst
14,45,30,5,41,70,54,34,27,91,42,17,5,1,1,46,84,65,0,79,4,8,0,Data Scientist
95,36,46,47,87,84,95,87,35,67,11,39,61,0,1,54,96,4,0,92,2,10,0,Cybersecurity Analyst
47,98,45,13,45,17,61,81,47,96,76,14,1,0,0,42,85,83,0,22,2,10,0,IT Manager
95,49,44,89,76,94,82,76,46,59,98,17,4,1,0,79,7,7,0,7,4,10,1,IT Manager
49,75,15,66,53,74,26,75,67,88,46,88,96,1,1,28,20,21,0,24,2,5,1,IT Manager
1,18,16,100,14,19,35,46,59,38,56,35,22,1,1,51,39,50,1,31,3,10,0,Data Scientist
84,1,10,68,86,89,13,20,6,46,14,42,17,0,1,54,67,10,0,3,1,8,1,Artificial Intelligence Engineer
85,77,5,30,48,35,50,35,1,28,95,60,54,0,1,92,28,61,0,88,5,7,0,IT Manager
68,78,11,11,13,99,87,94,49,21,71,16,98,1,0,80,26,17,0,77,4,1,0,Cybersecurity Analyst
93,65,25,49,3,31,29,94,5,96,5,85,44,0,1,17,68,14,1,7,3,10,1,Cybersecurity Analyst
9,56,43,40,93,10,30,14,39,47,51,91,36,0,0,62,20,92,1,86,3,3,1,Artificial Intelligence Engineer
5,22,13,51,73,72,72,69,98,37,19,88,100,1,1,89,70,18,1,21,5,10,0,Cloud Solutions Architect
6,1,67,39,24,74,11,57,73,56,36,31,87,0,0,100,10,44,1,44,5,7,0,Data Scientist
44,47,55,65,53,80,46,44,46,81,25,30,30,0,0,32,51,57,0,38,3,5,0,Data Scientist
34,71,91,33,68,95,81,3,38,89,25,27,11,1,1,56,33,44,0,17,2,4,0,Artificial Intelligence Engineer
66,62,89,68,63,79,19,11,23,23,36,62,84,0,1,1,76,52,1,42,3,3,1,Artificial Intelligence Engineer
11,12,83,42,81,82,0,91,14,53,68,69,2,1,1,40,61,19,0,42,2,9,0,Data Scientist
7,46,7,48,94,86,86,99,14,80,44,25,8,1,1,19,37,75,1,90,5,6,0,Data Scientist
67,21,5,63,34,37,19,12,88,95,85,54,29,0,1,69,100,64,1,54,3,8,0,Systems Analyst
1,95,47,68,54,50,68,20,24,67,51,43,21,1,1,66,35,69,1,30,4,1,1,Cloud Solutions Architect
49,24,36,90,74,80,1,61,92,97,9,37,19,1,1,54,0,37,0,48,3,8,1,Artificial Intelligence Engineer
5,63,77,96,86,12,33,32,51,91,30,85,91,1,0,30,69,13,1,54,5,9,1,Cloud Solutions Architect
47,24,100,26,46,83,32,73,87,62,27,98,52,0,1,88,97,43,1,15,4,6,0,Cloud Solutions Architect
26,10,56,23,44,15,23,99,26,41,70,6,41,1,1,52,45,31,1,81,4,10,0,Web Developer
84,20,22,30,82,32,22,15,76,48,85,0,95,1,1,34,73,67,1,13,3,2,1,Web Developer
91,32,53,48,1,7,29,81,62,55,24,1,94,0,0,58,60,66,1,29,3,1,0,Software Developer
61,85,42,43,64,13,44,5,23,23,14,95,97,1,1,32,24,40,1,4,2,6,0,Network Administrator
65,3,41,56,33,23,48,7,80,79,81,47,30,1,1,6,59,70,1,86,2,4,1,IT Manager
89,0,73,16,61,76,97,64,95,37,82,70,29,1,0,31,41,15,0,14,4,8,0,Software Developer
18,61,27,40,78,83,21,21,79,33,34,66,45,0,1,22,60,94,0,61,1,10,0,Software Developer
12,8,21,62,87,84,60,9,40,87,25,68,19,1,0,17,79,3,0,61,5,3,0,Data Scientist
51,83,4,13,65,47,31,74,92,73,80,16,31,0,0,23,65,0,0,82,4,5,1,Network Administrator
68,27,29,85,54,93,91,60,8,13,9,93,57,0,1,10,95,23,0,1,2,8,1,Artificial Intelligence Engineer
1,43,20,33,74,52,28,22,92,23,72,89,21,0,0,70,90,50,1,45,2,7,1,Web Developer
100,72,59,98,50,17,96,73,31,64,10,18,72,0,0,66,91,44,1,62,3,9,1,Data Scientist
14,81,56,7,96,90,84,56,76,51,16,53,46,0,0,5,61,100,1,66,5,7,0,Web Developer
38,61,37,19,35,32,99,75,77,95,88,3,81,0,1,84,78,36,0,9,2,7,1,Database Administrator
56,57,40,1,10,93,5,66,62,36,42,13,52,1,1,1,6,55,1,33,3,1,0,Network Administrator
19,0,75,77,31,10,41,28,79,23,47,60,39,0,1,53,7,83,1,46,2,8,0,Data Scientist
69,43,30,37,61,63,27,87,95,87,71,91,17,0,1,80,1,66,0,44,4,3,0,Cybersecurity Analyst
84,28,30,36,64,51,64,47,75,58,30,13,21,0,0,76,86,94,1,68,3,4,1,Network Administrator
36,95,43,72,55,0,26,80,75,96,49,18,53,0,0,53,11,8,0,84,1,3,1,Software Developer
63,90,61,6,95,80,10,81,39,51,86,10,8,0,0,86,47,95,1,71,4,3,1,Cloud Solutions Architect
95,89,15,26,60,46,17,92,79,24,32,75,77,0,0,69,38,25,0,84,1,7,0,Cybersecurity Analyst
88,18,42,8,87,35,76,97,12,51,15,4,73,0,0,18,78,79,1,24,4,2,0,Artificial Intelligence Engineer
78,51,73,48,27,25,38,65,75,80,94,1,35,0,0,81,79,31,0,17,3,5,1,Web Developer
27,51,16,28,15,69,49,39,6,16,32,95,6,1,1,2,11,20,0,35,5,9,1,Artificial Intelligence Engineer
16,5,48,87,11,18,83,23,8,34,87,8,10,0,1,83,89,4,0,92,5,7,0,Cybersecurity Analyst
68,70,57,24,7,64,10,78,41,71,40,78,62,0,0,52,1,94,1,7,3,9,0,Database Administrator
85,26,65,42,85,85,30,51,47,11,65,15,86,1,0,52,83,80,0,51,2,6,1,IT Manager
73,33,4,52,3,34,32,21,51,81,72,27,35,0,0,2,56,24,0,46,4,3,0,IT Manager
17,4,30,41,85,47,46,94,88,52,9,52,88,1,1,85,99,81,0,60,3,4,1,IT Manager
12,2,31,80,29,98,66,2,13,62,67,9,86,0,0,4,84,44,0,41,5,3,0,Software Developer
92,37,41,1,73,76,71,100,3,65,69,76,22,1,1,38,21,76,1,68,4,1,1,Cybersecurity Analyst
67,41,80,82,12,26,60,43,18,12,39,67,21,1,1,77,86,41,0,35,2,2,1,Artificial Intelligence Engineer
75,55,95,87,18,58,96,36,56,13,69,55,89,1,0,57,60,0,0,10,1,1,0,Artificial Intelligence Engineer
6,7,0,77,47,16,44,92,3,30,28,5,36,1,1,35,77,79,1,3,4,2,0,Network Administrator
98,54,77,46,0,32,97,53,3,70,52,62,67,1,1,34,32,81,0,97,3,1,0,IT Manager
62,59,16,38,45,26,8,65,39,17,23,17,1,0,0,77,93,32,0,24,1,8,1,Database Administrator
36,95,92,93,89,28,55,55,16,70,60,26,77,0,1,68,95,58,1,20,1,1,1,Software Developer
75,47,9,30,94,60,43,60,32,94,12,38,35,1,1,11,42,29,0,17,1,1,0,Artificial Intelligence Engineer
47,94,19,98,70,20,28,36,0,79,12,97,62,1,1,54,38,62,0,61,4,5,1,Network Administrator
31,95,20,44,37,76,70,8,40,2,85,68,35,1,0,90,73,67,0,53,3,4,1,IT Manager
85,1,62,17,40,54,84,8,66,98,51,0,85,0,0,96,67,81,1,74,2,4,0,Network Administrator
21,28,41,3,24,34,42,82,90,9,7,34,17,0,0,2,13,1,1,9,4,2,0,Network Administrator
26,40,32,100,45,48,52,18,66,35,31,75,4,0,1,9,84,21,1,77,3,1,0,Data Scientist
17,26,94,74,32,100,39,47,16,37,49,81,69,1,1,29,35,9,0,63,5,10,0,Web Developer
38,23,99,89,18,99,49,5,28,45,99,89,12,1,0,24,15,52,1,89,5,2,1,Web Developer
51,84,32,14,33,39,97,41,95,57,60,76,89,0,1,58,29,27,1,6,4,4,0,Data Scientist
26,88,8,6,91,20,26,32,3,45,51,36,53,0,0,90,61,10,0,14,5,5,1,Database Administrator
87,39,92,28,57,21,4,73,13,83,35,51,88,1,0,57,30,50,1,95,2,3,1,Web Developer
89,63,22,99,99,43,97,13,39,10,6,43,3,1,1,64,6,22,0,9,1,10,0,Database Administrator
28,100,8,18,23,54,52,16,0,34,91,75,76,1,0,4,69,25,0,69,2,7,1,Web Developer
85,24,30,61,83,80,79,10,42,58,68,46,36,1,0,35,66,2,0,59,1,2,1,IT Manager
55,60,56,67,75,8,88,27,62,4,5,54,73,0,0,14,21,12,0,76,5,7,1,Systems Analyst
82,53,50,85,86,5,39,2,35,89,59,66,20,0,1,7,4,1,1,58,4,8,1,Artificial Intelligence Engineer
16,12,46,26,77,44,66,36,65,72,24,60,52,0,1,92,7,55,1,37,5,3,1,Cloud Solutions Architect
100,71,43,98,74,65,57,28,40,54,55,69,6,0,0,36,45,9,0,98,4,9,1,Data Scientist
80,13,81,8,38,98,18,72,10,95,73,83,90,0,1,4,76,88,0,51,5,9,1,Systems Analyst
60,9,18,35,50,2,23,47,36,18,62,89,18,0,0,95,11,76,1,26,1,1,0,Database Administrator
12,58,43,93,36,13,0,93,74,25,91,13,74,1,1,84,23,47,0,67,1,9,1,Database Administrator
41,7,46,17,5,9,4,3,25,21,42,49,96,0,0,58,42,14,1,35,5,2,1,Data Scientist
12,66,30,3,5,72,56,2,30,25,66,37,7,1,1,97,44,47,1,91,2,10,1,Cloud Solutions Architect
55,56,7,43,62,72,36,36,38,54,28,11,14,0,0,45,52,66,0,9,1,4,1,Data Scientist
17,51,82,8,95,83,56,16,68,69,1,2,3,0,0,96,18,58,0,35,1,7,1,Artificial Intelligence Engineer
95,62,11,38,80,21,41,40,8,32,37,30,83,0,0,34,100,49,0,82,3,7,0,Artificial Intelligence Engineer
39,0,70,28,99,75,41,54,15,77,29,19,87,1,0,67,23,29,0,63,4,2,1,Network Administrator
60,45,25,84,62,33,98,39,3,36,87,19,57,1,1,88,19,8,0,72,3,8,0,Artificial Intelligence Engineer
15,11,29,33,48,84,78,44,62,3,3,22,40,1,0,69,65,46,0,30,3,1,1,Web Developer
58,81,14,35,94,18,66,65,46,31,57,44,5,1,1,82,72,60,1,66,5,4,1,Web Developer
45,7,36,45,48,17,21,37,56,81,28,5,77,0,0,53,32,88,0,38,1,8,0,Cloud Solutions Architect
46,62,47,2,79,37,29,96,51,83,19,79,72,1,1,84,36,84,0,44,1,9,1,Web Developer
100,40,17,41,51,95,68,33,75,93,88,38,73,1,0,24,51,67,1,0,4,7,1,Network Administrator
60,49,53,52,27,8,98,52,9,35,74,52,2,1,0,83,84,11,0,15,2,6,1,Artificial Intelligence Engineer
67,95,35,60,31,83,36,13,62,77,27,24,73,0,1,41,30,63,1,13,3,3,0,IT Manager
5,83,77,57,9,67,81,87,78,14,90,39,37,1,0,30,78,20,0,50,2,10,0,Artificial Intelligence Engineer
60,21,11,30,12,35,95,47,44,29,72,21,60,0,1,73,40,87,0,15,1,5,0,IT Manager
57,97,29,25,99,2,65,69,21,17,97,21,76,0,1,20,71,14,1,94,1,3,0,Network Administrator
33,6,98,54,50,8,50,34,79,62,74,54,24,1,1,1,4,63,1,83,4,9,0,Software Developer
14,9,14,21,0,52,8,96,22,64,91,15,99,1,1,73,18,75,0,39,1,10,1,IT Manager
15,70,28,62,98,21,9,84,78,40,23,85,18,1,0,83,47,21,0,23,1,9,0,Data Scientist
81,100,1,20,45,69,95,17,61,5,3,68,85,1,0,53,40,51,0,6,3,2,0,Database Administrator
92,73,20,17,60,58,5,89,1,23,99,12,26,1,0,49,6,87,1,52,5,6,0,Web Developer
16,13,26,29,79,61,96,53,86,53,86,63,67,1,0,60,56,88,0,56,1,5,0,Artificial Intelligence Engineer
15,64,11,12,75,63,82,40,79,92,35,99,25,0,0,54,16,89,1,36,1,4,0,Network Administrator
51,15,41,88,7,43,57,64,85,12,73,5,49,1,1,6,27,25,0,47,1,7,1,Database Administrator
64,7,92,50,94,64,62,26,99,64,22,83,57,1,1,91,28,70,1,83,1,4,1,IT Manager
56,84,84,39,23,80,74,62,0,29,79,3,74,0,1,14,63,26,0,89,5,9,1,Artificial Intelligence Engineer
6,6,97,86,78,91,38,16,74,19,13,62,37,1,0,7,77,22,1,98,3,3,0,Web Developer
16,84,30,80,62,7,47,51,15,88,36,34,54,0,0,47,95,13,1,85,4,8,1,Cybersecurity Analyst
78,71,28,32,96,54,4,15,81,2,81,75,94,1,0,46,99,37,1,38,1,7,1,Artificial Intelligence Engineer
74,100,56,84,80,41,54,91,46,9,65,52,83,0,1,53,28,80,0,48,2,6,0,Web Developer
88,45,65,30,55,81,16,85,48,27,20,67,94,0,1,43,71,64,0,16,4,1,0,Artificial Intelligence Engineer
4,4,20,56,16,18,4,25,58,27,58,70,42,0,0,94,13,26,1,72,1,3,0,IT Manager
68,99,24,88,27,68,81,79,83,71,7,84,3,0,0,13,94,1,1,22,4,8,0,Web Developer
50,96,18,74,34,49,61,52,35,51,94,31,35,1,1,67,90,39,1,33,3,7,1,Cloud Solutions Architect
5,61,9,47,34,3,29,81,45,6,60,47,55,0,1,37,43,42,0,97,2,8,0,Network Administrator
65,56,1,16,32,48,93,39,81,3,83,28,16,1,1,57,23,55,0,10,5,2,0,Data Scientist
17,61,44,53,33,93,32,84,28,58,74,2,83,0,0,94,72,39,1,7,1,2,0,Cloud Solutions Architect
44,59,41,91,81,80,67,96,23,87,93,99,40,0,0,85,91,86,0,99,2,9,1,IT Manager
81,76,35,22,44,89,85,34,86,52,49,100,67,1,1,77,90,56,0,35,5,6,0,Cloud Solutions Architect
47,11,6,86,81,78,63,83,15,92,43,72,34,0,1,9,73,27,1,2,4,2,0,Cybersecurity Analyst
86,93,39,28,1,37,69,23,67,73,25,96,93,0,0,47,94,58,1,56,2,4,0,Network Administrator
72,66,3,49,32,8,7,98,2,50,76,86,91,0,0,56,25,64,1,4,2,1,0,Web Developer
20,5,62,89,75,96,69,100,24,53,38,97,89,0,1,39,51,66,0,12,4,2,0,Systems Analyst
61,8,62,39,52,64,14,26,32,68,6,41,61,0,0,27,56,81,0,68,3,6,0,Cloud Solutions Architect
95,11,19,33,60,2,84,21,37,8,47,7,46,0,0,14,54,15,0,91,5,6,1,Database Administrator
17,46,40,23,90,43,70,90,76,3,31,22,95,0,0,66,35,74,0,30,1,10,1,Data Scientist
64,59,76,65,7,88,95,30,99,45,13,74,31,0,0,15,42,95,0,84,4,9,0,Network Administrator
56,1,23,17,23,13,17,49,8,28,58,87,81,0,0,88,68,54,0,98,4,2,0,Network Administrator
65,75,38,26,58,45,71,11,8,77,26,76,46,0,0,25,99,36,1,46,5,10,1,Network Administrator
97,98,87,91,40,28,94,76,59,41,21,63,78,1,0,55,9,97,1,23,4,7,0,Software Developer
65,74,31,68,99,22,19,89,64,25,38,96,73,0,0,65,34,54,0,54,3,9,0,Database Administrator
29,43,44,31,80,66,100,90,21,62,28,37,3,0,0,75,64,19,0,88,3,2,0,Artificial Intelligence Engineer
18,51,70,82,12,100,94,8,92,40,77,78,53,1,1,11,74,66,1,23,2,6,0,Database Administrator
50,89,0,74,2,22,80,52,75,25,39,43,71,0,0,98,12,53,1,17,5,9,0,Network Administrator
50,24,15,49,45,59,32,15,85,20,16,94,76,1,0,55,27,2,0,65,2,7,1,Network Administrator
97,68,2,97,21,46,45,25,1,10,40,67,67,1,1,78,30,55,0,55,1,5,0,Cloud Solutions Architect
7,75,10,6,32,38,63,80,38,21,61,33,38,0,0,71,15,78,1,49,5,9,1,Web Developer
76,23,35,59,20,5,51,88,8,97,52,41,49,0,1,89,12,85,0,1,4,1,0,Data Scientist
62,63,51,47,93,74,64,74,21,85,47,73,43,1,0,35,14,82,0,8,4,1,1,Artificial Intelligence Engineer
28,91,50,99,49,42,0,52,48,33,30,18,42,1,0,100,41,23,1,10,3,9,0,Cloud Solutions Architect
7,35,1,98,64,27,84,58,45,95,31,43,0,0,0,78,20,89,1,26,4,7,1,Database Administrator
59,99,65,91,80,50,73,85,14,67,13,18,20,0,1,67,59,36,0,47,4,3,0,Cloud Solutions Architect
83,3,33,49,45,35,16,7,54,19,32,39,51,0,1,77,27,69,0,66,3,7,0,Cybersecurity Analyst
23,14,26,79,57,97,74,63,55,32,26,90,90,1,1,62,7,92,0,84,2,6,0,Cloud Solutions Architect
69,5,35,40,25,89,23,5,66,32,58,30,56,0,1,3,49,70,0,9,5,3,1,Cloud Solutions Architect
19,16,57,25,68,14,22,24,0,94,74,48,58,1,1,98,88,67,1,65,1,10,1,Cybersecurity Analyst
0,65,20,64,13,1,57,45,44,23,24,50,44,0,0,34,35,53,0,26,4,9,0,Web Developer
9,89,58,100,88,13,48,47,20,57,26,44,93,1,1,79,41,8,1,1,1,10,0,Database Administrator
96,1,74,99,84,27,20,53,8,18,35,82,13,0,0,43,23,78,0,89,5,6,0,Cybersecurity Analyst
31,22,16,7,66,38,31,30,36,42,69,57,9,1,1,8,74,57,0,34,4,2,0,Data Scientist
1,29,12,32,80,20,49,1,32,75,6,12,10,1,1,89,8,92,1,47,1,9,1,Cybersecurity Analyst
29,60,60,86,28,81,53,28,94,26,24,22,76,0,0,58,99,16,0,81,3,7,0,Network Administrator
46,67,32,29,67,39,25,16,49,52,3,98,88,1,0,26,1,40,1,40,5,7,1,Artificial Intelligence Engineer
73,6,8,52,14,49,79,41,46,32,44,89,54,1,1,66,73,37,1,51,5,6,0,Database Administrator
9,47,74,45,37,83,24,0,11,45,44,52,53,1,1,2,47,62,1,86,3,9,1,Cloud Solutions Architect
81,31,93,42,48,14,12,22,55,4,20,41,78,0,1,59,30,36,1,24,2,8,1,Web Developer
90,89,30,62,77,76,95,63,52,39,38,29,0,1,0,20,67,92,1,54,1,5,1,Database Administrator
67,47,25,91,27,82,41,16,1,37,65,76,21,0,0,10,61,14,1,5,4,8,0,Cloud Solutions Architect
8,74,100,82,66,3,46,27,5,96,21,17,13,0,0,56,76,74,0,27,1,7,1,Cloud Solutions Architect
36,14,95,33,0,74,80,51,45,57,96,30,83,1,1,50,48,32,1,79,2,3,1,Database Administrator
20,41,5,20,87,98,25,67,57,54,72,15,43,1,0,82,0,34,1,28,3,9,1,Cloud Solutions Architect
27,43,55,21,59,61,66,49,93,27,20,41,70,0,1,18,96,73,0,56,5,7,1,Database Administrator
35,62,6,46,36,52,86,57,67,94,72,45,62,1,0,4,76,78,1,65,5,2,1,Artificial Intelligence Engineer
81,62,42,31,73,46,76,6,27,22,5,47,85,1,0,59,49,19,0,17,4,10,1,Web Developer
0,65,76,59,73,83,15,33,47,57,90,91,57,0,1,94,34,10,1,66,2,3,0,Web Developer
52,5,78,48,84,56,56,8,99,34,73,67,10,1,0,100,34,57,0,30,1,8,1,Web Developer
70,38,61,49,28,59,52,83,25,27,65,79,41,0,1,49,100,8,0,45,2,6,1,Network Administrator
3,0,76,2,18,88,76,8,42,44,13,90,8,1,0,58,78,37,0,29,1,6,0,Artificial Intelligence Engineer
55,32,12,99,67,99,34,12,75,52,68,55,79,0,0,75,95,72,0,98,2,10,0,Cloud Solutions Architect
21,92,79,77,7,29,99,96,93,4,20,61,22,0,1,78,97,41,1,57,5,1,1,Network Administrator
18,65,17,92,67,99,32,17,86,49,54,58,29,1,0,70,58,49,1,34,1,4,1,Network Administrator
78,18,56,32,98,90,94,26,84,57,35,17,6,1,0,29,44,75,1,83,5,10,0,Software Developer
98,51,5,96,19,21,19,76,23,31,78,12,95,0,1,84,25,77,0,20,2,9,1,Artificial Intelligence Engineer
10,38,83,32,86,72,0,47,88,68,81,51,23,1,0,82,61,84,1,99,1,3,1,Database Administrator
98,85,63,21,1,91,42,67,89,99,58,23,67,1,1,39,9,30,1,94,4,7,0,Database Administrator
48,77,50,47,56,94,80,71,73,4,4,8,69,0,1,78,64,56,0,29,2,10,1,Artificial Intelligence Engineer
24,49,20,11,43,27,28,14,25,13,58,10,98,1,0,60,69,1,0,96,5,7,1,IT Manager
83,15,80,45,39,61,57,74,37,0,63,4,79,1,0,71,91,92,1,82,4,9,1,Software Developer
98,63,59,73,85,23,96,88,3,36,74,9,50,1,0,86,35,10,0,74,1,7,1,Web Developer
16,51,11,83,84,22,85,42,39,22,68,58,48,0,1,3,67,83,1,74,2,5,1,Database Administrator
41,81,25,71,15,58,77,29,57,21,33,2,80,0,1,34,9,19,0,11,2,2,1,Software Developer
72,69,93,70,51,15,27,75,19,27,40,86,37,1,1,30,62,93,0,2,3,2,0,Software Developer
68,95,3,7,39,40,75,18,91,50,7,28,25,1,1,28,22,81,0,1,1,1,1,Software Developer
62,56,68,77,29,45,69,36,5,96,93,34,86,1,0,33,81,63,1,65,2,5,0,IT Manager
25,84,25,45,97,71,33,13,17,26,18,54,36,1,1,66,66,0,1,59,5,6,1,Cybersecurity Analyst
84,33,76,69,15,21,86,62,0,96,28,96,31,0,0,67,78,45,1,13,4,7,0,Data Scientist
30,88,42,96,93,68,56,26,9,3,77,80,95,1,1,71,74,31,0,92,5,2,1,Artificial Intelligence Engineer
62,39,10,5,1,81,26,22,89,22,33,51,31,1,0,94,88,61,0,43,2,6,0,Network Administrator
41,10,68,37,50,45,8,94,95,83,58,22,93,1,0,3,95,45,0,42,5,7,0,Software Developer
86,21,44,86,100,26,84,52,79,45,95,72,19,0,1,68,80,8,1,11,5,8,1,Data Scientist
16,28,79,77,4,23,33,16,32,67,14,95,97,1,1,23,5,15,0,100,2,6,1,Artificial Intelligence Engineer
97,38,14,53,45,62,83,53,0,40,94,76,7,0,0,85,15,84,1,12,4,4,1,IT Manager
50,13,45,100,28,13,98,4,72,88,94,7,38,1,1,84,18,64,0,29,5,3,1,Network Administrator
23,2,84,28,50,54,3,77,100,8,44,5,74,1,1,34,24,55,1,57,4,4,0,Software Developer
53,54,3,58,40,38,85,64,28,20,90,93,94,1,1,0,78,60,1,68,1,8,0,Data Scientist
50,74,35,33,69,52,43,33,81,45,39,22,32,0,1,62,16,14,0,47,4,5,1,IT Manager
75,43,19,85,42,60,6,52,80,18,18,42,42,1,1,26,62,39,1,9,5,7,0,Software Developer
87,74,24,68,44,10,86,59,53,43,15,95,76,0,1,97,73,38,0,93,4,8,1,Database Administrator
48,5,47,91,27,36,66,76,42,15,33,34,26,1,0,17,43,39,1,89,3,4,0,IT Manager
77,61,90,42,70,98,65,42,11,80,94,37,5,1,1,61,12,13,1,11,1,6,0,Cybersecurity Analyst
74,17,19,97,92,34,100,84,90,18,33,66,28,0,1,71,55,92,0,80,3,9,1,Systems Analyst
73,67,57,20,95,22,80,88,85,0,19,58,1,0,0,49,57,27,0,88,2,2,1,Web Developer
73,32,66,11,74,75,2,31,24,57,32,60,33,0,1,59,18,38,1,40,4,3,1,Systems Analyst
10,71,72,93,51,76,74,62,53,71,96,13,49,0,0,91,57,77,1,5,2,1,1,IT Manager
59,89,41,85,52,83,2,16,1,2,64,96,40,1,1,17,68,29,0,7,1,8,0,Artificial Intelligence Engineer
80,24,27,45,35,100,60,65,98,12,92,40,39,1,1,79,41,8,0,67,5,7,0,IT Manager
38,22,97,21,96,81,75,66,22,95,66,58,15,0,0,89,30,9,0,42,5,9,1,Cloud Solutions Architect
65,27,83,100,28,25,47,85,17,4,100,2,59,1,1,95,37,10,1,97,4,4,1,Artificial Intelligence Engineer
68,100,49,44,59,6,8,57,95,71,30,61,72,1,1,35,7,90,0,55,1,6,0,Data Scientist
33,32,51,59,29,34,24,10,65,21,51,94,88,0,1,26,98,47,0,80,1,10,1,Cloud Solutions Architect
85,97,63,49,21,15,9,79,74,46,17,88,35,0,1,65,96,5,1,33,5,1,0,Web Developer
22,34,24,83,100,31,82,43,93,94,45,90,94,1,1,95,40,55,0,90,1,3,0,Artificial Intelligence Engineer
75,75,44,3,76,51,95,69,19,49,56,43,62,1,0,62,10,81,0,20,1,3,1,Cloud Solutions Architect
36,48,16,33,98,36,36,67,61,44,57,43,92,0,1,21,12,44,1,31,2,3,0,Cloud Solutions Architect
48,24,10,6,83,21,0,96,26,56,45,56,30,1,1,99,81,68,1,75,3,4,1,Cloud Solutions Architect
82,56,69,95,52,48,45,54,80,85,67,46,83,1,0,11,51,15,1,91,2,1,1,Artificial Intelligence Engineer
33,61,16,9,92,21,62,35,84,34,95,20,10,1,0,31,41,73,1,2,1,6,0,Cybersecurity Analyst
8,77,39,4,58,81,64,48,26,59,55,97,42,0,1,92,39,43,1,82,3,3,0,Network Administrator
26,21,5,88,2,5,6,98,76,0,26,9,32,0,0,22,54,80,1,67,5,4,0,Database Administrator
95,48,67,11,48,90,46,44,52,94,28,47,17,1,1,61,70,70,0,93,4,6,1,Data Scientist
15,98,90,23,66,90,26,49,69,13,46,20,7,1,1,80,63,5,1,74,2,8,1,IT Manager
93,80,100,19,53,2,44,72,7,27,65,54,24,0,1,29,71,61,1,61,5,7,0,Systems Analyst
77,49,0,58,4,86,44,18,80,0,10,2,19,0,1,11,43,47,0,97,5,8,1,Data Scientist
47,34,26,33,21,66,24,39,4,0,59,81,40,0,0,8,92,72,1,4,2,5,0,Cloud Solutions Architect
16,73,56,34,1,11,41,79,2,85,89,51,9,1,0,24,85,98,0,85,4,9,0,Web Developer
75,48,72,93,44,86,93,45,7,27,15,58,62,1,1,16,20,65,0,86,4,5,1,Cybersecurity Analyst
52,14,4,11,69,22,49,78,92,85,42,39,82,0,0,66,18,98,0,84,5,3,0,Web Developer
56,86,81,71,30,26,61,94,87,30,74,71,73,0,1,94,95,85,1,66,1,1,1,Artificial Intelligence Engineer
12,21,9,60,66,14,66,7,64,47,89,16,53,1,1,14,72,64,1,25,4,8,0,Software Developer
74,63,0,17,87,28,35,60,12,100,27,43,62,0,0,62,96,62,0,91,5,3,1,Cybersecurity Analyst
89,95,7,5,63,14,6,23,88,99,61,49,4,1,1,17,9,40,0,47,2,1,1,Cybersecurity Analyst
23,87,100,40,66,84,45,98,86,11,49,24,83,1,0,23,96,73,0,28,2,9,1,Data Scientist
94,50,72,100,42,83,90,8,90,83,42,2,31,1,0,50,66,53,0,35,3,2,0,Web Developer
98,60,41,28,29,69,44,84,90,49,60,36,18,0,0,73,70,85,0,13,4,4,0,Cloud Solutions Architect
18,43,31,19,18,29,87,3,20,94,42,86,41,1,1,95,6,80,0,45,2,7,1,Cloud Solutions Architect
66,7,79,48,6,24,75,34,42,3,96,52,74,1,0,88,5,99,1,58,4,1,0,Database Administrator
7,30,69,29,87,91,11,94,35,74,12,68,93,1,0,36,45,41,1,2,4,4,0,Web Developer
16,34,99,17,5,13,51,23,34,28,77,34,63,0,0,78,10,10,1,89,1,2,0,IT Manager
4,8,64,80,19,90,86,69,55,5,4,43,79,1,0,65,58,45,0,9,3,4,1,Cybersecurity Analyst
66,93,23,43,22,28,4,60,14,27,82,81,1,1,1,65,48,97,1,100,1,5,1,Data Scientist
23,3,74,99,80,15,12,98,1,51,15,56,22,1,0,76,26,78,1,21,1,8,1,Systems Analyst
67,40,23,66,53,96,60,1,80,79,43,27,97,1,0,82,31,14,1,21,1,5,0,Web Developer
84,67,77,9,32,61,65,51,14,57,73,6,9,1,0,29,89,65,0,69,2,5,1,Artificial Intelligence Engineer
77,100,84,66,34,10,93,38,45,41,2,89,98,0,1,43,84,63,0,86,3,2,0,Cybersecurity Analyst
12,69,13,97,99,34,89,28,19,45,19,43,34,1,1,58,77,50,0,15,1,4,1,Network Administrator
58,37,99,72,29,36,38,98,97,66,78,17,31,0,1,53,96,35,0,78,3,2,1,Data Scientist
24,88,37,34,98,47,88,31,89,8,64,3,68,0,1,62,87,20,1,72,3,5,1,Software Developer
23,56,98,6,72,4,88,74,84,34,52,46,18,1,1,95,65,61,1,78,1,2,0,Network Administrator
48,24,22,81,75,31,66,80,32,84,20,88,38,0,0,54,91,86,1,17,5,8,0,Database Administrator
65,85,93,100,59,93,80,97,24,9,57,70,75,1,0,25,35,14,0,29,3,7,1,Software Developer
90,38,52,27,75,15,88,35,68,70,48,7,94,1,1,12,73,80,0,61,1,8,0,Software Developer
27,5,0,7,49,29,63,54,56,17,89,74,41,0,1,54,5,11,1,52,5,6,1,Systems Analyst
38,78,98,96,2,65,63,64,87,49,14,28,33,1,1,50,19,71,1,71,1,5,0,Web Developer
76,10,2,73,97,13,7,34,6,54,28,40,41,0,0,71,43,75,0,15,2,2,0,Data Scientist
88,9,45,84,35,95,51,19,1,65,92,69,32,1,1,97,49,32,1,50,4,5,0,Cybersecurity Analyst
48,89,41,55,63,45,68,3,41,84,56,0,15,0,1,5,53,22,1,96,1,4,0,Artificial Intelligence Engineer
95,97,99,12,51,50,93,86,11,22,85,54,100,1,1,77,83,68,1,68,4,2,0,Cybersecurity Analyst
84,87,40,13,74,94,34,68,73,44,83,50,40,0,1,3,79,10,0,6,4,3,1,IT Manager
3,46,51,87,44,23,77,31,66,69,35,45,94,0,1,93,78,46,1,73,4,2,0,Systems Analyst
37,89,38,80,30,34,14,61,16,7,80,94,94,0,0,27,64,91,1,95,2,6,0,Artificial Intelligence Engineer
34,68,71,11,62,30,30,57,82,60,88,39,30,0,0,18,25,24,1,5,4,5,0,Network Administrator
34,94,78,83,100,46,58,65,47,18,74,61,77,1,0,68,44,93,1,13,3,10,0,Data Scientist
36,5,84,97,61,73,28,63,26,75,50,94,76,1,0,77,31,17,0,63,3,9,0,Cloud Solutions Architect
59,96,90,77,78,7,18,15,0,51,28,6,68,1,1,65,21,86,1,27,3,10,1,Data Scientist
90,76,71,6,31,98,37,4,30,62,58,65,28,0,0,59,43,19,0,58,2,2,1,Database Administrator
82,22,34,35,72,57,10,48,16,92,11,20,80,1,1,40,42,84,1,23,2,10,1,Systems Analyst
81,30,85,97,58,45,18,6,98,23,45,65,0,1,0,92,38,59,1,6,2,8,0,IT Manager
21,98,99,23,18,44,39,38,41,80,9,99,2,1,1,12,90,13,0,65,4,8,1,Software Developer
4,88,32,45,31,74,70,100,72,16,45,18,88,0,1,18,35,0,0,55,3,9,0,Software Developer
91,34,63,12,81,51,43,12,6,78,84,76,39,0,0,31,45,91,1,9,3,4,0,Network Administrator
39,7,25,17,35,96,61,65,26,78,64,2,59,0,1,94,99,66,1,70,1,8,1,Web Developer
99,27,39,93,13,18,52,88,8,9,93,100,84,1,0,30,76,30,1,8,4,2,1,Network Administrator
36,43,40,89,55,89,34,53,17,48,52,95,13,1,0,65,47,16,0,92,3,1,1,Web Developer
85,31,53,64,68,87,87,5,9,90,27,25,20,1,0,50,94,58,0,73,5,10,0,Systems Analyst
48,13,65,28,81,47,79,99,43,1,81,25,98,0,0,91,1,0,1,88,3,3,0,Data Scientist
85,67,38,79,69,55,13,51,24,100,31,14,33,1,0,43,60,35,1,75,5,5,1,Database Administrator
30,97,16,54,41,0,35,47,7,18,20,7,46,0,1,72,66,54,1,24,1,9,0,Database Administrator
13,27,33,42,84,90,63,84,12,4,64,45,46,0,1,12,100,59,1,36,1,10,1,Cloud Solutions Architect
63,36,62,28,31,69,56,54,99,40,40,17,19,0,1,15,73,51,0,87,3,1,0,Network Administrator
26,2,92,62,55,67,90,10,78,20,68,56,89,0,0,25,35,69,1,22,5,5,1,IT Manager
17,99,91,34,48,63,59,36,4,63,22,38,75,1,1,60,96,3,0,61,2,2,0,IT Manager
2,73,29,4,62,99,2,7,35,77,21,67,16,1,1,77,74,60,1,68,5,9,1,Systems Analyst
10,92,99,25,59,95,20,51,94,13,79,23,91,0,0,96,20,47,0,23,2,5,0,Network Administrator
98,44,20,79,16,7,80,85,98,22,99,29,2,1,0,42,80,60,1,91,5,9,0,Web Developer
24,32,59,68,86,74,41,76,11,4,52,93,50,0,1,40,89,42,0,80,3,7,1,Web Developer
8,15,42,79,80,30,97,39,28,44,59,90,51,0,1,50,13,33,1,40,5,2,1,IT Manager
91,22,24,44,23,0,97,77,44,64,17,76,4,0,1,86,80,76,0,84,2,7,1,Network Administrator
51,93,76,73,64,61,8,30,7,46,86,33,29,0,0,6,86,90,1,91,2,5,0,Systems Analyst
24,31,64,18,84,98,61,69,54,83,50,42,75,0,1,36,84,24,1,78,3,10,1,Cybersecurity Analyst
74,13,7,26,80,11,19,66,48,24,83,72,46,0,0,28,20,13,0,4,5,10,0,Web Developer
99,36,69,13,61,45,91,40,28,62,34,33,67,0,1,15,14,7,1,47,4,9,0,Cloud Solutions Architect
59,0,91,32,92,94,37,58,76,41,34,95,60,1,0,86,66,19,0,22,3,10,0,Data Scientist
28,40,51,60,65,46,91,20,28,91,13,85,15,1,0,60,95,16,1,3,3,1,1,Cloud Solutions Architect
49,40,80,95,36,40,96,98,98,68,96,70,2,0,0,70,45,56,0,18,1,4,1,Artificial Intelligence Engineer
98,79,2,71,13,37,27,82,17,9,58,88,25,0,0,32,94,85,1,69,1,7,0,Web Developer
93,17,44,52,33,91,15,75,19,23,87,86,47,0,0,36,24,22,1,71,2,3,0,Network Administrator
7,80,0,45,51,19,28,8,22,66,59,48,30,1,1,26,6,51,0,76,1,6,0,Web Developer
10,8,43,47,31,6,57,23,0,50,16,32,85,1,1,32,9,3,0,95,1,2,1,Cloud Solutions Architect
47,31,27,13,94,93,28,95,18,48,26,9,34,1,1,56,85,79,1,66,2,4,1,Web Developer
71,37,15,40,13,3,91,54,30,34,38,69,12,0,0,64,17,71,1,0,1,5,0,Cloud Solutions Architect
23,5,26,93,91,73,97,1,38,68,5,91,13,0,1,21,96,35,0,58,1,4,0,Web Developer
69,51,86,17,35,37,43,85,42,88,27,32,72,0,1,95,11,10,0,100,3,3,1,Software Developer
30,27,72,46,35,74,37,29,27,98,78,42,90,0,0,12,26,19,1,81,1,3,1,Network Administrator
74,33,88,9,88,85,53,39,98,52,72,31,19,0,1,100,15,79,0,20,5,6,1,Cybersecurity Analyst
11,75,19,75,61,87,32,21,55,100,50,68,66,0,0,95,23,2,0,1,5,7,0,Network Administrator
10,95,59,86,98,17,65,7,95,12,14,29,26,0,1,1,81,71,1,69,2,1,0,Cloud Solutions Architect
2,0,55,57,20,32,17,12,26,21,84,64,71,0,0,25,94,10,0,83,1,7,0,Software Developer
30,79,9,87,79,34,4,48,59,97,89,51,70,0,1,34,44,63,0,9,5,3,0,Software Developer
34,14,63,59,77,6,76,19,12,43,85,99,79,0,1,19,75,21,0,88,5,7,0,Database Administrator
20,67,53,21,20,10,68,55,77,72,2,73,6,1,1,13,6,100,0,56,3,8,1,Cybersecurity Analyst
55,15,9,5,68,25,39,29,52,9,52,96,79,1,0,8,90,79,1,80,4,4,1,Systems Analyst
98,14,76,9,4,56,52,77,77,98,78,52,77,1,0,71,41,7,1,25,5,2,1,Web Developer
0,6,73,71,2,57,94,28,38,15,22,95,7,1,1,58,17,44,0,32,4,1,0,Software Developer
37,5,0,37,97,76,72,4,38,42,3,81,19,1,0,86,31,49,0,77,5,1,0,Network Administrator
53,93,72,91,79,50,13,18,42,43,77,97,22,0,1,5,12,50,0,97,3,1,0,IT Manager
25,13,15,97,3,84,27,3,9,83,48,37,29,1,0,0,80,48,0,46,1,1,1,Artificial Intelligence Engineer
46,94,9,69,63,26,76,39,28,45,68,59,33,1,1,94,46,71,1,31,2,4,0,Web Developer
5,41,80,73,26,44,53,73,96,75,98,42,2,1,0,56,14,42,0,67,3,9,0,Cybersecurity Analyst
57,5,80,9,44,73,25,88,69,48,13,67,62,1,0,39,43,38,0,87,2,7,1,Artificial Intelligence Engineer
99,4,75,100,69,45,38,24,78,93,42,67,63,1,1,86,17,14,1,82,2,6,1,Cloud Solutions Architect
14,39,96,15,31,64,62,42,88,33,66,80,46,0,0,51,9,47,0,71,4,3,0,Artificial Intelligence Engineer
18,1,31,95,52,8,14,2,59,49,69,43,99,0,0,38,32,6,0,53,2,4,0,Software Developer
99,99,54,84,32,5,46,69,51,1,20,43,18,1,0,75,67,3,0,60,4,10,0,IT Manager
69,16,38,66,95,87,33,43,4,54,95,28,28,1,0,57,13,22,0,54,5,7,1,IT Manager
59,0,39,81,22,3,61,16,58,47,11,3,40,0,1,88,77,87,0,87,4,5,1,Cloud Solutions Architect
20,60,85,20,98,52,69,65,54,99,99,27,22,0,0,28,92,44,1,18,3,10,0,Data Scientist
49,23,27,92,13,14,20,88,35,27,16,27,3,0,0,65,69,97,1,20,1,1,1,Cloud Solutions Architect
18,45,58,51,68,47,17,99,89,18,96,96,29,0,0,20,26,38,1,26,5,4,1,Software Developer
56,3,57,14,88,15,0,75,95,21,90,49,16,0,0,78,18,17,0,9,2,6,1,Cloud Solutions Architect
25,16,47,55,90,87,96,37,80,86,83,28,12,1,1,85,97,80,1,30,2,1,1,Artificial Intelligence Engineer
51,31,39,48,52,66,86,33,42,42,2,82,72,0,0,43,49,92,1,73,1,1,0,Network Administrator
37,14,50,27,20,72,1,69,43,17,84,36,100,0,1,76,63,41,1,36,2,3,0,Data Scientist
0,75,96,99,18,54,5,8,26,45,54,77,36,1,0,94,99,47,1,94,4,6,1,Web Developer
28,69,20,54,46,80,27,71,3,18,35,43,95,0,1,65,65,18,0,26,5,4,0,Systems Analyst
77,62,63,81,81,11,62,67,92,10,5,46,76,0,0,44,9,25,0,73,1,4,0,Network Administrator
57,36,21,100,45,58,86,67,96,100,76,99,96,0,0,95,96,71,0,67,1,6,1,Network Administrator
77,73,15,40,43,41,75,94,12,53,23,75,11,1,1,97,62,91,1,2,4,5,0,Data Scientist
80,58,84,29,49,30,73,99,79,62,70,65,56,0,1,54,29,40,1,13,2,6,0,Artificial Intelligence Engineer
0,96,72,1,84,80,91,4,98,20,13,58,92,0,1,44,94,96,0,57,1,6,0,Cybersecurity Analyst
56,78,49,53,92,87,100,40,15,63,61,91,12,1,0,54,14,25,0,35,5,7,1,Cybersecurity Analyst
59,87,37,100,24,77,58,92,21,0,9,81,94,0,1,13,81,29,0,31,3,7,0,Software Developer
10,95,19,49,62,28,100,93,86,6,97,73,41,0,0,76,15,47,0,31,3,5,0,IT Manager
86,35,92,63,35,79,40,27,52,93,87,7,76,0,0,69,41,36,1,49,1,1,1,Systems Analyst
83,37,40,49,25,95,0,70,30,75,78,47,90,0,1,29,59,45,0,3,4,10,1,IT Manager
40,18,70,43,49,1,60,47,87,31,87,40,38,1,0,95,14,49,1,92,3,9,0,Data Scientist
20,8,84,55,57,39,48,84,49,55,15,66,61,1,0,39,52,3,0,62,4,10,1,Data Scientist
49,66,61,80,62,57,57,37,31,66,45,71,74,0,1,20,20,34,1,45,3,7,1,Network Administrator
94,93,73,100,97,53,39,86,73,46,60,35,56,0,0,37,36,26,0,82,4,3,1,Artificial Intelligence Engineer
2,95,62,44,26,11,54,82,88,21,32,93,4,0,1,4,59,88,1,61,5,5,0,Database Administrator
72,65,38,75,76,0,60,88,66,14,84,78,24,1,1,74,98,10,1,85,2,9,1,Web Developer
13,85,64,9,57,84,85,30,34,66,22,51,17,0,0,64,98,77,1,27,3,10,1,Cybersecurity Analyst
5,20,11,99,4,77,79,86,68,39,39,79,50,1,0,31,76,51,1,46,1,3,1,Software Developer
52,56,68,34,16,85,11,8,37,68,90,22,80,1,1,11,64,28,0,96,3,8,1,Network Administrator
75,87,35,70,69,5,94,46,85,87,88,80,96,1,1,64,6,79,0,82,1,8,0,Web Developer
46,20,6,100,74,45,68,98,94,25,21,75,66,0,1,48,70,45,0,87,5,6,1,Artificial Intelligence Engineer
9,55,18,62,7,12,16,63,67,24,74,10,70,1,1,73,70,47,1,71,4,6,0,Cloud Solutions Architect
8,59,68,73,75,86,79,1,71,68,73,49,97,0,1,64,99,19,0,87,5,2,1,Network Administrator
34,93,42,20,76,46,20,4,23,22,46,36,26,0,0,13,30,72,0,48,3,4,1,Systems Analyst
34,99,91,67,96,58,42,69,57,87,22,26,59,1,1,84,96,82,1,29,1,8,0,Data Scientist
8,19,0,72,74,53,48,92,25,34,46,55,43,1,1,79,27,58,0,56,5,1,0,Systems Analyst
27,81,18,98,61,75,41,26,36,90,82,77,17,0,0,63,82,34,1,91,4,6,0,Web Developer
84,25,31,23,42,38,18,91,7,48,3,17,27,1,0,31,31,90,1,70,1,5,1,Cloud Solutions Architect
8,7,53,88,71,57,36,27,90,71,90,38,27,0,1,15,20,74,1,27,1,1,0,IT Manager
89,78,29,8,95,67,62,84,78,53,15,59,76,0,1,50,41,15,0,59,5,5,0,Artificial Intelligence Engineer
14,36,47,50,63,10,18,50,66,10,97,52,89,1,0,48,51,11,1,44,3,3,0,Cybersecurity Analyst
18,62,14,97,24,78,64,70,8,87,2,86,81,1,0,82,72,13,1,78,1,4,0,Data Scientist
19,46,2,66,55,71,61,52,33,97,33,4,6,0,1,58,74,6,0,57,5,4,1,IT Manager
16,0,2,46,89,28,36,91,67,40,95,84,84,0,1,55,82,50,1,13,1,9,1,Cybersecurity Analyst
68,40,20,66,75,91,62,71,0,74,89,41,0,0,1,74,38,99,0,75,1,3,0,Data Scientist
1,76,48,82,25,76,17,48,59,88,0,81,56,0,1,70,72,42,0,81,5,3,1,Network Administrator
21,16,64,34,23,79,11,62,11,46,59,24,54,0,0,50,26,52,1,26,3,3,0,Web Developer
12,10,49,67,12,31,31,20,22,18,66,57,67,1,1,81,61,39,1,63,2,6,0,Network Administrator
17,55,84,89,78,58,88,11,88,65,22,52,14,0,0,88,43,29,0,8,5,10,1,Artificial Intelligence Engineer
3,11,4,86,41,99,33,53,73,3,57,55,97,1,1,42,99,76,0,2,4,4,1,Data Scientist
77,94,94,13,51,82,57,6,1,17,8,85,95,1,1,25,26,73,1,45,2,7,1,Web Developer
38,32,37,14,99,82,52,16,57,44,49,93,67,1,0,8,23,10,0,96,4,9,0,Software Developer
14,40,68,14,80,43,58,86,97,2,66,18,30,1,0,3,62,23,0,73,2,6,1,Database Administrator
52,10,51,91,54,71,7,68,68,59,51,98,81,0,0,19,57,93,1,66,5,7,0,Cybersecurity Analyst
88,74,20,54,55,34,88,4,64,57,9,71,84,0,1,25,11,23,0,59,4,10,1,Cloud Solutions Architect
71,44,56,100,53,70,28,46,99,51,99,49,55,0,1,31,0,54,0,30,3,5,0,Data Scientist
13,3,23,57,73,40,12,14,61,18,12,35,54,0,1,6,39,13,0,38,2,7,1,Artificial Intelligence Engineer
93,19,8,94,23,46,9,61,34,16,34,96,70,1,1,43,100,74,1,10,4,3,1,Web Developer
85,21,92,10,49,61,63,44,50,55,37,60,15,1,1,24,15,24,0,22,5,2,0,Software Developer
60,38,95,48,25,5,72,18,31,91,85,88,8,1,1,21,51,67,1,85,1,10,1,IT Manager
96,66,19,40,26,98,87,25,83,75,68,14,69,1,1,93,18,72,1,72,3,2,0,Network Administrator
84,82,87,63,30,93,43,14,32,30,35,72,56,0,1,76,7,67,0,72,5,10,0,Data Scientist
16,11,24,100,63,64,25,60,74,59,43,71,46,1,1,23,74,34,1,91,3,9,1,Software Developer
65,2,80,46,23,35,55,69,38,5,34,9,63,0,0,24,13,34,1,21,4,2,0,Database Administrator
54,79,71,84,37,82,40,18,96,68,68,90,3,1,0,63,3,84,1,49,5,7,1,Cloud Solutions Architect
55,98,19,59,14,9,61,32,57,97,37,43,23,0,0,49,64,1,1,1,3,5,0,Cybersecurity Analyst
59,17,43,62,0,80,4,39,25,84,94,76,64,0,1,26,76,66,0,36,4,4,0,Data Scientist
65,86,4,75,42,81,0,55,19,0,70,37,0,1,1,54,80,11,1,94,5,4,0,Data Scientist
63,68,48,53,56,92,0,13,3,89,87,64,93,1,1,90,73,79,0,76,3,8,1,Software Developer
99,44,91,15,67,54,47,10,72,97,82,36,77,0,1,25,28,80,1,2,5,3,1,Artificial Intelligence Engineer
24,14,55,67,45,48,7,28,73,29,82,79,40,1,1,95,98,25,1,25,5,1,0,Systems Analyst
63,79,40,81,25,96,4,18,3,95,78,19,24,1,0,78,44,57,1,41,1,8,1,Web Developer
97,97,44,64,84,73,2,80,2,27,16,72,92,1,0,79,81,90,0,50,4,6,1,Cloud Solutions Architect
51,41,18,76,49,25,27,42,86,99,93,55,88,0,1,85,98,86,1,11,3,6,1,Database Administrator
99,98,18,51,4,85,44,30,74,76,27,55,42,0,0,97,97,42,0,14,4,7,1,Software Developer
30,71,46,6,10,57,4,0,81,99,74,53,13,1,1,78,55,55,1,79,4,9,1,IT Manager
97,35,10,50,56,62,76,64,8,74,26,56,83,0,0,59,16,35,1,80,2,9,0,Systems Analyst
70,12,58,100,58,79,85,27,42,73,28,39,10,0,0,49,51,99,1,19,1,7,1,Web Developer
59,97,73,58,76,100,67,62,84,2,65,84,69,0,0,3,68,61,0,59,5,2,1,Artificial Intelligence Engineer
39,47,63,33,64,17,72,32,48,63,43,60,82,0,1,85,52,11,0,83,4,6,0,Web Developer
89,40,3,77,28,38,30,56,32,17,11,60,47,1,0,93,25,40,0,83,1,5,0,Cloud Solutions Architect
52,80,95,41,22,63,86,52,91,16,32,7,80,0,1,24,95,26,1,44,4,4,0,Data Scientist
99,84,60,28,78,40,9,79,79,33,24,94,56,1,0,1,99,5,0,1,5,9,0,Cloud Solutions Architect
64,2,26,93,63,94,10,89,68,46,50,48,50,0,1,14,95,40,0,8,1,7,0,IT Manager
82,26,80,4,35,18,14,84,74,26,41,49,25,0,0,100,71,58,0,91,5,9,0,Web Developer
47,77,80,19,75,80,58,50,37,22,82,34,85,0,0,51,42,51,1,4,4,7,1,Data Scientist
27,67,80,52,12,5,19,23,49,18,78,18,90,0,0,75,19,93,1,39,1,6,1,Artificial Intelligence Engineer
23,55,22,0,89,80,52,54,6,18,22,19,81,0,1,99,80,65,1,13,4,3,1,Systems Analyst
55,5,89,99,23,29,100,31,33,71,96,16,23,0,1,84,84,92,0,35,1,4,1,Systems Analyst
79,26,4,51,98,40,66,39,49,87,58,30,68,0,0,92,100,98,1,60,5,8,0,Database Administrator
94,69,19,90,97,3,67,39,19,21,77,6,88,1,1,44,59,81,0,45,1,8,1,Systems Analyst
64,92,3,77,33,97,63,91,82,4,7,100,58,0,1,69,82,90,1,41,1,8,0,Artificial Intelligence Engineer
50,5,100,40,7,37,49,17,94,96,73,86,27,0,1,71,92,7,1,32,1,4,1,IT Manager
51,23,71,75,95,47,8,46,42,24,92,2,84,1,0,36,85,39,1,53,5,3,1,IT Manager
15,84,12,81,36,56,76,1,3,39,55,38,55,1,1,99,43,47,1,76,5,1,1,IT Manager
47,5,64,2,32,51,8,80,92,20,3,78,75,1,1,16,15,54,1,61,5,4,0,Data Scientist
75,44,25,52,53,51,4,27,26,11,35,30,49,0,1,35,72,64,0,31,5,4,1,IT Manager
5,83,92,28,54,60,5,42,39,24,16,73,93,1,0,6,64,27,0,52,1,2,1,Software Developer
70,26,85,73,74,43,82,85,80,99,29,31,51,1,0,27,35,73,0,100,1,8,1,Software Developer
48,25,68,85,5,70,87,92,34,34,13,90,99,0,0,97,92,51,0,36,5,4,1,Artificial Intelligence Engineer
76,15,77,58,39,34,96,32,52,6,58,96,19,1,1,53,64,65,1,100,4,10,1,Software Developer
98,25,40,10,58,69,71,42,88,17,60,70,85,1,1,39,77,66,1,54,4,10,1,Web Developer
27,73,59,24,33,57,3,10,22,53,30,61,68,1,1,41,38,71,1,36,4,10,1,Cloud Solutions Architect
32,83,18,41,81,69,99,4,68,70,84,25,31,0,1,70,89,16,1,76,1,4,0,Cloud Solutions Architect
7,48,20,46,84,38,88,1,82,77,36,70,40,1,0,87,74,38,0,59,4,1,1,IT Manager
21,21,86,62,61,50,88,0,91,26,59,93,26,0,1,61,24,5,1,57,4,3,0,Software Developer
57,50,40,10,69,47,3,41,2,91,2,81,86,1,0,6,46,49,1,25,5,9,1,IT Manager
68,32,53,59,2,49,63,84,59,3,43,61,25,0,0,54,91,54,0,78,3,6,0,IT Manager
13,87,82,43,20,51,51,22,98,33,12,82,66,0,1,69,54,85,0,71,2,10,0,Web Developer
4,2,92,36,21,7,82,83,63,67,23,95,60,1,1,57,46,45,0,39,5,10,0,Systems Analyst
89,42,13,76,94,62,13,13,82,57,32,31,1,0,1,12,77,13,1,27,4,6,0,Data Scientist
74,35,91,39,35,94,8,69,45,39,83,60,6,1,0,36,53,61,0,86,3,10,0,Database Administrator
8,91,57,42,61,85,85,25,62,76,50,100,76,1,1,25,95,24,0,15,3,9,1,Systems Analyst
13,12,47,58,82,25,60,7,88,15,70,88,60,1,1,8,45,60,0,99,4,9,1,Network Administrator
8,74,97,54,24,16,5,66,30,43,42,35,1,0,1,3,68,31,0,46,1,8,0,Web Developer
65,98,26,3,28,56,38,16,67,24,15,61,3,1,0,28,100,68,1,79,5,5,1,Network Administrator
25,92,23,26,34,29,83,80,47,14,58,87,3,1,1,74,90,8,0,62,3,2,0,Web Developer
94,62,27,17,72,83,55,95,49,67,20,75,20,1,1,49,78,29,0,76,5,6,1,IT Manager
43,39,88,80,14,13,39,65,10,67,9,1,61,1,0,6,43,85,1,4,3,4,1,Data Scientist
94,80,39,89,53,38,87,2,56,51,67,67,100,1,1,48,82,87,0,63,4,8,1,Cloud Solutions Architect
41,84,17,15,18,42,59,50,28,0,6,75,45,0,1,48,85,45,1,72,5,2,0,Artificial Intelligence Engineer
99,23,81,52,46,39,55,8,34,56,67,22,21,0,1,59,40,61,0,77,1,8,0,IT Manager
42,3,57,99,53,27,48,18,20,6,42,33,42,0,1,81,64,46,1,53,4,5,1,Cloud Solutions Architect
35,57,85,56,64,14,75,2,73,23,63,32,26,0,1,28,95,56,1,83,3,7,1,Cloud Solutions Architect
27,34,94,93,5,53,88,14,34,43,33,88,59,0,1,40,57,74,1,51,2,9,0,Software Developer
74,64,4,4,52,22,72,80,29,28,95,8,18,0,0,9,42,50,0,65,1,8,1,IT Manager
71,64,18,38,92,99,90,34,79,9,34,4,54,0,0,65,77,80,1,39,3,5,0,Artificial Intelligence Engineer
53,65,2,75,58,45,23,32,15,41,87,73,0,0,1,59,61,35,1,69,5,4,1,Database Administrator
8,93,12,94,22,37,72,28,5,33,15,15,45,1,0,60,10,29,0,10,5,10,1,IT Manager
83,98,46,59,0,17,23,74,29,17,53,73,61,1,0,14,48,79,1,96,1,3,1,Data Scientist
54,21,45,25,55,27,74,76,22,19,67,100,50,0,0,27,16,8,1,28,2,6,1,Software Developer
9,41,62,32,80,71,53,9,11,32,35,90,26,1,0,76,16,32,1,85,5,2,0,Software Developer
18,33,75,62,68,46,35,79,10,0,20,26,98,0,0,54,96,76,1,0,3,3,0,Software Developer
60,31,52,78,49,76,3,14,26,3,84,34,75,0,1,89,27,49,1,7,3,1,1,Cybersecurity Analyst
7,7,93,9,67,88,49,58,84,5,85,16,39,0,1,84,12,3,1,17,1,8,0,Systems Analyst
74,19,39,83,1,100,60,20,9,83,42,55,98,0,0,40,2,32,1,37,2,6,0,Software Developer
59,69,11,11,52,79,77,32,64,63,27,38,26,1,1,73,84,86,1,15,3,2,1,Database Administrator
94,89,50,18,51,38,4,5,31,1,46,75,64,0,0,93,6,56,1,11,3,6,0,Data Scientist
23,53,28,79,95,14,48,62,57,53,18,65,43,1,1,10,30,59,0,8,3,3,0,IT Manager
81,76,39,20,11,68,9,32,41,7,42,83,12,0,0,45,80,95,1,40,4,8,1,Cloud Solutions Architect
66,71,93,96,97,91,19,93,60,31,30,86,57,1,1,58,35,17,1,34,4,5,1,Systems Analyst
77,70,80,16,34,63,81,80,71,93,12,7,15,1,0,85,53,41,0,69,3,1,0,Software Developer
23,6,82,80,10,31,72,69,46,44,6,40,55,0,1,72,20,96,1,55,4,4,0,Cybersecurity Analyst
89,88,29,51,96,90,59,28,48,55,54,86,45,0,1,75,26,96,0,28,1,2,1,Web Developer
72,68,22,52,50,79,68,21,21,93,17,80,79,0,0,44,77,25,0,60,1,9,1,Database Administrator
5,24,28,55,40,74,89,66,34,30,6,13,18,1,1,90,87,4,0,1,5,4,0,Systems Analyst
50,14,84,38,66,30,14,97,82,24,24,48,0,0,1,57,29,77,0,63,5,5,0,Cloud Solutions Architect
89,81,57,3,30,92,28,43,7,84,52,80,59,1,0,9,100,99,1,21,4,3,0,Systems Analyst
59,81,23,41,31,30,95,12,0,95,43,10,58,1,1,1,64,79,0,16,5,10,0,IT Manager
41,33,84,48,66,43,36,59,50,5,95,89,9,1,1,96,28,1,0,42,5,10,1,Network Administrator
100,35,75,19,8,0,78,40,99,47,17,49,94,0,0,69,61,97,1,34,3,7,1,IT Manager
24,1,45,9,39,71,97,36,11,19,60,70,81,1,1,82,41,25,1,97,2,8,0,Data Scientist
87,26,88,66,76,53,33,74,49,75,7,55,84,1,1,99,61,50,1,94,5,6,0,Artificial Intelligence Engineer
53,81,30,75,2,83,9,90,0,66,80,32,8,0,0,92,61,11,1,43,4,5,0,Software Developer
70,7,91,62,60,55,59,31,70,48,95,55,25,0,1,63,55,55,1,50,2,4,1,Network Administrator
4,86,5,40,14,5,7,78,85,35,81,100,5,0,0,26,63,24,1,84,4,7,1,Web Developer
58,64,11,84,40,98,14,50,58,91,42,99,78,0,1,20,76,65,1,59,4,7,1,Network Administrator
89,95,56,95,34,83,10,34,35,67,43,60,10,0,0,73,16,75,0,20,3,1,1,Cybersecurity Analyst
81,72,15,88,37,30,25,74,8,36,2,30,78,1,1,41,30,69,1,91,2,7,0,Systems Analyst
24,44,55,78,64,46,58,19,16,29,80,30,18,1,1,84,52,32,0,58,5,1,0,Systems Analyst
23,32,69,37,13,30,77,10,51,99,63,42,18,1,1,62,62,90,0,44,1,4,1,Systems Analyst
54,77,91,100,53,99,31,42,75,73,40,94,21,0,0,29,37,85,0,58,4,3,1,Web Developer
20,30,28,1,94,48,100,33,74,24,84,36,76,1,0,34,17,15,1,95,5,3,0,Systems Analyst
79,93,31,47,56,61,55,51,10,81,93,92,20,1,0,34,0,24,1,89,4,10,1,Software Developer
67,68,97,0,8,67,2,91,15,27,90,61,25,0,1,20,51,10,0,25,3,9,1,Artificial Intelligence Engineer
45,89,72,9,12,34,76,26,7,91,26,23,90,1,1,89,97,81,0,95,3,10,0,Cloud Solutions Architect
78,91,82,69,41,16,83,13,10,91,26,2,38,1,1,79,58,68,0,25,2,6,1,Database Administrator
16,11,91,38,47,51,95,3,3,23,62,25,98,1,1,9,77,61,0,50,5,9,0,Systems Analyst
91,6,26,69,58,19,32,21,34,82,76,26,76,1,0,27,24,52,0,26,1,3,1,Database Administrator
10,13,72,26,15,12,30,31,49,67,92,8,11,0,0,87,85,68,1,4,4,8,1,Cybersecurity Analyst
14,72,78,54,37,40,92,92,62,92,69,65,100,0,1,42,69,14,0,78,2,8,1,Database Administrator
3,35,8,19,62,66,41,19,26,24,63,32,33,1,1,16,76,55,0,51,1,9,1,Web Developer
89,60,32,29,20,61,50,39,25,28,53,41,31,0,1,40,94,76,0,99,3,2,1,Cloud Solutions Architect
45,0,26,1,34,79,9,40,5,91,12,44,19,1,0,57,63,19,0,40,3,6,0,Database Administrator
3,12,37,73,57,48,88,25,95,88,88,37,15,1,0,88,24,84,0,93,4,9,1,Web Developer
7,36,89,45,7,43,44,5,33,49,42,24,69,0,0,5,37,73,1,60,3,4,1,Software Developer
61,54,78,31,71,50,86,73,23,39,95,43,78,1,1,33,8,91,0,53,5,8,1,Cybersecurity Analyst
87,64,17,52,16,94,46,0,65,56,12,88,57,0,1,78,2,33,0,39,4,2,0,Software Developer
98,55,19,94,20,89,5,24,68,32,84,51,49,0,1,60,65,44,0,1,2,2,1,Network Administrator
18,82,57,61,90,70,50,96,27,32,40,52,83,1,1,71,66,55,0,60,1,5,1,IT Manager
52,3,31,18,17,64,96,60,18,42,3,73,47,0,1,20,82,66,0,76,2,8,0,Systems Analyst
25,14,70,5,6,45,68,31,92,32,28,100,7,1,0,47,45,85,1,19,1,7,1,Web Developer
7,8,90,96,14,73,94,9,23,70,11,29,32,0,1,58,30,25,0,98,5,1,1,Database Administrator
64,73,88,93,40,93,84,43,99,83,81,14,28,0,1,42,8,96,0,58,4,8,0,Cloud Solutions Architect
24,96,37,27,62,7,84,51,86,50,3,63,67,0,1,98,76,0,1,18,2,8,0,Systems Analyst
40,99,67,37,20,61,64,40,19,37,9,94,25,0,0,6,11,24,0,92,3,9,0,Web Developer
89,38,78,100,2,36,54,86,91,34,42,56,97,0,1,27,26,87,1,8,4,1,0,Systems Analyst
51,49,80,26,13,93,68,5,85,7,89,81,20,1,1,38,52,35,0,29,1,8,0,IT Manager
32,23,21,71,70,92,96,39,41,47,86,55,89,1,1,45,46,17,1,76,3,3,0,Database Administrator
15,61,64,68,39,84,23,96,19,75,80,80,37,1,1,12,54,96,0,88,1,4,0,Cybersecurity Analyst
1,6,35,25,99,83,42,84,46,94,47,79,38,0,0,29,35,30,1,56,5,5,0,Systems Analyst
97,27,1,60,79,92,93,38,82,76,50,74,76,0,1,48,50,54,0,60,2,3,1,Artificial Intelligence Engineer
21,73,96,85,88,98,5,70,54,48,28,99,44,0,1,80,77,71,0,20,4,10,0,Cybersecurity Analyst
34,90,6,29,49,67,38,9,74,77,66,27,0,1,0,83,47,94,1,100,4,3,0,Data Scientist
37,19,72,11,12,32,74,64,2,47,27,19,44,1,0,19,17,5,1,25,3,4,1,Software Developer
68,100,53,70,35,55,32,18,3,79,60,16,5,1,1,11,56,89,1,78,1,10,0,Cybersecurity Analyst
100,64,85,26,39,99,81,45,93,65,66,86,53,0,0,60,51,0,0,14,1,5,1,Cybersecurity Analyst
37,62,59,97,37,90,8,98,45,97,5,87,36,1,1,60,56,99,1,35,4,8,1,Artificial Intelligence Engineer
5,10,62,52,55,78,91,3,15,66,50,60,19,0,1,29,22,34,0,55,5,1,1,Software Developer
20,67,51,69,2,89,38,46,83,48,6,13,28,0,0,47,68,76,1,88,2,10,0,IT Manager
14,73,13,55,69,69,47,35,49,44,83,98,42,1,1,66,24,31,0,68,5,5,0,Artificial Intelligence Engineer
92,60,84,25,48,81,25,74,69,1,63,62,62,0,0,13,28,98,0,43,4,7,0,Systems Analyst
57,90,60,7,22,77,95,49,32,42,34,81,21,1,1,62,26,53,0,16,1,8,0,Software Developer
87,40,65,51,59,35,43,21,3,14,66,11,55,1,1,0,31,85,0,100,2,6,0,IT Manager
31,6,62,46,69,11,3,61,45,8,14,39,93,1,0,18,49,60,1,84,4,4,1,Database Administrator
9,73,91,8,57,83,69,53,64,28,70,94,47,1,0,58,20,93,0,52,1,3,1,Software Developer
70,98,79,41,94,39,69,45,61,95,99,4,100,0,1,69,18,55,0,55,4,6,1,Database Administrator
94,59,28,4,68,100,100,32,3,15,67,4,97,0,1,93,1,14,1,77,2,1,1,Cloud Solutions Architect
5,8,79,48,28,3,40,69,52,74,15,97,62,0,0,73,18,33,0,45,4,8,1,Network Administrator
78,32,20,10,16,52,13,6,24,70,35,52,67,1,0,70,8,27,1,19,2,6,0,IT Manager
15,9,7,57,87,27,80,76,96,16,59,79,46,0,0,70,17,37,1,18,3,3,1,Network Administrator
39,48,63,47,72,11,10,15,65,20,43,63,78,1,1,57,87,41,1,52,1,10,1,Cloud Solutions Architect
74,44,80,56,27,62,54,100,32,60,96,55,23,1,0,60,8,3,1,9,5,2,0,IT Manager
85,2,37,98,63,94,82,50,96,28,36,6,16,1,0,96,4,41,0,41,2,9,1,IT Manager
91,81,89,74,76,54,41,96,58,66,91,90,79,0,1,58,5,100,1,38,3,6,1,Data Scientist
20,8,15,44,18,75,23,63,23,23,61,91,98,1,0,21,55,56,0,38,5,5,1,Web Developer
65,55,65,31,84,49,40,25,95,73,64,96,37,0,0,86,7,72,1,69,1,6,1,IT Manager
4,63,11,62,36,34,60,34,58,37,76,59,100,1,1,10,69,9,1,97,5,10,1,Systems Analyst
4,80,53,45,99,15,100,20,46,97,58,47,46,0,1,32,73,71,1,80,4,3,1,Artificial Intelligence Engineer
87,83,15,71,95,26,96,23,3,44,13,69,100,1,0,27,55,60,1,24,4,1,0,Software Developer
0,12,42,99,55,92,98,29,43,70,24,46,19,1,1,54,40,98,1,89,4,9,0,IT Manager
92,98,47,67,7,57,20,28,96,92,93,10,39,0,1,60,28,78,1,21,4,3,0,Network Administrator
31,53,54,34,63,45,96,86,5,34,65,69,12,1,1,90,68,93,0,7,5,1,0,Software Developer
88,41,61,81,82,40,79,72,50,38,68,88,85,1,0,100,42,5,0,94,1,3,1,Network Administrator
15,8,70,82,2,24,30,40,56,93,20,44,79,0,0,58,53,79,1,58,2,5,1,IT Manager
80,62,80,9,64,22,75,98,16,89,28,4,67,0,1,31,30,69,1,62,2,6,0,Database Administrator
7,31,75,10,99,72,53,32,50,71,71,34,11,1,0,41,34,16,0,36,3,8,0,Artificial Intelligence Engineer
15,87,97,30,52,1,68,42,38,87,46,92,15,1,0,85,41,50,1,54,3,9,0,IT Manager
98,18,7,95,80,92,36,78,31,74,27,8,7,1,0,24,19,96,1,76,2,7,1,Systems Analyst
44,30,76,48,75,35,100,49,8,28,11,89,5,0,1,86,51,74,0,84,5,4,0,Artificial Intelligence Engineer
68,22,47,100,93,39,30,64,29,80,95,86,100,0,0,22,76,94,0,41,3,3,1,Artificial Intelligence Engineer
99,87,24,24,89,7,7,46,77,51,60,89,36,1,0,24,3,100,1,87,3,4,0,Web Developer
80,58,22,68,66,63,64,38,32,57,58,82,75,1,1,66,6,39,0,59,4,8,1,Web Developer
59,39,97,20,88,10,34,58,12,32,83,92,1,1,1,27,61,43,0,53,1,8,0,Web Developer
76,42,82,75,29,72,98,96,51,65,76,47,16,0,1,39,38,2,1,18,4,10,0,Cloud Solutions Architect
6,74,24,52,8,14,50,3,16,88,70,89,40,0,1,13,42,7,1,59,1,6,1,Database Administrator
61,73,42,80,48,13,26,10,88,38,26,79,22,0,1,81,75,15,1,92,3,10,1,Web Developer
41,58,1,45,31,65,58,66,37,52,59,29,40,0,0,14,31,90,0,32,5,3,0,Systems Analyst
9,10,85,13,33,22,60,74,60,94,46,87,88,0,0,70,55,51,1,56,5,2,0,Data Scientist
5,14,99,63,37,10,79,47,4,41,69,69,81,1,1,53,67,17,0,10,1,9,1,Systems Analyst
93,14,30,32,71,86,76,74,60,53,65,55,23,1,0,92,67,47,1,63,3,6,1,IT Manager
57,10,51,82,16,22,18,52,66,20,63,85,8,1,1,93,91,69,1,74,2,3,0,Cybersecurity Analyst
37,74,91,55,74,96,27,43,89,48,100,15,100,0,1,4,43,28,0,61,4,3,0,IT Manager
83,42,22,100,2,47,29,76,33,2,33,99,37,0,0,66,89,40,1,15,4,7,0,Systems Analyst
64,26,49,64,97,22,16,77,3,37,47,21,55,0,0,29,12,53,1,88,4,8,1,Software Developer
6,69,45,81,66,52,69,44,33,85,86,83,57,0,0,90,47,24,1,70,1,1,0,Database Administrator
47,97,3,11,50,68,62,8,44,3,86,28,31,1,1,44,63,48,0,52,1,7,0,IT Manager
19,99,26,40,92,91,56,61,12,40,50,64,40,1,1,44,35,30,1,6,5,9,1,Cybersecurity Analyst
31,53,80,11,48,97,98,19,85,10,21,38,0,1,1,51,20,2,0,0,4,6,0,Systems Analyst
91,76,38,43,64,92,88,27,97,79,23,88,16,0,1,90,7,94,0,38,3,3,0,Web Developer
12,22,17,13,68,15,28,84,12,59,61,60,100,1,0,53,19,11,1,82,1,9,0,Data Scientist
81,77,61,93,17,64,95,63,48,45,30,48,2,1,0,37,79,23,1,0,3,7,0,Data Scientist
53,83,23,16,54,56,85,48,100,92,51,9,26,0,0,18,29,11,0,33,1,7,1,Network Administrator
27,87,94,86,13,87,21,100,44,74,91,76,5,1,1,30,13,72,0,44,1,1,1,Cybersecurity Analyst
35,25,85,90,67,89,64,100,1,4,91,47,17,0,0,64,2,42,0,77,1,2,1,IT Manager
44,46,57,6,49,52,69,62,6,71,86,2,90,0,1,15,69,48,0,84,2,7,1,Cybersecurity Analyst
89,83,10,1,7,65,40,20,92,32,97,66,67,0,0,29,90,9,1,32,5,4,0,Web Developer
15,4,100,5,4,11,64,74,83,75,51,7,59,1,1,15,81,29,1,100,3,4,1,Software Developer
55,60,92,60,68,97,21,17,77,38,5,9,53,0,0,37,43,90,1,89,5,4,1,Cybersecurity Analyst
47,14,48,65,68,13,64,45,70,14,35,94,76,1,0,33,47,76,0,68,1,1,1,Software Developer
31,34,56,90,100,49,37,31,79,55,7,87,81,0,1,98,98,81,1,19,3,7,1,Artificial Intelligence Engineer
62,40,55,52,53,68,4,27,5,38,60,3,87,0,1,22,71,89,1,4,4,8,0,Software Developer
84,50,36,84,19,15,22,18,74,23,76,45,88,1,0,36,36,85,1,25,1,7,1,Cybersecurity Analyst
27,23,98,43,30,41,96,41,32,59,69,63,68,0,1,5,56,21,0,17,2,3,1,Systems Analyst
82,36,17,83,13,87,90,13,75,76,88,31,49,0,0,15,84,67,0,9,1,4,1,Systems Analyst
49,73,81,71,36,21,64,21,59,90,95,93,21,0,0,60,3,52,1,37,4,10,0,Network Administrator
69,89,46,55,90,56,22,45,19,71,35,9,85,1,1,11,72,65,1,53,4,7,1,Software Developer
0,42,48,63,70,68,96,6,45,92,58,72,94,0,1,40,81,32,1,24,4,2,0,Systems Analyst
38,4,5,71,67,82,85,12,67,39,13,8,24,0,1,8,8,40,0,57,2,6,1,Data Scientist
22,55,22,28,71,71,87,9,93,60,4,21,90,1,0,11,96,58,1,28,4,10,1,Software Developer
74,25,7,60,27,32,82,98,93,98,11,94,75,1,0,5,34,42,0,42,3,8,0,IT Manager
55,45,56,52,27,60,5,37,76,87,6,54,60,0,1,19,97,94,1,78,5,8,1,Artificial Intelligence Engineer
91,80,46,96,59,39,25,55,53,42,85,11,74,0,0,39,32,93,0,6,2,6,0,Web Developer
83,30,47,4,58,57,23,62,81,4,56,71,12,1,1,97,94,77,0,45,4,1,0,Web Developer
58,75,50,84,36,62,84,51,75,22,55,44,51,1,0,44,36,64,0,48,1,7,0,Artificial Intelligence Engineer
7,85,59,28,56,70,42,36,43,27,5,37,74,0,0,18,15,35,0,11,3,3,0,Database Administrator
55,5,25,50,94,100,82,52,10,36,29,42,52,1,0,80,75,55,1,50,5,3,1,Cybersecurity Analyst
40,77,92,6,94,24,9,86,26,18,96,65,59,1,1,66,13,39,0,64,2,4,1,Web Developer
58,2,28,89,57,24,28,90,78,99,91,49,29,0,1,83,88,55,1,68,3,1,0,Systems Analyst
32,29,91,75,98,57,31,20,49,45,28,3,22,1,1,4,56,96,1,96,3,3,0,IT Manager
19,91,16,23,98,83,93,27,72,69,88,76,16,0,0,32,49,92,1,55,3,6,1,Web Developer
53,39,4,21,49,74,34,15,25,46,97,99,41,1,0,84,40,10,0,65,4,8,0,Systems Analyst
20,68,71,26,26,45,37,70,59,10,45,51,48,0,1,98,83,27,0,68,5,8,0,Cybersecurity Analyst
78,98,65,79,97,76,99,38,90,39,79,93,100,0,1,20,26,19,0,14,4,1,1,Software Developer
35,13,0,92,99,66,81,12,69,79,57,58,64,0,0,68,82,15,1,51,2,10,1,Systems Analyst
