Employee_ID,Age,Gender,Department,Job_Title,Years_at_Company,Satisfaction_Level,Average_Monthly_Hours,Promotion_Last_5Years,Salary,Attrition
0,27,Male,Marketing,Manager,9,0.5862512562476163,151,0,60132,0
1,53,Female,Sales,Engineer,10,0.26116088945025273,221,1,79947,0
2,59,Female,Marketing,Analyst,8,0.3043817175126141,184,0,46958,1
3,42,Female,Engineering,Manager,1,0.48077886980603046,242,0,40662,0
4,44,Female,Sales,Engineer,10,0.6362438875959893,229,1,74307,0
5,47,Male,Sales,HR Specialist,10,0.8890176690263424,237,0,97212,0
6,58,Male,Marketing,HR Specialist,5,0.6889765787941906,155,1,97865,0
7,57,Female,Sales,Analyst,8,0.9816786912170571,171,0,50113,0
8,34,Female,Finance,Accountant,6,0.01038090172224504,177,1,88747,1
9,57,Female,Marketing,Engineer,7,0.46678235968243076,170,0,43283,0
10,57,Female,HR,HR Specialist,5,0.3626250696783515,178,1,82510,1
11,50,Male,Marketing,Accountant,3,0.17710699191661206,158,0,55665,0
12,44,Male,HR,Engineer,1,0.23423705904623926,180,0,57951,1
13,39,Female,Marketing,Analyst,7,0.22719847995122777,249,1,31886,1
14,57,Male,Finance,Manager,9,0.8222120732860275,242,0,40548,1
15,41,Male,Engineering,Accountant,10,0.5834543121833854,199,1,39979,0
16,29,Male,Finance,Accountant,5,0.40119267807884984,222,0,31340,1
17,28,Male,Finance,Accountant,9,0.5187154765048624,169,1,79639,0
18,27,Male,Engineering,Manager,8,0.8482168664314631,193,1,50307,0
19,45,Female,HR,Manager,5,0.5232801758648524,154,1,99568,1
20,27,Female,Finance,Manager,10,0.09859818558703226,211,1,89409,1
21,45,Male,Engineering,HR Specialist,4,0.6455399096929486,172,0,94005,0
22,32,Female,Engineering,Analyst,9,0.6532311017656622,191,0,63445,1
23,53,Male,Marketing,HR Specialist,9,0.6232736072503224,216,1,99093,0
24,58,Female,Sales,Manager,4,0.9218731914288679,160,1,95910,0
25,46,Female,Marketing,Engineer,9,0.21223972412515957,162,1,80913,1
26,55,Female,Sales,Analyst,6,0.9974983056464303,224,1,59231,0
27,52,Female,Finance,HR Specialist,6,0.06841183191597977,156,0,68979,0
28,59,Female,Marketing,Accountant,8,0.7794191135416246,183,1,65901,0
29,58,Male,Finance,Analyst,3,0.6147826229331329,194,1,85496,1
30,37,Male,Engineering,Analyst,6,0.791576766925783,191,1,91627,1
31,28,Female,Marketing,Analyst,10,0.3549899515460142,203,1,91703,1
32,30,Female,HR,HR Specialist,8,0.9972321903265292,237,1,51252,0
33,25,Male,Engineering,Accountant,1,0.12600313158391097,172,1,63757,1
34,36,Female,HR,Accountant,6,0.637980114052539,154,0,84288,1
35,59,Male,HR,HR Specialist,7,0.9634812500143195,212,0,86371,0
36,35,Male,Sales,Analyst,3,0.629359923471385,220,0,59546,0
37,47,Male,HR,Accountant,5,0.5478731972934493,247,1,80887,0
38,38,Male,Marketing,HR Specialist,9,0.42500069646906136,247,0,52658,1
39,43,Male,Finance,Accountant,5,0.6735533011395514,201,0,70977,0
40,40,Female,HR,Analyst,10,0.8142447004066163,222,0,40055,0
41,52,Male,Sales,HR Specialist,6,0.42150386686737296,161,1,99265,0
42,55,Male,HR,HR Specialist,7,0.9900196957951591,162,0,33670,1
43,31,Female,Finance,HR Specialist,7,0.4564732871729066,214,0,85764,1
44,51,Female,Marketing,Engineer,3,0.28378232643474977,226,1,87567,1
45,41,Male,HR,Accountant,1,0.5976970764932226,153,1,44786,1
46,31,Male,Engineering,Accountant,7,0.06886720366805443,186,1,69612,0
47,39,Female,Finance,Manager,1,0.19864104615278544,177,1,45124,0
48,36,Female,HR,Accountant,8,0.3220177285836241,200,0,38871,0
49,32,Female,Finance,HR Specialist,5,0.7923001867988667,217,0,34599,1
50,26,Female,Finance,HR Specialist,5,0.18553526005280696,228,1,61224,0
51,50,Male,Finance,HR Specialist,7,0.6146705651653954,223,0,31506,0
52,45,Male,Finance,HR Specialist,3,0.9828551434976881,209,0,57428,1
53,37,Female,Sales,Manager,8,0.750597549458096,233,1,34834,1
54,43,Male,Sales,Accountant,2,0.47546046644552353,229,1,56938,1
55,42,Male,Sales,Accountant,6,0.8121612517693029,249,1,62841,1
56,26,Female,Finance,Engineer,4,0.12078443521414328,238,0,56230,1
57,52,Male,Marketing,Accountant,5,0.5888936453962129,236,0,98061,0
58,47,Male,Engineering,Engineer,9,0.38029249480416794,173,1,34647,0
59,28,Female,Sales,Analyst,10,0.908369402889997,196,1,30269,1
60,28,Female,Finance,HR Specialist,5,0.3105680892742234,195,0,41737,1
61,36,Male,Sales,Accountant,8,0.6884839803327588,160,1,71087,0
62,46,Female,Engineering,Engineer,9,0.23298724627698097,214,1,50921,0
63,50,Male,Sales,Accountant,8,0.7533324155402383,214,1,89560,1
64,59,Male,Finance,Accountant,6,0.9788778921567572,220,1,59060,0
65,28,Male,Sales,Analyst,6,0.46356554132114935,165,0,46658,0
66,36,Female,Marketing,Accountant,9,0.887494139095514,245,0,82313,1
67,28,Male,Finance,Analyst,8,0.3493494556603072,202,1,91589,1
68,55,Male,Marketing,Analyst,3,0.38406341905929475,212,1,48184,0
69,31,Male,HR,HR Specialist,5,0.11492343023776386,165,0,58575,0
70,34,Female,HR,Analyst,6,0.9399064112380011,168,0,80456,1
71,48,Male,HR,Engineer,8,0.517683817968095,154,1,72928,0
72,39,Male,Engineering,Engineer,5,0.43311433003144484,168,0,74105,0
73,44,Male,Sales,Analyst,7,0.06794745233472388,185,0,43038,0
74,31,Male,Sales,Manager,8,0.07443841847924437,225,1,50000,1
75,37,Female,Finance,Analyst,8,0.28803291095656336,226,0,49824,0
76,52,Male,Marketing,Manager,6,0.8547456473639652,184,0,67588,1
77,42,Female,Marketing,Accountant,2,0.9419529770864274,178,1,30821,0
78,35,Male,Finance,Manager,4,0.7129372727018383,190,1,99801,1
79,26,Male,HR,Engineer,6,0.8667742741785324,218,1,48520,0
80,41,Female,Marketing,Engineer,8,0.8013461562458192,227,1,69674,0
81,30,Male,Sales,Analyst,3,0.9759798861063105,192,1,66952,1
82,47,Female,Engineering,Manager,5,0.39845176435414187,153,1,97606,1
83,40,Male,Marketing,Analyst,3,0.8301814091146785,167,1,59532,1
84,50,Female,Sales,Analyst,1,0.9164436095186694,173,1,97663,0
85,25,Male,HR,Analyst,1,0.8070531852055509,204,1,71807,0
86,54,Female,Engineering,Analyst,1,0.8616317688824431,218,0,90011,0
87,26,Male,HR,Engineer,10,0.0013764983438844247,157,1,91398,0
88,44,Female,Sales,Accountant,8,0.7113761826437848,163,1,64897,1
89,29,Female,HR,Engineer,7,0.4270432429444565,237,0,78600,0
90,55,Female,Finance,Engineer,3,0.22382837619762963,196,0,74424,1
91,32,Male,Sales,Engineer,6,0.8732228709264533,238,1,40798,0
92,54,Female,HR,HR Specialist,10,0.48856620666046546,158,1,63948,1
93,26,Male,Finance,Analyst,1,0.008390912157930641,214,1,52415,0
94,37,Male,Finance,Analyst,6,0.17876102641568536,211,0,38085,0
95,28,Female,HR,HR Specialist,1,0.1291815753081449,200,1,32082,1
96,32,Male,HR,Accountant,5,0.9031597113004118,176,0,58364,0
97,49,Male,Finance,Engineer,5,0.7229597427567956,194,1,40742,0
98,31,Male,Sales,Manager,2,0.4489629871717319,201,0,84407,0
99,38,Female,Sales,Analyst,5,0.3412185341167113,225,1,76806,1
100,53,Male,HR,Manager,4,0.006573661720984059,150,1,81919,1
101,45,Male,Engineering,Engineer,10,0.28540027305214044,165,1,70060,0
102,57,Female,Marketing,Manager,4,0.6625437194169094,244,1,99321,0
103,49,Female,HR,Analyst,7,0.7042036468911899,187,0,93226,1
104,38,Male,Finance,Engineer,8,0.811996955812486,161,1,81389,1
105,33,Female,Engineering,Analyst,7,0.4264524724420461,209,1,38495,0
106,39,Female,Engineering,Engineer,2,0.7920330007370426,207,1,70941,0
107,31,Male,Marketing,Engineer,6,0.8772395539982745,182,0,99476,1
108,26,Male,Marketing,Accountant,2,0.07677753308360857,211,1,49523,0
109,55,Male,Engineering,Engineer,2,0.06689900151071226,244,0,60676,1
110,31,Female,Sales,Accountant,4,0.9360951479087891,209,0,73359,0
111,35,Male,Finance,Engineer,1,0.2610644259210312,154,1,51013,1
112,37,Male,HR,Analyst,3,0.49288046025108956,224,1,31553,1
113,37,Female,Engineering,HR Specialist,1,0.01918425430686388,201,0,65356,1
114,50,Male,Marketing,Engineer,5,0.33856584956203384,160,0,99328,0
115,32,Male,Marketing,Accountant,10,0.4676564847461099,189,0,47802,0
116,38,Female,Marketing,Analyst,2,0.3768908906209544,222,1,45532,1
117,26,Female,Engineering,Engineer,6,0.05075933231845464,226,1,97181,0
118,39,Male,Marketing,HR Specialist,6,0.6890821940573552,169,0,35521,0
119,48,Female,Sales,Engineer,4,0.7517409791142201,239,1,98429,1
120,58,Male,Sales,HR Specialist,4,0.9485216582843011,199,0,93166,1
121,28,Female,Finance,Analyst,10,0.5244977051345444,246,0,54477,0
122,42,Male,Finance,Engineer,3,0.03928126927254372,207,0,40012,1
123,49,Female,Sales,HR Specialist,9,0.12707357684707976,178,1,37543,0
124,48,Female,Engineering,Manager,7,0.8895685676398605,184,0,87607,0
125,30,Female,Finance,Engineer,2,0.8783340929817791,232,0,97217,0
126,58,Female,Finance,Engineer,2,0.8654682799925634,218,0,52961,0
127,27,Male,Engineering,HR Specialist,5,0.2309574950974338,154,1,38532,0
128,43,Male,Finance,HR Specialist,10,0.07253299214727282,235,0,80112,0
129,43,Male,HR,Analyst,9,0.16093663167698302,154,0,74736,0
130,52,Male,HR,HR Specialist,7,0.38112151333694,218,0,35031,1
131,34,Female,Sales,Manager,9,0.687645876345314,165,1,61668,1
132,42,Female,HR,Manager,5,0.6767017400613994,210,0,58508,1
133,28,Female,HR,Analyst,9,0.6926309648604936,201,0,62378,1
134,36,Female,Engineering,Analyst,8,0.4173950950837386,161,0,73980,0
135,51,Male,Finance,HR Specialist,3,0.30236361902190534,240,0,78603,1
136,53,Male,Sales,Analyst,5,0.6717440322109104,245,0,45278,0
137,36,Male,Marketing,Manager,5,0.9565821980714275,238,1,50064,1
138,35,Female,Marketing,HR Specialist,1,0.6772484897936986,247,0,92394,0
139,28,Female,Engineering,Accountant,6,0.6106453354258036,200,1,40991,0
140,48,Female,Sales,Manager,8,0.5134980096275745,194,1,76164,0
141,50,Male,HR,Engineer,6,0.7898978722441387,238,1,37833,1
142,52,Female,HR,Manager,5,0.7724070601221441,156,0,90927,0
143,28,Female,Marketing,Analyst,6,0.5649615759251972,190,1,86897,1
144,39,Female,HR,HR Specialist,9,0.09108798745877766,175,1,85229,1
145,46,Male,Sales,Manager,10,0.4816047670592061,202,0,35793,0
146,48,Male,HR,Engineer,5,0.6934832111730455,241,1,57650,1
147,48,Male,Marketing,Analyst,7,0.03335343339750085,199,0,70990,0
148,29,Male,HR,Engineer,1,0.39613432844931795,217,1,79792,0
149,30,Male,Sales,Analyst,8,0.0921735546792628,203,0,81499,1
150,34,Male,Sales,Engineer,4,0.12271643882234429,243,1,81233,0
151,27,Female,HR,Engineer,3,0.812001780963352,249,0,39563,0
152,58,Male,Finance,Accountant,4,0.6911079115191758,181,0,36755,1
153,30,Female,Engineering,Manager,4,0.6701890034215886,200,1,81470,1
154,34,Female,Sales,Engineer,7,0.9554530586412221,243,1,40127,1
155,40,Female,Sales,Manager,6,0.6160906716553524,159,1,78348,1
156,53,Female,Marketing,HR Specialist,6,0.8483024809768728,211,1,94455,1
157,27,Female,Finance,Engineer,2,0.3771194813590839,240,1,83240,0
158,35,Female,Marketing,Engineer,7,0.17058647788203862,215,0,54977,1
159,28,Male,Marketing,HR Specialist,7,0.6362805983362078,167,0,54598,1
160,28,Female,Marketing,Manager,9,0.8042511218402405,249,0,81682,0
161,48,Female,Finance,Manager,5,0.1499618455020596,225,1,58653,1
162,52,Female,Marketing,Manager,5,0.2983969567207734,187,1,53838,1
163,59,Female,HR,Engineer,10,0.33693689490229306,206,0,79759,0
164,48,Female,Sales,Analyst,6,0.836430635675045,151,1,34808,1
165,46,Male,Engineering,Accountant,4,0.023153868938549316,200,0,88563,1
166,50,Male,Engineering,Accountant,8,0.7774639950536905,190,1,83237,0
167,42,Male,Finance,Accountant,1,0.2858066344700497,156,1,31256,1
168,27,Female,Finance,Engineer,3,0.2367118910950432,232,1,83418,0
169,35,Female,Engineering,HR Specialist,6,0.5399373919283296,165,0,43951,1
170,33,Female,HR,Engineer,8,0.30386938292912946,190,0,63891,1
171,57,Female,Sales,Accountant,3,0.7764093193819304,162,0,94226,1
172,50,Female,HR,Engineer,8,0.7702804181721487,188,0,89030,0
173,28,Male,Engineering,Manager,3,0.35967949152834566,243,0,57604,0
174,26,Female,Engineering,HR Specialist,3,0.7481948363457636,163,0,63395,1
175,32,Female,Sales,HR Specialist,6,0.27554455585283866,236,0,65494,1
176,31,Female,Sales,Analyst,6,0.46429919982991963,225,0,82445,0
177,58,Male,Finance,Manager,7,0.8295769203155995,171,1,75352,1
178,43,Female,Finance,Accountant,6,0.3054174448214515,156,0,78972,1
179,53,Male,HR,Analyst,3,0.13038396489321813,218,1,62533,0
180,30,Male,Engineering,Engineer,10,0.14071759012043183,212,0,33221,1
181,34,Female,HR,Analyst,10,0.16379954791637774,215,1,73460,1
182,29,Female,Finance,Accountant,9,0.40821773676574613,224,1,42799,1
183,48,Male,Marketing,Accountant,3,0.5273314264733606,200,1,44626,1
184,46,Female,Sales,HR Specialist,4,0.745609677877397,237,0,50467,0
185,50,Male,Engineering,HR Specialist,9,0.1354301255029251,242,1,62104,0
186,53,Female,Engineering,Manager,9,0.894421224648257,245,0,33232,1
187,44,Female,Marketing,Manager,9,0.9247997270894902,169,0,60624,1
188,42,Female,Engineering,Analyst,1,0.7602764525770406,192,1,39672,1
189,39,Female,Engineering,Manager,4,0.3061616713893539,184,0,80067,0
190,39,Male,Marketing,HR Specialist,7,0.2396089157509672,153,0,46544,0
191,48,Male,Finance,Manager,10,0.3230523853706029,190,0,69385,0
192,53,Male,Sales,Manager,1,0.753165520167058,242,0,56338,0
193,41,Female,Finance,HR Specialist,8,0.4853894200641894,177,1,51112,0
194,49,Male,Marketing,Manager,4,0.8478203140054437,168,0,40223,1
195,40,Female,HR,Engineer,10,0.08133470399760834,186,0,32762,0
196,41,Male,Sales,HR Specialist,9,0.9050240368752758,178,0,48449,0
197,45,Female,HR,Engineer,7,0.3535684286362508,188,1,65708,0
198,51,Male,Engineering,HR Specialist,6,0.6142016087040615,243,0,55484,0
199,29,Female,Sales,Engineer,9,0.18521265335904713,219,1,95558,1
200,46,Male,HR,Analyst,9,0.03759361928559957,171,0,81643,1
201,57,Male,HR,HR Specialist,10,0.21489408401129817,171,0,79587,1
202,26,Female,HR,Manager,5,0.41534398150081053,169,1,83416,1
203,59,Female,Engineering,Accountant,8,0.013714131716972222,165,0,87098,1
204,43,Male,Sales,Engineer,4,0.982782485480021,213,0,46780,0
205,51,Male,Finance,HR Specialist,3,0.18975301979945502,186,1,71794,0
206,26,Female,Engineering,Engineer,5,0.870157068943182,168,0,30773,0
207,42,Male,Sales,Analyst,4,0.7224404540139828,169,1,43764,0
208,47,Male,HR,Engineer,8,0.755911845876967,210,1,88219,0
209,50,Male,Marketing,Analyst,8,0.6066135893872816,160,1,72592,0
210,35,Female,Marketing,Analyst,3,0.8827206930170112,245,0,85608,0
211,25,Male,Engineering,Manager,4,0.6296221200264839,186,0,65583,0
212,44,Female,Finance,Engineer,8,0.23858495781173872,223,0,91789,0
213,55,Female,Finance,Accountant,6,0.0535917321415621,153,1,99859,0
214,32,Female,Sales,HR Specialist,1,0.9485523536324707,242,0,60286,1
215,48,Male,Marketing,Analyst,8,0.6294121375464287,219,0,53324,0
216,44,Female,HR,Manager,4,0.1758740923768769,151,0,76479,0
217,39,Female,Finance,Engineer,2,0.009966415273378049,217,1,80791,1
218,54,Female,Finance,Accountant,9,0.31393745083637914,239,1,83385,0
219,44,Female,Marketing,Analyst,3,0.5606912803950348,172,1,76642,0
220,26,Female,HR,HR Specialist,6,0.3066678685829709,228,1,91402,1
221,30,Female,Sales,Engineer,6,0.47911376221408297,166,1,85225,0
222,42,Female,Sales,Engineer,4,0.02860912805458915,185,0,54559,1
223,38,Male,Sales,Engineer,8,0.5406084474308369,150,1,99113,0
224,50,Female,Sales,Manager,7,0.5472466017655955,231,0,32849,1
225,58,Male,Marketing,Analyst,6,0.760693108569961,169,0,78975,1
226,54,Female,Sales,HR Specialist,5,0.8744153954319644,195,1,77459,0
227,31,Female,Marketing,HR Specialist,1,0.2703892784035099,193,0,88083,0
228,54,Female,Finance,Accountant,4,0.9695331391617458,212,0,66740,1
229,42,Female,Marketing,Manager,1,0.17704375064956546,202,1,73275,1
230,46,Female,Engineering,Manager,10,0.47789661295092534,248,0,50184,0
231,41,Male,Engineering,Accountant,6,0.7803496805113143,172,1,80830,1
232,55,Male,Finance,Analyst,9,0.8737838998746374,188,0,53625,1
233,41,Female,HR,Manager,2,0.1082830588606466,160,1,55262,0
234,55,Female,Engineering,Manager,9,0.04165747963572408,225,0,30935,0
235,37,Female,Marketing,Accountant,5,0.9252881300669151,229,1,54878,1
236,51,Male,Finance,Engineer,5,0.6519447501915246,224,1,56322,1
237,44,Female,HR,Engineer,4,0.8356135046986773,150,1,99851,1
238,41,Female,Engineering,HR Specialist,5,0.7467441907538663,232,0,75106,0
239,53,Female,HR,Accountant,9,0.725742444705897,202,0,88135,1
240,59,Male,Sales,Engineer,9,0.42214048169979657,165,1,71466,0
241,32,Female,Sales,Engineer,2,0.7049426007682,150,1,43102,1
242,39,Male,Sales,Engineer,6,0.12408831667615494,166,0,61580,1
243,25,Male,Engineering,Manager,2,0.3884866429799543,206,1,96349,1
244,57,Female,HR,HR Specialist,5,0.7351240744383988,158,0,84618,1
245,27,Female,Engineering,Analyst,10,0.42483873970480623,236,1,68773,1
246,39,Male,HR,Accountant,7,0.9857245189982288,164,0,39162,0
247,42,Female,Marketing,Analyst,6,0.9246924977406283,204,1,66915,1
248,55,Male,Marketing,Manager,2,0.2770342583437836,220,1,34112,1
249,44,Female,Engineering,Engineer,7,0.8822248592017625,213,1,97161,0
250,31,Female,HR,HR Specialist,7,0.8242514718170053,167,1,91779,0
251,51,Female,Marketing,Analyst,3,0.47030710382710617,200,0,87771,0
252,32,Female,HR,Analyst,1,0.4200610152440176,216,0,94728,0
253,38,Female,Marketing,Manager,8,0.2353917856553419,171,0,45405,0
254,39,Female,HR,Engineer,8,0.6011456744846184,211,1,64406,0
255,31,Male,Engineering,Analyst,3,0.5847937428382267,219,1,55075,1
256,57,Female,Engineering,Analyst,7,0.3327112394341184,241,1,69509,0
257,58,Male,Finance,Analyst,10,0.6326437957920109,202,0,31850,1
258,28,Female,Marketing,Manager,6,0.6626514178250861,151,0,47534,0
259,25,Male,Sales,Accountant,2,0.50317012254502,199,0,85996,1
260,38,Male,Finance,Engineer,4,0.8825120659749648,191,1,64345,0
261,55,Male,Sales,HR Specialist,8,0.7888324502262112,151,1,32954,1
262,44,Male,Marketing,Manager,4,0.06580262038028506,174,1,64213,1
263,27,Female,Engineering,Manager,9,0.4617250577881855,159,0,88666,1
264,59,Female,Sales,Analyst,3,0.21175598251973093,159,0,71088,0
265,57,Male,Engineering,Engineer,4,0.5445820847140584,186,0,43095,0
266,39,Female,Finance,HR Specialist,10,0.2130502992568314,207,0,61200,1
267,27,Female,Finance,Engineer,1,0.8910545559323334,210,0,96615,0
268,52,Female,Engineering,Manager,3,0.05229241942212437,249,0,69501,0
269,51,Male,HR,Manager,6,0.8325343132417162,195,0,38068,1
270,57,Male,Marketing,Engineer,6,0.4103787013894439,181,0,30859,0
271,43,Male,HR,Manager,8,0.6063654346112507,166,1,54641,0
272,57,Female,Finance,Accountant,7,0.2602679150854744,178,1,98610,1
273,55,Male,Marketing,Analyst,3,0.6027934107244243,181,1,86372,1
274,28,Female,HR,Engineer,3,0.185515194861696,171,1,92828,0
275,56,Male,Sales,Manager,7,0.806804516980408,187,0,97244,0
276,52,Male,HR,Engineer,6,0.5964382479783219,184,1,88353,0
277,40,Male,Engineering,Manager,4,0.6486407194208894,211,1,54636,1
278,52,Male,Sales,HR Specialist,10,0.26467275316036365,192,0,73863,0
279,39,Male,Engineering,Analyst,2,0.16781895492950027,185,0,35833,1
280,46,Female,Sales,Engineer,3,0.036900285511101805,226,0,70714,1
281,55,Female,Finance,Engineer,3,0.1667361819901796,170,1,42371,0
282,45,Male,Marketing,Engineer,6,0.36598324029892204,174,0,70764,0
283,56,Male,Sales,Engineer,9,0.9083533775861872,163,0,48165,1
284,31,Male,Finance,HR Specialist,9,0.7828370645474625,192,1,84159,1
285,57,Female,Finance,Manager,10,0.22400197511709918,206,1,64584,1
286,32,Female,Marketing,Engineer,2,0.020531869438875083,242,0,46116,0
287,38,Male,Marketing,Accountant,6,0.23444365233008868,237,1,47944,0
288,49,Male,Sales,Engineer,2,0.9017869230139792,176,1,73713,0
289,56,Female,Finance,Accountant,2,0.32464811060987886,187,0,69641,0
290,52,Female,Finance,Accountant,9,0.5629894058751663,169,0,75176,1
291,26,Male,Marketing,Manager,2,0.47689398796598614,233,1,67394,0
292,41,Female,Engineering,Engineer,4,0.5383096563957095,226,1,57381,1
293,51,Female,Marketing,Analyst,5,0.8942345965718732,248,1,37001,0
294,26,Female,Engineering,Manager,8,0.32022659167299306,247,1,93742,0
295,32,Female,Engineering,HR Specialist,3,0.555592856316026,169,0,36843,0
296,44,Male,HR,Accountant,7,0.482527131469904,234,1,55467,0
297,45,Female,Engineering,Engineer,2,0.6366619531589183,152,1,95571,1
298,50,Female,Marketing,Accountant,5,0.7808650299950486,241,1,32747,0
299,55,Male,Sales,Analyst,2,0.27619663091093904,215,0,46185,1
300,44,Male,Finance,HR Specialist,3,0.42055738080177674,246,0,38604,1
301,30,Male,Marketing,Engineer,8,0.17622930659701286,155,1,85832,1
302,39,Male,Sales,Engineer,9,0.03082914727950259,170,1,56461,1
303,25,Female,Engineering,Analyst,8,0.3433300669120942,233,0,59075,0
304,50,Male,HR,Accountant,3,0.3043348914060151,162,0,76410,0
305,53,Male,Marketing,Engineer,3,0.9640995577834897,246,0,71557,0
306,26,Male,Finance,Manager,9,0.8943357833843707,206,0,85613,0
307,46,Male,Engineering,Accountant,8,0.24518645628891367,151,0,81026,1
308,53,Male,HR,Manager,4,0.10840193263494735,197,1,81995,0
309,33,Female,HR,HR Specialist,1,0.9534629425694724,211,1,55051,1
310,45,Female,Engineering,HR Specialist,10,0.4331352166344249,239,1,46767,1
311,56,Female,Marketing,Accountant,6,0.19107566910075668,236,0,43261,1
312,56,Male,Engineering,Accountant,5,0.8423685430393906,185,1,93469,1
313,50,Male,Engineering,Manager,3,0.8457289042540396,216,0,93274,0
314,37,Female,Marketing,Manager,1,0.5573794477321943,174,0,52963,0
315,27,Female,Sales,Manager,1,0.10817035497766736,225,1,71482,0
316,56,Male,Engineering,Manager,4,0.9818693901190807,206,0,58220,1
317,57,Male,Marketing,HR Specialist,1,0.006071684619411211,154,0,92876,1
318,57,Female,Engineering,Analyst,5,0.8161411940849057,201,1,46434,1
319,37,Male,Engineering,HR Specialist,2,0.3839375789847993,228,0,39049,1
320,30,Female,Finance,Engineer,2,0.9545633316007254,213,0,93674,1
321,28,Male,Finance,HR Specialist,9,0.9628938462220566,248,0,87053,1
322,30,Male,Engineering,HR Specialist,2,0.7716091452846329,181,0,34512,1
323,27,Female,Finance,HR Specialist,4,0.28670720082913326,238,0,59522,1
324,51,Male,Engineering,HR Specialist,7,0.023120739449755456,241,0,88569,0
325,44,Male,Marketing,Accountant,4,0.9905958525623222,208,1,94735,1
326,42,Male,Engineering,HR Specialist,2,0.9070479126634954,152,1,58062,1
327,44,Female,Engineering,Engineer,8,0.47175670007258375,186,1,52300,0
328,54,Male,Marketing,Accountant,9,0.8066039730769589,156,1,89623,0
329,34,Male,Sales,Accountant,8,0.42964479686659096,167,0,77841,0
330,47,Male,Engineering,Accountant,7,0.5155894686947047,207,0,89157,1
331,27,Female,Engineering,Engineer,3,0.5022812095831239,164,1,79253,1
332,33,Female,HR,Accountant,4,0.1755961736739834,176,0,49834,0
333,43,Female,Marketing,HR Specialist,2,0.46744569609017306,190,1,42699,0
334,51,Female,Sales,Analyst,2,0.46869061268892964,245,0,66868,1
335,52,Male,Engineering,Engineer,10,0.9045247108827481,178,0,42015,1
336,32,Male,Engineering,HR Specialist,5,0.6762723023009716,227,0,35610,1
337,32,Female,Marketing,Manager,1,0.6211001594690516,216,0,31053,1
338,42,Female,Sales,Accountant,10,0.6740807360007953,167,0,90843,1
339,45,Male,Sales,Analyst,1,0.6012340088448226,207,1,65174,0
340,37,Female,HR,Manager,6,0.21548144532955849,195,0,51874,1
341,51,Female,Marketing,Manager,2,0.11684823669079436,156,1,50329,0
342,40,Female,Engineering,Manager,1,0.9206892504996231,151,0,60973,1
343,33,Male,Finance,Manager,7,0.7680944937826767,246,1,69286,0
344,51,Female,Marketing,Manager,2,0.24505485742525068,221,0,73505,0
345,41,Male,HR,Manager,9,0.7516758257044254,157,0,92988,1
346,27,Female,Sales,Manager,10,0.17853182707006876,150,1,91629,0
347,28,Male,HR,Accountant,8,0.7388170621493996,241,0,73737,1
348,25,Male,Engineering,Analyst,2,0.39280659647279614,153,0,34192,1
349,38,Male,Engineering,Manager,9,0.00791924823502177,178,1,37243,1
350,32,Female,Sales,Manager,7,0.07064510876670849,196,0,78476,1
351,31,Male,Sales,Accountant,4,0.47219371252426934,155,0,72188,0
352,54,Female,Engineering,Accountant,2,0.031009276234046035,221,0,71440,1
353,49,Male,Finance,Accountant,2,0.3944613186036805,229,0,72062,0
354,40,Female,Sales,Manager,9,0.3080310877764133,154,1,77656,0
355,35,Female,Marketing,Analyst,10,0.10599521318002136,183,0,78975,0
356,49,Female,HR,Accountant,7,0.4579359944378337,207,1,46454,1
357,57,Female,HR,Analyst,5,0.11597912259649112,220,1,82219,0
358,45,Male,Marketing,Accountant,10,0.18586284883854132,167,1,49610,1
359,34,Male,Sales,Engineer,1,0.9267072911908805,160,1,41420,1
360,33,Male,Finance,Analyst,7,0.44222022297505015,206,0,50645,1
361,25,Male,Finance,Manager,1,0.6857796007574043,150,0,44412,0
362,58,Male,Marketing,Accountant,3,0.965687511600168,225,1,50656,0
363,55,Female,Engineering,Engineer,2,0.13766876597737177,192,1,45102,1
364,45,Female,Sales,Accountant,2,0.36418031149967256,156,0,96293,0
365,48,Female,Sales,HR Specialist,2,0.8458703937684675,155,1,34447,1
366,43,Female,Engineering,Engineer,9,0.10443219927536107,234,0,70513,1
367,45,Female,Engineering,Engineer,7,0.6404883103374313,194,1,63571,1
368,49,Male,Engineering,Engineer,1,0.8323388901767165,200,0,44560,1
369,44,Male,HR,HR Specialist,5,0.10869911890423578,191,0,56613,0
370,50,Female,Marketing,Engineer,2,0.8595326658902429,213,1,38562,0
371,31,Female,Finance,Accountant,10,0.7397303252435241,213,0,49301,0
372,27,Female,HR,HR Specialist,7,0.5086834121006804,187,0,48784,1
373,32,Female,Finance,Accountant,8,0.9600163470478793,168,1,31815,1
374,54,Female,Sales,HR Specialist,10,0.5047448558901882,180,0,46467,0
375,35,Male,Sales,Engineer,9,0.7519549784918638,175,0,37004,1
376,32,Female,Sales,HR Specialist,5,0.9443566736458053,245,0,49158,0
377,41,Male,HR,Manager,6,0.08520946544192654,247,0,81385,1
378,32,Female,Sales,Engineer,9,0.1976383920397513,159,0,75317,1
379,54,Male,Finance,Engineer,10,0.9158851822653146,166,1,69252,1
380,40,Male,Finance,Accountant,7,0.9393843948205107,211,0,60839,1
381,28,Male,Engineering,Manager,4,0.32042555633869996,229,1,33966,0
382,45,Male,Sales,Analyst,7,0.9618660436759182,247,1,72481,0
383,58,Male,Finance,Engineer,2,0.4344810203202304,209,1,58506,1
384,59,Male,Sales,Engineer,10,0.11436754598481613,214,0,84131,0
385,37,Female,Marketing,Manager,1,0.32099136059918676,193,0,57200,1
386,51,Female,HR,Analyst,3,0.3456180000989538,219,0,69582,1
387,32,Male,Marketing,Analyst,5,0.49646794618679657,190,1,86091,0
388,53,Male,Engineering,Engineer,5,0.21498437748509835,153,1,72604,0
389,40,Female,Marketing,HR Specialist,4,0.15765283007817577,213,1,38056,0
390,29,Female,Sales,HR Specialist,8,0.2611470186530066,220,1,89766,1
391,34,Female,Finance,Accountant,7,0.8838541735805158,219,1,83069,0
392,39,Male,HR,Accountant,6,0.06608690305081921,151,0,59173,1
393,45,Male,Engineering,Manager,6,0.54495817412352,243,1,62295,0
394,58,Male,Engineering,HR Specialist,6,0.3553715265143388,158,0,32272,1
395,46,Female,HR,Accountant,4,0.4373269286907989,220,1,40220,1
396,46,Male,Finance,Engineer,7,0.7216459569779543,184,1,65922,0
397,33,Male,Engineering,Analyst,1,0.9674728333653362,205,1,45758,0
398,50,Female,Finance,Engineer,2,0.9492517718105455,214,0,37334,1
399,37,Female,Engineering,Analyst,4,0.749325080379094,204,1,57260,1
400,42,Male,Finance,Accountant,7,0.21231072155641573,179,0,83920,1
401,25,Female,Sales,Manager,4,0.2011488085849492,206,0,98845,1
402,47,Male,Engineering,Manager,2,0.2755257905064046,243,1,34669,0
403,57,Female,Marketing,Analyst,2,0.7487456067446843,157,0,81252,1
404,55,Female,Engineering,Accountant,3,0.3551576924077917,212,1,72256,0
405,45,Female,Finance,Analyst,10,0.2613088134643575,225,0,77244,1
406,47,Female,HR,Engineer,2,0.42928456245661173,215,1,58627,1
407,40,Male,HR,Manager,4,0.014901874781825586,151,1,35798,1
408,51,Female,Finance,Accountant,10,0.6069549325828829,218,0,51421,0
409,38,Male,Sales,Engineer,1,0.4678078150259314,186,0,93822,0
410,31,Male,Marketing,Analyst,6,0.9217207282618706,187,1,73509,0
411,36,Female,Engineering,Manager,5,0.36332823845348206,167,1,98405,0
412,52,Male,Engineering,Accountant,9,0.028610730983914978,197,1,45758,0
413,27,Male,Finance,Engineer,1,0.7231132927379438,215,0,47841,1
414,46,Male,Engineering,Analyst,7,0.6075992168396995,188,1,35265,1
415,45,Male,Finance,Manager,10,0.4597407277363399,155,0,99071,1
416,53,Female,Finance,HR Specialist,5,0.926643518279964,215,1,55071,1
417,44,Female,Finance,Engineer,10,0.5213643908031745,155,0,31472,1
418,27,Male,HR,HR Specialist,1,0.2623096670985038,156,1,52874,1
419,51,Female,Engineering,Manager,5,0.9039652677068304,170,0,91705,1
420,45,Male,HR,Manager,7,0.4645542592188038,195,1,97650,0
421,57,Male,Finance,Manager,7,0.7307939495019227,223,0,54467,1
422,54,Female,Finance,Engineer,4,0.46756822350566307,175,1,63124,0
423,33,Female,Finance,Manager,8,0.37369884189393077,171,1,76234,0
424,47,Female,Engineering,Accountant,7,0.02661863814324228,182,1,33931,0
425,47,Male,HR,Manager,8,0.8001095367077115,196,1,51668,0
426,25,Female,Engineering,Accountant,4,0.7015932931636033,194,0,80690,0
427,45,Male,Marketing,HR Specialist,5,0.11285656849977244,195,1,66229,1
428,56,Female,Marketing,Accountant,5,0.49929617423797523,213,0,64140,1
429,50,Male,Marketing,Analyst,5,0.6569260520021919,225,0,50970,0
430,57,Male,Marketing,Manager,2,0.4817442364895683,161,0,60858,1
431,33,Female,Finance,Analyst,1,0.9164612637717305,249,1,48447,1
432,41,Male,HR,Accountant,4,0.720447739749927,222,1,34152,1
433,30,Male,Sales,Analyst,8,0.0933647321850577,192,1,32182,0
434,31,Male,Sales,Analyst,4,0.8644199492712148,162,1,83201,1
435,31,Male,Marketing,Engineer,5,0.5127939521802685,159,0,64659,0
436,29,Female,HR,Engineer,9,0.8928211742691192,229,0,47406,1
437,57,Male,Engineering,Accountant,1,0.8395337616891257,249,1,39887,0
438,34,Male,Engineering,Accountant,7,0.9205307626503776,172,1,52122,1
439,41,Female,Marketing,Manager,3,0.9490711557029999,226,1,96167,1
440,52,Male,Marketing,HR Specialist,3,0.7850547151359385,223,0,79419,0
441,46,Male,Engineering,Accountant,8,0.7320357374578189,233,1,34983,1
442,45,Male,Sales,Analyst,8,0.49065126160218153,189,1,41908,0
443,56,Female,Sales,Accountant,1,0.9885121487222146,234,1,68137,0
444,56,Male,Finance,Manager,4,0.483386191012551,199,0,52386,0
445,55,Male,Sales,Analyst,5,0.7000659725689824,243,0,60907,0
446,30,Female,Engineering,Analyst,9,0.8244599110189983,182,1,67919,1
447,45,Male,Marketing,Analyst,7,0.23770737884586468,161,1,90686,1
448,59,Male,Engineering,Accountant,9,0.6781707431826083,237,0,69158,1
449,38,Female,Engineering,Accountant,9,0.5163346267745043,183,1,38395,1
450,47,Female,Finance,Manager,10,0.8193483756195459,227,0,43501,0
451,48,Female,Sales,Engineer,1,0.4762533061042924,204,0,38228,0
452,54,Male,Sales,HR Specialist,4,0.7970506210087491,233,0,56690,0
453,34,Male,Engineering,Manager,2,0.20928214371660459,194,0,80428,1
454,29,Male,Finance,HR Specialist,4,0.42128209420130647,162,0,35568,1
455,54,Female,Engineering,Analyst,4,0.10949781229883637,181,0,99206,0
456,31,Male,HR,Manager,3,0.23153100682171934,233,0,63229,1
457,30,Male,HR,Engineer,10,0.1472559919594062,171,0,61098,1
458,32,Female,Sales,Accountant,6,0.8083482975820633,229,0,63277,0
459,50,Male,Engineering,Analyst,4,0.5417513455488622,184,1,47899,0
460,42,Female,Sales,HR Specialist,6,0.7369084429397413,233,1,32252,1
461,50,Male,HR,Analyst,2,0.7439983363597694,246,1,83793,1
462,28,Male,HR,Analyst,4,0.28059219548805303,221,1,45710,0
463,37,Female,Engineering,Manager,9,0.6070274084729331,152,0,93376,1
464,48,Female,Finance,Accountant,4,0.5697993435703675,153,0,62429,0
465,55,Male,Sales,Manager,1,0.4900760437387719,237,0,46051,0
466,46,Male,Engineering,Accountant,2,0.06652846572935178,233,0,98551,0
467,42,Male,HR,Manager,6,0.35923805805028086,232,0,98112,0
468,58,Male,Sales,Accountant,10,0.6748343768829334,209,1,70785,1
469,47,Male,Marketing,Engineer,10,0.17439786156031323,150,1,83328,0
470,25,Male,Sales,Accountant,3,0.05467597435743965,180,0,44251,1
471,44,Female,Finance,Engineer,1,0.37563954125047516,215,1,42122,1
472,49,Female,Engineering,Manager,8,0.07453668629943411,190,1,32476,1
473,30,Male,Engineering,Accountant,4,0.773209220450679,248,1,37819,1
474,54,Female,Finance,Engineer,10,0.8350643895930558,165,1,93647,1
475,44,Female,Sales,HR Specialist,6,0.7258355944896595,155,0,84642,1
476,33,Male,Sales,Engineer,6,0.32420581830412043,211,1,81179,1
477,42,Female,HR,Engineer,6,0.8748059553816854,161,0,60684,1
478,27,Female,Sales,Manager,8,0.03885377019580449,205,1,78586,0
479,30,Female,Marketing,Analyst,3,0.33009705320014604,203,1,36342,1
480,25,Male,Finance,Engineer,7,0.1485177976169798,233,1,87748,1
481,43,Female,HR,Accountant,7,0.772273779685441,204,0,52281,1
482,52,Male,Engineering,Manager,10,0.878065862891652,237,0,31475,0
483,33,Male,Finance,Accountant,5,0.639531828541022,215,1,50116,0
484,34,Male,Engineering,Engineer,6,0.7710801122680846,211,1,60563,0
485,48,Female,Finance,Manager,9,0.31631875723947334,230,0,63836,0
486,50,Female,Engineering,Analyst,2,0.4852178471783338,170,1,70312,1
487,32,Female,Engineering,Analyst,1,0.43166451003560935,178,0,87579,1
488,29,Female,HR,Accountant,2,0.21418929305780476,213,1,35273,1
489,37,Male,Sales,Manager,9,0.8510489800188509,202,0,53055,1
490,46,Female,Sales,Accountant,7,0.5387003622438757,213,0,63425,1
491,58,Male,Finance,Analyst,8,0.035145925991252436,170,0,91437,0
492,49,Female,HR,Accountant,1,0.2700459136247081,215,1,67147,1
493,47,Female,Sales,HR Specialist,1,0.12553209055663728,220,1,85742,0
494,45,Female,Engineering,Engineer,7,0.15111769491466664,153,0,68187,0
495,27,Male,Finance,Analyst,5,0.6015691234448843,189,0,90525,0
496,32,Male,Sales,HR Specialist,5,0.05986488698182679,229,0,81642,1
497,46,Male,Marketing,Analyst,3,0.0028440059130773188,198,1,42539,0
498,35,Male,Sales,Engineer,4,0.8591138709442458,195,1,97250,0
499,47,Female,Engineering,Analyst,5,0.290019226763068,182,0,33311,1
500,40,Male,HR,Analyst,1,0.7204774343372721,231,0,74148,0
501,52,Male,Finance,Manager,2,0.6960628667818334,164,1,38735,1
502,59,Male,Engineering,HR Specialist,8,0.4244521438954887,232,0,43794,1
503,53,Male,Engineering,Accountant,1,0.5358590591960155,177,0,73721,1
504,30,Female,Marketing,Analyst,10,0.398685265853746,164,1,68051,1
505,38,Female,Engineering,Engineer,6,0.1256890186411599,183,1,87804,0
506,53,Male,Marketing,Analyst,7,0.8465984658493394,201,1,83172,0
507,52,Female,Engineering,Engineer,8,0.6557074959004799,160,0,69512,1
508,34,Male,Sales,HR Specialist,3,0.23495537461514016,238,0,37456,1
509,28,Female,Finance,Accountant,4,0.962189509444676,166,0,66268,1
510,48,Male,HR,Analyst,4,0.15918319941693793,169,1,66239,0
511,26,Male,Marketing,Accountant,10,0.6725883728340728,220,0,44727,0
512,53,Male,HR,Accountant,10,0.09521665043279315,162,1,48599,0
513,49,Male,Finance,Engineer,7,0.7675784850178553,246,1,61890,0
514,55,Female,Marketing,Analyst,1,0.20078930186800403,170,1,85073,1
515,39,Male,Engineering,Manager,10,0.08730692123434847,205,0,34633,0
516,57,Male,Marketing,Analyst,6,0.29652133391409774,239,1,99566,0
517,32,Female,HR,Manager,4,0.07549002789189152,221,1,31347,0
518,40,Male,Finance,Manager,1,0.804374129310682,219,0,44704,1
519,58,Male,Engineering,HR Specialist,1,0.7875047728657362,232,0,99991,0
520,30,Male,Sales,HR Specialist,8,0.8969251246541502,204,1,82078,0
521,47,Female,Engineering,Manager,7,0.8890446727415144,211,0,94130,1
522,45,Female,Engineering,Analyst,2,0.8260198518223637,227,1,72752,0
523,59,Male,Sales,HR Specialist,7,0.32009652677036726,249,1,99584,0
524,53,Female,Engineering,HR Specialist,2,0.839469354594638,234,0,34172,0
525,59,Male,Engineering,HR Specialist,8,0.3323672613165203,156,1,66406,0
526,26,Female,HR,Engineer,7,0.10768653968545094,245,0,66024,1
527,57,Male,Sales,Manager,5,0.8444804424857016,219,1,41439,0
528,50,Female,Marketing,Analyst,1,0.36134221759495366,227,0,91504,1
529,56,Female,Engineering,HR Specialist,7,0.35674193934468235,189,1,94294,1
530,42,Female,Engineering,Engineer,1,0.6701467559072453,235,0,89725,1
531,58,Male,HR,Analyst,2,0.33211479441313185,217,0,31435,1
532,54,Female,Engineering,Analyst,1,0.3014501213273916,217,1,56769,0
533,47,Male,HR,Analyst,7,0.4267792705060792,186,0,93028,1
534,44,Female,HR,Analyst,3,0.5796032328481748,222,0,43791,0
535,47,Male,Engineering,Analyst,4,0.22210473950667164,202,1,48251,1
536,32,Female,Engineering,HR Specialist,7,0.8526088566609565,152,0,77213,1
537,38,Male,Engineering,Engineer,3,0.9686851668543273,232,0,94306,0
538,47,Male,Sales,Analyst,8,0.33008717667937293,162,1,93791,0
539,38,Male,Finance,Analyst,5,0.576809546419559,184,1,51349,0
540,26,Male,Finance,Manager,5,0.9731695418009247,178,0,83381,1
541,28,Male,HR,Accountant,2,0.8310652409269009,195,1,31015,0
542,48,Female,Sales,Analyst,9,0.6771271066054553,151,1,64407,0
543,33,Female,Sales,Engineer,8,0.25938696912309844,232,0,42945,1
544,40,Female,Marketing,Manager,7,0.5626985139677804,172,0,75542,1
545,56,Female,Marketing,Analyst,10,0.06923311213740968,156,1,67058,1
546,56,Male,Finance,Accountant,4,0.19208015456737748,229,1,53211,1
547,51,Male,Sales,Accountant,6,0.010444816496314013,168,1,35667,0
548,39,Male,Engineering,Accountant,8,0.8645313958359793,186,1,54380,0
549,28,Male,HR,Manager,7,0.27506030471364507,230,1,99002,0
550,49,Female,Marketing,Manager,8,0.2289579637214033,161,1,53633,0
551,39,Male,Engineering,Engineer,4,0.9048225034098517,223,0,96208,1
552,36,Female,HR,Manager,10,0.47827649043282516,205,1,68372,1
553,31,Male,Sales,Engineer,1,0.29893162327662237,203,0,75599,0
554,48,Female,Marketing,Accountant,6,0.05178752812427179,194,1,54308,0
555,30,Female,Marketing,HR Specialist,9,0.023951117803134525,185,0,65562,0
556,55,Female,Finance,Accountant,2,0.020721054671184458,222,0,62728,1
557,45,Female,Marketing,Manager,6,0.6202523281326736,194,0,85262,0
558,35,Female,Sales,Analyst,8,0.870768279550006,174,1,68662,0
559,40,Female,Finance,Manager,6,0.6549933874999715,226,0,59461,1
560,38,Female,HR,Engineer,10,0.4299398484711918,195,1,90263,0
561,49,Male,Marketing,HR Specialist,7,0.6904602348617428,198,1,57042,0
562,38,Male,Finance,Manager,8,0.4756485832742946,223,1,38343,1
563,42,Female,Sales,Manager,7,0.11351919033571045,232,1,94611,1
564,38,Male,Sales,Analyst,6,0.39404943007757187,240,1,67607,1
565,48,Female,Engineering,Accountant,7,0.2520850711648408,232,0,48220,0
566,32,Female,Finance,Engineer,8,0.40071023068522316,216,0,46446,1
567,49,Female,HR,Engineer,3,0.8036464311777303,175,0,58523,0
568,58,Male,Sales,Engineer,5,0.5097913428949129,169,0,42706,0
569,52,Male,Sales,Accountant,9,0.21589584706932174,245,1,38896,1
570,48,Female,Engineering,Manager,10,0.5278602043135839,178,1,92936,1
571,42,Male,Finance,HR Specialist,5,0.5266178103758654,185,0,46249,1
572,58,Female,HR,HR Specialist,8,0.485516383078644,214,1,55141,0
573,27,Female,Marketing,Analyst,1,0.3658943966195177,169,1,89082,0
574,36,Male,Engineering,Engineer,6,0.5805158403937568,242,0,92977,0
575,29,Male,Sales,Manager,2,0.17680844006691476,223,1,35813,1
576,43,Female,Marketing,Analyst,4,0.5638066342176654,246,1,85800,0
577,36,Male,Finance,Accountant,8,0.0847189650483825,207,0,94151,0
578,51,Male,Engineering,Accountant,1,0.6848440154803075,161,1,97101,1
579,41,Male,HR,Analyst,2,0.1341463548593903,235,0,64691,0
580,52,Female,Sales,Analyst,2,0.9500950055958153,228,0,90009,1
581,46,Male,Sales,Accountant,3,0.8123087852137085,245,0,45968,1
582,34,Male,HR,HR Specialist,10,0.4360902951025647,212,1,32193,1
583,30,Male,Sales,HR Specialist,10,0.14760290838969214,227,0,96568,1
584,41,Female,Marketing,Engineer,4,0.9316622820918883,244,0,82011,0
585,36,Male,Finance,HR Specialist,3,0.48698319688045055,175,0,80787,1
586,30,Female,Sales,Accountant,2,0.021371876094626763,183,0,47600,1
587,46,Male,Engineering,Engineer,7,0.12371300317426293,180,1,35529,1
588,40,Female,Marketing,Analyst,1,0.5059402740573691,223,0,38691,0
589,28,Male,Engineering,Engineer,8,0.4519842360218168,221,0,92597,0
590,49,Male,Finance,Engineer,9,0.8627126431260436,228,0,51575,1
591,57,Female,Finance,HR Specialist,4,0.870063019991485,173,1,60435,0
592,25,Female,Sales,Accountant,8,0.9525851941903404,150,1,78199,0
593,39,Male,Sales,Manager,10,0.47503461775258515,176,1,82555,0
594,41,Male,Sales,Analyst,7,0.9569206477006453,186,1,71559,1
595,43,Male,Marketing,Accountant,9,0.3065756109511023,216,1,55788,0
596,43,Female,Engineering,Engineer,7,0.061407976899859884,168,0,87535,1
597,44,Male,HR,HR Specialist,1,0.5390797502364367,242,1,56368,0
598,25,Male,Marketing,Engineer,4,0.22168156172135156,207,1,67056,1
599,47,Female,HR,Engineer,6,0.9566524428865899,223,1,35721,1
600,40,Male,HR,HR Specialist,9,0.47270857743265227,216,1,64692,0
601,48,Male,HR,Engineer,4,0.19353322445899657,170,1,35293,0
602,44,Female,Sales,HR Specialist,2,0.18651915458248192,230,1,51316,1
603,39,Female,HR,Manager,6,0.19644400829218656,223,0,75657,0
604,48,Male,Engineering,Analyst,3,0.08549575593820846,248,0,35963,1
605,57,Female,Sales,Engineer,3,0.38379319226549713,204,0,72722,0
606,56,Female,Engineering,Analyst,3,0.34660001366962934,249,0,37800,1
607,55,Male,Finance,Analyst,6,0.4322984862305501,248,1,32960,1
608,39,Female,Engineering,Manager,2,0.6256763224156635,241,0,67201,0
609,25,Male,HR,Analyst,3,0.5102146438116488,183,1,97170,0
610,36,Female,Finance,Accountant,7,0.48053321006939076,161,0,82856,0
611,59,Male,HR,Manager,4,0.8570366760578936,196,1,65864,1
612,54,Female,Marketing,HR Specialist,3,0.2281929904473582,241,1,38981,1
613,50,Female,HR,HR Specialist,8,0.3237679554937616,150,1,87741,1
614,35,Male,Finance,Engineer,1,0.6365942338553944,241,0,81235,0
615,56,Female,HR,Accountant,6,0.10723241842721853,175,1,75531,1
616,26,Male,Finance,Manager,7,0.8046857211542401,191,0,46324,1
617,34,Female,Marketing,Accountant,1,0.8130486946103281,230,0,48196,1
618,46,Female,HR,Manager,3,0.28048271786587486,243,0,82067,0
619,33,Male,Finance,HR Specialist,9,0.26623241610213666,228,0,50262,1
620,54,Male,Finance,Analyst,9,0.20912515141920218,165,0,76960,1
621,49,Female,Finance,Accountant,10,0.3154900012749525,216,0,90788,1
622,45,Male,Finance,Engineer,3,0.6147834032190523,194,1,55180,0
623,42,Male,HR,Accountant,9,0.4533555542379646,203,1,68415,1
624,44,Male,Sales,Manager,8,0.26179433938941576,193,0,37796,1
625,40,Male,Engineering,HR Specialist,2,0.9833239936368858,170,1,37291,1
626,59,Male,Finance,Engineer,7,0.40086190791510123,155,1,52160,1
627,53,Male,Sales,Engineer,7,0.3108225462753972,158,1,86198,0
628,54,Male,HR,Engineer,8,0.9340612200356794,240,1,56794,0
629,27,Male,Marketing,Accountant,4,0.732572372360327,249,0,48121,0
630,56,Female,Finance,Accountant,10,0.06453554237121495,229,1,40747,0
631,38,Female,Sales,Manager,7,0.16417061929958587,198,0,75386,0
632,50,Female,Sales,Analyst,3,0.7862337379593178,216,1,53097,1
633,29,Male,Marketing,Engineer,6,0.41456417717577043,221,1,91913,0
634,52,Female,Sales,Engineer,2,0.10133274665653358,226,0,58666,1
635,32,Female,Sales,Analyst,8,0.3287770910149319,173,1,93766,1
636,57,Male,Engineering,HR Specialist,8,0.6361624064926745,183,0,55216,1
637,37,Female,HR,Accountant,4,0.6300031718936397,221,1,52385,1
638,44,Male,Marketing,Engineer,5,0.17842140977526544,228,1,53084,1
639,42,Female,Finance,Manager,5,0.747357566182855,221,1,31326,0
640,44,Female,Engineering,Accountant,3,0.38739736133667346,217,1,58556,1
641,57,Male,Finance,Engineer,4,0.7438680851150393,157,1,64696,1
642,45,Female,Engineering,Analyst,9,0.6345458169290162,173,0,75754,0
643,48,Male,Sales,Manager,2,0.07523149625139436,163,1,97670,1
644,52,Female,Marketing,Manager,3,0.155503386494508,175,0,78446,1
645,29,Male,Engineering,Accountant,2,0.743809719941609,150,0,69135,1
646,54,Female,Sales,Engineer,6,0.10595440469788431,225,0,35597,1
647,48,Male,Engineering,Engineer,9,0.20163557791107767,214,0,52845,1
648,38,Male,HR,Manager,3,0.8623328959396549,184,0,44713,0
649,50,Male,Marketing,Analyst,9,0.9639110982733895,210,0,64259,0
650,37,Female,HR,Engineer,1,0.2097879578504016,248,1,96848,1
651,45,Female,Finance,Analyst,2,0.21283922324586424,220,1,77108,0
652,50,Male,HR,Analyst,5,0.4789064020210939,200,1,33619,0
653,58,Female,Sales,Engineer,3,0.17437028874865412,210,0,42027,0
654,38,Female,Finance,Analyst,5,0.6216113367748421,154,0,98956,1
655,45,Female,Finance,Accountant,7,0.7412150794792167,222,0,91590,0
656,43,Male,Finance,Engineer,6,0.7564274269055317,230,1,30957,0
657,36,Male,Marketing,Engineer,3,0.8979082114697393,213,0,37912,0
658,54,Male,Finance,HR Specialist,8,0.24367723059978752,187,0,42217,1
659,57,Male,HR,Engineer,10,0.9614937334659653,170,1,64197,1
660,47,Male,Finance,Manager,10,0.018643322736145662,167,0,39839,0
661,37,Male,Marketing,Manager,10,0.9999772724800343,157,0,86167,1
662,52,Female,Engineering,Analyst,4,0.5843331932632928,163,0,44302,0
663,52,Female,Marketing,Engineer,10,0.6809157826793361,215,1,99586,0
664,43,Male,Marketing,Engineer,10,0.151175626283633,173,1,93970,0
665,55,Male,HR,Accountant,9,0.1220463044265423,214,0,35486,0
666,41,Male,Engineering,Accountant,5,0.28498044209668205,233,0,50319,1
667,52,Female,Sales,Engineer,7,0.5679622715994557,202,1,69506,0
668,28,Female,Finance,HR Specialist,5,0.1269450081013539,238,0,65409,0
669,30,Female,Finance,Analyst,7,0.9343940616124192,239,1,76601,0
670,43,Male,HR,Manager,10,0.769652447121744,150,0,55574,0
671,47,Female,Sales,Accountant,1,0.3219388780603254,184,1,98703,1
672,30,Male,Engineering,Accountant,6,0.984407189513569,245,0,87689,1
673,48,Male,Marketing,Analyst,4,0.9806987924988646,238,0,63365,1
674,46,Female,Finance,Manager,3,0.3224164844824373,239,1,39883,1
675,45,Male,Engineering,Analyst,4,0.7624603392634594,201,0,81628,1
676,38,Female,HR,Manager,10,0.22834373581962897,213,1,72043,1
677,48,Female,Marketing,Manager,1,0.1257553189712769,230,1,69001,0
678,49,Male,HR,Manager,8,0.7866650165562891,155,1,37113,1
679,41,Male,Marketing,Engineer,5,0.5727368149757425,218,1,74360,1
680,59,Female,Marketing,Manager,2,0.4885056067842929,150,0,79792,0
681,41,Male,Finance,Engineer,4,0.4898462590451276,168,1,48258,1
682,52,Female,HR,Manager,5,0.9999786460864067,159,0,34471,0
683,26,Female,Engineering,HR Specialist,6,0.6380453646217108,237,1,99672,0
684,58,Male,Engineering,Accountant,1,0.7663230191243772,178,1,78851,1
685,25,Female,Finance,HR Specialist,5,0.038929118175108024,160,0,44046,0
686,27,Female,Sales,Manager,10,0.7889238248094698,236,1,47473,0
687,46,Female,Marketing,Engineer,1,0.06839373838359208,169,1,49134,1
688,28,Male,Marketing,Analyst,2,0.019367478943716043,177,1,88384,1
689,39,Female,Engineering,Engineer,6,0.5529886762684338,235,1,37817,0
690,36,Male,Engineering,Manager,5,0.770280109873264,173,0,65839,1
691,31,Male,Sales,HR Specialist,6,0.46552465251473285,240,0,66024,1
692,55,Male,HR,Engineer,10,0.009008794269008247,177,1,57216,0
693,29,Male,Sales,HR Specialist,9,0.47284973283896403,182,0,47618,0
694,51,Male,HR,Engineer,4,0.6455477311819424,190,1,61327,1
695,49,Female,HR,Analyst,1,0.20410738182123045,218,1,70487,0
696,41,Female,Finance,Manager,7,0.45878616667291694,169,1,76520,1
697,52,Female,Finance,Accountant,4,0.9542328450851456,229,1,51860,0
698,51,Male,HR,Accountant,10,0.4339423869202531,165,0,59104,1
699,50,Female,HR,Manager,5,0.5105835775399054,173,1,94861,1
700,53,Male,HR,Manager,7,0.5058613496808848,239,1,99361,1
701,51,Female,Sales,Engineer,6,0.7625215362598607,179,0,39963,0
702,41,Male,Finance,HR Specialist,7,0.990042562957104,160,1,30706,0
703,40,Female,Sales,Manager,7,0.09172770359850002,248,0,39629,0
704,33,Female,Finance,HR Specialist,9,0.10570165540143339,160,0,99241,0
705,56,Male,Marketing,Accountant,9,0.5731065277892952,214,0,45288,0
706,25,Male,Marketing,Accountant,10,0.9702097111655816,165,1,36830,0
707,33,Female,Engineering,Manager,7,0.15374113096423725,218,1,52248,1
708,31,Male,Finance,Engineer,3,0.8924595584095214,217,0,30532,0
709,30,Male,Finance,Manager,7,0.39421057082887223,152,0,66677,1
710,28,Male,HR,Analyst,5,0.45846381563234717,156,0,42179,1
711,34,Male,Engineering,HR Specialist,9,0.6443200836090768,203,0,81516,0
712,34,Male,Marketing,Engineer,10,0.6993791117633571,193,0,60560,0
713,59,Male,Marketing,Engineer,10,0.2573024819759059,183,1,72294,0
714,32,Female,Sales,Engineer,2,0.3230881138052778,177,0,89446,0
715,47,Male,Marketing,Engineer,1,0.27639336006676773,186,1,80763,0
716,31,Female,Sales,Engineer,10,0.8916391165566242,181,1,40362,1
717,26,Female,Sales,Analyst,3,0.6867808841443525,224,0,56859,0
718,44,Male,Sales,Engineer,4,0.29758928578057653,167,1,66066,0
719,55,Female,Marketing,Accountant,3,0.10505132037069476,242,0,38104,1
720,54,Female,Finance,Accountant,7,0.020839633713822803,247,0,46263,1
721,49,Male,HR,HR Specialist,1,0.868744475619441,216,0,66121,0
722,34,Male,HR,Manager,10,0.21668313964930053,181,0,85641,1
723,41,Female,Sales,HR Specialist,5,0.1576749246306789,184,0,54831,1
724,33,Male,Finance,Accountant,9,0.9887871958680194,238,0,69001,0
725,56,Male,Engineering,Analyst,4,0.1614306955816135,242,0,76668,0
726,48,Male,Marketing,Manager,5,0.6562418793477547,167,0,65587,0
727,40,Male,Marketing,Analyst,5,0.21743518861674693,187,0,50096,1
728,36,Female,HR,Analyst,4,0.616643814499665,195,0,74143,0
729,59,Female,Sales,Manager,1,0.672880567634355,208,1,56843,0
730,41,Male,Finance,Accountant,9,0.8665491286535957,178,0,93351,0
731,53,Male,Finance,Engineer,3,0.517935082107338,214,1,77976,0
732,59,Female,Marketing,HR Specialist,5,0.8365534328175742,161,0,60095,0
733,28,Male,Finance,Accountant,4,0.10362884840574815,159,0,86012,1
734,31,Male,Finance,Analyst,8,0.3551597599446017,192,0,71174,0
735,43,Female,Marketing,Accountant,2,0.012708324657546122,210,0,42585,1
736,52,Female,Finance,Accountant,1,0.3703525783269578,203,1,54532,0
737,46,Female,Finance,HR Specialist,9,0.03975537815177177,173,0,56872,0
738,45,Female,HR,Accountant,8,0.9696432252969862,235,0,60146,1
739,29,Male,Marketing,Analyst,1,0.5980537768589096,227,1,42438,0
740,56,Male,Sales,Engineer,10,0.40480850416122216,199,0,32573,0
741,25,Female,Sales,HR Specialist,10,0.5852541031771342,151,0,87104,0
742,44,Female,HR,Manager,1,0.3792444936648629,202,1,58453,0
743,52,Female,Marketing,Manager,6,0.04864140545916251,248,1,72136,1
744,36,Male,HR,Accountant,5,0.8038023798435385,211,1,85195,1
745,42,Female,Sales,Accountant,8,0.1493050691083656,218,0,93571,0
746,29,Male,Marketing,Accountant,3,0.5931063474071039,154,0,96110,0
747,55,Male,Marketing,HR Specialist,8,0.07082189943128314,246,1,38584,0
748,26,Female,HR,Accountant,8,0.6495113021328073,161,0,68549,1
749,33,Male,Marketing,Accountant,2,0.24421307585750196,243,0,91069,0
750,26,Male,Marketing,Manager,5,0.7962225320496449,202,0,86923,0
751,42,Male,Finance,Manager,3,0.8804512521642701,176,1,56124,0
752,59,Female,Sales,HR Specialist,5,0.3306053587375467,153,1,88048,0
753,49,Male,Engineering,HR Specialist,10,0.5498873600132886,210,0,37574,1
754,40,Male,HR,Engineer,10,0.810484261501227,240,0,57209,1
755,44,Female,Finance,Accountant,6,0.4177923418965106,192,1,83180,0
756,28,Female,Marketing,Engineer,9,0.2151602421075196,193,0,84814,1
757,56,Female,Engineering,Manager,6,0.022037788847352857,246,0,63416,1
758,44,Male,Marketing,Engineer,4,0.677653900816814,209,1,62614,0
759,39,Female,Engineering,HR Specialist,10,0.6506147687307012,172,0,80189,1
760,42,Male,HR,Manager,1,0.15998902778846935,161,0,58015,0
761,31,Male,HR,Manager,7,0.6345247056064283,164,0,68402,0
762,27,Male,Marketing,Analyst,4,0.5365094975547917,183,0,42938,0
763,32,Male,Sales,Manager,5,0.14968202968397115,166,0,43063,0
764,53,Female,Marketing,Engineer,9,0.20988268932415677,216,0,67793,1
765,32,Male,Engineering,Analyst,10,0.4716301697901877,163,0,60017,1
766,25,Female,Finance,Manager,3,0.5985107537986578,225,0,56633,0
767,45,Male,Sales,Engineer,10,0.7011042723380201,229,1,97497,1
768,26,Female,Engineering,Accountant,4,0.10758229306635914,227,1,80647,1
769,58,Male,Sales,HR Specialist,7,0.30047019143670617,152,1,36566,1
770,45,Female,Sales,Accountant,6,0.9700350321559469,222,1,53466,0
771,57,Male,HR,Analyst,5,0.8721557499138762,202,1,74675,1
772,31,Male,Sales,Engineer,7,0.9476901045179189,243,0,33757,1
773,39,Female,HR,Manager,5,0.35095128719723345,222,0,51376,0
774,33,Male,Finance,Analyst,5,0.6170527322062637,205,0,30394,1
775,54,Female,Sales,HR Specialist,6,0.8788255492921696,152,0,51522,1
776,41,Female,Finance,Engineer,5,0.13219448279338997,230,0,80031,1
777,45,Male,Marketing,Engineer,2,0.05628713713524214,221,1,59666,1
778,27,Female,Sales,HR Specialist,3,0.6121133860198124,158,0,69170,0
779,41,Male,Sales,HR Specialist,9,0.5575405173928076,179,0,53799,0
780,41,Female,Engineering,Accountant,9,0.7580009093890284,195,0,79181,0
781,35,Female,Marketing,Manager,10,0.169282622422256,195,0,49292,0
782,34,Male,Sales,Manager,2,0.7965255847942795,233,0,96750,1
783,25,Male,Marketing,Analyst,10,0.8244554216103779,153,1,39132,0
784,34,Female,Marketing,Manager,5,0.19689657553229556,239,0,66661,0
785,49,Male,HR,Engineer,8,0.3762658649766637,217,0,38406,1
786,40,Female,Sales,Manager,8,0.4105278790964494,241,0,63301,1
787,56,Male,Engineering,Manager,6,0.175641033152365,158,0,39619,0
788,49,Male,Finance,Manager,7,0.2879065205487834,241,0,75992,1
789,37,Male,Sales,Analyst,10,0.18368084567230125,242,0,68411,0
790,40,Female,HR,Engineer,2,0.7761383918994036,171,0,59859,1
791,44,Male,Marketing,HR Specialist,3,0.48105510803106066,156,1,51776,0
792,52,Female,Sales,HR Specialist,2,0.7179191067182946,189,0,69246,0
793,32,Male,Engineering,Engineer,3,0.8595163680479233,152,1,37525,0
794,55,Male,Finance,Accountant,7,0.8975282860305854,192,0,70411,0
795,52,Female,HR,Manager,6,0.031570714756117835,239,1,88770,0
796,53,Female,Sales,Accountant,6,0.5564725440616477,167,1,75826,1
797,58,Female,Sales,Manager,2,0.958490392217687,235,1,73092,1
798,44,Male,Sales,Accountant,5,0.838682400805847,191,0,43496,0
799,29,Female,Sales,Engineer,7,0.8713708888354867,210,1,41009,1
800,51,Female,Marketing,Analyst,7,0.3648879131540359,188,0,73232,0
801,55,Female,Sales,Analyst,8,0.7079331319043227,248,1,90300,0
802,57,Male,Marketing,HR Specialist,6,0.4813370336781987,179,1,30194,1
803,56,Male,HR,Accountant,8,0.5994527382417407,189,0,92026,0
804,41,Male,HR,HR Specialist,9,0.6954038800143041,169,1,41972,1
805,47,Male,Sales,Manager,9,0.6211326296688876,223,0,64574,0
806,41,Male,Marketing,HR Specialist,10,0.6932841823480376,196,0,83462,0
807,42,Male,Marketing,Accountant,6,0.5654748891934641,171,1,56022,0
808,38,Male,Marketing,Accountant,10,0.4543757197438444,166,0,96098,0
809,40,Female,HR,Accountant,10,0.2880846515153893,221,0,85546,0
810,48,Female,HR,Manager,8,0.6481939634855162,196,1,84317,1
811,27,Female,Finance,HR Specialist,8,0.36338063007282995,216,0,43922,0
812,37,Male,HR,HR Specialist,3,0.8110500306512897,198,1,94820,0
813,45,Male,Engineering,HR Specialist,8,0.7255182219224305,163,0,98646,1
814,43,Male,Sales,HR Specialist,5,0.3467266495632437,208,1,41035,1
815,40,Female,Sales,HR Specialist,6,0.5167788316752226,165,1,50803,1
816,52,Male,HR,Engineer,9,0.23430444630122693,238,1,81927,0
817,29,Male,Marketing,Engineer,10,0.924621599629222,169,1,96499,0
818,32,Female,Sales,HR Specialist,3,0.29816839800769157,159,1,80233,1
819,39,Male,HR,Accountant,8,0.920740421039858,232,0,76158,1
820,33,Female,Finance,Analyst,7,0.05895631144179991,211,1,97965,1
821,42,Male,Engineering,Analyst,9,0.18079982744209822,214,0,88567,0
822,44,Female,Engineering,Engineer,8,0.6330617441737039,242,0,79354,1
823,50,Male,Finance,Manager,2,0.540488894102509,228,0,70579,0
824,26,Female,HR,Manager,2,0.8554305347854086,205,0,80344,1
825,30,Male,Sales,Engineer,2,0.8015824338432045,193,1,48580,0
826,27,Male,HR,Accountant,7,0.08109502120301959,155,0,31035,0
827,45,Female,HR,Manager,4,0.2860544949731644,206,0,60002,1
828,47,Male,Engineering,Accountant,9,0.5627999698014219,239,1,48501,1
829,50,Female,Finance,HR Specialist,10,0.22052088933830072,222,1,30335,1
830,46,Female,Engineering,Engineer,8,0.8188350547086714,218,0,74975,0
831,44,Male,Marketing,Analyst,4,0.7952217315872532,168,1,56303,0
832,54,Female,Engineering,Engineer,10,0.33118441913330243,165,1,67747,1
833,56,Male,HR,HR Specialist,9,0.9238709752769377,158,1,58783,0
834,26,Male,Finance,Manager,3,0.6762287610270031,176,1,30099,1
835,54,Male,Finance,HR Specialist,9,0.27923373303284527,183,0,50875,1
836,56,Male,Sales,HR Specialist,2,0.65162912393342,189,1,94871,1
837,51,Male,Marketing,Accountant,2,0.4237669554363124,175,0,54704,1
838,36,Male,Marketing,Accountant,5,0.008963532688144094,248,1,89084,1
839,47,Male,Marketing,Analyst,7,0.6005242653586182,202,0,50516,1
840,39,Male,HR,Manager,1,0.11420031914909734,200,0,62501,0
841,59,Male,Sales,Analyst,7,0.2222705069714097,229,1,95026,1
842,27,Female,Marketing,Analyst,2,0.7421485351046319,211,1,87852,1
843,39,Female,Sales,Accountant,7,0.7136084660487285,221,0,82478,1
844,29,Female,Engineering,Analyst,10,0.013153622428785372,246,0,48533,0
845,52,Female,Marketing,Analyst,3,0.38917992384408784,196,1,83804,1
846,34,Male,Engineering,Accountant,5,0.41890736758069413,188,0,49259,0
847,46,Female,Sales,HR Specialist,1,0.35528804266397107,205,1,81226,0
848,27,Female,Finance,HR Specialist,6,0.5970832873256853,228,0,76223,1
849,26,Female,Finance,Accountant,3,0.3825976127488706,222,1,88625,0
850,49,Female,Finance,Engineer,8,0.028507853333352706,231,1,85150,1
851,54,Female,Engineering,HR Specialist,1,0.798520719631728,214,1,75319,1
852,30,Female,HR,Manager,5,0.5405607139695657,175,0,43997,1
853,39,Female,Finance,Accountant,10,0.05399576768620784,152,1,48786,1
854,45,Female,HR,Engineer,3,0.3962211321495762,180,0,34457,0
855,44,Male,Finance,Analyst,6,0.8627241307168046,174,1,68525,0
856,37,Female,Engineering,Analyst,5,0.5258191188359583,213,1,55540,0
857,35,Female,Engineering,Accountant,9,0.7190211720107731,213,1,81006,0
858,28,Male,Marketing,Analyst,6,0.5941250057371248,228,1,59352,1
859,58,Male,Engineering,Accountant,5,0.5512420540013514,153,1,42453,0
860,38,Male,Engineering,Manager,10,0.7650746403780602,210,1,37246,1
861,36,Female,Marketing,Analyst,9,0.659800670360653,248,0,98348,1
862,38,Male,Finance,Manager,4,0.14138316327703393,226,0,49977,0
863,38,Female,Engineering,Accountant,5,0.9359134573891497,246,0,93085,0
864,49,Female,Engineering,Analyst,10,0.8004641683163051,235,0,55399,0
865,43,Female,HR,HR Specialist,6,0.8186821276333484,230,0,43525,1
866,42,Female,Sales,Accountant,8,0.6677084764306055,176,1,31816,0
867,36,Female,Engineering,Manager,8,0.66954986856726,233,0,64524,1
868,27,Male,Sales,Analyst,3,0.10151830654718708,196,0,99501,1
869,33,Female,Finance,HR Specialist,7,0.4653968155630601,240,1,52063,0
870,53,Female,Marketing,Engineer,2,0.8668954532697919,152,0,45784,0
871,52,Male,Finance,Accountant,7,0.38150258441178664,221,0,92350,1
872,46,Male,HR,Accountant,6,0.4123721036284398,228,0,87016,0
873,25,Male,Engineering,Accountant,5,0.16676332680864858,216,0,56757,0
874,36,Male,Finance,Analyst,6,0.1116861588447785,242,0,95104,1
875,28,Male,Marketing,Accountant,5,0.36804015646815513,242,0,52164,0
876,48,Female,Sales,HR Specialist,7,0.8830986189155482,182,1,68280,0
877,27,Female,Finance,HR Specialist,1,0.1630912267936473,182,1,35209,1
878,30,Female,HR,Accountant,7,0.6157508088140333,207,0,75131,1
879,25,Female,Engineering,Accountant,2,0.0821825313449539,190,0,74810,0
880,41,Male,Engineering,Engineer,10,0.19534580743525942,219,1,65682,1
881,27,Female,HR,Analyst,7,0.6722153773426006,243,1,65730,1
882,27,Male,HR,Manager,8,0.6577527198706827,222,1,48299,0
883,33,Female,Sales,Accountant,9,0.9060169754478157,228,1,80805,0
884,42,Male,Engineering,Manager,4,0.15176921039606828,150,1,48126,0
885,57,Female,Sales,Manager,6,0.6961337414839491,219,1,45592,1
886,50,Male,Sales,Accountant,7,0.9146402829617979,239,0,60283,1
887,46,Female,Finance,Manager,7,0.6247064716893934,215,0,80586,0
888,25,Male,Marketing,HR Specialist,4,0.5946349518386737,201,1,70805,1
889,43,Female,Marketing,Engineer,8,0.15300571517805606,239,0,63040,0
890,30,Male,Finance,Analyst,7,0.21819413854682812,222,0,55096,1
891,50,Male,Sales,Engineer,3,0.571187198456714,191,1,88532,1
892,45,Male,Finance,HR Specialist,1,0.057107639208485605,155,1,49746,1
893,29,Female,Marketing,Engineer,3,0.904200625964292,180,0,32574,1
894,42,Male,Finance,Manager,8,0.41735317490641544,187,0,84212,0
895,39,Female,Engineering,Manager,6,0.6608567501851098,198,0,86674,1
896,44,Male,Finance,Manager,3,0.45810529664306365,190,1,61487,0
897,52,Male,Sales,Engineer,2,0.7887659264891739,227,1,30359,1
898,33,Female,Sales,Engineer,5,0.6185351599675583,204,1,42829,1
899,50,Female,Sales,Manager,1,0.6007464280153564,156,0,85323,1
900,44,Male,Sales,HR Specialist,5,0.2715748239068898,184,0,39711,0
901,31,Female,HR,Accountant,8,0.7498013163768511,165,0,57770,1
902,33,Female,Engineering,Analyst,6,0.30152129757865653,168,1,94407,1
903,57,Male,Finance,HR Specialist,4,0.928593460824487,170,0,67074,0
904,46,Male,Finance,Manager,9,0.6048047455951329,187,1,62861,0
905,25,Female,Engineering,HR Specialist,5,0.857127378324709,197,1,62320,0
906,32,Female,Finance,HR Specialist,6,0.6280225121808516,208,1,70299,1
907,58,Male,Marketing,Engineer,7,0.6823400303349135,233,1,72993,1
908,49,Female,Finance,Accountant,5,0.004632557246422753,241,0,31774,0
909,57,Female,Marketing,Accountant,1,0.9172434999352896,241,1,58386,0
910,33,Male,Engineering,Analyst,2,0.8539872082282832,241,1,88638,1
911,41,Female,HR,Engineer,7,0.9274225122067946,152,1,55651,1
912,35,Female,Marketing,Accountant,7,0.0986102969456647,183,1,74369,1
913,43,Male,Finance,Accountant,8,0.12497360426583237,219,1,69749,1
914,46,Female,Finance,Analyst,3,0.3767690018671086,235,0,76417,1
915,33,Female,Marketing,Analyst,9,0.13268242539583408,157,1,96779,0
916,34,Female,Finance,HR Specialist,3,0.4815205031751679,153,0,49699,0
917,49,Male,HR,Accountant,6,0.9722214144542276,153,0,57893,1
918,45,Female,HR,Engineer,8,0.6239416468801177,237,0,37520,0
919,35,Male,Engineering,HR Specialist,1,0.9652968950627798,228,1,92364,0
920,44,Male,Sales,Manager,8,0.40756075631022115,188,1,77127,1
921,36,Female,HR,HR Specialist,1,0.30505888692989636,211,0,60355,0
922,39,Male,Marketing,Accountant,7,0.17362367836292547,209,1,30262,1
923,30,Male,Finance,Analyst,4,0.4902264461643565,168,0,88814,0
924,41,Female,Sales,Engineer,1,0.008228126526267698,240,0,77259,0
925,29,Male,Marketing,Analyst,8,0.24785737035985556,228,0,87516,0
926,39,Female,Sales,Manager,9,0.7320832783838206,202,1,69919,1
927,56,Male,Sales,Manager,3,0.7085857031728879,159,0,99423,1
928,27,Female,Sales,Manager,4,0.4469667668538275,212,0,81306,1
929,27,Male,HR,Engineer,2,0.026333428185156715,241,0,57712,0
930,39,Male,Finance,Accountant,4,0.7981448220213618,168,1,86404,0
931,56,Female,Sales,Accountant,1,0.7567860032562015,152,1,69350,0
932,32,Male,Sales,Accountant,2,0.355787567426447,188,1,86611,0
933,30,Male,Engineering,Manager,2,0.7645304717813176,180,0,94636,0
934,29,Female,Finance,Analyst,3,0.9310752250022213,195,0,63884,0
935,40,Female,HR,Analyst,7,0.9365728276260455,202,0,84994,0
936,41,Male,Finance,HR Specialist,6,0.7453721278694397,151,0,55417,0
937,29,Male,HR,Analyst,5,0.678314474552117,233,0,66339,0
938,48,Female,Sales,Manager,7,0.5484576334636269,203,1,90845,1
939,51,Male,Finance,HR Specialist,8,0.08619766666245832,249,0,44648,1
940,49,Female,HR,HR Specialist,5,0.15555937361215533,155,1,95332,0
941,45,Female,Finance,HR Specialist,2,0.35452423684604495,175,0,83449,0
942,32,Female,Marketing,Analyst,4,0.5892435891630338,215,0,45156,0
943,58,Female,Finance,Accountant,10,0.549457382639754,228,1,32741,0
944,39,Male,Engineering,Engineer,10,0.7428436567763617,150,0,57973,1
945,59,Female,Engineering,Accountant,9,0.3251268153346212,180,1,85023,1
946,50,Female,HR,Analyst,7,0.34375909793506465,194,0,87163,0
947,58,Female,Engineering,Accountant,3,0.6646436616626413,209,0,66440,0
948,59,Male,HR,Analyst,5,0.14069381689153693,216,0,33042,0
949,39,Female,Sales,Manager,5,0.5294515597842143,214,0,67199,0
950,27,Male,HR,HR Specialist,5,0.4209511945155827,246,1,65798,0
951,33,Female,Finance,Engineer,8,0.3502416717363903,244,1,33648,1
952,50,Male,Finance,Accountant,8,0.5180495834518767,192,1,51468,0
953,34,Male,Marketing,Accountant,5,0.27728484927719765,165,0,64526,1
954,54,Female,Sales,Accountant,5,0.32004384482457804,229,1,90433,1
955,41,Female,Engineering,HR Specialist,6,0.004845568752201546,234,1,46499,1
956,49,Male,Engineering,Engineer,9,0.35150897407373605,193,0,95529,0
957,35,Female,Sales,Accountant,7,0.0018202886542839636,182,1,53608,0
958,55,Male,Finance,Manager,9,0.2530729450635121,243,1,68459,0
959,36,Female,HR,Engineer,8,0.4642889220236307,169,0,35430,0
960,49,Male,Marketing,Manager,8,0.3513060042948617,152,0,57886,1
961,50,Male,Finance,Accountant,4,0.5274700493111055,167,1,30382,1
962,37,Female,Finance,Manager,3,0.7933570362775519,158,0,34234,0
963,54,Female,HR,Accountant,9,0.9290526739359253,209,0,57795,1
964,27,Female,Sales,HR Specialist,8,0.3342980480865616,185,1,82983,1
965,55,Female,HR,Engineer,4,0.7388819650387811,179,1,39382,1
966,45,Female,Finance,HR Specialist,4,0.6746731613936481,173,0,47576,0
967,59,Female,Finance,Analyst,8,0.30328720074408533,185,0,48379,0
968,53,Male,Finance,HR Specialist,9,0.6217842310270022,195,0,67033,1
969,37,Female,HR,Analyst,8,0.13530333695337482,235,1,86929,1
970,54,Male,Finance,Analyst,6,0.8830827690376937,192,1,90878,0
971,30,Male,Finance,Manager,5,0.9213256917719673,164,0,79455,1
972,35,Male,Marketing,HR Specialist,9,0.6582991423349401,177,1,95330,0
973,35,Female,Marketing,Engineer,7,0.213662888795487,249,1,92100,0
974,28,Male,Finance,Analyst,3,0.6104725426967769,206,0,34442,1
975,46,Female,Marketing,Engineer,5,0.7903140122362532,156,0,78569,0
976,58,Female,Marketing,Manager,10,0.35287027513321456,207,0,81636,0
977,54,Female,Sales,Accountant,4,0.5054887193116648,157,1,76669,0
978,29,Female,Sales,Analyst,3,0.69737520327081,216,1,59042,1
979,55,Male,Engineering,Accountant,9,0.7961273097582663,164,0,39553,1
980,52,Female,Sales,Manager,1,0.43942240302095803,242,0,53320,1
981,55,Female,HR,HR Specialist,9,0.9141923419389324,235,1,33077,1
982,47,Female,Marketing,Engineer,1,0.9496644615218974,198,1,59110,0
983,27,Male,Engineering,Analyst,2,0.716926597331819,173,0,32770,1
984,59,Male,Marketing,Analyst,5,0.09737524672059916,210,0,93794,0
985,45,Male,Engineering,HR Specialist,10,0.5737178170976025,216,1,96585,1
986,45,Female,Finance,Accountant,8,0.09370428047521628,194,0,85864,1
987,34,Male,Sales,Accountant,4,0.38200371498485874,211,1,68139,1
988,36,Female,Engineering,Engineer,1,0.7900777033966104,221,1,39036,0
989,51,Female,Marketing,Engineer,8,0.7184663018816069,210,1,32327,1
990,36,Female,Engineering,Accountant,9,0.5585117784091431,182,1,65638,1
991,47,Male,Marketing,Manager,2,0.8896207566466521,243,0,78726,1
992,46,Female,HR,Analyst,8,0.9550947163759049,176,1,79044,1
993,47,Female,HR,Analyst,5,0.9324495952326676,193,0,47301,0
994,47,Male,Marketing,HR Specialist,2,0.9920179359326206,186,1,31507,0
995,39,Female,HR,HR Specialist,3,0.37743486613577837,239,0,71403,0
996,50,Male,Engineering,Manager,1,0.4311521320570114,154,0,30181,1
997,52,Male,Engineering,Analyst,3,0.6471024872975396,206,0,64143,0
998,37,Female,HR,HR Specialist,2,0.30481271490989437,241,0,74383,1
999,59,Male,Sales,HR Specialist,1,0.9405101237886104,159,0,73220,1
