pos,player,team,wkts,mat,inns,ov,runs,bbi,avg,econ,sr,4w,5w
1,Kagiso Rabada,GT,29,17,17,64.4,626,25/3,21.58,9.68,13.37,0,0
2,Bhuvneshwar Kumar,RCB,28,18,16,63.0,501,23/4,17.89,7.95,13.50,1,0
3,Jofra Archer,RR,25,18,16,60.0,559,17/3,22.36,9.31,14.40,0,0
4,Rashid Khan,GT,21,17,17,56.5,518,33/4,24.57,9.07,16.23,1,0
5,Anshul Kamboj,CSK,21,14,14,50.2,530,22/3,25.23,10.52,14.38,0,0
6,Eshan Malinga,SRH,20,15,15,54.2,507,32/4,25.35,9.33,16.30,1,0
7,Mohammed Siraj,GT,19,17,17,62.0,562,26/3,29.57,9.06,19.57,0,0
8,Rasikh Dar,RCB,19,12,12,42.5,405,24/4,21.31,9.45,13.52,1,0
9,Kartik Tyagi,KKR,18,14,13,51.0,498,22/3,27.66,9.76,17.00,0,0
10,Jason Holder,GT,17,11,11,38.2,290,24/4,17.05,7.58,13.52,1,0
11,Prince Yadav,LSG,16,14,14,52.0,459,32/3,28.68,8.82,19.50,0,0
12,Prasidh Krishna,GT,16,12,12,39.0,407,28/4,25.43,10.43,14.62,1,0
13,Sunil Narine,KKR,15,13,13,51.0,339,28/2,22.60,6.64,20.40,0,0
14,Sakib Hussain,SRH,15,11,11,42.0,397,24/4,26.46,9.45,16.80,1,0
15,Josh Hazlewood,RCB,15,13,13,51.3,494,12/4,32.93,9.59,20.60,1,0
16,AM Ghazanfar,MI,15,11,11,38.5,389,17/2,25.93,10.01,15.53,0,0
17,Krunal Pandya,RCB,14,16,15,50.3,425,18/2,30.35,8.41,21.64,0,0
18,Jamie Overton,CSK,14,10,10,28.0,249,18/4,17.78,8.89,12.00,1,0
19,Brijesh Sharma,RR,14,13,13,45.3,450,18/2,32.14,9.89,19.50,0,0
20,Nandre Burger,RR,14,13,13,43.3,440,21/2,31.42,10.11,18.64,0,0
21,Arshdeep Singh,PBKS,14,14,14,53.0,541,22/3,38.64,10.20,22.71,0,0
22,Praful Hinge,SRH,14,7,7,26.0,305,34/4,21.78,11.73,11.14,1,0
23,Lungisani Ngidi,DC,13,12,11,41.2,340,27/3,26.15,8.22,19.07,0,0
24,Noor Ahmad,CSK,13,14,14,51.0,428,21/3,32.92,8.39,23.53,0,0
25,Mohammad Shami,LSG,12,13,13,51.0,459,9/2,38.25,9.00,25.50,0,0
26,Yuzvendra Chahal,PBKS,12,14,12,41.0,385,36/3,32.08,9.39,20.50,0,0
27,Corbin Bosch,MI,12,8,6,20.1,195,26/4,16.25,9.68,10.08,1,0
28,Shardul Thakur,MI,12,9,7,22.0,270,39/4,22.50,12.27,11.00,1,0
29,Mohsin Khan,LSG,11,7,7,28.0,228,23/5,20.72,8.14,15.27,0,1
30,Axar Patel,DC,11,14,13,44.0,360,18/2,32.72,8.18,24.00,0,0
31,Varun Chakaravarthy,KKR,11,11,11,41.0,360,14/3,32.72,8.78,22.36,0,0
32,Ravi Bishnoi,RR,11,9,9,26.0,257,41/4,23.36,9.88,14.18,1,0
33,Mitchell Starc,DC,11,8,8,22.0,224,40/4,20.36,10.18,12.00,1,0
34,Vaibhav Arora,KKR,11,11,10,38.0,390,24/2,35.45,10.26,20.72,0,0
35,Ravindra Jadeja,RR,10,14,12,33.0,277,8/2,27.70,8.39,19.80,0,0
36,Kuldeep Yadav,DC,10,12,11,37.0,381,29/3,38.10,10.29,22.20,0,0
37,Suyash Sharma,RCB,9,12,12,40.5,378,47/2,41.77,9.20,27.22,0,0
38,Yash Raj Punya,RR,9,8,8,30.0,279,35/2,31.00,9.30,20.00,0,0
39,Anukul Roy,KKR,9,14,12,27.1,261,31/2,29.00,9.60,18.11,0,0
40,Shivang Kumar,SRH,9,13,13,39.0,375,33/3,41.66,9.61,26.00,0,0
41,Marco Jansen,PBKS,9,13,12,47.2,483,33/2,53.66,10.20,31.55,0,0
42,Vyshak Vijaykumar,PBKS,9,10,9,31.0,330,34/3,36.66,10.64,20.66,0,0
43,Jacob Duffy,RCB,9,6,6,24.0,263,22/3,29.22,10.95,16.00,0,0
44,Akeal Hosein,CSK,8,7,7,24.4,198,17/4,24.75,8.02,18.50,1,0
45,Mukesh Choudhary,CSK,8,8,8,26.0,249,21/2,31.12,8.89,21.00,0,0
46,Pat Cummins,SRH,8,8,8,32.0,307,26/3,38.37,9.59,24.00,0,0
47,Harsh Dubey,SRH,8,8,8,22.0,228,12/3,28.50,10.36,16.50,0,0
48,Deepak Chahar,MI,8,8,8,25.3,285,33/2,35.62,10.39,19.12,0,0
49,Nitish Kumar Reddy,SRH,8,14,14,31.0,323,17/2,40.37,10.41,23.25,0,0
50,Cameron Green,KKR,7,14,10,22.0,234,23/2,33.42,10.63,18.85,0,0
51,Romario Shepherd,RCB,7,15,13,25.0,298,54/3,42.57,11.92,21.42,0,0
52,M Siddharth,LSG,6,4,4,15.0,145,35/2,24.16,9.66,15.00,0,0
53,Mohd Arshad Khan,GT,6,8,8,17.2,172,22/3,28.66,9.92,17.33,0,0
54,Ashwani Kumar,MI,6,3,3,10.0,102,24/4,17.00,10.20,10.00,1,0
55,Ashok Sharma,GT,6,6,6,21.0,228,32/2,38.00,10.85,21.00,0,0
56,Avesh Khan,LSG,6,7,7,24.4,273,23/2,45.50,11.06,24.66,0,0
57,Mukesh Kumar,DC,6,10,10,31.2,363,26/2,56.83,11.26,31.33,0,0
58,Saurabh Dubey,KKR,5,4,4,12.5,106,28/2,21.20,8.25,15.40,0,0
59,Mitchell Santner,MI,5,4,4,14.0,125,16/2,25.00,8.92,16.80,0,0
60,Digvesh Singh,LSG,5,10,10,39.0,397,45/2,79.40,10.17,46.80,0,0
61,T Natarajan,DC,5,10,10,31.5,358,20/3,71.20,11.18,38.20,0,0
62,Sandeep Sharma,RR,5,8,6,19.4,224,28/2,44.80,11.38,23.60,0,0
63,Xavier Bartlett,PBKS,5,9,9,33.3,388,9/2,77.60,11.56,40.20,0,0
64,Shahbaz Ahamad,LSG,5,5,5,11.1,130,10/2,26.00,11.64,13.40,0,0
65,Jasprit Bumrah,MI,4,13,13,49.0,410,15/1,102.50,8.36,73.50,0,0
66,Madhav Tiwari,DC,4,3,3,10.0,87,27/2,21.75,8.70,15.00,0,0
67,Shashank Singh,PBKS,4,12,4,10.0,88,20/2,22.00,8.80,15.00,0,0
68,Gurjasneet Singh,CSK,4,8,6,25.1,233,7/1,58.25,9.25,37.75,0,0
69,Blessing Muzarabani,KKR,4,2,2,7.0,75,44/4,18.75,10.71,10.50,1,0
70,Jaydev Unadkat,SRH,4,4,4,12.5,140,21/3,35.00,10.90,19.25,0,0
71,Hardik Pandya,MI,4,10,9,22.4,269,18/1,64.79,11.42,34.00,0,0
72,Akash Singh,LSG,4,2,2,7.0,80,26/3,20.00,11.42,10.50,0,0
73,Tushar Deshpande,RR,4,7,7,23.0,275,24/1,68.75,11.95,34.50,0,0
74,Azmatullah Omarzai,PBKS,3,3,3,11.0,103,36/2,34.33,9.36,22.00,0,0
75,Abhinandan Singh,RCB,3,3,3,9.4,122,30/2,40.66,12.62,19.33,0,0
76,Harpreet Brar,PBKS,2,2,2,8.0,60,35/2,30.00,7.50,24.00,0,0
77,Khaleel Ahmed,CSK,2,5,5,16.5,146,24/1,73.00,8.67,50.50,0,0
78,Riyan Parag,RR,2,14,4,4.0,38,5/1,19.00,9.50,12.00,0,0
79,Spencer Johnson,CSK,2,3,3,11.0,112,39/1,56.00,10.18,33.00,0,0
80,Sushant Mishra,RR,2,2,2,6.2,67,21/2,33.50,10.57,19.00,0,0
81,Will Jacks,MI,2,7,6,8.5,94,12/1,47.00,10.84,26.50,0,0
82,Manav Suthar,GT,2,4,3,6.0,68,19/1,34.00,11.33,18.00,0,0
83,Trent Boult,MI,2,5,5,16.1,188,41/1,94.00,11.62,48.50,0,0
84,Raj Angad Bawa,MI,2,3,2,4.0,50,11/1,25.00,12.50,12.00,0,0
85,Marcus Stoinis,PBKS,2,13,4,7.5,98,26/1,49.00,12.91,23.50,0,0
86,Vipraj Nigam,DC,2,5,5,9.0,113,24/1,56.50,12.55,27.00,0,0
87,Kyle Jamieson,DC,2,2,2,7.0,90,42/1,45.00,12.85,21.00,0,0
88,Matt Henry,CSK,2,3,3,10.0,130,54/2,65.00,13.00,30.00,0,0
89,Yash Thakur,PBKS,2,1,1,4.0,55,55/2,27.50,13.75,12.00,0,0
90,David Payne,SRH,2,2,2,5.0,70,35/2,35.00,14.00,15.00,0,0
91,Travis Head,SRH,1,15,1,1.0,7,7/1,7.00,7.00,6.00,0,0
92,Ramakrishna Ghosh,CSK,1,1,1,3.0,24,24/1,24.00,8.00,18.00,0,0
93,Raghu Sharma,MI,1,5,5,15.0,130,36/1,130.00,8.66,90.00,0,0
94,George Linde,LSG,1,3,3,6.1,55,18/1,55.00,8.91,37.00,0,0
95,Dilshan Madushanka,SRH,1,1,1,4.0,38,36/1,38.00,9.00,24.00,0,0
96,Arjun Tendulkar,LSG,1,1,1,4.0,38,36/1,38.00,9.00,24.00,0,0
97,Washington Sundar,GT,1,17,5,9.1,84,27/1,84.00,9.18,55.00,0,0
98,Dasun Shanaka,RR,1,7,3,6.0,60,29/1,60.00,10.00,36.00,0,0
99,Sai Kishore,GT,1,3,2,4.0,46,38/1,46.00,11.50,24.00,0,0
100,Ramandeep Singh,KKR,1,8,2,2.4,31,5/1,31.00,11.62,16.00,0,0
101,Ben Dwarshuis,PBKS,1,1,1,4.0,51,51/1,51.00,12.75,24.00,0,0
102,Shivam Dube,CSK,1,13,4,5.0,64,30/1,64.00,12.80,30.00,0,0
103,Lockie Ferguson,RR,1,3,3,11.0,141,41/1,141.00,12.81,66.00,0,0
104,Donovan Ferreira,RR,1,15,3,3.0,41,14/1,41.00,13.66,18.00,0,0
